"","baseMean","log2FoldChange","lfcSE","stat","pvalue","padj"
"YLR303W",5934.34529050564,-0.550312745847562,0.107533700184188,-5.11758402161337,3.09474211348814e-07,0.00173924506778033
"YLR216C",4436.59992677717,-0.58940496577069,0.125428026665495,-4.69914883810282,2.61248012994975e-06,0.00734106916515881
"YKL096W",5433.70438612326,-0.534723929445249,0.117284420688274,-4.55920680945744,5.13471873441312e-06,0.00961903976246725
"YDR543C",20.8760050603331,-1.17031739142027,0.266098932526484,-4.39805368743367,1.09225963693389e-05,0.0153462478989211
"YDR147W",502.730251071101,0.338190017318159,0.0806441443478407,4.19360909651978,2.74550940808054e-05,0.0226272419916288
"YKR099W",1948.19878697873,-0.252911684558079,0.0607613529468099,-4.16237743717584,3.14951196977119e-05,0.0226272419916288
"YGR109C",648.107479112891,0.407623198195925,0.0983196829639666,4.14589618179827,3.38487178677197e-05,0.0226272419916288
"YOR079C",416.207076005074,-0.32938283291844,0.079577593790345,-4.13914039404397,3.48609575246919e-05,0.0226272419916288
"YDR092W",2577.76476460733,-0.451127768539935,0.109534743057222,-4.11858151987686,3.81211713980034e-05,0.0226272419916288
"YOR287C",2172.73912189025,-0.491126835068652,0.11961283530123,-4.10597101750669,4.02619964263858e-05,0.0226272419916288
"YLR064W",2005.58739618463,-0.31137396727159,0.0762475525644193,-4.08372409079647,4.43196492587045e-05,0.0226433117121745
"YLR050C",2079.48353802417,-0.389347750325677,0.0964469070875659,-4.03691276457606,5.41591959315276e-05,0.0253645567612654
"YGR221C",229.176842493772,0.370390639370359,0.093328796888227,3.96866403210949,7.2276697719088e-05,0.0308724693872216
"YEL059C-A",673.977677302235,-0.420851073953806,0.106441070252461,-3.95384105924165,7.6906507370303e-05,0.0308724693872216
"YHL020C",595.367413773024,0.344733280790425,0.0875631622428616,3.93696700713352,8.25179469781286e-05,0.0309167241344722
"YHR011W",253.258103609457,0.46410986798303,0.118800985038965,3.90661632839838,9.35975929094056e-05,0.0328761545094287
"YDL175C",255.223446856662,0.458926884116933,0.118084881567602,3.88641524659704,0.000101735423104365,0.0336325339909723
"YNL111C",6325.70056757346,-0.625131003807946,0.16444877964993,-3.80137210588423,0.000143897008921786,0.0449278438966908
"YLR110C",309795.304170417,-0.474821962918333,0.126760570242021,-3.74581750470014,0.000179807272861068,0.0451501190210322
"YOR231W",261.436566272794,0.413880789896894,0.111170678948341,3.72293120643093,0.000196923191052394,0.0451501190210322
"YBR054W",204.140159792959,0.757439002433835,0.203569916169835,3.72078063736057,0.000198607900547317,0.0451501190210322
"YOR313C",71.2701704413848,0.700521753243006,0.188339939851439,3.71945405629613,0.000199653858676055,0.0451501190210322
"YAL005C",5527.84911873841,-0.691112540050173,0.185840282439022,-3.71885218306715,0.000200130117281879,0.0451501190210322
"YGR060W",19705.5649854545,-0.246790855887816,0.0664313839082802,-3.7149738778369,0.000203224687341259,0.0451501190210322
"YGL157W",1703.71408834703,-0.452979344914039,0.122121680052735,-3.70924593174964,0.000207877437337103,0.0451501190210322
"YDR072C",1028.86531492512,-0.434805169639441,0.117260486757849,-3.70802801234607,0.000208879554189828,0.0451501190210322
"YPL075W",478.102541887502,0.356037223384009,0.0963335609993058,3.69587939748822,0.000219126980621199,0.0456108752255977
"YLR109W",57163.9853985263,-0.483056055455844,0.132378657028783,-3.64904786238172,0.000263214065573187,0.0528308231614754
"YPR151C",391.065334940776,-0.513011729129404,0.141289543584782,-3.63092495108505,0.000282407302755999,0.0547285876375419
"YER142C",242.131130431707,-0.482601823312896,0.134570960635193,-3.58622559454842,0.00033549874811833,0.0628500988141671
"YNR066C",44.3711763091956,-0.840166787623819,0.23540570062005,-3.56901632123118,0.00035832410471348,0.0649606925319276
"YJL037W",164.253024475278,-0.686305966566816,0.193758019191477,-3.54207773918555,0.000396988459019502,0.0690960716477316
"YHL028W",81.482987590453,0.772283458443173,0.21853035943758,3.53398704157518,0.000409341147141021,0.0690960716477316
"YDL110C",969.655783877427,-0.567311520138558,0.161179613350814,-3.51974736968615,0.000431958021647675,0.0690960716477316
"YBR105C",640.851049828481,-0.540870117928002,0.153691786917794,-3.51918686596637,0.000432871697222675,0.0690960716477316
"YOR382W",2461.97896115038,-1.00760037985084,0.286797508499321,-3.5132814964926,0.000442608288134935,0.0690960716477316
"YHR070W",4859.91727377297,-0.323603642734104,0.0925094991789841,-3.49805853027058,0.000468658269049218,0.0701744932175202
"YDR475C",372.061004776981,0.497885341077996,0.142466275454068,3.49475929998967,0.000474489455919176,0.0701744932175202
"YJL173C",3317.2942000521,-0.343146618283429,0.0985756255712958,-3.48104935976536,0.000499453441157542,0.0719725215206509
"YHR039C-A",16392.5980161732,-0.423664942479222,0.122693309009592,-3.45304031572008,0.000554306152866321,0.0768200115775967
"YMR191W",78.1783210809663,-0.852947235670546,0.247597450396041,-3.44489506780553,0.000571281118599974,0.0768200115775967
"YIL064W",1331.7804237921,0.5206455504982,0.151193786908667,3.44356445554678,0.000574099730651078,0.0768200115775967
"YLL001W",364.520082266705,0.312517704363758,0.0913642733556942,3.42056794067722,0.00062490524547743,0.0815999755549022
"YLR103C",264.258356767943,0.382419584089928,0.112005972678093,3.41427849735306,0.000639511697687394,0.0815999755549022
"YJL218W",194.371584796237,-0.519755387382946,0.152491182945413,-3.40842911271141,0.00065338058718338,0.0815999755549022
"YBL054W",2306.55452291209,-0.348605967434227,0.102491693380662,-3.40130947138785,0.000670638594011357,0.081934541268344
"YNL259C",2395.71631229493,-0.287746541102391,0.0849974968309445,-3.38535312015957,0.000710867418778736,0.0833448580745523
"YCR015C",2036.47979799421,-0.345181638675381,0.101974589276897,-3.38497699400476,0.000711842204195465,0.0833448580745523
"YHR071W",1424.47653957877,-0.365490940972839,0.109244638190352,-3.34561903473921,0.000820991111527786,0.0934535510169023
"YFL039C",53138.559503089,-0.282271064711149,0.0845151133395588,-3.33988861349638,0.000838119981215113,0.0934535510169023
"YPL189C-A",1798.72128641792,-0.482373682775902,0.144792838215418,-3.33147473812374,0.000863871403222831,0.0934535510169023
"YBL035C",165.203612796023,0.345704489172276,0.103777466416872,3.33120956897896,0.000864694778092334,0.0934535510169023
"YDR380W",975.699917272913,-0.534688493340659,0.161592235317596,-3.30887491153131,0.000936716776908373,0.0983104818301505
"YDR006C",1692.64229938053,-0.296603914078039,0.0897026965831634,-3.30652171423919,0.000944620288047709,0.0983104818301505
"YER048W-A",2383.37334172554,-0.324319644737536,0.0983457336766089,-3.29775001530823,0.000974628634308988,0.0984726498102129
"YDL097C",3141.66582322567,-0.413549755684701,0.125584137330741,-3.29300948730147,0.000991211298586399,0.0984726498102129
"YJR007W",10063.3010354156,-0.203569033271596,0.0618585344128322,-3.29088031593207,0.000998743957149846,0.0984726498102129
"YDR347W",831.655501355447,0.218285861572169,0.0666749993149336,3.2738787223846,0.00106082129939168,0.0997930364422755
"YHR124W",41.2282932826491,0.747470621977407,0.2283183452946,3.27380886110113,0.00106108358891731,0.0997930364422755
"YLR363W-A",2234.30091711047,-0.22242814563967,0.0679655557499249,-3.27265985226518,0.00106540608301362,0.0997930364422755
"YNL034W",35.8632166446051,-0.860937585210227,0.264230737321185,-3.25827946414771,0.00112089961567335,0.103269767870233
"YDR525W-A",734.411792835474,-0.340169571516807,0.105547441561257,-3.22290684155885,0.00126896816713296,0.115025824182052
"YAR002C-A",4071.2804367259,-0.452087209737504,0.140776341389347,-3.21138626899787,0.0013209624625453,0.117838238722295
"YAR003W",252.989316405841,0.312117463520653,0.0974400086942191,3.20317565344358,0.00135921050289717,0.118005129485324
"YDR296W",620.219865758673,0.24476319905083,0.0765672876398409,3.19670719174687,0.00139005954813088,0.118005129485324
"YDR111C",198.905334046058,0.499649913387706,0.156433893338109,3.19400037118418,0.00140315936912802,0.118005129485324
"YIL122W",1313.23192991292,-0.299090207563297,0.0937220181253796,-3.19124804977182,0.00141659603002148,0.118005129485324
"YOR327C",2762.90810687978,-0.52612613513778,0.164983230832748,-3.1889673422091,0.00142782007206442,0.118005129485324
"YIL002W-A",4453.89690153475,-0.260333319456978,0.0820941665754289,-3.17115491047444,0.00151834150362255,0.121468132179234
"YHR049C-A",6.51069037502984,1.91161457494579,0.603662371140511,3.16669493799015,0.00154181968245192,0.121468132179234
"YHL033C",8749.604797863,0.416747185171794,0.131611390445472,3.16649785220875,0.00154286485435223,0.121468132179234
"YLR043C",14881.9344425554,-0.299291852537656,0.094631013239547,-3.16272480122383,0.00156300008003961,0.121468132179234
"YGL056C",820.062710133926,-0.337524504268151,0.10681216068743,-3.15998199171221,0.00157778890553097,0.121468132179234
"YLR390W-A",9150.57896910392,-0.278999110495646,0.0884952583287461,-3.1527012380619,0.00161767277256667,0.122715736152969
"YOR136W",1484.12215544175,-0.440185083310884,0.140150444787398,-3.14080404081931,0.00168484723729161,0.122715736152969
"YDR175C",774.411047027897,0.365588654154111,0.116458941962577,3.13920638461227,0.00169406088826099,0.122715736152969
"YDR461W",27.1109181065551,-0.71450472369202,0.228266676723065,-3.1301315371532,0.00174728045027177,0.122715736152969
"YEL009C-A",20.8527549079356,-1.04332750682576,0.333619414436445,-3.12729853743124,0.00176420684286813,0.122715736152969
"YML028W",52001.9250894144,-0.360827384348294,0.115601809390682,-3.121295300222,0.00180057379022288,0.122715736152969
"YJL101C",565.850262110067,0.352695734651816,0.113220393646074,3.11512549368394,0.00183866666323448,0.122715736152969
"YGL045W",353.320321547466,0.341012067352305,0.10949378924643,3.11444210397005,0.00184293120633766,0.122715736152969
"YBR173C",2301.13620800232,-0.354211540156591,0.113830258298328,-3.11175205478553,0.00185980630885353,0.122715736152969
"YGL058W",967.391853919388,-0.233278839327667,0.0750711330667988,-3.10743730376488,0.0018871701024697,0.122715736152969
"YJL031C",575.931441786731,-0.277558765260669,0.0893867107045481,-3.10514575458639,0.00190185280896905,0.122715736152969
"YCL050C",3712.37920020854,-0.421005343531051,0.135690216818175,-3.10269489874275,0.00191767229823389,0.122715736152969
"YIL040W",1076.24675213325,-0.466960470845407,0.150503179573105,-3.10266183192885,0.00191788655766717,0.122715736152969
"YDR258C",2348.76753946326,-0.341664800488597,0.110181186523424,-3.10093593352218,0.00192910023890884,0.122715736152969
"YBR079C",8958.68328702236,0.264359795401634,0.0853646728398794,3.09682901142842,0.00195602664782148,0.122715736152969
"YEL064C",108.946223604,0.416847025764341,0.13461510336491,3.09658437533838,0.00195764140445804,0.122715736152969
"YEL052W",796.481521874918,0.325667159843721,0.105271603001715,3.09358982439373,0.00197750680077207,0.122715736152969
"YDL010W",901.542680784669,0.27735625931819,0.0897215438882249,3.09130056504289,0.00199281801464383,0.122715736152969
"YDR340W",9.77550281770092,-1.48197752420965,0.479833836957527,-3.08852233849616,0.00201154570275979,0.122715736152969
"YDL123W",335.817475526008,-0.437514227851698,0.141787467745497,-3.08570450413163,0.00203070524238899,0.122715736152969
"YJR010W",550.537961920871,-0.579890933323375,0.188547659059465,-3.07556686843026,0.00210102810580479,0.125614659091733
"YAL044W-A",1086.74706342503,-0.275025715399687,0.0895722981804971,-3.07043272291041,0.00213748836046952,0.126449311429881
"YLR327C",200.316184698835,-0.491674256032823,0.161045282665384,-3.05301867832051,0.00226551836427253,0.132203346230221
"YOL136C",635.733687572772,-0.39354989315706,0.128996001150574,-3.05086893893461,0.00228180152746111,0.132203346230221
"YBL098W",266.752644293913,0.368282208345645,0.121999091208537,3.01872911263025,0.00253837386332579,0.1455679705295
"YHR131W-A",12.6044469900708,-1.48704803899623,0.493683981518142,-3.01214561271234,0.0025940813085054,0.147259969230307
"YHL036W",200.943587577157,0.661007341811396,0.22014534748544,3.00259510074413,0.00267688321027817,0.149545413295821
"YJL124C",4556.96573306237,-0.209205500486284,0.0697030257033586,-3.00138334563292,0.00268755991866154,0.149545413295821
"YGR177C",418.096173259905,0.346348948217651,0.115515396012436,2.99829252353828,0.00271496943868121,0.149589492601847
"YML015C",1407.7508055114,-0.323807549443941,0.108124191566043,-2.99477429383745,0.00274647990466484,0.149856476351616
"YNL024C",89.5120514226955,0.543285429540569,0.18189953583525,2.9867334572675,0.00281975450888846,0.149981978430607
"YDR237W",736.030865790255,0.266879666494898,0.0893684849594326,2.98628388537686,0.00282390359239446,0.149981978430607
"YJR111C",306.100471874875,-0.847923506189724,0.284517530961833,-2.98021532565411,0.00288045828851761,0.149981978430607
"YPL250C",272.84207491396,-0.658990289962278,0.221339034545156,-2.97728907743941,0.00290809667237213,0.149981978430607
"YDL137W",7552.76896237256,-0.275411579022296,0.0925857560231308,-2.97466468765983,0.00293308966229109,0.149981978430607
"YDR519W",2373.36125453827,-0.386327021399305,0.129880848337739,-2.97447257500743,0.0029349268965477,0.149981978430607
"YJR117W",2238.82911616095,-0.296566251543925,0.0997061355291422,-2.97440322975153,0.00293559032515423,0.149981978430607
"YLR257W",6844.953540166,0.299785019399986,0.101013211382347,2.96778030613505,0.00299958641538987,0.151398346735027
"YCL024W",225.51720009816,0.349302075845235,0.117912716439855,2.96237832857839,0.00305272433667,0.151398346735027
"YKR003W",567.453588917283,-0.283599225099239,0.0957896249427317,-2.9606465759605,0.00306994002128425,0.151398346735027
"YML075C",6509.58320945976,-0.232793487373262,0.0786322825915462,-2.96053325302157,0.0030710696668671,0.151398346735027
"YLR223C",4544.00899136153,-0.310647145321477,0.105344312678105,-2.94887438556561,0.00318933579679075,0.151626496250149
"YDR339C",4262.25701179672,-0.268433427717126,0.0910402887410662,-2.94851248199131,0.00319307244875267,0.151626496250149
"YDL039C",1462.73232237425,-0.774142312976802,0.262566046720001,-2.94837174359541,0.00319452664890552,0.151626496250149
"YDL084W",15198.2470191337,-0.310824772822742,0.105430567055268,-2.94814664763972,0.00319685374063307,0.151626496250149
"YLR200W",4530.77849664984,-0.367129251056994,0.124872925572684,-2.94002282218736,0.00328188072812017,0.151626496250149
"YGL025C",277.825855436519,0.421915401803017,0.143530059822301,2.93956124818296,0.00328677302795815,0.151626496250149
"YMR319C",128.614481301493,0.537290026220544,0.182807115069739,2.93910894012836,0.00329157356021694,0.151626496250149
"YOR034C",210.351787380759,0.34641517084254,0.117953169263815,2.93688735118042,0.00331524505626732,0.151626496250149
"YDR126W",102.443415537038,-0.459120410896272,0.156345195066717,-2.9365815220631,0.00331851584319722,0.151626496250149
"YDR465C",1318.48994010702,0.309429348968473,0.105496040118762,2.93308970289438,0.00335606911890045,0.152105713292101
"YMR186W",45040.180433068,-0.289639377985015,0.0988859689816412,-2.92902401592271,0.00340028149373508,0.152876655958329
"YGR211W",3674.65725322323,-0.172763023639856,0.0592721388528485,-2.91474252462468,0.00355982097802988,0.157515696338792
"YBL001C",3533.51731448283,-0.212708835986957,0.0730649268915598,-2.91123039516143,0.0036000844741109,0.157515696338792
"YMR232W",61.7654823057861,0.484544632837532,0.166740630280918,2.90597817713169,0.00366106981508619,0.157515696338792
"YPL271W",10564.4612455765,-0.264577797871751,0.0910784584923384,-2.90494374028089,0.00367319118180649,0.157515696338792
"YJR113C",832.416096641297,0.25396042313239,0.0874400058885566,2.90439622632306,0.003679621620998,0.157515696338792
"YHR049W",3204.63912083201,-0.271731154558365,0.0935695468406824,-2.90405547246085,0.00368362887090032,0.157515696338792
"YDR375C",530.575192757786,0.307756011864492,0.106252425844673,2.89646103999912,0.00377397499963506,0.157515696338792
"YEL013W",924.830827011136,0.356528135334785,0.123199668177078,2.89390499674349,0.0038048326294802,0.157515696338792
"YJR099W",779.800237338291,-0.257727840257903,0.0892011246869347,-2.88928913354444,0.00386113871162728,0.157515696338792
"YHR129C",161.040920634342,0.430154081844722,0.148949382720616,2.88792121180899,0.00387796996004822,0.157515696338792
"YOR256C",435.029328422545,0.240026382855479,0.0831264427570266,2.8874853162797,0.00388334731300582,0.157515696338792
"YPL096W",356.535416735965,0.243265074944407,0.0842601511885984,2.88707142715552,0.00388845945566693,0.157515696338792
"YGL226C-A",3354.73492164289,-0.233747864319344,0.0810539701657596,-2.88385459517057,0.00392840094874325,0.157515696338792
"YDR320C-A",3142.52059969375,-0.355143161377343,0.123175195881673,-2.8832360187071,0.00393612402533474,0.157515696338792
"YNL169C",627.757897896952,0.352575616906517,0.122434557834913,2.87970670324892,0.00398045275736704,0.157515696338792
"YPR010C-A",3689.99660370823,-0.415830240569442,0.144566790380517,-2.87638841171562,0.00402254394707991,0.157515696338792
"YDL102W",331.195231883464,-0.268650365679131,0.0934491993018254,-2.87482790314163,0.00404247771757966,0.157515696338792
"YPR156C",618.440869873997,0.343860382509269,0.119656873521096,2.87372026688165,0.00405668091044305,0.157515696338792
"YFR052W",2047.00059449818,-0.305680126095759,0.106416810462956,-2.87247968404547,0.00407264264001657,0.157515696338792
"YPR149W",10133.6161242513,-0.306940372909758,0.106906838335774,-2.87110139714092,0.00409044294159865,0.157515696338792
"YER146W",3657.84576906941,-0.306052544812367,0.106602204521546,-2.87097763302362,0.0040920447803316,0.157515696338792
"YDL085C-A",2583.74509937669,-0.289630213017056,0.10128378789555,-2.85959104645395,0.00424187634298007,0.162172415289442
"YGL039W",520.827223941824,-0.339061180874464,0.118765503074968,-2.8548793386615,0.0043053182420027,0.163485733243616
"YLR332W",1035.66086836526,-0.298872483323585,0.105019657502424,-2.84587181515695,0.00442900196921979,0.16705363132225
"YJL088W",219.824017347682,-0.379247442292987,0.133769767193421,-2.83507589382752,0.0045814800420417,0.170010000129415
"YJL034W",11118.6415729893,-0.370001935875098,0.130538686463109,-2.83442361724441,0.00459084312266751,0.170010000129415
"YNL217W",1372.73997216903,0.254797234170225,0.0899099316543087,2.83391644818378,0.00459813523481691,0.170010000129415
"YPL212C",4426.91512091659,-0.16788508389606,0.0593593834842071,-2.82828213572546,0.00467985425110451,0.171900528700702
"YBR089C-A",2858.01040397169,-0.310815502098382,0.110030081210328,-2.82482298185568,0.00473067434066051,0.172638894769559
"YCL005W-A",7145.82360615352,-0.381802356335373,0.135529784300636,-2.81711033707873,0.00484578752838393,0.175698876835598
"YMR187C",105.312984705449,-0.373814593431856,0.133092270501159,-2.80868747692302,0.00497439098437734,0.179205623924363
"YPL180W",555.000626617518,0.242804236827554,0.0867114363268573,2.80014087083401,0.00510803098809419,0.182847988236238
"YLL002W",150.319951146066,0.33823168010382,0.121006892039474,2.79514393273968,0.00518766130360281,0.184171721935133
"YLR354C",8152.47424552616,-0.452812178886139,0.162117037039554,-2.79311901546572,0.00522024814567199,0.184171721935133
"YLR224W",954.420917526431,-0.412077870151279,0.14773631627353,-2.78927944425207,0.00528254632645993,0.184171721935133
"YPR028W",9094.78730527211,-0.235028628671335,0.0843529566760706,-2.78625240812701,0.00533213344267746,0.184171721935133
"YCL025C",893.093664639894,0.330307582644582,0.118628512815137,2.7843861042017,0.0053629152299327,0.184171721935133
"YBR082C",12156.9630569864,-0.365223305428413,0.131187050357932,-2.78398900220665,0.00536948547864927,0.184171721935133
"YML126C",1309.32065318912,-0.514023091202167,0.184672737562487,-2.78342703956635,0.00537879584959928,0.184171721935133
"YAL043C",604.683084621916,0.277340581153243,0.0997011349845165,2.78171939764089,0.00540717688955462,0.184171721935133
"YJR116W",889.800641884392,-0.375404048083293,0.135100133856515,-2.77870966791193,0.00545752798249987,0.184766911214754
"YNL176C",719.987030094175,-0.274517178243517,0.0988799501920913,-2.77626735966412,0.00549869708222683,0.185045973665358
"YIL011W",2947.14800178481,-0.40794722475765,0.147338269287665,-2.76877980669888,0.00562666480601861,0.188225334582289
"YAL063C-A",13.0574568065898,-1.2346890239103,0.447066938891583,-2.7617542620608,0.0057491731878662,0.188969003146134
"YDR299W",5308.66544512447,-0.275507912900865,0.0997658202852115,-2.76154610981236,0.00575283926635891,0.188969003146134
"YBL075C",248.071525952898,0.389941381758,0.141241910137045,2.76080507109856,0.00576590791786455,0.188969003146134
"YOR204W",2894.26614696044,0.357183270637816,0.129422858018711,2.75981597150464,0.00578339297884966,0.188969003146134
"YKL003C",1096.8348350975,0.224788761463394,0.081545729588674,2.75659758760212,0.00584061814668053,0.189582043283158
"YER004W",759.429622943184,-0.460392352074772,0.167119627254071,-2.75486703530543,0.00587159917623082,0.189582043283158
"YOR085W",794.600949958612,-0.564320306231003,0.205177991385816,-2.75039395024516,0.0059523655275917,0.189582043283158
"YDL093W",297.75747940125,0.228415737537868,0.0830532901712335,2.7502310512556,0.00595532564680267,0.189582043283158
"YMR016C",3043.10986848194,0.320386487983649,0.116530473625042,2.74937943712948,0.00597082235962972,0.189582043283158
"YAL037W",72.2603039258148,0.403912723172203,0.147156059953544,2.7447916402472,0.00605493275073489,0.191172595837809
"YBR032W",5.40660387813284,-1.89237621426962,0.693093384039547,-2.7303336864079,0.00632702482624827,0.198282643462507
"YMR025W",68.0113398508666,-0.515844130419904,0.189016010617231,-2.72910283491551,0.00635068964826536,0.198282643462507
"YGR035C",483.396433078688,-0.535354381253801,0.196591815957959,-2.72317735428155,0.00646573371357764,0.199804232049553
"YER085C",8.1901212109003,1.0591936253613,0.388990047272985,2.72293245749287,0.00647052851121327,0.199804232049553
"YGR058W",369.617021581052,-0.287265864574936,0.105733443532294,-2.71688743862009,0.0065899015310682,0.202378396746466
"YPL218W",9484.14076161207,-0.204886184186919,0.0754887160521555,-2.71412993758382,0.00664500965120172,0.202961707824748
"YJR109C",891.557269881058,-0.382213398545962,0.141353303405098,-2.70395802106296,0.00685189447961658,0.208149443110515
"YCR107W",66.1059026923875,0.427842358794235,0.15833574810343,2.70212105553544,0.00688986721759527,0.20817770840261
"YLR034C",298.876585989938,0.394713344965888,0.146297047910617,2.69802672441515,0.00697518408505758,0.209628527048254
"YJL192C",2636.02102273412,-0.318116545909666,0.118473017540151,-2.68513922000725,0.00724995999253901,0.216727527436538
"YGL117W",168.830251038815,-0.367646942735735,0.137087105779706,-2.68184918373381,0.0073216459407071,0.217712434850655
"YHR051W",3609.87324159255,-0.347261011845693,0.129651394408682,-2.67842095666993,0.00739701887081978,0.218177923568111
"YIR002C",398.452780061995,0.222368013281151,0.0830668679018748,2.67697601821017,0.00742899522189002,0.218177923568111
"YNR060W",607.656010829196,-0.459161082265333,0.171593801384626,-2.67586054134978,0.00745376536033403,0.218177923568111
"YIL138C",2007.76623559292,-0.234486854582813,0.0878278520453315,-2.6698461720524,0.00758860040533796,0.22031022536007
"YDL072C",1012.2604389999,-0.469866947806538,0.176081280595916,-2.66846621183329,0.00761984422843686,0.22031022536007
"YCL043C",11271.2559382441,-0.429979447915322,0.161198369063845,-2.66739328947568,0.00764421600448641,0.22031022536007
"YOR261C",8019.58678685431,-0.332182361196076,0.124846831865554,-2.66071918872397,0.0077973957281382,0.222653977748642
"YGR288W",109.711846876836,0.37711873554549,0.141847447612461,2.65862193428964,0.00784609530633112,0.222653977748642
"YOL089C",563.722189385713,-0.248292768126581,0.0933995884338592,-2.65839252923913,0.00785143873505795,0.222653977748642
"YJR139C",14657.247151358,-0.222527203629722,0.0837597317231608,-2.6567325259017,0.00789020168691126,0.222653977748642
"YLR190W",1658.03645509647,0.247255389380495,0.0931174442421162,2.65530686965164,0.00792362910137515,0.222653977748642
"YOL012C",3236.47090493361,-0.245104505334663,0.0924570872130651,-2.65100829717711,0.00802518699126853,0.224385825328006
"YKL018C-A",412.995194046849,0.284782713558337,0.107499791063465,2.6491466703429,0.0080695302284017,0.224508712295136
"YEL049W",14.1690403835606,-0.890149783633132,0.336356979268011,-2.64644362537177,0.00813430622347854,0.225196063920933
"YOR303W",2453.71120807388,-0.247343977263186,0.0935308702322291,-2.64451700972152,0.00818075948661786,0.225371903503884
"YBR037C",262.517187137095,0.358373266940023,0.135629659922027,2.64229274884308,0.00823468453846123,0.225750863932449
"YDR277C",94.4410274112087,-0.590220034645536,0.224134980065661,-2.63332405531983,0.00845536313478908,0.229406859897057
"YOR224C",10511.0256462443,-0.365298333833015,0.138775013217006,-2.63230624422128,0.00848073804034737,0.229406859897057
"YIL156W-B",1406.52550174435,-0.256437872196734,0.0975043876455823,-2.63001366798853,0.00853814353611647,0.229406859897057
"YER052C",1694.76027096133,-0.46764164182299,0.177926332733134,-2.62828798098363,0.00858158319686462,0.229406859897057
"YHR096C",35.4331902185485,0.916432441716824,0.348736461120483,2.62786529051865,0.00859225340358953,0.229406859897057
"YDR261C",370.583669480694,0.317062068425727,0.120759136032265,2.62557417056225,0.008650296031655,0.229406859897057
"YNR038W",1722.66521881498,-0.279641091808625,0.106546576251326,-2.62459012431331,0.00867533300438478,0.229406859897057
"YDR396W",26.9351237480324,0.756696806023118,0.288556816503789,2.62234943950174,0.00873258427562445,0.229406859897057
"YOL031C",957.800249412161,-0.356530206723721,0.136151341752051,-2.61863160609176,0.00882832302270574,0.229406859897057
"YKL109W",3211.84047442637,-0.361892879378862,0.138206974067298,-2.61848493407173,0.00883211915937437,0.229406859897057
"YDR512C",270.238140113798,-0.310336517705586,0.118524605985947,-2.61832988284628,0.00883613375057425,0.229406859897057
"YKR089C",460.512971825962,0.236559900014706,0.0904184888275513,2.61627796573641,0.00888941580413506,0.229406859897057
"YKL092C",323.216696942018,0.273119659522809,0.104406670916479,2.61592154146256,0.00889870025935204,0.229406859897057
"YMR072W",3004.49290454365,-0.234447117343322,0.0899062554283864,-2.60768415085497,0.00911570234213586,0.233236698572468
"YGL033W",34.4431380218582,-0.697601046998488,0.26766666017565,-2.60623062484025,0.00915447996556033,0.233236698572468
"YMR008C",961.878561539616,0.318168709031052,0.122110299286732,2.60558454847407,0.00917176341361483,0.233236698572468
"YBR098W",230.420583878151,0.291605394779506,0.112109415220826,2.60107854639256,0.00929311737124453,0.234058437044689
"YDL236W",302.245718272665,0.33326698213051,0.128278839145574,2.59798875909931,0.00937715636160631,0.234058437044689
"YDL076C",477.038202227548,0.281081863939554,0.108196292687369,2.59788812498165,0.00937990486877728,0.234058437044689
"YMR313C",362.319706164726,0.212212683570928,0.0817243516533585,2.59668849342541,0.00941272445452055,0.234058437044689
"YBR044C",273.786028020916,0.314296724953664,0.12107544463356,2.59587504225069,0.00943503713621566,0.234058437044689
"YIL106W",572.360022797437,0.228381012556601,0.08805950892445,2.59348496654164,0.00950086927635281,0.234058437044689
"YPR117W",262.084937003821,0.332353538082725,0.12815011393608,2.59347048453269,0.00950126941363234,0.234058437044689
"YOR027W",7533.85216311449,-0.307125427549254,0.118513034619245,-2.59149070425862,0.00955611232328139,0.234058437044689
"YBR116C",36.0189144482324,0.583754041958094,0.225329290818004,2.59067092360215,0.00957890400716697,0.234058437044689
"YHR008C",198.804094622232,-0.340892332719083,0.131781138221203,-2.58680671088812,0.00968699150959877,0.235674858372057
"YDR382W",78430.4413704983,-0.232301673354746,0.0898911885567894,-2.58425410859917,0.00975898639383193,0.235816105931625
"YMR164C",70.076845107906,-0.409888223810105,0.158651841560774,-2.58357053897222,0.00977834691165605,0.235816105931625
"YML081C-A",10112.3386165451,-0.297451565958799,0.115211639655497,-2.58178398335645,0.0098291086704717,0.235816105931625
"YCL012C",699.514064405034,-0.313143650058513,0.121341599148094,-2.58067845039961,0.00986063788148253,0.235816105931625
"YKL152C",75246.8201168917,-0.287883185029836,0.111771674335086,-2.57563632952994,0.0100055820966416,0.238268522809856
"YGR091W",443.242110937528,0.232637266093788,0.0904586729249911,2.57175192351862,0.0101185367920661,0.239941674140977
"YFL045C",20181.2585749591,-0.199216151579301,0.0776427109912214,-2.56580623005069,0.0102936313870847,0.242797632912187
"YGR209C",302.024045705512,-1.07605702302809,0.419558296297326,-2.56473780288575,0.0103253797626357,0.242797632912187
"YLR046C",189.094622497065,0.335248376001924,0.130960890866098,2.55991215228294,0.0104698625304779,0.244921508574263
"YBR137W",912.68330186642,-0.211196593246119,0.0826223031701246,-2.5561692804817,0.0105831619661183,0.244921508574263
"YLR094C",787.487237075504,-0.296582502629754,0.116133271400181,-2.5538116601208,0.0106550873929366,0.244921508574263
"YNL300W",2834.30673524945,-0.191036642759334,0.0748074034311145,-2.55371305508883,0.0106581050473778,0.244921508574263
"YLR288C",182.397837291848,0.27332901559276,0.107086543426194,2.55241234657222,0.0106979824122672,0.244921508574263
"YCL011C",677.411651973678,0.414844673820133,0.162543437644413,2.55220807331309,0.0107042570989713,0.244921508574263
"YLL014W",971.299690546036,-0.287206731945158,0.112556324110885,-2.55167121184782,0.0107207635425745,0.244921508574263
"YCL001W-B",24.9336706398947,-0.94056590830779,0.368913807618327,-2.54955463548517,0.0107860609067651,0.245415636825992
"YAR002W",1520.05784568123,-0.22577920122047,0.0886730952048814,-2.54619736345959,0.0108903596380817,0.24645628199949
"YER170W",101.455865195218,0.373686907495908,0.146835477300879,2.54493610376047,0.0109297736062166,0.24645628199949
"YPL163C",2163.03022830694,-0.236769062692161,0.093074554359634,-2.54386458598879,0.0109633577401908,0.24645628199949
"YGR074W",822.555066302866,0.173246059689425,0.0681601627519897,2.54174950138844,0.011029919213167,0.246964725011946
"YBR168W",159.634859302704,0.312363808202186,0.122990173528357,2.53974605646172,0.0110932982630172,0.247398159675225
"YFR022W",84.3270494859768,0.488651288030758,0.192612306469864,2.53696815632708,0.0111817124613833,0.248384284715312
"YEL039C",180.409228649593,-0.510890007658156,0.201582520343038,-2.53439636923262,0.0112641238944867,0.249229827901634
"YAR015W",8195.46951459216,0.196886012646722,0.0781622072885019,2.51894130778578,0.0117708275624186,0.259419807454087
"YNL241C",1535.43776313615,-0.227586434974442,0.0908116774469674,-2.50613623019297,0.0122058582044066,0.267956730893613
"YML058W-A",99.7925721684755,-0.403490080686762,0.161277259882212,-2.5018411211937,0.0123549355495899,0.268935293450094
"YPL019C",1792.75964193109,0.306516171747091,0.122525329026673,2.50165556935876,0.0123614119867618,0.268935293450094
"YPL047W",257.276690509716,0.218889824668839,0.0875970861226899,2.4988254102683,0.0124605682826148,0.268935293450094
"YKL138C-A",449.838554593161,-0.355630000575255,0.142327633863209,-2.49867148720431,0.0124659812077689,0.268935293450094
"YOL147C",1141.83107704816,-0.229491620283901,0.0919465036869018,-2.49592546841554,0.0125628994614388,0.268935293450094
"YOL091W",337.488784746913,-0.382070551217568,0.153114055559458,-2.49533297136918,0.0125838984024872,0.268935293450094
"YGL075C",147.355262037047,0.33287304828838,0.133400521082359,2.49529046504151,0.0125854060813834,0.268935293450094
"YOR138C",687.321973414651,0.225616474873692,0.0908371453868543,2.48374686272718,0.0130008188160965,0.275844372755544
"YDL133C-A",129585.373065584,-0.391075936374529,0.157464576160322,-2.48358040843647,0.0130068965801102,0.275844372755544
"YKL124W",47.2044672647342,0.628397415741156,0.253404935703629,2.47981521747509,0.0131450484430697,0.275918854446382
"YGL183C",167.92574710654,0.528852141821031,0.213490961610695,2.47716408147247,0.0132431004665406,0.275918854446382
"YMR067C",915.425771780839,-0.30329753939011,0.122438276765185,-2.47714642351412,0.0132437557064443,0.275918854446382
"YDL045W-A",2248.12231866839,-0.367077208404264,0.148195726701623,-2.47697566302526,0.0132500936532751,0.275918854446382
"YHL047C",798.056734315815,-0.272531614448255,0.110032887835798,-2.47681961101443,0.0132558880250041,0.275918854446382
"YGR065C",384.893237067492,-0.367107376257152,0.148614863900379,-2.47019286377193,0.0135040224932632,0.27930493377799
"YLR260W",659.799155430387,-0.262903690299069,0.106446333876879,-2.46982381378354,0.0135179612077604,0.27930493377799
"YDL192W",12677.2130987056,-0.256556199767854,0.104060863255682,-2.46544370036105,0.0136843678483007,0.281102313405749
"YDR026C",945.81584731827,0.159685400967895,0.0647873257763254,2.46476296180521,0.013710391865478,0.281102313405749
"YOR181W",717.027796205147,0.224739616320073,0.0912241215307536,2.46359858060467,0.0137550064388934,0.281102313405749
"YHL042W",365.638240431157,-0.229182189820553,0.0931745603818025,-2.45970776659885,0.0139050187456891,0.28313842518396
"YDR098C",2256.66841232638,0.381136409813586,0.155318944567251,2.45389518242934,0.0141318166937794,0.285607802573534
"YLR051C",3716.30706562002,-0.292914165404503,0.119497397414464,-2.4512179490283,0.0142373717332792,0.285607802573534
"YDL130W",132535.17380365,-0.240873297387917,0.0982724526165831,-2.45107648150088,0.0142429686592801,0.285607802573534
"YDR067C",669.215982589569,-0.319321938077906,0.130300669526624,-2.45065462240514,0.0142596703352111,0.285607802573534
"YPL240C",5586.78734623517,-0.3411896935694,0.139253603756193,-2.45013187713805,0.0142803901286767,0.285607802573534
"YFR025C",452.950494536811,-0.347856126876299,0.142427555385743,-2.44233727058072,0.0145925067098859,0.290815204643825
"YDL181W",1394.91738031276,-0.313255098007096,0.128333552063892,-2.44094465530838,0.0146488995668864,0.290842065723519
"YDL232W",2896.6776329128,-0.339348435687288,0.139091377832878,-2.43975177307556,0.0146973570579145,0.290842065723519
"YMR320W",131.752112157513,-0.333318080188752,0.136885208910498,-2.43501896838752,0.0148910090705408,0.291950872491222
"YDL241W",1338.67738725685,0.253334376022875,0.104048160512291,2.43477995935304,0.014900847954756,0.291950872491222
"YDR156W",850.800403167689,-0.655011511656984,0.269045379118782,-2.43457632984583,0.0149092349475055,0.291950872491222
"YJR112W",506.811446079318,-0.294719735179531,0.121152429217297,-2.43263578851504,0.014989369925969,0.292500899249811
"YNL231C",2424.63249783784,-0.303693655336738,0.124965082479503,-2.4302281030107,0.0150893229557759,0.293432508690176
"YLL032C",205.497872340877,-0.367491183266734,0.151697970645302,-2.42251878323407,0.0154133289265611,0.297766760064766
"YLR371W",530.7333281397,0.236473399673893,0.0976192814837838,2.42240463235918,0.0154181720958802,0.297766760064766
"YPL068C",718.831642599634,-0.351536076532042,0.145232305526581,-2.42050882038571,0.0154988032856588,0.298298885155487
"YHL006C",85.0365289713377,-0.412462336376629,0.170820230405949,-2.4145988762363,0.0157525468208896,0.300544092436333
"YLR225C",557.197425724634,-0.236016293191729,0.0977575806090123,-2.41430170142704,0.015765401965828,0.300544092436333
"YOR377W",327.542583822345,0.266786837141589,0.11051378397239,2.41405938292948,0.0157758909730815,0.300544092436333
"YDR049W",690.094201763439,0.189075395938009,0.0784208362177159,2.41103519239566,0.015907313432988,0.30094609886655
"YBL091C-A",413.844505551164,-0.364101118853092,0.151018991130145,-2.41096246325284,0.0159104858480365,0.30094609886655
"YJL118W",665.831569762389,-0.228979626626736,0.0950169088377309,-2.40988292955084,0.0159576401178349,0.30094609886655
"YNL140C",174.222899138965,0.332103493457929,0.138199080100703,2.40308034768343,0.0162576149121768,0.305378072040075
"YMR099C",2218.35142937706,-0.293612298426371,0.122231583960853,-2.40209845043329,0.0163013205715342,0.305378072040075
"YDL012C",1298.25204992081,-0.237306991836089,0.0989069819165231,-2.39929464268129,0.0164266908939752,0.305546151154044
"YBR088C",2393.67766984365,-0.357896874314844,0.149260109133703,-2.39780659676625,0.016493571271929,0.305546151154044
"YJL091C",575.238111876633,0.197412111430999,0.0823506897506537,2.39721260415347,0.016520335051314,0.305546151154044
"YKL154W",2587.44704596851,-0.204921153804977,0.0854889693862447,-2.39704789139672,0.0165277633364465,0.305546151154044
"YNL263C",1382.9202972102,-0.163539815909496,0.0682917576413076,-2.39472260720635,0.0166329434443808,0.305740113960414
"YBR252W",747.063990695608,-0.267036578414257,0.111524930707906,-2.39441151605509,0.016647059585745,0.305740113960414
"YCL057W",935.254547662082,-0.229147755243491,0.095814452658502,-2.39157818977697,0.0167761102029691,0.306754476316658
"YER084W",37.5943875829175,-0.846013885464749,0.35394998222377,-2.39020745289907,0.0168388583166268,0.306754476316658
"YIR035C",1529.05123267083,0.301710502232178,0.126259037189772,2.38961510358025,0.0168660379327131,0.306754476316658
"YAL065C",18.7678189532739,-1.0308656579914,0.431755385597739,-2.38761505328818,0.016958093836323,0.307186291658803
"YKL136W",19.5153215836467,0.994496482807446,0.41667789864837,2.38672722031434,0.0169990990579871,0.307186291658803
"YDL140C",2152.76933291315,-0.242672536577128,0.101962924199697,-2.38000762023896,0.0173122800404358,0.311842993036055
"YBR011C",32997.4848175922,-0.21471387207025,0.0903689684888528,-2.37596904845423,0.0175029309279288,0.314269878003067
"YOL108C",673.456470700604,0.319367144251159,0.134539315264504,2.37378303600909,0.0176068929671567,0.315129740367582
"YOR042W",2093.25296004858,-0.243542877859844,0.102778037795944,-2.36960038430949,0.0178073203371915,0.316961592994661
"YBR072C-A",11.8676043963706,-1.2856683074068,0.54263753352682,-2.36929483858355,0.0178220397484543,0.316961592994661
"YER062C",498.838088754486,-0.479067788423009,0.202518645805844,-2.36554904125863,0.0180033587275575,0.319176265138401
"YDR178W",607.253570540371,-0.379760519540319,0.160859853409703,-2.36081602395276,0.0182347743376277,0.3213076669829
"YAR019C",180.689343547239,0.290319390187838,0.122977508735275,2.36075192263642,0.0182379262931575,0.3213076669829
"YOR150W",1240.47815749937,-0.309674271109161,0.131282771139773,-2.35883405279021,0.0183324516636349,0.321963682342588
"YPR003C",230.69167214552,0.270426369788992,0.114750048330638,2.35665582475217,0.0184403291231867,0.322741066048978
"YDL066W",1469.346454986,-0.227526900649148,0.0966177517082662,-2.35491818663052,0.0185267842124996,0.322741066048978
"YHL032C",243.455859750092,0.353595562850386,0.150180350748668,2.35447287935917,0.0185489972124235,0.322741066048978
"YER063W",2586.75100499212,-0.200012089046656,0.0850100549661874,-2.35280507848407,0.0186323983665982,0.323191601297166
"YJR043C",501.177888899024,-0.217590398426641,0.0925823944902218,-2.35023515674594,0.0187615538772722,0.324430562431599
"YMR292W",2043.69378397866,-0.34147411434588,0.145412767418327,-2.34830902683751,0.018858867375279,0.324761287189105
"YBR257W",1299.76856488694,-0.259516085039135,0.110596438739264,-2.34651393840045,0.0189499574170049,0.324761287189105
"YDL135C",923.592719480022,0.223638394229646,0.0953099152556558,2.34643366988383,0.0189540395370154,0.324761287189105
"YJR107C-A",1024.46363338677,-0.289571966028762,0.123566435248455,-2.34345164563921,0.019106238693879,0.326374046989665
"YNL043C",24.1473104399985,0.620699874289982,0.265150825086372,2.34093133252665,0.0192357046258109,0.3268309613202
"YGR048W",1122.49941451174,-0.285480652286862,0.121965482430756,-2.34066759379186,0.0192492968322039,0.3268309613202
"YNL104C",2039.81124144368,-0.248234370981759,0.106181747557671,-2.33782525425977,0.0193963149761738,0.328335211343665
"YBR107C",198.376057843488,0.276232595047528,0.118252944044326,2.33594687455717,0.0194940105142204,0.32899801528504
"YLR090W",146.742579087478,0.29459558996302,0.126277436813383,2.33292342161159,0.0196521648600486,0.330490200416493
"YJL079C",296.075239793747,0.257096951898759,0.110246820073905,2.33201240386265,0.0197000386369262,0.330490200416493
"YDR196C",440.752769437933,0.162679193231021,0.0699146976099024,2.32682395536786,0.0199746368743162,0.333204077425857
"YHR002W",115.00746299301,0.28861031584405,0.124063322934639,2.32631457079463,0.0200017752744763,0.333204077425857
"YDL088C",882.755537885093,-0.299727748854918,0.129042354600458,-2.32270830598944,0.0201948277711695,0.333204077425857
"YJR055W",564.034690896519,-0.214398853851348,0.0924498123811297,-2.31908370962914,0.0203904978796603,0.333204077425857
"YDR346C",3799.52626165993,0.189134082900144,0.0815595226107177,2.31896996017103,0.0203966651986083,0.333204077425857
"YDR291W",261.931589729131,0.236224925278371,0.10189904090209,2.31822520788345,0.0204370847265608,0.333204077425857
"YKL180W",92938.1350772242,-0.277511153337211,0.119806369243274,-2.31633055145597,0.0205402274518487,0.333204077425857
"YGR106C",3270.69000869106,-0.31327131800647,0.135349801987459,-2.31453104035938,0.0206386106111865,0.333204077425857
"YGR049W",4811.32263605161,-0.283427826461076,0.122472237073424,-2.3142210286496,0.0206556010458782,0.333204077425857
"YIR033W",698.049957065335,0.20895545125662,0.0903101014932702,2.31375502631,0.0206811636126479,0.333204077425857
"YDL113C",191.734035775096,0.326833574290973,0.141322357329368,2.31268130865699,0.0207401674250476,0.333204077425857
"YNL173C",1654.66253913757,-0.206279927022619,0.0892126700575724,-2.31222680466236,0.0207651878754187,0.333204077425857
"YPR065W",1890.20908888291,-0.363508667146991,0.157428904549247,-2.30903383459216,0.0209417037957806,0.333204077425857
"YMR222C",463.042535692681,0.182637385571563,0.0791068544008763,2.30874286374784,0.020957854263803,0.333204077425857
"YGL245W",5386.9304816846,0.287513284815442,0.124600116291894,2.30748809368604,0.0210276252335314,0.333204077425857
"YLR287C-A",45437.232776312,-0.209104591560282,0.0906307027455386,-2.30721582450242,0.0210427913438104,0.333204077425857
"YKR095W-A",935.038156748718,-0.252711339914448,0.109530968866595,-2.3072135901787,0.0210429158409414,0.333204077425857
"YOR078W",1819.1118800187,-0.393802021954083,0.170911954809586,-2.30412215688961,0.0212157872995461,0.333204077425857
"YGR158C",1350.98326353681,-0.310041259016968,0.134570262525142,-2.30393590083873,0.0212262420463546,0.333204077425857
"YEL017C-A",15422.506026024,-0.28906636905635,0.125621163210538,-2.30109610250847,0.0213861995922625,0.333204077425857
"YGR196C",420.324278877119,0.23509394838002,0.102279191219344,2.29855110875726,0.0215304425335116,0.333204077425857
"YDR510W",4650.01859856021,-0.613668486251458,0.267004811073744,-2.29834242979977,0.0215423073433415,0.333204077425857
"YHR183W",6280.06614481808,-0.38925048428379,0.169465367002102,-2.29693235361159,0.0216226289955508,0.333204077425857
"YKL015W",595.603751597855,-0.280546119115334,0.122156272940669,-2.29661655813282,0.0216406532261944,0.333204077425857
"YFR003C",1459.51657408993,-0.228069066791986,0.0993129787775473,-2.29646788968883,0.0216491431003418,0.333204077425857
"YOR132W",1100.78981283621,0.198225839061162,0.0863303168304523,2.29613241719553,0.0216683112769563,0.333204077425857
"YDL161W",1449.3011977165,0.14990774725898,0.0653223427753701,2.29489238887958,0.0217392921053833,0.333204077425857
"YDR351W",1549.71298084025,-0.119488352953615,0.0520897564717113,-2.29389348400019,0.0217966177979187,0.333204077425857
"YPR063C",2887.33256655449,-0.175842326087731,0.0766831804508002,-2.29310163003152,0.021842154572336,0.333204077425857
"YOR020W-A",948.923125574444,-0.323918884992489,0.141273406354637,-2.29285109880737,0.0218565789823982,0.333204077425857
"YMR256C",3672.81559214898,-0.355924112054601,0.155342710423645,-2.29121862933856,0.0219507720295528,0.333204077425857
"YKL113C",896.56361537573,0.172302475074689,0.0752132856303105,2.29085159132115,0.0219719985882251,0.333204077425857
"YDR513W",1457.16244909737,-0.570955585863156,0.249335159575457,-2.28991204784484,0.0220264156890343,0.333204077425857
"YGL236C",393.628598407934,0.252181103664447,0.110142917340458,2.28958075338555,0.022045631760074,0.333204077425857
"YHR208W",3103.62985619385,-0.382836805181542,0.167237026305387,-2.28918687230454,0.02206849701697,0.333204077425857
"YGR104C",298.746373919974,0.280857070269146,0.12274235376198,2.28818383924573,0.0221268174342975,0.333204077425857
"YMR166C",322.188635003968,0.261313468502635,0.114226806083323,2.28767202255502,0.022156628156077,0.333204077425857
"YNL234W",261.460153232978,-0.334949104263943,0.146451729859058,-2.28709558150178,0.0221902447382461,0.333204077425857
"YGR047C",820.885038823396,-0.159003556355467,0.0695242804778817,-2.2870219621482,0.0221945412251207,0.333204077425857
"YDR086C",17964.9007094175,-0.237687346076684,0.103958971358917,-2.28635723275937,0.0222333681556399,0.333204077425857
"YGR214W",38837.650098167,-0.330159154272808,0.14455430360295,-2.28398011019902,0.0223726999000199,0.333640028018683
"YLR181C",1008.57253251101,-0.245318030981203,0.107441393063152,-2.28327299178827,0.0224142928947939,0.333640028018683
"YCL035C",3374.17205056293,-0.243109119919892,0.106557251566106,-2.28148827364482,0.0225195698249831,0.333640028018683
"YBR106W",16890.497322241,-0.247387644595871,0.108467858817797,-2.2807460872942,0.0225634762781539,0.333640028018683
"YJL149W",265.041532461537,-0.523271071022589,0.229493339864838,-2.28011440911868,0.0226009038522185,0.333640028018683
"YBR014C",678.618950214196,-0.224460652868423,0.0984556389185341,-2.27981510590928,0.0226186567037577,0.333640028018683
"YPL179W",610.036104325047,0.349437546765217,0.153372712366697,2.27835539564399,0.0227054116536214,0.334042967260085
"YOR360C",845.903631711334,-0.243588979440996,0.107097949848522,-2.27445044266043,0.02293891752022,0.335860253113774
"YPL107W",512.238368008542,-0.202793713075072,0.0891834502661557,-2.2738940069022,0.0229723601281098,0.335860253113774
"YOR167C",89245.9539477767,-0.195731366795997,0.0861001750079987,-2.27329812950802,0.0230082201866197,0.335860253113774
"YAR008W",467.184339364954,0.299271802530197,0.131773766429122,2.27110304759459,0.0231407405565356,0.336392356648043
"YJR095W",63.503553199124,-0.357121279611448,0.15727278178607,-2.27071255150317,0.0231643847015645,0.336392356648043
"YLR222C-A",414.024525627734,-0.436060693247796,0.192283149900049,-2.2678050233443,0.0233410931085776,0.338084905335583
"YGR111W",397.976455694684,0.200487753862786,0.0884513413409902,2.26664458473142,0.0234119461611932,0.338207673249684
"YDR397C",2259.2887662418,-0.25589395072324,0.112942694980766,-2.26569722607397,0.0234699275030919,0.338207673249684
"YNL006W",246.788212967149,0.276865964063282,0.122335696953054,2.2631657885558,0.0236254712982993,0.339578385412895
"YNL288W",1223.67800786984,-0.201119942946828,0.0889952587981175,-2.25989502882464,0.0238277665267228,0.34122967174142
"YOL097C",3181.97080037335,0.166222689723298,0.0735711106472532,2.25934729353584,0.0238617902125228,0.34122967174142
"YGL066W",443.763209843297,0.299404259014642,0.132826175489144,2.25410584858037,0.0241895098300769,0.345020463382611
"YAR031W",13.9043757233328,0.678642293567631,0.30140933047411,2.25156365431734,0.0243498600674112,0.345020463382611
"YGR021W",551.486563076043,0.251733616488624,0.111881191625993,2.2500083600302,0.0244484146261848,0.345020463382611
"YGR108W",432.956612980941,0.290674235826354,0.129235220428812,2.24918744953485,0.0245005726212766,0.345020463382611
"YMR197C",566.654268753974,-0.300183627551551,0.133489438034243,-2.24874440983523,0.0245287619695427,0.345020463382611
"YKL089W",180.798517119672,0.228926759884039,0.10181268126261,2.24850929221242,0.0245437332422295,0.345020463382611
"YMR015C",4468.02918664309,-0.321943138060582,0.143199829451271,-2.24820894895085,0.0245628693176842,0.345020463382611
"YFR032C-A",85853.8335007962,-0.390547101736097,0.173910863418157,-2.24567398528206,0.0247248976704794,0.345020463382611
"YLR278C",662.568535152069,0.232819946265069,0.103681991081921,2.24551963012664,0.0247347934889501,0.345020463382611
"YPL225W",3538.57330140253,-0.240797673613447,0.107262969255913,-2.24492828497914,0.02477273680068,0.345020463382611
"YML058W",2851.77851884337,-0.34598214153472,0.154207684702791,-2.24361154375374,0.024857405874528,0.345020463382611
"YLL023C",1061.37455184078,-0.25087937954006,0.111915509059515,-2.24168555054016,0.0249817024050398,0.345020463382611
"YIR030C",123.064484337536,-0.321886883186161,0.143608006336821,-2.24142714182106,0.0249984200332809,0.345020463382611
"YGL167C",1795.94022296624,0.169162382770105,0.0754812510671392,2.24111789853136,0.0250184391113222,0.345020463382611
"YGR253C",5108.62198230663,-0.326841201697456,0.145879052543711,-2.24049440956934,0.0250588433082608,0.345020463382611
"YJL027C",21.7443138439157,0.618038544713276,0.276098801225344,2.23846877266537,0.0251905016024694,0.345020463382611
"YBL088C",549.6537573518,0.163453799028918,0.0730285989234959,2.23821628017472,0.0252069544988507,0.345020463382611
"YGL159W",594.457347291447,-0.219444886111972,0.0981002301807048,-2.23694568002283,0.0252898904986836,0.345020463382611
"YPL005W",151.787608219446,0.303398776214155,0.1356582467507,2.23649341990769,0.02531946785263,0.345020463382611
"YOL007C",1190.76464177033,-0.227104011135366,0.101583606972258,-2.23563641717692,0.0253755970828613,0.345020463382611
"YER026C",1636.2581391969,0.273388770963817,0.12235241667349,2.23443703358457,0.0254543312602671,0.345020463382611
"YLR262C-A",8795.88961988908,-0.159101768210687,0.0712263165743716,-2.23374976922412,0.0254995422903366,0.345020463382611
"YCR031C",64173.1708257397,-0.211564074419998,0.0947487795795618,-2.23289498143187,0.0255558706197103,0.345020463382611
"YML073C",71728.055671509,-0.258237216483712,0.115762971965558,-2.23074107462051,0.0256982851675434,0.345020463382611
"YER044C",6642.27848399045,-0.27315647535254,0.122536980610458,-2.22917582913927,0.0258022081064092,0.345020463382611
"YCR059C",1175.15440501424,-0.199037977631705,0.0893016292460787,-2.22882806631934,0.0258253467596905,0.345020463382611
"YDR487C",2879.18971687793,-0.228795075259316,0.102719238257112,-2.22738290452104,0.0259216939786675,0.345020463382611
"YHR119W",982.323078604283,0.194283496797446,0.0872761290917792,2.22607829677159,0.0260089373900141,0.345020463382611
"YKR010C",655.771531796259,0.198439005090262,0.089143779912295,2.2260555395508,0.0260104614901758,0.345020463382611
"YNL030W",18261.2853184589,-0.324388278851386,0.145805250194087,-2.22480520022139,0.0260943181571811,0.345020463382611
"YJR124C",298.771219972786,0.278376530567302,0.125151518590892,2.22431604267854,0.0261271880891697,0.345020463382611
"YMR002W",3867.02833487473,-0.312496207914308,0.140530342579604,-2.22369206662463,0.0261691693642017,0.345020463382611
"YBR109C",9213.25156414976,-0.255473243867281,0.114938637521884,-2.2226924676973,0.0262365441607129,0.345020463382611
"YML116W-A",405.000787379452,0.325058570441606,0.146256520128983,2.22252361915173,0.0262479396491703,0.345020463382611
"YML034W",528.719501171141,-0.201318641062658,0.0906104949426278,-2.22180268621342,0.0262966431208679,0.345020463382611
"YNL050C",2515.40556263453,-0.242098763694996,0.10901540814554,-2.22077564826234,0.0263661607377383,0.345020463382611
"YJL016W",686.024335389404,0.317828066604048,0.143146406907545,2.22030069402528,0.0263983628566766,0.345020463382611
"YPR140W",306.521588200283,0.216151106808576,0.0974398218906433,2.21830359102218,0.0265341395004947,0.345990403695546
"YKR015C",68.174119847738,-0.347731444460963,0.156867639296595,-2.21671879566885,0.0266423135689219,0.346030224373184
"YDR477W",691.426967205742,0.21235223082973,0.0958071342810715,2.21645530286656,0.0266603357924535,0.346030224373184
"YGR138C",702.242368428428,0.614518552998463,0.277588759949508,2.21377318415285,0.026844385632077,0.346880060699386
"YBR276C",594.230353738195,0.199223761251062,0.0900038615291269,2.21350237496854,0.0268630296810573,0.346880060699386
"YLR056W",8178.70375834421,0.227350853308799,0.102746935612111,2.21272636458075,0.0269165165960671,0.346880060699386
"YLR199C",390.017067957035,-0.38434934696009,0.173825713322315,-2.21111905490883,0.027027593754237,0.346880060699386
"YBR203W",336.319491871325,-0.3371737281535,0.152496887266869,-2.21102039652421,0.0270344246594895,0.346880060699386
"YER025W",6862.99383256961,0.128747484982446,0.058309142189188,2.20801541831494,0.0272431983848671,0.34793126600407
"YDR056C",2662.49315021335,-0.187417223651676,0.0848817863601912,-2.20797925783962,0.027245719116539,0.34793126600407
"YLR007W",354.768806397998,0.178189581047209,0.0807547669623877,2.20655185755415,0.0273453835065242,0.34793126600407
"YDL202W",13.2380432938433,0.756786281601647,0.343127437272605,2.20555455319185,0.0274152041303659,0.34793126600407
"YBR056W",362.888940213457,0.307821138477639,0.139575977649799,2.20540198722428,0.0274258987259436,0.34793126600407
"YGL050W",621.775164324696,0.234062139719432,0.106296026864097,2.20198389934827,0.0276664457997748,0.35019239953769
"YER002W",6129.91859385171,-0.221626238711227,0.100720163032982,-2.20041580590625,0.0277774074266791,0.350806808399857
"YER149C",649.019792196493,-0.219147087891466,0.0996850924705677,-2.19839378647484,0.0279210561045922,0.351126844084849
"YPL010W",2747.6813567474,-0.239764406129971,0.109068080025939,-2.19830042000326,0.0279277045028341,0.351126844084849
"YOR365C",39.1795619169405,-0.547914297402428,0.24945455574358,-2.19644935234473,0.0280597965310432,0.352000126126034
"YMR281W",454.894120707336,-0.378762828781411,0.172585535214493,-2.19463831838906,0.0281895525630386,0.352350128517474
"YEL009C",21932.8494064853,-0.214105373500483,0.0976102241740511,-2.19347281816203,0.0282733309111334,0.352350128517474
"YBR175W",31.4061167264774,0.490200940866422,0.223485130347647,2.19343873171285,0.0282757843347653,0.352350128517474
"YKR077W",320.576123730466,0.214807611820524,0.0979949221379752,2.19202798608359,0.0283774859138882,0.35283511246914
"YKL197C",291.51117311123,0.276273100454925,0.126116365675812,2.19062053504696,0.0284792638685849,0.353318902740501
"Q0160",18.0025151016671,-0.740244045929441,0.33853230446448,-2.1866274980771,0.028769728258878,0.355349626266001
"YDR463W",1067.93393153522,0.165866449763094,0.0758748090358074,2.18605426321162,0.0288116355991074,0.355349626266001
"YPL061W",5085.21912407152,-0.714749780521936,0.327001781170918,-2.18576723944005,0.0288326387148215,0.355349626266001
"YMR135C",230.120087723472,0.333940100254192,0.153022587189545,2.18229286530458,0.0290879252407846,0.357711465761946
"YLR359W",3440.40347710111,0.280654569285201,0.128734720815564,2.18010003445216,0.029250047224616,0.358901225289346
"YLR389C",1263.88397011618,0.218500391491059,0.100351874450258,2.17734240329875,0.0294550296144497,0.358901225289346
"YDR200C",718.588568169419,0.187718824369512,0.0862190243874127,2.17723206337878,0.0294632571340454,0.358901225289346
"YNL124W",957.720884054867,-0.427131243343922,0.196182989428183,-2.17720835322618,0.0294650253446299,0.358901225289346
"YDR246W",1171.22865030045,-0.27967503716666,0.128526242531204,-2.17601504298827,0.0295541357458177,0.358901225289346
"YGL166W",513.276606564054,0.225256391136048,0.103526565266574,2.17583178342706,0.0295678411581792,0.358901225289346
"YPR060C",3224.3448314898,-0.20058732672976,0.0923519370577528,-2.17198829954505,0.0298565454641709,0.360301550731145
"YOR193W",133.021251578088,0.307831461941471,0.141745437812235,2.17172042143074,0.029876757233132,0.360301550731145
"YAL040C",4823.84569168806,-0.329037555529839,0.151526822019528,-2.17148060748898,0.029894861499819,0.360301550731145
"YDR158W",12167.1743398164,-0.138215226545242,0.0636896934943697,-2.17013489878798,0.0299966280885698,0.360301550731145
"YOL072W",63.3971737420967,-0.606992799992656,0.27972153897454,-2.16998949104132,0.0300076420702521,0.360301550731145
"YKL071W",27.7543204742505,-0.46652824577898,0.215221132299405,-2.16766932129122,0.0301838552678128,0.360301550731145
"YCR098C",57.0501926817005,0.45882111953219,0.211759121168774,2.16671242778018,0.0302567883805022,0.360301550731145
"YNL250W",555.40280113263,-0.198005030231451,0.0913868729073948,-2.16666818692983,0.0302601640166068,0.360301550731145
"YKL052C",408.696518709754,0.236802223048619,0.109293281750182,2.16666769682964,0.0302602014137189,0.360301550731145
"YDL167C",942.353645416483,-0.272680137801756,0.125979694541676,-2.16447689283411,0.0304277681302908,0.360592225063439
"YCL009C",5283.78727737199,-0.179087397935708,0.0827453695617634,-2.16431927108661,0.0304398547288559,0.360592225063439
"YKL001C",581.242105499457,-0.375065093335591,0.173346349335891,-2.16367460158525,0.0304893315908277,0.360592225063439
"YOR198C",18636.032673856,-0.184498611517392,0.085297597874164,-2.16299891339935,0.0305412631904265,0.360592225063439
"YDR411C",601.183467350966,0.205289279796719,0.094960512098964,2.16183838165042,0.0306306358874742,0.360615782222051
"YCR051W",1195.484458271,0.235774477269285,0.109088814851655,2.1613075326733,0.030671591441662,0.360615782222051
"YDL061C",30024.4442152513,-0.254345531021551,0.117758604473151,-2.15988914066608,0.0307812526280071,0.36114956110522
"YMR246W",3033.9555064487,0.287343630110431,0.133276493916231,2.15599631763299,0.0310839526939827,0.363636766982975
"YML005W",372.922343290309,-0.239223481433584,0.110982773259577,-2.15550102423612,0.031122648562066,0.363636766982975
"YBL006W-A",10.4355902556815,-1.08927559042435,0.507084254342695,-2.1481155865041,0.0317045743180965,0.369667443293988
"YDR231C",272.933027310972,0.295625031714966,0.137677596917241,2.14722684252448,0.0317752267231627,0.36972417015357
"YPR187W",8424.4374815934,-0.16386092757645,0.0764161798445441,-2.14432241849563,0.0320070617233368,0.370921126705492
"YNL079C",15639.0340955049,-0.206159999973122,0.0961450783160169,-2.14425952512618,0.0320120979519254,0.370921126705492
"YNL252C",2367.75326722168,-0.220294602972218,0.102788879373501,-2.14317545161419,0.0320990126784969,0.370921126705492
"YBR288C",911.47763558666,-0.227050970472555,0.105967907471679,-2.14263899221787,0.0321420976344439,0.370921126705492
"YCR079W",55.5821561036161,-0.495693324912263,0.23175584176652,-2.13886010869856,0.0324469996120177,0.371579981333788
"YGL256W",1391.50413774745,0.237499188030672,0.111062373264801,2.13843069483499,0.0324818034535099,0.371579981333788
"YKL013C",3365.46944209505,-0.205757980528986,0.0962224212810273,-2.13835796054279,0.0324877017080457,0.371579981333788
"YGR026W",2516.00223680443,-0.19813629393879,0.0926664887588716,-2.13816555037886,0.032503309282671,0.371579981333788
"YNL177C",1795.46674264584,0.17758420753149,0.083067140208054,2.137839428283,0.0325297777253067,0.371579981333788
"YGR233C",331.020433019089,0.311638483257253,0.146003083730101,2.13446507632224,0.0328047294920272,0.372260004725246
"YIL071C",134.790391029804,0.240625259412024,0.11278914415924,2.13340797295438,0.0328912735860844,0.372260004725246
"YKR091W",1076.46162236741,-0.346792531034104,0.162595153134143,-2.1328589711896,0.0329362969315395,0.372260004725246
"YKL022C",574.485081964672,0.26354122462371,0.123635613639363,2.13159636504447,0.0330400428378978,0.372260004725246
"YER037W",43.1636051362842,0.424354262033995,0.199118741597775,2.13116183152262,0.0330758122578486,0.372260004725246
"YLR052W",1404.89222132864,-0.291136300505405,0.13665700506057,-2.13041622254466,0.0331372656536107,0.372260004725246
"YER103W",743.532987476243,-0.243323095329554,0.114226377562398,-2.1301830673623,0.033156502444109,0.372260004725246
"YMR180C",141.712646671049,-0.350161032701084,0.164438402089863,-2.12943587538467,0.0332182149554725,0.372260004725246
"YDL194W",79.349882834798,-0.450225697502275,0.211439858014716,-2.12933219748445,0.0332267857414538,0.372260004725246
"YKR057W",33753.4619646874,-0.183031997419744,0.085969624697814,-2.12903101604906,0.0332516943722551,0.372260004725246
"YLR087C",570.568754638113,-0.185099535126188,0.0870926723257618,-2.12531697768833,0.0335601725602264,0.374966540334935
"YPR132W",44215.1907867885,0.150538834466406,0.07092578255296,2.12248394092796,0.0337971198514466,0.376007379692151
"YHR064C",16421.9021545594,-0.135217659731631,0.0637086981692333,-2.12243639592893,0.0338011085566791,0.376007379692151
"YOR111W",149.208333732236,-0.370919038116281,0.174812902022211,-2.12180584971442,0.0338540452178342,0.376007379692151
"YNL270C",26.9203868241466,0.533385516280303,0.25169938103626,2.11913717898044,0.0340788754825068,0.37775794913548
"YDL111C",3089.82885195734,-0.295466632284515,0.139507624142179,-2.11792462312591,0.0341814518899181,0.377879403951308
"YML012W",6971.65379414612,-0.19588867527868,0.0925129517343548,-2.11741893006681,0.0342243090055545,0.377879403951308
"YJR004C",166.098035744613,-0.279933487199772,0.132290174283992,-2.11605653038773,0.034339999965902,0.378413332957587
"YNL133C",633.040541598381,-0.251160943755705,0.118795225256497,-2.11423433234299,0.0344952578958853,0.379380331457682
"YLR228C",335.184442501123,0.261604832047262,0.123794167552184,2.11322421096281,0.0345815819994569,0.379586896165914
"YCR016W",7177.29773274449,-0.231722544717041,0.10983435683941,-2.10974554215167,0.0348802794449778,0.380409735250567
"YNR032C-A",894.457359824829,-0.237998457571676,0.112815383879317,-2.10962768895307,0.0348904374250617,0.380409735250567
"YKR008W",1072.0581879466,-0.211055258880967,0.100059761930182,-2.10929203517629,0.0349193818731917,0.380409735250567
"YDR427W",4615.90835423888,-0.230248925176763,0.109182956435808,-2.10883578072126,0.0349587589587637,0.380409735250567
"YML114C",1464.37269371549,-0.181493551360246,0.0861534930318104,-2.10663021281369,0.0351496457357178,0.380409735250567
"YNL113W",12257.2568022091,-0.267202126676912,0.126866702465633,-2.10616435584661,0.0351900781811793,0.380409735250567
"YOL017W",258.586422802793,0.215181494096778,0.102203458764945,2.10542281735951,0.0352545193358032,0.380409735250567
"YDR138W",821.387953160604,0.159117075101786,0.0755956078388417,2.10484550161961,0.035304758913011,0.380409735250567
"YDL193W",823.66533293345,-0.200914338238835,0.0954842541563817,-2.10416198999452,0.0353643189226849,0.380409735250567
"YLR347C",362.278401832767,-0.232124187419527,0.110348171345469,-2.10356170464131,0.0354166974379559,0.380409735250567
"YJR119C",202.462868515138,-0.29761185004431,0.141554275649923,-2.10245751092912,0.0355132178771853,0.380409735250567
"YOR061W",1298.91340963253,0.15956551796577,0.0759034020779372,2.10221826159952,0.0355341608379817,0.380409735250567
"YLR139C",587.791606043832,-0.298864901161467,0.142168251092979,-2.1021915854195,0.0355364966203822,0.380409735250567
"YHR160C",14.1561150927852,-0.714001454829477,0.339912872522883,-2.10054255824457,0.0356811409819959,0.380716268834465
"YAL022C",428.077992956962,0.220171993355843,0.104827785477355,2.10032094404402,0.0357006180917728,0.380716268834465
"YOR036W",711.268011945964,0.318805128689776,0.151850298926157,2.0994698788496,0.0357755003594278,0.380729751797237
"YER074W-A",1951.28364449383,-0.21753593456781,0.10364935709358,-2.0987678135949,0.0358373734342951,0.380729751797237
"YGR135W",3102.36687239046,-0.177279327382678,0.0845270217597769,-2.09730951939251,0.0359661847291572,0.380821085775557
"YKL128C",755.830364127493,-0.265959816598848,0.1268300117716,-2.09697856906138,0.0359954725101719,0.380821085775557
"YDR048C",8.77175279293661,-1.48532354686358,0.708521178046794,-2.09637141822384,0.0360492558065118,0.380821085775557
"YPL050C",953.460451443069,0.249949442962104,0.119388351608094,2.09358316448318,0.0362971285786476,0.380969978327259
"YOR208W",560.074270987899,-0.220191906105623,0.105270867817988,-2.09166990516629,0.0364680544174067,0.380969978327259
"YDL225W",1261.17509042866,0.153871959854993,0.073568259924612,2.09155361310259,0.036478465736525,0.380969978327259
"YCR083W",82.5891549002397,-0.487054260597829,0.232884242714478,-2.09140066721891,0.0364921624305837,0.380969978327259
"YMR111C",160.665459019637,0.260082596584936,0.124451344055366,2.08983356956941,0.0366327526735136,0.380969978327259
"YPR163C",5382.29343651167,0.232876518155394,0.111439055756562,2.08972084853368,0.0366428830685426,0.380969978327259
"YOL160W",5.68818934809705,-1.39025898711452,0.665304080283811,-2.08965949302679,0.0366483981756411,0.380969978327259
"YDR480W",52.4913737088612,0.399576457313843,0.191235660491353,2.08944532775522,0.0366676545478515,0.380969978327259
"YGL196W",655.654565233869,0.224626616321983,0.107548663278557,2.08860444634431,0.0367433446119003,0.380969978327259
"YDL190C",1105.51837566619,0.180595251504474,0.0864964114209043,2.08789299507087,0.0368074882099419,0.380969978327259
"YOR341W",3463.19179835265,0.240365492906134,0.115156423073215,2.0872955801459,0.0368614240736276,0.380969978327259
"YIL119C",101.493181382852,0.450152013104239,0.215968008416218,2.08434580846205,0.0371287233534211,0.380969978327259
"YIR034C",815.483558512931,-0.276240129014775,0.132573256129697,-2.08367914524577,0.0371893624414855,0.380969978327259
"YGR103W",9499.78311577925,0.222534219859987,0.106829972532985,2.08306914795168,0.0372449210961239,0.380969978327259
"YMR235C",5685.27212412995,-0.241710966997785,0.116038584182656,-2.08302237312125,0.0372491842706397,0.380969978327259
"YDR454C",8500.52453331211,-0.144817316582645,0.0695350075027073,-2.08265335380897,0.0372828321779087,0.380969978327259
"YOL045W",341.034711231278,-0.202507011863045,0.0972459346889019,-2.08242136302029,0.0373039987975837,0.380969978327259
"YPR160C-A",10.0858281058396,0.76955144405755,0.369596073457975,2.08214182812484,0.0373295168839734,0.380969978327259
"YLR276C",8788.76999115649,-0.202534843575948,0.0972835140168574,-2.08190304002436,0.0373513270566405,0.380969978327259
"YLR454W",1113.94456023407,-0.152599502003174,0.073370296028385,-2.07985397720268,0.0375389284293147,0.382189814805704
"YKL032C",1073.98831845561,-0.218812276787478,0.105249739972079,-2.07898163782187,0.0376190382210124,0.382312829660198
"YMR171C",671.386472730583,0.166199977027563,0.0800008426773394,2.07747782980091,0.037757479380979,0.382402191739811
"YKR035W-A",1819.32097741919,0.14917318845801,0.0718073617326384,2.07740801024593,0.0377639175116717,0.382402191739811
"YER157W",487.435282795599,0.184292597616963,0.0887688662857771,2.07609497933276,0.0378851674374566,0.382665634962856
"YBR127C",5162.566365503,-0.264873103015991,0.127609568060279,-2.07565237499176,0.0379261136431158,0.382665634962856
"YGL127C",1401.67297311221,-0.39188907288725,0.188881801994826,-2.07478469999977,0.0380064932077972,0.382789411877814
"YMR058W",2309.10581153576,-0.340116745122894,0.164027623679988,-2.0735333323273,0.0381226723606409,0.382986413817425
"YDR302W",873.422716026578,-0.361645275445147,0.174518975405366,-2.07224042316963,0.0382430253487353,0.382986413817425
"YGR161C",308.996383816542,-0.303755944048238,0.146673347733621,-2.07096891658803,0.0383617009434899,0.382986413817425
"YGR183C",1168.98059143388,-0.2710276696077,0.130929978935825,-2.07001995884031,0.0384504754426433,0.382986413817425
"YER070W",1037.59653474185,0.244873859193241,0.118343921394546,2.06917141419422,0.0385300041689818,0.382986413817425
"YLL045C",36505.0760001321,0.203088334861015,0.0981852252041,2.06842052293357,0.0386004970124219,0.382986413817425
"YGR055W",2388.77928103344,0.268964774157463,0.130045471716594,2.06823636845743,0.0386178019578223,0.382986413817425
"YLR285W",1016.99153306038,0.164033644210053,0.0793360439526948,2.06758033344668,0.0386795029733383,0.382986413817425
"YJL010C",2535.79828294799,-0.205290403260103,0.0993696754339526,-2.06592607215017,0.0388354606179359,0.382986413817425
"YPR043W",94683.8778091256,-0.668805165033038,0.32383417520299,-2.06527048793973,0.0388974143185034,0.382986413817425
"YIR030W-A",11.4658960653405,0.887349104211578,0.429851850311986,2.06431379454931,0.0389879739397832,0.382986413817425
"YGL079W",479.537549342077,-0.226845953118681,0.109898827023158,-2.06413443403613,0.0390049719429299,0.382986413817425
"YPL154C",3115.90362102041,-0.381446459356061,0.184833308227031,-2.06373225158925,0.0390431096729423,0.382986413817425
"YBR151W",836.988818616274,0.16039200414364,0.0777276353014952,2.0635132346623,0.0390638916943959,0.382986413817425
"YDR336W",287.387482756399,0.24757883053678,0.120002035792851,2.06312192039936,0.0391010460100936,0.382986413817425
"YNL287W",4159.40227663609,-0.195745036602165,0.0949396639497587,-2.06178354186878,0.0392283486654711,0.382986413817425
"YGR289C",52.7380570633708,0.477752011734514,0.231730594874329,2.06166998360146,0.0392391661752886,0.382986413817425
"YKL079W",745.018825277356,0.178402245831939,0.0865388441972662,2.06152794721026,0.03925270006385,0.382986413817425
"YJR057W",1033.3538368451,0.166726703254242,0.0809673669795613,2.05918395859814,0.0394766192826116,0.384503640152994
"YGR105W",2761.9853886294,-0.214404769445438,0.104192299269684,-2.05777942274303,0.0396113122204199,0.385148053077439
"YGR262C",1141.76159041408,0.210478198137129,0.102367335041301,2.05610703895154,0.0397721999200992,0.386035283391471
"YKL023W",977.255119315576,-0.193929890843531,0.0943511995548068,-2.05540461338683,0.0398399402788351,0.386035283391471
"YBR274W",240.906460399585,0.234693422663598,0.11426656946109,2.05391151384409,0.0399842567400635,0.386485885394852
"YGL020C",1467.11458184342,-0.162869850889593,0.0793132443436562,-2.05350130659004,0.0400239831494313,0.386485885394852
"YLL050C",6982.55776254387,-0.4830926066506,0.235515785836728,-2.05121115314753,0.0402463882290103,0.387966898536943
"YIR008C",258.117690974815,-0.334635834326979,0.163247590493177,-2.04986691268173,0.0403774197809854,0.388563525974551
"YDR133C",6888.04473014796,-0.186228000351534,0.090938754052583,-2.0478398048411,0.040575698655945,0.388923690087284
"YLR368W",216.995843603903,0.266477691765044,0.130140345099198,2.04761783566752,0.0405974603333954,0.388923690087284
"YGR099W",202.814789992554,0.244666905134082,0.119503432150526,2.04736299812628,0.0406224565980847,0.388923690087284
"YPR120C",752.962883647695,0.18841918476222,0.092189781094781,2.04381855043679,0.0409714758673053,0.389191269320391
"YGR201C",214.573239411829,-0.287542666422382,0.140709125951537,-2.04352535400879,0.0410004601562226,0.389191269320391
"YOR108C-A",8.59042348720122,-0.821145621894604,0.401907804445646,-2.04311937417392,0.0410406224671973,0.389191269320391
"YAL060W",2054.7576770162,0.264895909795121,0.12967035755391,2.04284089896947,0.0410681904143091,0.389191269320391
"YEL050C",1021.41030871542,0.187350864936092,0.0917151919309859,2.04274625600816,0.0410775632656738,0.389191269320391
"YMR080C",851.936423857724,0.137958484370886,0.0675510180475332,2.04228579166356,0.0411231906580742,0.389191269320391
"YKR046C",1669.1442761139,-0.200786473557718,0.098358089238593,-2.04138241309933,0.041212831155614,0.389191269320391
"YGR107W",60.7866939442633,-0.386570335209283,0.189385517347172,-2.04118213802295,0.041232726460965,0.389191269320391
"YDR214W",2485.90426136173,-0.229355795547301,0.112427262176095,-2.04003718589233,0.0413466221512167,0.389191269320391
"YOL144W",2453.85217664692,-0.146218974395018,0.0716752264380208,-2.04002110159299,0.0413482240550115,0.389191269320391
"YFL062W",205.243163737638,-0.488295976123557,0.239442112636702,-2.03930699886712,0.0414193975737466,0.389191269320391
"YOR374W",261.928610463179,-0.303798844650095,0.14903129632474,-2.03849025098806,0.0415009287426299,0.389191269320391
"YPR193C",134.525002654835,-0.251374636211857,0.123404068120395,-2.03700445245137,0.0416495958227548,0.389191269320391
"YGL011C",5049.06376344237,-0.182346363944072,0.0895468665214542,-2.03632322411175,0.04171790925848,0.389191269320391
"YGR134W",355.076705693146,0.200646870006171,0.0985679676592985,2.03561942861305,0.041788585319812,0.389191269320391
"YGL222C",356.913414941998,-0.333819962819964,0.164040083527125,-2.0349902026523,0.0418518587997604,0.389191269320391
"YHR201C",857.502708437756,0.209649562413519,0.103041553757092,2.03461181212137,0.041889947890512,0.389191269320391
"YOR251C",1179.75455625216,0.21399861941269,0.105184967286002,2.03449813157063,0.0419013967945782,0.389191269320391
"YGR227W",451.689668588884,-0.192722953832705,0.0947789693685525,-2.03339364330174,0.0420127690532401,0.389191269320391
"YBR192W",245.89105752299,0.234309153125131,0.11524330979832,2.03316924457638,0.0420354271312238,0.389191269320391
"YJR142W",252.009563581334,0.281134398487712,0.138428253427161,2.0309033129255,0.0422648036582111,0.390085704476799
"YOL016C",2015.32137526475,0.492400692196783,0.242461147353323,2.03084369422388,0.0422708530296033,0.390085704476799
"YIR038C",787.939407845901,-0.280639402341469,0.138471514051413,-2.02669411296587,0.0426937049117174,0.39303154728234
"YDR364C",534.915410184542,0.225149020440885,0.111111169255427,2.02634012358653,0.0427299422401263,0.39303154728234
"YGR181W",2337.89846071719,-0.250140494425774,0.123514227150941,-2.02519580291013,0.0428472624860681,0.393466691457031
"YKL117W",16818.7110234652,-0.168355569896246,0.0831990574236165,-2.02352737049708,0.0430188046138665,0.394270389546695
"YDR490C",344.760368720146,0.208146811762477,0.102923783172496,2.02233930143853,0.0431413110804053,0.394270389546695
"YDR007W",1232.14671430135,-0.135960348145875,0.0672588246541106,-2.02144995612208,0.0432332078058241,0.394270389546695
"YHR089C",16620.2935331531,0.151687803545672,0.0751097451246737,2.01954890532364,0.043430199624996,0.394270389546695
"YFL023W",826.524004288787,-0.167537070950019,0.0829821308240548,-2.01895359020419,0.0434920434199602,0.394270389546695
"YNR014W",316.043315566341,-0.34640353619721,0.171677911248365,-2.01775250920935,0.0436170431496464,0.394270389546695
"YDR021W",766.003432557507,-0.202929696720827,0.100625405494028,-2.01668451147629,0.0437284472830428,0.394270389546695
"YOL138C",369.470267813504,0.242678991311753,0.120384981402063,2.01585769657803,0.0438148582844692,0.394270389546695
"YDL214C",79.4132771123763,0.351318064444052,0.174303968911587,2.01554827831977,0.0438472328578016,0.394270389546695
"YNL078W",543.098557324191,-0.198503622860953,0.0984932793398658,-2.01540271774267,0.0438624699121279,0.394270389546695
"YMR132C",363.63042298555,-0.220122686674577,0.109224463978864,-2.0153240277487,0.0438707089196635,0.394270389546695
"YOR339C",37.9968836931944,-0.565670551539055,0.280695582327619,-2.01524565099433,0.0438789164292568,0.394270389546695
"YAR050W",13.7224192088281,-0.775292824687137,0.384732350862186,-2.01514851285499,0.0438890904052966,0.394270389546695
"YLL036C",1628.41427195056,0.157325945461203,0.078123027911216,2.013822936305,0.0440281267372355,0.394270389546695
"YBL041W",2165.38281903571,-0.178359906199905,0.0885972426168998,-2.01315414488852,0.0440984155661445,0.394270389546695
"YDR146C",422.16926100072,0.172519868788575,0.0857104290541478,2.01282236820429,0.0441333198617748,0.394270389546695
"YPL136W",17.5097130705641,-0.697938979405153,0.346788556074537,-2.0125778869564,0.0441590552331406,0.394270389546695
"YDL046W",1627.4161482792,-0.212094957024091,0.10540514598187,-2.01218787800524,0.0442001358304208,0.394270389546695
"YML132W",277.040024875396,0.309717602567263,0.153969866548747,2.01154686634222,0.0442677252320222,0.394270389546695
"YER009W",6465.27817977572,-0.38497889001415,0.191518648710292,-2.01013787746855,0.0444165981424817,0.394610528279296
"YJL119C",24.1868375771329,-0.582725674364219,0.289939916434019,-2.00981528011452,0.0444507429559856,0.394610528279296
"YDR061W",1879.26205459467,0.187959464536001,0.0935496833117738,2.00919402270543,0.04451656137528,0.394610528279296
"YOR101W",2116.13845499887,-0.147582953942336,0.0735484842663161,-2.00660768763016,0.0447914521109762,0.395860744973058
"YIL100C-A",11.2350460107977,-1.16066363653099,0.57847690468744,-2.00641309467336,0.044812192369197,0.395860744973058
"YCR075W-A",782.115852044813,-0.297103128742299,0.148160475994396,-2.00527925378383,0.0449332014435404,0.395860744973058
"YGL085W",101.047980803736,0.312496272049553,0.15584125807122,2.00522169749644,0.0449393514755891,0.395860744973058
"YNL143C",33.297429547503,-0.590354688142689,0.294608084447961,-2.00386452139934,0.0450845749503177,0.396489698837631
"YEL003W",2466.32471632282,-0.180515715280594,0.0901120095985992,-2.00323703893293,0.0451518518249259,0.396489698837631
"YGR206W",381.385926700753,-0.242454935826049,0.121137200125061,-2.00149033967881,0.0453395737983032,0.39743746933215
"YMR160W",105.298377592799,0.283157479883721,0.141513780106101,2.00091807081559,0.0454012198062705,0.39743746933215
"YHR216W",579.036803199838,-0.288695138509467,0.144605046998964,-1.99643888301861,0.0458861720101766,0.401057988642601
"YPL106C",26664.716867005,-0.137059792537639,0.068772687159809,-1.99293932225084,0.046268091796836,0.403768130276737
"YDL183C",173.296609328554,-0.212859532331833,0.106911343908071,-1.99099108243241,0.0464818676433284,0.40443175532895
"YOL054W",1366.48647887872,-0.171223900817994,0.0860046642407159,-1.99086761549072,0.0464954433545235,0.40443175532895
"YOR092W",1388.11054134213,0.265323648800409,0.133309664579555,1.99028067197688,0.0465600259248809,0.40443175532895
"YPR113W",91.9716584853286,-0.821934425908506,0.413399246403793,-1.98823397250625,0.0467858193598582,0.404752106208958
"YDR387C",251.416194475363,0.24394480875758,0.122720514167342,1.98780790980826,0.0468329386065533,0.404752106208958
"YDR424C",2081.09456385408,-0.164423099482781,0.0827219605184398,-1.98765960637658,0.046849349187272,0.404752106208958
"YFR027W",14.7721452982721,0.762583571076642,0.38372118092491,1.98733770504545,0.046884985968333,0.404752106208958
"YNL018C",10.7529231562654,-0.920939412058456,0.4637142781418,-1.98600615825084,0.047032640120869,0.405404045213625
"YOR141C",2727.21294242726,-0.141296008046777,0.0712088613985921,-1.98424753986546,0.0472282512188874,0.405858018117702
"YFL014W",786.342913351285,0.568940974251041,0.286730761257979,1.98423417060282,0.0472297408983945,0.405858018117702
"YKR059W",21328.9391382135,-0.131310775760783,0.0662118029646776,-1.98319287319262,0.0473458896645059,0.406234961701562
"YJR003C",1664.6675430766,-0.194055513237998,0.0979393555255236,-1.98138442096881,0.0475481795084264,0.407348732983775
"YFL048C",1007.78895212985,-0.179097145392282,0.0904485491692896,-1.98009970350184,0.0476923264768182,0.407568232036551
"YDR080W",491.925714337992,0.177344224281665,0.0895739547794576,1.97986373068276,0.0477188428256318,0.407568232036551
"YNL286W",342.142969137826,0.238790621257569,0.120739469689127,1.97773455418011,0.0479586599714481,0.408994945431773
"YER068W",1322.21263997316,-0.125836142784502,0.0636848101980027,-1.97592082622629,0.0481637450348809,0.410067473643032
"YMR306C-A",6.18459433294839,-1.33502472477662,0.675984067517136,-1.97493519289606,0.0482755029727949,0.410067473643032
"YBR061C",746.789804982711,-0.221710970992058,0.112276334187163,-1.97469014817023,0.0483033216284141,0.410067473643032
"YKR020W",381.453423638285,0.192467687331165,0.0975465050597209,1.97308644951791,0.0484857138346424,0.410995040347949
"YNL224C",819.754719646426,0.162819096307416,0.0826341301111467,1.97036135176127,0.0487969716481641,0.412813389661898
"YMR252C",44.3725541910755,0.508124335427498,0.257941148106408,1.96992352386476,0.0488471359653314,0.412813389661898
"YNL099C",2302.7400717873,-0.164000767310295,0.0833105919336062,-1.96854641773514,0.0490052007942485,0.413313379405014
"YPL211W",3150.62618806311,0.222680584784067,0.113186783411727,1.96737267436999,0.0491402622364921,0.413313379405014
"YLR264W",18410.6835064668,0.231383461867774,0.117618678768904,1.96723398264313,0.049156241967934,0.413313379405014
"YMR158W",531.353017681329,-0.226894584713106,0.115359356377305,-1.96685030012653,0.0492004716765044,0.413313379405014
"YOR122C",11103.6091649444,-0.175501692776347,0.0892924553703731,-1.96547056577612,0.0493597991571071,0.414032942183495
"YPL201C",17.0061124464573,-0.710779185439595,0.362296514879949,-1.96187144023486,0.0497774536315647,0.416618740645009
"YER020W",950.359306944789,0.191197708461546,0.097476328116721,1.96147836254767,0.0498232466537722,0.416618740645009
"YLR250W",748.921739428588,0.150512207291537,0.0768192240088472,1.95930392728522,0.0500772041073273,0.416618740645009
"YGL024W",5.08455309514523,-1.36458999135245,0.696607053331305,-1.95890923703216,0.050123417084668,0.416618740645009
"YDR091C",2941.96546297252,-0.217986615916885,0.111286921971647,-1.95878016980667,0.0501385368939899,0.416618740645009
"YMR140W",720.337802181517,0.165672048540937,0.0846174659508284,1.9578942323469,0.0502424248325608,0.416618740645009
"YKR024C",869.0617413311,-0.235705601085645,0.120410721320602,-1.95751340495721,0.0502871373176332,0.416618740645009
"YLL041C",754.157836641602,-0.239004085674155,0.122118453461296,-1.95714962726665,0.0503298791564299,0.416618740645009
"YMR202W",4611.60790627494,-0.256322494313607,0.130970304537013,-1.95710390397061,0.0503352535405625,0.416618740645009
"YMR299C",261.350199819316,0.216823294128989,0.110824046553719,1.95646433126667,0.0504104802959474,0.416627793034153
"YDR038C",24.407799294861,-0.487164793363885,0.249228049193359,-1.95469488663344,0.0506190939971537,0.417221075168966
"YMR173W",165.347006143175,-0.377456841257902,0.193221952828902,-1.95348838851733,0.0507617518431527,0.417221075168966
"YDR428C",654.24207795374,-0.18435726058054,0.0943922884542745,-1.95309663108599,0.0508081461011531,0.417221075168966
"YFR041C",533.247312235362,0.20668385973878,0.105848469542195,1.9526390946672,0.0508623752579688,0.417221075168966
"YGR094W",6241.12820363641,0.154038544860224,0.0788971980550456,1.95239563200651,0.0508912512410336,0.417221075168966
"YDR031W",197.67163392186,-0.244680722553102,0.1253599097839,-1.95182593043415,0.0509588745750164,0.417221075168966
"YDR316W",1537.31913222065,0.166783295788337,0.085478705609534,1.9511677744654,0.0510370910774068,0.417221075168966
"YOR063W",35026.7855087946,0.307736560057463,0.157775120887598,1.9504758312098,0.0511194313067611,0.417221075168966
"YFL034C-B",1358.29787776893,-0.177745425654019,0.0911414177739675,-1.95021571965044,0.0511504129522095,0.417221075168966
"YJR005C-A",59.7623123127878,-0.529001413696199,0.271494619718753,-1.94847844220339,0.0513577418601926,0.417364900587388
"YDL003W",1370.12755228301,0.14754337034106,0.0757247415314705,1.94841695537175,0.0513650926477828,0.417364900587388
"YMR184W",552.495534448681,-0.209430770918626,0.107499534175785,-1.94820165988962,0.0513908382929667,0.417364900587388
"YGR284C",1319.2803196153,-0.214660329397426,0.11025184551479,-1.94699987465181,0.0515347496983051,0.417929716168073
"YFL054C",82.9829047187006,0.303854654494656,0.156141557819662,1.94602038520454,0.0516522909534548,0.41827935901789
"YPL248C",65.2151656201729,-0.384394536663037,0.19760769206167,-1.94524075785002,0.051746008516648,0.418435349443974
"YLR042C",39.545776203263,-0.455054567314995,0.234369060920036,-1.94161535455507,0.0521836826642191,0.419269260360261
"YKL201C",1280.89320941123,0.244223718921254,0.125805667849986,1.94127755207717,0.0522246208323795,0.419269260360261
"YPL140C",295.583810751133,0.253751489312857,0.13077080297928,1.94042923597451,0.0523275464028958,0.419269260360261
"YBR019C",35.3231572269429,-0.440189595894553,0.226858832826183,-1.94036789491825,0.0523349954396528,0.419269260360261
"YOR182C",65552.2103428899,-0.328846311695203,0.169485656294997,-1.94026042606716,0.052348048207101,0.419269260360261
"YMR074C",2303.60327584054,0.124324009664058,0.0640800779889927,1.94013511789755,0.0523632711092186,0.419269260360261
"YBR211C",48.0490378804989,-0.44522367525926,0.229492106252642,-1.94003916966592,0.0523749297590325,0.419269260360261
"YNL023C",540.030678653762,-0.197478251559592,0.101848742886961,-1.93893656379017,0.0525090630252557,0.419269260360261
"YOL063C",198.446467238546,0.203674870163203,0.105049743412109,1.93884214799258,0.0525205621518903,0.419269260360261
"YOR118W",396.961636989585,0.305748480576807,0.157897440523405,1.9363738865133,0.0528219253752978,0.420947233474251
"YBL008W",271.047158692972,0.222145873945552,0.1147509920538,1.93589501902869,0.0528805599346657,0.420947233474251
"YOR005C",216.710851131479,0.238704619585305,0.123345921295817,1.93524534153688,0.052960196138188,0.420984868877817
"YLR375W",1020.06605088757,0.2333788776932,0.120679723375677,1.93386984296185,0.0531291328011134,0.421731251895844
"YPR109W",338.508110971847,0.182127904940376,0.0943003497005948,1.93135980427045,0.0534385723591525,0.422795629850736
"YJL003W",549.426806092117,-0.232409566739273,0.120336412162335,-1.93133202630099,0.0534420052522231,0.422795629850736
"YLR298C",1427.78310601488,-0.23554455227579,0.122051303471185,-1.92988149718041,0.0536215225072878,0.422795629850736
"YPL216W",108.151129279536,-0.314284282611951,0.16287797764357,-1.92956891507891,0.0536602734906405,0.422795629850736
"YOR210W",5374.06030494108,-0.164890304928943,0.0854649701007308,-1.92933203784662,0.0536896548689514,0.422795629850736
"YKL149C",354.344925977933,0.230663571905548,0.119568642725216,1.92913097153441,0.0537146049312145,0.422795629850736
"YJL039C",466.411464414731,0.198893204016152,0.103212308204405,1.92702990056435,0.0539759037214493,0.42302470113068
"YGR038W",1230.05187787495,-0.168249580328031,0.0873110546760191,-1.92701349161737,0.0539779485809278,0.42302470113068
"YER131W",32047.5559806841,-0.296428275058211,0.153830450493164,-1.92698047823362,0.0539820628574548,0.42302470113068
"YMR134W",4104.55591612798,-0.169806765344145,0.0881646576577543,-1.9260185413901,0.0541020587326148,0.42302470113068
"YDR357C",542.108399983401,0.278662879547222,0.144694215681002,1.92587435673014,0.054120064077039,0.42302470113068
"YML104C",486.632499464814,0.180620640773278,0.0938177916850738,1.92522801410187,0.0542008388546199,0.42306765883745
"YCR018C",27.0508705659527,0.505795832313799,0.26296741395756,1.92341638342851,0.0544277784081113,0.423763193837923
"YMR083W",3300.49700886407,0.17158977167325,0.0892530169412405,1.92250948543528,0.0545416812127547,0.423763193837923
"YIL051C",105.136115816485,-0.878003127643118,0.456725954674314,-1.92238500715207,0.0545573307009037,0.423763193837923
"YDR502C",9012.44627889153,-0.218071106685599,0.113462450896607,-1.92196717911829,0.0546098876930712,0.423763193837923
"YKL192C",5952.88228097496,-0.214055003461814,0.111399147757052,-1.92151383355861,0.0546669600591626,0.423763193837923
"YER056C-A",36493.8880531483,-0.27813157831791,0.144952729644378,-1.91877434112672,0.0550128984741588,0.424601953137253
"YOR171C",253.764552640518,-0.22653334397003,0.118102917387955,-1.91810116955786,0.0550981842099079,0.424601953137253
"YIL014W",573.24176445337,0.177199569916414,0.0924162163130223,1.91740775575817,0.055186149697052,0.424601953137253
"YBR271W",532.838550690607,0.30174871361539,0.157393974065558,1.91715544007869,0.0552181871393781,0.424601953137253
"YNL097C",413.879859576404,0.211025696856757,0.110085154878746,1.91693146173245,0.055246639474498,0.424601953137253
"YER147C",202.197193514604,0.391163341548218,0.204231368286669,1.91529511274274,0.0554548785235239,0.424601953137253
"YDR212W",2459.25597499029,-0.34487694717114,0.180078480262012,-1.91514803250976,0.0554736277041986,0.424601953137253
"YGL032C",9.73822036929665,-0.957350218370995,0.499984262315785,-1.91476070454062,0.0555230279473791,0.424601953137253
"YMR110C",498.153699292426,-0.229883765968403,0.120083185200173,-1.9143709886209,0.0555727697429323,0.424601953137253
"YNL031C",14199.6954640708,0.237767726418611,0.124283056971224,1.91311456455132,0.0557333876088378,0.424601953137253
"YER030W",6364.22206203919,-0.209641290956038,0.109584048150716,-1.9130639403621,0.055739867365216,0.424601953137253
"YOR380W",228.85924745526,0.198817514674192,0.103928497992731,1.91302211149148,0.0557452218186047,0.424601953137253
"YER136W",589.362051025658,0.22226096178913,0.116188912168985,1.91292746992824,0.0557573383301233,0.424601953137253
"YBR121C",18.879421866933,0.610033638301598,0.319171786952414,1.91130188581658,0.0559657968659756,0.425186901864274
"YLR066W",2059.18140139414,-0.176620891377416,0.0924456973973977,-1.91053663231262,0.0560641544506808,0.425186901864274
"YDR106W",66.1679954641112,0.329200057081708,0.17239406343804,1.90957884811402,0.0561874606828039,0.425186901864274
"YDL240W",358.047471282949,0.273305593928754,0.143153797870803,1.90917459399446,0.0562395725459798,0.425186901864274
"YJL060W",415.034200988274,-0.536699777207738,0.281256136298225,-1.90822424097677,0.0563622398109309,0.425186901864274
"YDL089W",302.651370346504,0.192660499922328,0.101004546491801,1.90744383905499,0.0564631370358319,0.425186901864274
"YOR317W",643.312653486801,-0.245210629507074,0.128577232690919,-1.90710769220336,0.0565066433621269,0.425186901864274
"YDR353W",7436.28185639581,-0.15323813978338,0.0803888238144533,-1.90621198958044,0.0566227073112612,0.425186901864274
"YKL051W",814.596248896578,-0.183137077705667,0.0960983242825346,-1.90572602668111,0.0566857607137222,0.425186901864274
"YLR275W",503.309896413191,-0.315484711532406,0.165548688254476,-1.90569140026923,0.0566902556996495,0.425186901864274
"YOR213C",240.335199449735,0.225996232715141,0.118595290196431,1.90560883438811,0.0567009750869257,0.425186901864274
"YIR037W",3410.99536876396,-0.162264660167726,0.0851982040929396,-1.90455493628384,0.0568379491138397,0.425186901864274
"YOR062C",263.171520512223,-0.266041468247811,0.139742405006783,-1.90379912407331,0.05693635066574,0.425186901864274
"YNL336W",181.668681128176,0.227661362913006,0.119587038004167,1.90372942346037,0.0569454323399009,0.425186901864274
"YDR027C",620.31790273557,0.181778492583257,0.0954970157879303,1.90349919401598,0.056975438759064,0.425186901864274
"YOR265W",3819.47393402395,-0.18182455978706,0.0955776607476601,-1.90237507765653,0.0571221368191866,0.425186901864274
"YNL153C",805.276457846799,-0.188630468182376,0.0991909028234256,-1.901691211725,0.057211535466246,0.425186901864274
"YOL146W",388.208311446535,-0.348875815632959,0.183474821687302,-1.90149150943202,0.057237663570408,0.425186901864274
"YCR025C",23.7689849808876,0.564459549438455,0.297013706637784,1.90044949719047,0.0573741565673357,0.425186901864274
"YGL021W",478.678120481507,0.212717018463082,0.111951310305128,1.90008511631808,0.0574219505820533,0.425186901864274
"YDL037C",7.79426035750574,1.02909879503685,0.541608806396112,1.90007766285138,0.057422928561385,0.425186901864274
"YPL023C",574.958877362811,0.227509883175567,0.119909679256659,1.89734377229546,0.057782581407503,0.427286983566009
"YNL220W",5418.84041877754,0.227111393905286,0.119764084599166,1.89632304764318,0.057917340456971,0.427720700878025
"YBR193C",458.416143536285,0.163026523993763,0.0860706182548542,1.8941019281521,0.0582114818604723,0.428986894581742
"YML019W",384.626648192713,-0.367155479992421,0.193864573509465,-1.89387608754879,0.0582414591754215,0.428986894581742
"YIR042C",30.4656757307184,-0.542092025433339,0.286430416641287,-1.89257842023193,0.0584139558004523,0.429694282197044
"YMR316W",1679.0116799462,0.284796762457317,0.150646899315923,1.89049202971026,0.0586921855445689,0.430430945762937
"YJR012C",350.991173307016,-0.230857569623888,0.122131262676119,-1.89024140556133,0.0587256813390404,0.430430945762937
"YKR098C",411.725495652364,-0.236415160589963,0.125080412384294,-1.89010538167725,0.0587438675089275,0.430430945762937
"YOR329C",318.07826547388,0.217800544597508,0.11534689764835,1.88822195514526,0.0589961595637836,0.430812201014083
"YBR253W",1567.66761755603,-0.191247440139831,0.101311235976593,-1.88772191254302,0.0590632930495256,0.430812201014083
"YLR376C",187.833877340686,-0.246358809468816,0.130557987085824,-1.88696850317451,0.0591645621638168,0.430812201014083
"YLR173W",19.3453058273228,0.514328115023012,0.272620835293118,1.88660604194105,0.0592133335153552,0.430812201014083
"YIL009C-A",299.364414531394,-0.219553669098456,0.116405743199548,-1.88610684545081,0.0592805580408625,0.430812201014083
"YPR108W-A",620.281418260197,-0.236085064613087,0.125188664094503,-1.88583420328593,0.0593173002581935,0.430812201014083
"YJR088C",1831.75250875272,-0.121107557682573,0.0642234603380887,-1.8857214644778,0.0593324988585231,0.430812201014083
"YBL056W",5008.92141532281,-0.136391533222648,0.0723754362991387,-1.88450032492959,0.0594973308993437,0.431451612457177
"YMR144W",293.040305455667,0.192699210384185,0.102474521332548,1.88045972675337,0.0600454501518536,0.432891589957042
"YIL124W",1308.9896681722,-0.225593587276472,0.11996982906067,-1.88041934412015,0.0600509492386746,0.432891589957042
"YPR001W",21.5895469566426,0.454711211628725,0.241852507431019,1.88011783073375,0.0600920208882063,0.432891589957042
"YNL219C",577.184871475148,0.157757383952419,0.0839664395047468,1.87881473697001,0.0602697940925307,0.432891589957042
"YKL027W",896.144479137354,0.209548807458301,0.111589877940014,1.87784780597165,0.0604019882457494,0.432891589957042
"YJL138C",10427.0677700581,-0.572216263335807,0.304770924471452,-1.87752904686748,0.0604456200963867,0.432891589957042
"YDR385W",23749.6614789046,0.218193815873058,0.116227564530074,1.87729835650648,0.060477213360349,0.432891589957042
"YLR149C",41.3469438308232,-0.411932981356232,0.219441415507964,-1.87718886338155,0.0604922133366974,0.432891589957042
"YBR185C",789.358845472885,-0.180540496384206,0.0961788848308123,-1.87713235292542,0.0604999561752502,0.432891589957042
"YMR175W",304.181247210781,0.666056636809927,0.354937729966241,1.87654504037448,0.0605804760519814,0.432891589957042
"YML025C",462.654806620739,0.159192103951295,0.0848404547976375,1.87637023317476,0.0606044590621499,0.432891589957042
"YGR271C-A",4757.39930332277,-0.214442833579623,0.114292991142048,-1.87625532796762,0.0606202279886462,0.432891589957042
"YGL151W",841.337032243563,0.144507154785505,0.077044884472886,1.87562296671832,0.0607070704488488,0.432961593810317
"YDR434W",679.491660470452,-0.121340802406359,0.0647239786335647,-1.87474263739766,0.0608281381040864,0.4332752042395
"YKL179C",697.226831420132,0.195242509843136,0.104192441272952,1.87386443256148,0.0609491128391334,0.43358735969105
"YLR146C",632.10963192996,0.19487415912895,0.104030229448178,1.87324549953074,0.0610344919663916,0.433645821556411
"YDL114W",13.3685542070736,-0.873387697218344,0.466548819484873,-1.87201780551641,0.061204140195966,0.434114162319586
"YFR055W",1067.89155126038,0.188095710974323,0.100536215455374,1.87092492115753,0.0613554882111045,0.434114162319586
"YNL161W",803.671682383208,0.144696632110619,0.0773431360499758,1.8708399930554,0.0613672624394593,0.434114162319586
"YPL233W",35.0045494163946,-0.427772753990638,0.228689903021453,-1.87053625166175,0.0614093877302618,0.434114162319586
"YPL143W",13351.1148319546,0.201956418465472,0.108076753314409,1.8686388355686,0.0616730788767639,0.435430531768107
"YGL110C",579.883914354374,0.170141534262603,0.0911568951107336,1.86646916896327,0.0619757536750811,0.436523076404991
"YBR179C",517.286316418862,0.128561786142015,0.068899338924363,1.86593642477685,0.0620502607134525,0.436523076404991
"YLR010C",88.2340073886876,-0.331536588887818,0.177685596201009,-1.86586080119158,0.0620608430689658,0.436523076404991
"YBL033C",893.432339466577,-0.222935515469401,0.11954118232713,-1.86492647244635,0.0621917112257097,0.436896771360611
"YDR280W",3210.39916115287,-0.220971394198934,0.118525895515473,-1.86433009628759,0.0622753628605845,0.436938251281504
"YBR067C",360.0236530235,0.392076978119304,0.210403289641109,1.86345460086713,0.0623983341985774,0.437255159845393
"YGR139W",7.77676325132045,-0.848155677347411,0.455429799965875,-1.86231923649037,0.0625581055691369,0.43782883349757
"YDR314C",66.8187049947321,0.305328714626769,0.164243166580567,1.85900406685715,0.0630265619326653,0.440193290279027
"YOR249C",172.999308584583,0.221855114080203,0.119352634707526,1.85882041585307,0.0630525976289354,0.440193290279027
"YBL040C",1799.76953901611,-0.154947470678288,0.0834756078621508,-1.85620056740603,0.0634249752632227,0.440838150365344
"YKR019C",271.913964438876,0.198952487692143,0.107185906297424,1.85614410107316,0.0634330211850904,0.440838150365344
"YPR048W",333.319901231165,0.227070272156597,0.122376576803514,1.85550436274401,0.063524236802979,0.440838150365344
"YPL004C",3774.18727124991,-0.243954689463349,0.131486794633144,-1.85535505785199,0.0635455406872265,0.440838150365344
"YBR010W",8707.9085344099,-0.357207324151193,0.192637429224499,-1.85429864585093,0.063696445759147,0.440838150365344
"YHR209W",222.586497068371,-0.319903680118325,0.172523046946298,-1.85426634748633,0.063701064136662,0.440838150365344
"YMR176W",367.446315539203,0.178081670771716,0.096041513025141,1.85421559034684,0.0637083225129344,0.440838150365344
"YGL262W",8.00017829787337,1.06648871171337,0.575360217813149,1.85360175885452,0.0637961557907071,0.440838150365344
"YDR223W",47.036072287656,0.376175124238803,0.203018365364833,1.85291179722977,0.0638950019141919,0.440838150365344
"YCR087C-A",2235.72879789006,0.219003884376533,0.118247236305153,1.85208459173933,0.0640136767258632,0.440838150365344
"YBL059C-A",1742.49695987591,-0.194000669011233,0.104790147038689,-1.85132547757193,0.0641227429351265,0.440838150365344
"YIR019C",37.0186533439782,-0.49137620330475,0.265611401762113,-1.84998158981457,0.0643162030918141,0.440838150365344
"YDR139C",2355.64308224999,-0.138586638431954,0.0749144548656718,-1.84993188137659,0.0643233681299419,0.440838150365344
"Q0255",46.2620279692034,-0.479764740160188,0.259539601993817,-1.84852229283922,0.0645268224607675,0.440838150365344
"YGR020C",4293.98219831658,0.240653754293061,0.13019456388394,1.8484163018326,0.0645421422211618,0.440838150365344
"YIR017C",79.5230718574177,0.379030851745202,0.205094743291708,1.84807687248279,0.0645912229642524,0.440838150365344
"YIL157C",739.049567093315,0.168522480216201,0.0912241995815018,1.84734402701598,0.0646972958654725,0.440838150365344
"YHR001W-A",1434.1993813217,-0.264220706953523,0.143032493642943,-1.84727749774891,0.0647069325014095,0.440838150365344
"YML131W",77.5538268043793,-0.419272657132204,0.22700798844553,-1.84695111393759,0.0647542257265153,0.440838150365344
"YKR080W",2110.21429840936,0.333158677771958,0.180392967447854,1.84684958890242,0.0647689425841466,0.440838150365344
"YKR101W",194.809074982299,0.213715915948453,0.115746738473683,1.84640983207526,0.0648327206879929,0.440838150365344
"YKL006C-A",1863.59198279738,0.189561534971008,0.102729228963196,1.84525413929585,0.0650005783170078,0.440838150365344
"YCR086W",245.502199589685,-0.25152769270254,0.136341657665741,-1.8448337581401,0.0650617250779784,0.440838150365344
"YMR161W",634.527682470452,0.140382313633331,0.0761004252956751,1.84469814837301,0.0650814603864486,0.440838150365344
"YLR384C",964.60869650434,0.2351168940802,0.127467127046054,1.84452964092657,0.0651059901785117,0.440838150365344
"YDL064W",1437.52300108703,0.201375254939065,0.109282396392375,1.84270533578009,0.0653720445548447,0.441595456303332
"YDL099W",4863.59940232875,-0.133796667790271,0.0726096175185783,-1.84268520290769,0.0653749857018456,0.441595456303332
"YBR291C",470.993783152994,0.269023728472165,0.146144343628778,1.84080835283994,0.0656496483350695,0.442285026681957
"YLL039C",387.163874604117,-0.369808468485677,0.200907162364678,-1.84069330397697,0.0656665157521244,0.442285026681957
"YPL173W",578.852525580737,0.183395820454955,0.0996513194718883,1.84037523463692,0.0657131667757,0.442285026681957
"YDR469W",1111.09915227817,-0.147134945142318,0.0802013560574474,-1.83456929377761,0.0665695318573683,0.447096873091196
"YKL095W",8.1459473063024,-0.789838006977954,0.430558450127457,-1.83445013503774,0.066587203341162,0.447096873091196
"YML125C",2759.17656559636,-0.14294683246195,0.0780068959052569,-1.83248968957265,0.0668784964684334,0.448270570681668
"YKR094C",46980.215090206,-0.23946167254534,0.130696726051476,-1.83219335158423,0.066922619044819,0.448270570681668
"YEL073C",23.985577294642,0.63939906936156,0.349141060169005,1.83134882231283,0.0670484948133756,0.448270570681668
"YIL147C",1015.50526312725,0.127559400168506,0.0696615540246868,1.83113055622189,0.0670810587087691,0.448270570681668
"YLR397C",585.69735515936,0.204269221250324,0.111663029595051,1.82933619113786,0.0673492601611809,0.449528316040186
"YER038C",101.628366431653,-0.24773288943693,0.135622998263135,-1.82662890962107,0.0677555836205061,0.45099268089612
"YBL076C",5071.57198336128,0.133605729523637,0.0731873254028929,1.8255309753177,0.0679209412489936,0.45099268089612
"YFR009W-A",91.0045526406374,0.314900932268586,0.172628336983118,1.82415551103514,0.0681285653032984,0.45099268089612
"YJL130C",10253.6904346919,-0.31945195785503,0.175127932458169,-1.82410625975576,0.0681360093696228,0.45099268089612
"YGL076C",32843.8785147994,0.164125150763295,0.0900222014055722,1.82316304423473,0.0682787004285923,0.45099268089612
"YHR080C",338.924640259273,0.22686868573994,0.12443912800021,1.82312982568922,0.0682837302551689,0.45099268089612
"YLR312W-A",909.174382528083,-0.324345458768563,0.177974831475291,-1.82242318242393,0.0683907996920807,0.45099268089612
"YPL249C",484.325837387361,0.184246998510101,0.101102903074896,1.82237099931357,0.0683987118610924,0.45099268089612
"YDR518W",1340.42149664596,-0.271519494989258,0.14903402475232,-1.82186246020328,0.0684758575817544,0.45099268089612
"YBR148W",240.365023591028,-0.244447397307423,0.134242576570198,-1.82093791368491,0.0686162951135408,0.45099268089612
"YJR060W",621.058414078132,0.17192253362236,0.0944219958519277,1.82078902348102,0.068638933475783,0.45099268089612
"YPL274W",919.590746888434,0.230311474324337,0.126515787896579,1.82041686775572,0.0686955456186782,0.45099268089612
"YER075C",540.883707463069,-0.201790779191596,0.110863440643222,-1.82017424338285,0.0687324741757063,0.45099268089612
"YBL086C",463.946528851716,-0.145430156703555,0.0799063911551672,-1.82000656769931,0.068758004725505,0.45099268089612
"YBL037W",122.325503369986,-0.356663813204509,0.195978578757863,-1.81991223461814,0.0687723714462589,0.45099268089612
"YDL180W",168.785084207711,0.226733793396077,0.124686412787552,1.81843224395587,0.0689980938850371,0.451410898559522
"YBR254C",197.624886969692,-0.294543846044168,0.161983950185278,-1.81835203862647,0.0690103438566828,0.451410898559522
"YMR143W",24067.0883184311,0.215855087874521,0.118737717654397,1.81791508324926,0.0690771125909589,0.451410898559522
"YNL037C",852.449998428293,-0.27467657497707,0.151208005045924,-1.81654784013351,0.0692863763374076,0.452252537765657
"YBR121C-A",10.075867350123,0.707050802510259,0.39006227982939,1.8126613083929,0.0698840755661462,0.454713868393337
"YPL040C",48.3495252295652,0.333114596754584,0.18377168993572,1.81265458717336,0.069885112858535,0.454713868393337
"YDR433W",3100.5719567831,-0.154350249043379,0.085157910497042,-1.81251804022058,0.069906189019901,0.454713868393337
"YFL042C",284.239089007091,0.223610441650301,0.123409554324316,1.81193784285665,0.0699958012629357,0.454770408205432
"YPL196W",228.831357287086,0.240185129328416,0.13263881313124,1.81082085747226,0.0701685865839823,0.455366578062333
"YDL109C",9.88094483900636,0.967464889289368,0.534467501576847,1.81014727076023,0.0702729520831563,0.455517867021152
"YFR021W",240.897043692193,0.234997156005963,0.129979326968256,1.80795793829087,0.0706130472245543,0.455766734979942
"YHR142W",809.475452726033,0.180189144459791,0.0997026512619208,1.80726532523625,0.0707209197562024,0.455766734979942
"YDL148C",8517.01555946797,-0.135455208293491,0.0749522075912834,-1.8072210632158,0.0707278180330558,0.455766734979942
"YPL152W",104.392209072644,0.270882064567134,0.149923798625956,1.80679830053503,0.0707937337989306,0.455766734979942
"YLR003C",6134.97848287619,-0.207668322069966,0.114977327730641,-1.80616758250351,0.0708921669136186,0.455766734979942
"YML030W",1061.79249849674,0.155824527632131,0.0862737238120311,1.80616438872668,0.0708926656363631,0.455766734979942
"YHR133C",597.926507978366,-0.210267880783525,0.116441923175173,-1.80577471626951,0.0709535363509634,0.455766734979942
"YDR019C",3254.82433200288,0.210830103856054,0.116780946665143,1.80534676140782,0.0710204365271344,0.455766734979942
"YNR015W",1262.32179236399,-0.305056164841137,0.169034352637433,-1.80469922285833,0.0711217615110146,0.455766734979942
"YPL084W",429.01640504821,0.215809476808712,0.119661176593186,1.8035045530465,0.0713090110365403,0.455766734979942
"YMR206W",16.4132260353689,0.486158199849336,0.269704717759455,1.80255727036608,0.0714577727886147,0.455766734979942
"YML101C",327.757541630443,-0.22932105507232,0.127228002400177,-1.80244168536911,0.0714759417120041,0.455766734979942
"YPL025C",8.54806004155076,-1.00168233947806,0.555815213908328,-1.80218589634229,0.071516162908949,0.455766734979942
"YGR043C",23.9157127411545,0.568188064811227,0.315371400518227,1.80164740327615,0.0716008981418767,0.455766734979942
"YGR162W",6601.78268928397,0.178439021945274,0.0990464671935861,1.80156876869232,0.071613278663499,0.455766734979942
"YIL057C",71.0611799788746,0.791454330620215,0.439416566814299,1.80114813685368,0.071679534296308,0.455766734979942
"YDR333C",1109.36535136812,0.152312288880106,0.0845671167040889,1.80108173030264,0.071689998882966,0.455766734979942
"YLR432W",3017.58432477513,0.228788300573297,0.127247960594183,1.79797223865099,0.0721814072077642,0.458300305360687
"YKL002W",1980.25572402779,0.179237759341929,0.0997133947636864,1.79752940682352,0.0722516139767916,0.458300305360687
"YNL209W",44619.441800185,-0.102676088346473,0.0571704055997235,-1.79596571459289,0.0724999699503319,0.459036623930591
"YDR448W",274.509866225585,0.224801571174315,0.12518392210435,1.79577031455307,0.0725310537456165,0.459036623930591
"YML113W",870.607550166343,-0.318667469021745,0.177553844852919,-1.79476524028933,0.0726911111065184,0.45921943277228
"YBR092C",1873.88010093112,-0.326265375994194,0.18180770851285,-1.79456294049893,0.072723362129418,0.45921943277228
"YOL155C",4588.78628494117,-0.177191347510644,0.0990161088824899,-1.78952040744129,0.0735310439020995,0.463569147305346
"YOR120W",266.726214795535,-0.391373639206701,0.2187381184252,-1.78923381998705,0.0735771671523787,0.463569147305346
"YIL166C",97.155104048094,0.341971207570511,0.1911929022232,1.78861873842624,0.0736762379719939,0.463673524526994
"YLR004C",74.7573534525363,-0.313028687745915,0.175072087786783,-1.78799882781512,0.0737761969440825,0.463783251482935
"YPL060W",107.271960627991,0.324235500279623,0.181463877774619,1.78677709446025,0.0739735228751637,0.464504132467508
"YDR079C-A",460.810879633832,0.211051918346184,0.11818362378157,1.78579664079564,0.0741321908382106,0.46493827391533
"YDR529C",20663.6803063414,-0.189166791846762,0.10595632017139,-1.78532806292984,0.0742081195199379,0.46493827391533
"YMR023C",156.306462943477,0.224116462810447,0.125626342119423,1.78399258491023,0.0744248700687597,0.465777026488229
"YGR036C",833.34737225197,0.187315092767004,0.105076918977219,1.78264736528498,0.074643724391128,0.466627064603047
"YDR161W",1005.81402679472,0.272469917670282,0.153169164497925,1.77888231331297,0.0752590583650358,0.469310390439191
"YJL121C",3933.28859295034,-0.121635985327047,0.068420365359051,-1.77777456593129,0.0754408873468158,0.469310390439191
"YHR020W",4718.29071415643,0.17734998617581,0.0998046886708648,1.77697048643349,0.0755730958570467,0.469310390439191
"YBL015W",420.503173477978,0.208132047507625,0.117201022736444,1.77585521566362,0.0757567840924511,0.469310390439191
"YPL112C",739.866721102746,-0.279346932139101,0.157328096211615,-1.77556926490335,0.0758039396232156,0.469310390439191
"YMR112C",978.16959149324,-0.18690478286247,0.105301986519667,-1.77494071137548,0.075907677234053,0.469310390439191
"YOL103W",2652.81214864531,0.13874475589548,0.0781716378630045,1.77487333882693,0.0759188033909943,0.469310390439191
"YGR260W",2671.56419019387,0.252113243554264,0.14205927541849,1.77470455773878,0.0759466823788952,0.469310390439191
"YKL098W",431.988618139506,0.203093722644918,0.114439025195843,1.77468937975797,0.0759491898625663,0.469310390439191
"YOR368W",261.389682050766,-0.269590072166103,0.15192253637824,-1.77452324449684,0.0759766407130629,0.469310390439191
"YDR270W",423.049676923467,-0.354994612382727,0.200060861061746,-1.7744330925036,0.0759915400889081,0.469310390439191
"YOR037W",247.709375969569,-0.253260911598982,0.142817291618809,-1.77332106447555,0.0761755205372115,0.469569512638058
"YPL268W",399.635146969545,0.150164890689817,0.0847228018662974,1.77242592763628,0.0763238810341296,0.469569512638058
"YLR399C",2348.21512992972,0.156984423984219,0.0886020995847686,1.77179124106451,0.0764292170672181,0.469569512638058
"YHR097C",512.0085623981,0.228666286495596,0.12912275356039,1.77092170194969,0.0765737229413749,0.469569512638058
"YER049W",3060.99308787492,-0.160907006467236,0.0908627320767951,-1.77088012642236,0.0765806378194464,0.469569512638058
"YNL062C",1250.5512152402,-0.142188273592713,0.080300261725355,-1.77070747389379,0.0766093589864742,0.469569512638058
"YER102W",22674.1382074456,0.183967676258536,0.103947659294832,1.76981066727763,0.0767586862623528,0.469569512638058
"YCR082W",523.329096098318,-0.249081124212474,0.140741318872553,-1.76977966533074,0.0767638526368648,0.469569512638058
"YNR061C",731.211560057837,-0.15366261501759,0.0868322108367703,-1.76964992065501,0.0767854772445508,0.469569512638058
"YDR254W",135.508798557445,0.271755321388447,0.153728509580494,1.76776137445184,0.0771008047306509,0.470852944564348
"YER177W",201.3208892273,0.273376042331377,0.154794884099424,1.76605347083557,0.0773868785614524,0.470852944564348
"YDR500C",25039.7916815665,-0.416525950653007,0.235865495676093,-1.76594694132375,0.0774047508669797,0.470852944564348
"YCR042C",863.373555932683,0.130180369875338,0.0737264131663731,1.76572227352997,0.0774424540891861,0.470852944564348
"YOR202W",214.454722579227,-0.27365052581683,0.155026596426218,-1.76518437561821,0.0775327836473072,0.470852944564348
"YJR036C",73.9184044476329,0.268160175039435,0.1519928591052,1.76429456369283,0.0776823987687842,0.470852944564348
"YDR402C",11.9179474951308,0.655587617062727,0.371748173444982,1.76352612842025,0.0778117944723286,0.470852944564348
"YIL145C",551.686564960697,0.150826292644193,0.0855605766559707,1.76280126360822,0.0779340142347188,0.470852944564348
"YPL195W",1576.11203666559,0.145222129034895,0.0824385429343903,1.76158049215488,0.078140202303949,0.470852944564348
"YMR085W",121.127533025367,0.326105268991684,0.18514287269738,1.76137090367346,0.0781756463870207,0.470852944564348
"YDR289C",644.554865202714,0.133140716982423,0.0756425588750186,1.76012973334769,0.078385812443776,0.470852944564348
"YOR083W",176.09203726403,-0.257514252118962,0.146315401291119,-1.7599941622454,0.0784087963872367,0.470852944564348
"YAL014C",417.165843832945,-0.197028953085461,0.111966026994612,-1.75972085796115,0.0784551474951415,0.470852944564348
"YMR287C",262.75500942563,0.19195201698537,0.109088422418314,1.75960026490534,0.0784756065937899,0.470852944564348
"YKL103C",773.704750922088,-0.311594750913905,0.177104212839808,-1.75938644212684,0.0785118931657676,0.470852944564348
"YLL048C",1048.7335731818,0.187331388138432,0.10654917611648,1.75816834035057,0.0787188704037422,0.470852944564348
"YER184C",26.1140480727443,0.563940145340549,0.320815043224883,1.75783572887273,0.0787754641311422,0.470852944564348
"YOL034W",765.251258699229,0.112458828047559,0.0639778960584165,1.75777627862091,0.0787855830571561,0.470852944564348
"YGR230W",244.14481309502,-0.184114410149296,0.104810517624801,-1.75664059601714,0.0789790887970602,0.470852944564348
"YDR074W",986.318511359967,0.310961543574228,0.177023688703371,1.75660978398936,0.0789843441530465,0.470852944564348
"YMR243C",2261.3500300773,0.155062146827585,0.0883234025217416,1.75561790420625,0.0791536730110806,0.470852944564348
"YPL181W",1051.92937460381,0.14165837718564,0.08069309506633,1.75552043293415,0.0791703287491333,0.470852944564348
"YGR078C",2692.38864881754,-0.141418218492192,0.0805578275634665,-1.75548699325062,0.0791760435264303,0.470852944564348
"YLR321C",1065.48133951353,0.129282993427278,0.0737341125166542,1.75336745794665,0.0795389531160245,0.470852944564348
"YPL245W",1268.94625293888,0.1678986991034,0.0958083143103235,1.75244393257537,0.0796975027678517,0.470852944564348
"YOR312C",39682.6749634321,-0.252933105726538,0.144371215045191,-1.75196354513859,0.0797800765839852,0.470852944564348
"YPR052C",1022.20232404411,-0.471610669584458,0.26938706620592,-1.75068044738257,0.0800009692649076,0.470852944564348
"YDR066C",112.258141284347,0.262849722683188,0.150179399532542,1.75023820511569,0.0800772188965666,0.470852944564348
"YMR258C",236.457180321926,0.206044420267126,0.117765237676211,1.74962004351091,0.0801838987824721,0.470852944564348
"YMR228W",206.532676504508,-0.243917086484036,0.139416522252256,-1.74955652704276,0.080194866742271,0.470852944564348
"YMR147W",48.5192307420996,-0.35737755795764,0.20428176415589,-1.74943446094836,0.080215948414796,0.470852944564348
"YJL189W",20578.3013854328,-0.447839210081611,0.256012064397814,-1.74928947639639,0.0802409941158713,0.470852944564348
"YDR094W",51.7436441292426,0.490092475221201,0.280233569746324,1.74887139918621,0.080313251433378,0.470852944564348
"YPR019W",407.289968946614,0.27526344160114,0.157427715914907,1.74850686234898,0.0803762983671426,0.470852944564348
"YER012W",3059.23177378635,-0.154856770950346,0.0886086775070576,-1.74764792012624,0.0805250120828014,0.470852944564348
"YOR293W",45498.2962799212,-0.196062378169,0.112228643670259,-1.7469905342976,0.0806389800646259,0.470852944564348
"YHR088W",2702.63740425627,-0.151334318510426,0.0866271615881556,-1.74696152726212,0.0806440118980963,0.470852944564348
"YKL137W",374.082974312213,-0.205467473051103,0.117623291476797,-1.74682641908243,0.0806674523949356,0.470852944564348
"YIL072W",6.63784174035249,-1.02537090587901,0.587017448231595,-1.74674689648146,0.0806812516982184,0.470852944564348
"YDR363W-A",5566.30529388794,-0.165148491841803,0.094605297958679,-1.7456579642499,0.0808704035565579,0.470852944564348
"YFL017C",264.368530395357,0.288043371631515,0.165011872780954,1.7455917975907,0.0808819085624303,0.470852944564348
"YDR300C",981.233401739629,-0.222286193224971,0.127352410451906,-1.74544158556713,0.0809080322422431,0.470852944564348
"YGL100W",663.338769945134,0.226556787898599,0.129812808909211,1.74525757359622,0.0809400434757273,0.470852944564348
"YNL014W",53.645989293569,0.467498206003041,0.267887268664992,1.74513036148677,0.0809621796585822,0.470852944564348
"YMR152W",638.074584228818,-0.180393535879141,0.103398744934533,-1.74463951175962,0.0810476385085478,0.470852944564348
"YOR152C",185.787545683035,-0.232861236502237,0.133490253751115,-1.74440627655405,0.0810882713238257,0.470852944564348
"YGL230C",20.878387375421,-0.534276959047892,0.306347434115203,-1.74402296069819,0.0811550861951363,0.470852944564348
"YBR086C",2580.65301403397,0.121539883979763,0.0697065029927155,1.74359462548944,0.0812298011444334,0.470852944564348
"YJR083C",23.5307031588005,-0.559940523648719,0.321159124764835,-1.74349872219489,0.0812465373016465,0.470852944564348
"YPR081C",118.316490942164,-0.220204962487498,0.126359958780931,-1.74267991705558,0.0813895415940488,0.470852944564348
"YDR226W",20325.9512054146,-0.222106585431351,0.127482675154593,-1.74224917356034,0.081464852886639,0.470852944564348
"YNL229C",2421.63989194978,-0.170031200182086,0.0976625561722924,-1.74100706397776,0.0816823403078534,0.470852944564348
"YDR379C-A",184.497295287942,-0.436994700956357,0.251008660755365,-1.74095467320251,0.0816915240244999,0.470852944564348
"YER152C",354.025024001908,0.24597110763802,0.141448796830466,1.73894096768338,0.0820451471138767,0.470852944564348
"YGR092W",235.575299781677,-0.225314509548417,0.129572983887395,-1.73890036941825,0.0820522892466296,0.470852944564348
"YHR010W",27176.2690556742,-0.259520451294886,0.149301280701765,-1.73823325610506,0.082169721467087,0.470852944564348
"YHL003C",2251.19587488895,-0.159285935901827,0.0916832745624704,-1.73734998735559,0.0823254132600033,0.470852944564348
"YMR284W",221.332238796807,0.198762992633682,0.114410284860586,1.73728256053101,0.0823373082542419,0.470852944564348
"YPL206C",384.87480616964,-0.288931777094871,0.166332032294659,-1.73707837936487,0.0823733370437476,0.470852944564348
"YPR023C",932.569224129842,0.190495131085889,0.109696121696996,1.73657124918305,0.082462878005226,0.470852944564348
"YNL053W",416.378625084858,0.229329362439919,0.132080795229209,1.73628090323008,0.0825141781743343,0.470852944564348
"YOR357C",331.733361762599,-0.375893559771072,0.216493737086488,-1.73627914058735,0.0825144896882474,0.470852944564348
"YPL229W",266.005213398301,-0.194958739965608,0.112286148677944,-1.73626704861687,0.0825166267420524,0.470852944564348
"YJR082C",690.561573577413,0.107864412630152,0.0621504127362222,1.73553815463702,0.0826455294683085,0.470852944564348
"YER150W",100.80796908942,0.241858956971415,0.139455546526374,1.73430862375686,0.0828633381712575,0.470852944564348
"YLR008C",2196.20870769578,0.120992494260678,0.0697776362263441,1.73397238433534,0.0829229831808269,0.470852944564348
"YGL254W",174.405935673385,-0.20305374055957,0.117113080666159,-1.73382631047331,0.0829489058430062,0.470852944564348
"YGR278W",1129.49015946425,-0.192328539704166,0.110929016664323,-1.73379829270607,0.0829538787021354,0.470852944564348
"YER148W",1065.26515437768,0.220566661445395,0.127227360376278,1.73364173235272,0.0829816709655784,0.470852944564348
"YOR057W",721.277077228818,0.136571467346051,0.0788117170935197,1.73288277914301,0.0831165056947449,0.470852944564348
"YNL010W",10380.641594067,-0.134071405174906,0.0773904765622106,-1.73240185524807,0.0832020379023373,0.470852944564348
"YLR172C",5268.99896980854,0.14235330506663,0.0821805474218724,1.73220195694076,0.0832376107441937,0.470852944564348
"YMR277W",1741.20610364929,0.176682997831423,0.102001903798073,1.73215392313846,0.0832461604204475,0.470852944564348
"YOR049C",77.9982235657364,0.280449537567329,0.161993276545932,1.7312418363722,0.0834086404448167,0.470852944564348
"YOR018W",412.462517874577,-0.245755843223046,0.141980966941713,-1.73090695546491,0.0834683608849489,0.470852944564348
"YPL031C",830.140930652886,0.143543276318731,0.0829546577670052,1.73038235805759,0.0835619837212651,0.470852944564348
"YFL001W",760.732926360566,-0.230693968283334,0.133328147636215,-1.73027205712616,0.0835816795110516,0.470852944564348
"YOL038W",5168.87825775066,-0.257120821685824,0.148668650599461,-1.72948917373678,0.0837215824632032,0.470852944564348
"YLR420W",4647.73629482912,0.159880856481403,0.0924686179685133,1.72902829082884,0.0838040318653875,0.470852944564348
"YBR296C",312.116018246338,0.522446413665286,0.302166961869876,1.72899912827091,0.083809251096356,0.470852944564348
"YML050W",54.7443742547384,0.349180266211229,0.201969404341346,1.72887704130218,0.0838311038917133,0.470852944564348
"YER171W",654.827111304702,0.246320662625418,0.142526334076109,1.72824667260355,0.083944009316302,0.470852944564348
"YGR113W",1286.33953107951,0.138007105191415,0.0798723945979287,1.72784484409328,0.0840160451002968,0.470852944564348
"YML112W",116.676312355112,-0.248346515050812,0.143842362179545,-1.72651860889787,0.0842541544359417,0.470852944564348
"YLR146W-A",676.249880126404,-0.475264511359609,0.27529910946341,-1.7263568788361,0.0842832284174472,0.470852944564348
"YGR143W",43.2539875784727,0.469926847365163,0.27222352085643,1.72625365319921,0.0843017893868018,0.470852944564348
"YLR351C",1513.0978028931,-0.194114241296051,0.112456862873456,-1.72612178871183,0.0843255047105125,0.470852944564348
"YPR127W",214.230400846067,0.198351141691828,0.114955885184204,1.72545443301135,0.0844456088949942,0.470852944564348
"YER021W",1910.19302504653,-0.27551655989951,0.159680920764622,-1.72541940878232,0.0844519160357407,0.470852944564348
"YLL018C",6397.69264212455,0.254585798199312,0.147646321040543,1.72429489881705,0.0846546197311527,0.471306561922126
"YMR257C",382.562673529653,0.171693010257269,0.0996537235621348,1.7228960857666,0.0849073183205847,0.471306561922126
"YNL127W",331.97626988958,0.169626024579428,0.0984641586025061,1.72271846920663,0.0849394487411188,0.471306561922126
"YNR035C",1138.47476311042,-0.218389731687845,0.126801247757596,-1.72229954791405,0.0850152695725486,0.471306561922126
"YGL263W",120.478603040657,-0.265348465305987,0.15413613483866,-1.72152017165694,0.0851564750115116,0.471306561922126
"YGR174C",557.465218318367,0.197928810378312,0.114995016718724,1.72119467456962,0.0852155038717116,0.471306561922126
"YOR045W",6021.58400021442,-0.153450274004293,0.0891586727700945,-1.72109195030282,0.0852341397725779,0.471306561922126
"YGR173W",1051.97812127254,0.18270557785801,0.106164151845064,1.72097242508612,0.0852558277944466,0.471306561922126
"YNL160W",243.502289586236,0.382251917011387,0.222136818570347,1.72079495633154,0.0852880379848402,0.471306561922126
"YBR029C",957.607812666704,-0.20386409644061,0.118534925213454,-1.71986523021379,0.0854569420595916,0.471632674134879
"YBR059C",898.601672846484,0.173793235565283,0.101082888114368,1.7193141075337,0.085557192533329,0.471632674134879
"YOR278W",734.403011165476,-0.187226690254971,0.10891063597296,-1.71908545554224,0.0855988127433409,0.471632674134879
"YLR126C",179.990848194697,-0.27614306466063,0.160800246135639,-1.71730498737979,0.085923461262307,0.472790012018078
"YOR381W",364.732942859743,0.187005214000606,0.108949043464465,1.71644658873577,0.0860803357560896,0.472790012018078
"YJL122W",4494.51354497252,-0.175127221679722,0.102040489959557,-1.71625226171623,0.086115881605056,0.472790012018078
"YDR233C",7864.68645080376,-0.163821258726678,0.0954808668022206,-1.71574959689063,0.0862078829016559,0.472790012018078
"YOR356W",292.93520487798,-0.270153982748038,0.157466198582961,-1.71563157794596,0.0862294950744715,0.472790012018078
"YOL060C",113.45378269183,0.206744584909887,0.120596297040549,1.71435267900781,0.0864639737297403,0.472933824305671
"YML092C",3493.8262872511,-0.214478939815721,0.125135014632978,-1.7139802192439,0.0865323587888381,0.472933824305671
"YGR082W",3207.77092246395,-0.169218909127581,0.0987666672419281,-1.71332002843713,0.0866536797012465,0.472933824305671
"YOR097C",459.181861123317,0.209162327287178,0.12209694132034,1.71308408732704,0.0866970710570676,0.472933824305671
"YOR096W",29088.9462393999,-0.401550894899184,0.234523290864321,-1.71220049581981,0.0868597261168336,0.472933824305671
"YDR281C",144.344986775371,0.466608321007947,0.272566871445939,1.71190401288549,0.0869143590489527,0.472933824305671
"YCR020C",241.567317997353,-0.294001091851969,0.171784627387178,-1.71145169578726,0.0869977609917416,0.472933824305671
"YML042W",64.1182728128817,-0.33048930819289,0.193114492535398,-1.71136460994667,0.0870138260082595,0.472933824305671
"YDR169C",707.407463183561,0.139430220073374,0.0814922887250322,1.71096213218202,0.087088103537367,0.472933824305671
"YIL008W",1607.90322402067,-0.174225770336818,0.101832067678867,-1.71091262613117,0.0870972434441938,0.472933824305671
"YLR040C",84.3854996729642,-0.38811239977133,0.226940034704086,-1.71019802776272,0.0872292602970355,0.473193477673108
"YBL051C",814.367628185,-0.120941972086606,0.0707522281005266,-1.70937333471349,0.0873818170106621,0.473563945612267
"YAL021C",331.973790059127,-0.250627729557693,0.146691637927543,-1.70853453610961,0.0875372038214356,0.47363202719107
"YGR151C",57.8817125095881,0.393304343753705,0.230218518908803,1.70839576945374,0.0875629317173525,0.47363202719107
"YDL081C",2215.15541574249,-0.315807084383076,0.185013014409172,-1.70694524053665,0.087832230930463,0.47378033908886
"YOL073C",305.919330952096,0.180131666009444,0.105530642307382,1.70691338620654,0.0878381523614062,0.47378033908886
"YPR002C-A",164.33734377805,-0.194420301326987,0.113924665826082,-1.70656898501497,0.0879021939793171,0.47378033908886
"YGR172C",875.48963766803,0.204411329829173,0.119788690851583,1.70643262211152,0.0879275611511888,0.47378033908886
"YNL142W",145.022804159899,-0.36569124578255,0.214420585413885,-1.70548571666604,0.0881038739382223,0.474144209755537
"YJL104W",1989.70499375723,0.134463534498974,0.078856653951088,1.7051640890365,0.0881638254794548,0.474144209755537
"YNL302C",27743.2139622121,-0.357936473803137,0.210038688383822,-1.70414544366725,0.0883539185406066,0.474712258315687
"YNL155W",1497.60042030603,-0.249842965392704,0.146779190626497,-1.70216884509515,0.088723721226154,0.476243852235898
"YML101C-A",7.51468867336418,-1.06188295070952,0.624414997645166,-1.70060449334843,0.0890172798439549,0.476726533862629
"YCR045W-A",167.88443056245,0.194443908239297,0.114344764235443,1.70050556787126,0.0890358699917678,0.476726533862629
"YER093C",316.107672673292,-0.195123382612277,0.114785411828815,-1.69989704705049,0.0891502924716341,0.476726533862629
"YDL078C",830.853591095475,0.255239430539873,0.150201391862388,1.69931468260773,0.0892599075639037,0.476726533862629
"YHL013C",1155.14745322175,-0.129361428096243,0.0761478182615309,-1.69881988807544,0.0893531251537985,0.476726533862629
"YOL044W",275.542814152532,-0.161573406835138,0.0951443544186167,-1.69819226608282,0.0894714797645743,0.476726533862629
"YFR013W",875.069850575367,0.131874833737544,0.0776729310175189,1.69782229162692,0.0895413072889254,0.476726533862629
"YKL062W",54.9561708068815,-0.322340661997958,0.189862215333789,-1.69776098646728,0.0895528820207652,0.476726533862629
"YNL181W",736.305655310823,-0.148711411720146,0.0875992796636934,-1.69763281491665,0.0895770853663588,0.476726533862629
"YKL085W",3246.49316631055,0.155041506001418,0.0913602336529071,1.69703491116766,0.0896900604550313,0.476876196553714
"YDR294C",973.614555561624,0.173961346784237,0.102542873158251,1.69647427877087,0.0897960972356338,0.476988720665654
"YGL243W",75.8058004774514,0.313862076182666,0.18512735437655,1.69538465690094,0.0900024746016771,0.477353047565636
"YJR129C",435.042142447966,-0.170474338689655,0.100587981379812,-1.69477840544346,0.0901174654820052,0.477353047565636
"YLR267W",22.5455258895667,0.491645120556444,0.290165494845268,1.69436107769677,0.0901966909040545,0.477353047565636
"YKR050W",163.721564734622,0.247333885273426,0.145978234919396,1.69432028966507,0.0902044371022608,0.477353047565636
"YOL159C",352.71183057321,-0.20493732004212,0.120999327005164,-1.69370628014628,0.0903211105051204,0.477520828822932
"YML036W",471.857864387235,-0.240865887934141,0.142270321419875,-1.69301570088736,0.0904524786585917,0.477765911711734
"YCR060W",176.958337540845,0.207622012787019,0.122670745268778,1.69251448120012,0.0905479213848574,0.47782095604028
"YGR083C",5682.98994863771,-0.181199892083449,0.107092504704367,-1.69199415574095,0.0906470879416162,0.477895529298202
"YPL046C",558.119553018901,-0.172913559065324,0.102229673137442,-1.691422399765,0.0907561571378989,0.47802212100749
"YDR045C",1453.64922809252,-0.161400988840739,0.095489911901249,-1.69024125823523,0.0909818080721137,0.478277738502473
"YDR012W",10915.0521930468,0.200582318012352,0.118689958363051,1.68996872843115,0.091033937477364,0.478277738502473
"YGR118W",25548.6126751602,0.158125324607693,0.0935745529975776,1.68983254038933,0.0910599964764495,0.478277738502473
"YJR098C",247.822101008227,0.183066551329571,0.108380625861777,1.68910771527601,0.0911987895902255,0.478517546641062
"YJR014W",6994.51784897554,-0.142605009860107,0.0844553240718806,-1.68852599202312,0.0913103038323755,0.478517546641062
"YLR297W",101.75266695224,0.310188104621914,0.183732289493874,1.68826124943192,0.0913610903106512,0.478517546641062
"YPR172W",371.059365233787,-0.286665802587877,0.169874644408971,-1.68751377573296,0.0915046033190767,0.4785956585859
"YPL232W",1884.15606863181,0.135598200201403,0.0803641726323128,1.68729666168282,0.0915463225942781,0.4785956585859
"YJR051W",634.303498992134,0.191664281357595,0.113684662259482,1.68592910906599,0.0918094544578064,0.479525217521257
"YBR024W",595.465146621304,0.167210841103137,0.099224512938496,1.68517673860271,0.091954477581178,0.479683947621663
"YNR067C",1060.74376784211,0.227602062015599,0.135121163741627,1.68442940922867,0.0920987111524532,0.479683947621663
"YOR201C",429.557353185074,0.18625994614549,0.110594253042759,1.684173824778,0.0921480802942913,0.479683947621663
"YOL142W",1968.65669196866,-0.137068292880236,0.081397906794788,-1.68392896423981,0.0921953979226592,0.479683947621663
"YGL148W",4504.27281562291,0.150396077270499,0.0893389716855054,1.68343192710936,0.0922915069719716,0.479683947621663
"YIL035C",2204.10453513558,0.139874692596455,0.0831044341823315,1.68311948661571,0.0923519628695087,0.479683947621663
"YHR148W",1794.37686285189,-0.237703783756304,0.141352845044461,-1.68163423722768,0.0926397873460936,0.480211270215284
"YDR466W",689.639199977483,0.157567663103027,0.0937504935128404,1.68071289226276,0.0928186952115894,0.480211270215284
"YCR089W",116.23029621873,-0.293893316006193,0.174933752496438,-1.68002636319241,0.0929521864986594,0.480211270215284
"YMR003W",744.41357625771,-0.154496693901077,0.0919725282135206,-1.67981349324662,0.0929936090132742,0.480211270215284
"YBR269C",485.123059995069,-0.327072378840857,0.194781380177366,-1.67917682143451,0.0931175878650079,0.480211270215284
"YIR011C",498.251352927062,-0.256140709303487,0.152541747693801,-1.67915153179994,0.0931225152434588,0.480211270215284
"YBL045C",4902.70666906466,0.157982520003008,0.0940867920701914,1.67911474636257,0.0931296828131451,0.480211270215284
"YPL097W",242.64119654624,0.191019028131679,0.113792586485705,1.678659691558,0.0932183859609919,0.480211270215284
"YGR188C",183.398811158086,0.198851872529026,0.118465976382097,1.67855681945046,0.0932384480587791,0.480211270215284
"YKL033W-A",1382.78270913514,0.163556949334655,0.0974597163700323,1.67820054712315,0.0933079549955677,0.480211270215284
"YDR227W",1593.42373287978,-0.149784692537856,0.0894773180143284,-1.67399622453894,0.0941313413542821,0.48354463847239
"YIL010W",585.13281359917,-0.186819031244154,0.111614227038835,-1.67379227720811,0.0941714306535383,0.48354463847239
"YGR050C",68.4753553955295,-0.256275265217514,0.153230190265698,-1.67248545977224,0.0944286327030336,0.48354463847239
"YGL158W",28.9285496123155,-0.362203425182194,0.216604649115451,-1.67218675435327,0.0944875015768862,0.48354463847239
"Q0085",89.678753151649,-0.303795054233127,0.181761833761215,-1.67139078621,0.0946445146409595,0.48354463847239
"YLR154C",1351.84567560283,-0.192116998058139,0.114950702523987,-1.67129903375797,0.0946626272070334,0.48354463847239
"YDR308C",1310.3847549022,-0.218415418998406,0.1307308414626,-1.67072602420976,0.094775806091566,0.48354463847239
"YOR338W",247.207377869199,-0.322390899537563,0.192984092149491,-1.67055686272747,0.094809239010399,0.48354463847239
"YPL213W",659.135785776779,-0.166950158420782,0.0999399384862588,-1.67050491474674,0.0948195078576134,0.48354463847239
"YBR131W",251.180126715726,0.169738008217629,0.101627404905846,1.67019917880305,0.0948799624457892,0.48354463847239
"YIL059C",8.66066645271798,-0.806169062351901,0.48271072545305,-1.67008732112855,0.0949020882980508,0.48354463847239
"YIL069C",20970.3610144108,-0.222378912498167,0.133238819135486,-1.66902494288874,0.0951124366949407,0.484177440421709
"YPL092W",294.694550618177,0.18620065508367,0.111626579351405,1.66806737396747,0.0953023529615592,0.4844176075049
"YJL026W",3762.28443031526,-0.221367182212764,0.132720662699565,-1.66791799942912,0.0953320060321032,0.4844176075049
"YMR203W",2390.06987430576,0.192356048826033,0.115395301720651,1.66693137378928,0.0955280515474336,0.484725918346788
"YGL185C",150.05897227384,0.311671614506334,0.186994213953448,1.66674469715905,0.0955651810548471,0.484725918346788
"YLL013C",860.914403444748,-0.18987958081418,0.113970594510605,-1.66604010121674,0.0957054275251788,0.484999551570338
"YLR025W",1751.06292187105,0.1787508173521,0.107321066437239,1.66557064037966,0.0957989629068238,0.485036190573288
"YKL077W",1719.8527794957,-0.162179764172761,0.0974547887830725,-1.66415387276413,0.0960816834295781,0.485118736371523
"YPL127C",2774.71149735623,-0.163905473863694,0.0985023181833837,-1.66397580165117,0.0961172652818427,0.485118736371523
"YLL033W",208.918013265041,-0.197795849776822,0.118886879251952,-1.66373153220418,0.0961660919208998,0.485118736371523
"YPL239W",2262.89121572698,-0.14126559946285,0.0849265433340148,-1.66338572037784,0.0962352496467058,0.485118736371523
"YIL151C",714.848367882265,0.129674927305472,0.0779673839236659,1.6631945408407,0.0962735000686843,0.485118736371523
"YOR211C",468.02463192381,-0.144890229862649,0.0871312457775196,-1.66289634183139,0.0963331867954839,0.485118736371523
"YIL137C",540.092271174907,0.186449894348169,0.112156372243642,1.66241017445835,0.0964305602555807,0.485174349719215
"YDR418W",61372.6614290755,-0.253678298445075,0.15281706824435,-1.66001285955474,0.0969118655692368,0.486400448110405
"YLR204W",3942.73075232276,0.158466134591921,0.0954691622856995,1.65986723668631,0.0969411638358405,0.486400448110405
"YGR244C",937.268565017359,-0.460194784242979,0.277358432795004,-1.65920603028179,0.0970742828820931,0.486400448110405
"YER059W",442.96681071182,0.175440965547121,0.10573955527101,1.65918009677142,0.0970795069887349,0.486400448110405
"YDR376W",32.1901944066499,0.467668922051839,0.281890664659825,1.6590436672183,0.0971069933772019,0.486400448110405
"YNL087W",2866.38854313752,0.151207503576299,0.0911758502083861,1.65841616207261,0.0972334966376956,0.486600401695325
"YDR257C",406.639414392256,-0.193360486506779,0.116689094645894,-1.657057046278,0.097507942240702,0.487221163130196
"YPL265W",2391.19781450252,0.244858280115203,0.147777097243691,1.65694336052237,0.0975309267831799,0.487221163130196
"YER074W",71443.1566398506,-0.226100982947582,0.136635706274298,-1.65477230742074,0.0979706933408597,0.488983389498785
"YCL031C",1283.79640263927,-0.228339739096525,0.138144425469041,-1.65290592306743,0.0983500115015218,0.490441051143347
"YPR098C",1676.5886855162,-0.176552878258146,0.106882398782712,-1.65184240126451,0.0985666824158324,0.491085775866115
"YBL031W",202.555374713907,-0.330263267679322,0.20012603298634,-1.65027639208671,0.0988864185245274,0.491409318784051
"YOR172W",598.837466904942,0.188752143236707,0.114397635153381,1.64996542964926,0.0989500069375797,0.491409318784051
"YKR071C",1661.52633775184,-0.146721729205566,0.0889354231845018,-1.64975578854764,0.0989928946630104,0.491409318784051
"YJR102C",431.966060154495,-0.157523881197445,0.0954927754745124,-1.64958951517216,0.0990269209030978,0.491409318784051
"YDL200C",137.026526799672,-0.301107520755081,0.182597625534589,-1.64902210460586,0.0991431062794656,0.491409318784051
"YLR408C",153.551576227236,-0.312117788072511,0.189281840295698,-1.64895791157206,0.0991562575624759,0.491409318784051
"YJL081C",1023.19946699148,-0.135615251276662,0.0823116467813115,-1.6475827732735,0.0994383178426516,0.492207994337061
"YHL031C",956.52482724617,0.145305482109176,0.0882282793024872,1.6469263965922,0.0995731754791789,0.492207994337061
"YPR075C",360.985685245525,0.169661779507263,0.103064948006428,1.64616373256872,0.0997300538759062,0.492207994337061
"YGR276C",794.496964876611,0.226237050078339,0.137458680040205,1.64585495810209,0.0997936241772083,0.492207994337061
"YPL037C",39112.256188191,-0.121042675496737,0.0735543630939348,-1.64562196456185,0.0998416141379838,0.492207994337061
"YNL147W",2911.68483303664,-0.182465405092357,0.110879717570296,-1.64561570944367,0.0998429027658806,0.492207994337061
"YLR309C",5369.59748686962,-0.130627844487029,0.0794572791591198,-1.64400097598907,0.100176000775195,0.493285453566067
"YDR539W",430.07663603035,-0.169502124245001,0.103121942397894,-1.64370569738669,0.100237008536023,0.493285453566067
"YCL049C",352.509645187157,0.229228786848515,0.139580746498055,1.64226652027333,0.100534782264383,0.494234649840197
"YMR183C",8098.08176824453,-0.153217789248554,0.0933397784324589,-1.64150581693766,0.100692460589368,0.494234649840197
"YBR111W-A",342.005744018368,-0.473791372539429,0.288712903621477,-1.6410467512758,0.100787710873387,0.494234649840197
"YMR221C",1442.92959753381,-0.121915825643139,0.0743039206709189,-1.64077244568407,0.100844660052788,0.494234649840197
"YIL126W",2994.62590665651,0.127410774105167,0.0776656388026149,1.64050378094459,0.100900462974233,0.494234649840197
"YER187W",260.627042791484,0.307200264356561,0.187291070522462,1.64022910168437,0.100957540572339,0.494234649840197
"YOL008W",284.862359142181,0.174893035409152,0.106655330468407,1.63979647937951,0.10104749046402,0.494244470328799
"YLR395C",6020.55505328373,-0.144575659193973,0.0882125533119195,-1.63894654180062,0.101224393565512,0.494679210294067
"YLR059C",2911.77057913022,-0.176725094992145,0.107906477685275,-1.6377616875568,0.101471416624461,0.49545557031231
"YJL014W",2664.40849683613,0.203174718473896,0.124161166775266,1.63637893997603,0.101760304019136,0.496015708943566
"YMR265C",200.228484234739,0.211400095068734,0.129188625589927,1.6363677073225,0.10176265345408,0.496015708943566
"YNL275W",139.808175896905,-0.216555200044583,0.132403080288229,-1.63557524170256,0.101928515514493,0.496159094319969
"YHR086W",255.507725471716,-0.164457957170993,0.100562307339636,-1.63538368919438,0.101968639491026,0.496159094319969
"YHR177W",8.85886324247243,0.812547828735581,0.497118026753383,1.63451692557245,0.102150355258012,0.496613318814902
"YMR298W",1044.8580193258,-0.272099752527458,0.166613007026655,-1.63312431234091,0.102442854231893,0.497436721251355
"YLR194C",3340.68286669998,0.232569857596299,0.142430281149616,1.63286806512721,0.10249674790197,0.497436721251355
"YJR015W",51.393632932796,-0.33531861807056,0.205498807452703,-1.63173023837491,0.102736327051648,0.497680834362635
"YDR065W",221.288246830542,0.186992833591673,0.114619899959754,1.63141682777014,0.102802396519018,0.497680834362635
"YJR121W",12508.4515162814,0.256150426317397,0.157053970213258,1.6309707164332,0.102896498646523,0.497680834362635
"YPL139C",716.867232266651,0.166995052978538,0.102391395373485,1.63094811208894,0.102901268599534,0.497680834362635
"YDR210W",3352.97134808192,-0.249963721267205,0.153417650716452,-1.62930223543307,0.103249053169445,0.498456061482075
"YKL091C",212.034410997963,0.246467033188969,0.1512731700565,1.62928451289092,0.103252803138526,0.498456061482075
"YMR315W",2067.63337126841,-0.273213476137508,0.167744493097987,-1.62874781217355,0.103366416651803,0.498456061482075
"YOR028C",28.0848259615995,-0.510609627966496,0.313568659308498,-1.62838221489522,0.103443866379427,0.498456061482075
"YPR033C",4477.63443542176,-0.23675911353934,0.14542855335908,-1.62800982386694,0.103522802740487,0.498456061482075
"YMR229C",9294.07348252375,0.173842066018378,0.106841848959074,1.62709713199524,0.103716470067237,0.498456061482075
"YBR115C",745.155865228997,-0.190599787703911,0.11714493909056,-1.62704244147129,0.103728084180973,0.498456061482075
"YHL048W",1244.92597105899,0.145011576384543,0.0891710623568795,1.62621788449911,0.103903312900461,0.498456061482075
"YAL012W",18331.9739730977,-0.13347782936145,0.0820876884301932,-1.62603956712654,0.103941238498257,0.498456061482075
"YIL120W",123.398226669996,-0.376513589352626,0.231626816004844,-1.62551813234247,0.104052203454725,0.498456061482075
"YKL130C",705.860716006348,-0.159452516072663,0.0981151272277466,-1.62515730833777,0.104129044398603,0.498456061482075
"YEL023C",406.612445899797,-0.204131596546474,0.125607501785999,-1.62515449828991,0.10412964300219,0.498456061482075
"YJR030C",56.7665288391718,0.279861780441537,0.172289545964555,1.624368901054,0.104297100175653,0.498456061482075
"YOL112W",526.949641359556,0.175003153171937,0.107786378682115,1.62361102870019,0.104458850179364,0.498456061482075
"YDR248C",238.870485208644,-0.31743774005017,0.19551988996752,-1.62355727646381,0.104470329889838,0.498456061482075
"YBL024W",4797.05064985166,0.136867147392821,0.0843226519539868,1.62313618252313,0.10456029638303,0.498456061482075
"YDL210W",6.63578873916664,0.787806644824774,0.485373435305944,1.62309386447612,0.104569341011987,0.498456061482075
"YOR054C",564.284873805932,0.197016148409366,0.121442360478508,1.62230170455418,0.10473876390811,0.498840553528454
"YJR094W-A",37183.2385701336,-0.207896803465801,0.128275414645701,-1.62070654022063,0.105080590323537,0.499728636829351
"YKL160W",5959.49329067322,-0.191145457018879,0.117947208736359,-1.62060178504212,0.105103069169447,0.499728636829351
"YNL215W",297.18163829532,0.158083832074508,0.0976470783450419,1.61893048674646,0.105462220450262,0.501012408225249
"YDR168W",2102.69924921114,0.150410141035826,0.092968480103371,1.61786167600659,0.105692411044778,0.501681883506465
"YHR204W",474.253247896008,0.194442313173718,0.120222665974543,1.61735153348614,0.10580242126137,0.501780259484303
"YJL096W",1121.65098976329,0.147310207448442,0.0911093111912321,1.61685129129391,0.105910384689442,0.501868770619446
"YER027C",536.990774899455,0.169969725838384,0.105243842046738,1.61500875046829,0.106308799914557,0.503044485992821
"YLR098C",269.932148204529,0.184190783519373,0.114058767485695,1.6148761518265,0.106337517679621,0.503044485992821
"YLR150W",28772.0697059673,0.095915806652973,0.05942060052849,1.61418440406009,0.106487433817953,0.5031565023667
"YCL037C",4576.52683240553,-0.144818312191825,0.0897467886227305,-1.61363224706122,0.106607217929272,0.5031565023667
"YPR145W",8622.23103624316,0.118886461983347,0.0736810527849198,1.61352827477079,0.106629785465968,0.5031565023667
"YBR136W",124.227577393177,-0.233676258684572,0.144921696802651,-1.61243115309907,0.106868150276193,0.503858225295475
"YDL143W",5299.55013082803,0.104875608256824,0.0651033466916028,1.6109096319368,0.107199420342318,0.504996431118045
"YDL069C",247.87432618661,0.191263325694208,0.118791089277913,1.6100814198845,0.107380082724355,0.505057867322871
"YNL281W",2390.11211908166,-0.160091906767724,0.0994490929784407,-1.60978750004719,0.107444254997719,0.505057867322871
"YFR036W",350.642370755765,-0.30143302335184,0.187273048035117,-1.60959105709283,0.107487161824414,0.505057867322871
"YDR485C",1523.13671383966,-0.104175843917195,0.0647527600405037,-1.60882476441208,0.107654664248404,0.505057867322871
"YGR010W",8.40182925025449,-0.686985808270952,0.427019621778323,-1.60879213327481,0.107661801610818,0.505057867322871
"YDR479C",187.565617431427,0.20299071099305,0.12628076051627,1.60745556301031,0.1079544698616,0.505158406039675
"YGR007W",407.455330442205,0.167833909972896,0.104409784450883,1.60745384980514,0.107954845405206,0.505158406039675
"YML089C",1890.49038750222,-0.231593297030931,0.144103837622513,-1.60712789369011,0.108026315523542,0.505158406039675
"YPL203W",415.562466085347,0.20132762843353,0.125325155988899,1.6064422728615,0.108176769054689,0.505158406039675
"YMR220W",2494.65961789781,-0.110791853795091,0.0689722814899942,-1.60632432916059,0.108202667485826,0.505158406039675
"YLL031C",226.484191430932,-0.29499590945399,0.183669241467638,-1.60612581125059,0.108246269724059,0.505158406039675
"YMR271C",580.657105139764,-0.14316851428311,0.0891903341828563,-1.60520212862516,0.108449329184544,0.505158406039675
"YDR369C",267.719041280705,-0.20478593846973,0.127590104944148,-1.60502993989522,0.108487215919511,0.505158406039675
"YDL146W",183.44949651584,0.181740985751038,0.113243299671881,1.60487186683562,0.108522005999089,0.505158406039675
"YOR385W",2548.33390786102,0.267628955687646,0.166788695664553,1.60459888855959,0.108582106192101,0.505158406039675
"YLR313C",211.749421607666,0.17237243505381,0.107464635529362,1.60399218035512,0.108715776255266,0.505158406039675
"YNL316C",420.636013523893,0.203678641783149,0.126998867420503,1.60378313539406,0.108761863222065,0.505158406039675
"YCR009C",2438.46282382463,-0.150974180869857,0.0942163453140202,-1.60242026334883,0.109062706900644,0.505374728360757
"YBR208C",479.393915657237,0.269377061242332,0.168131116128921,1.60218445844241,0.109114825767897,0.505374728360757
"YIL127C",7059.84901148339,-0.158650939993746,0.0990257818757137,-1.6021175191817,0.109129624631642,0.505374728360757
"YLR254C",1147.01028527249,-0.204620726020633,0.12773280958939,-1.60194335878468,0.109168135272235,0.505374728360757
"YGL220W",1711.98165572606,-0.149623461601665,0.0935030172307525,-1.60019928803383,0.109554380057033,0.50674536289755
"YBL011W",1158.0813121722,0.16144521962201,0.100977772573524,1.59881937883367,0.109860741838548,0.507744546984078
"YNR044W",106.595715131821,-0.223437210609134,0.139791436925123,-1.59836121241686,0.109962611652873,0.507797762932743
"YLL042C",44.7892270826492,-0.361090649155519,0.226147721793886,-1.59670257250976,0.110332021957884,0.508541040823382
"YDR495C",666.640678650666,0.129676233979552,0.0812274185073525,1.59645888497385,0.110386378254154,0.508541040823382
"YLR406C",21953.9362358194,0.188071165354387,0.117808066114194,1.5964201056665,0.110395030214329,0.508541040823382
"YKL121W",430.664926671224,0.183159114521251,0.1147810159219,1.59572654981446,0.110549858306332,0.508632644977699
"YDR540C",360.373432419829,-0.177324902190017,0.11113922966513,-1.59552034618476,0.110595923872375,0.508632644977699
"YHR069C",1168.51823183484,-0.144653091428718,0.0907221079821291,-1.59446351772616,0.110832255677045,0.509302761165161
"YHR019C",8277.80613778429,0.156879292093337,0.0984252547015549,1.59389267082952,0.110960076289003,0.509473552895586
"YJL001W",3224.17344260692,-0.152829215817128,0.0959527093906937,-1.59275560625233,0.111215027733497,0.509869322291862
"YLR370C",1330.48412203221,-0.262384016973211,0.164741742489292,-1.59269905130612,0.111227720485734,0.509869322291862
"YMR272C",1245.11134501049,-0.453497016460089,0.285197993564832,-1.59011292748453,0.111809352519033,0.510780992507437
"YDL030W",431.782248892612,0.131032885666034,0.082425180764461,1.58971911800199,0.11189813234357,0.510780992507437
"YOR383C",1697.44264822077,-0.415910856555603,0.261676309406579,-1.58940966990398,0.111967932870159,0.510780992507437
"YHR193C",26918.4661446397,-0.251269941978016,0.15810715733895,-1.5892382495964,0.112006613997075,0.510780992507437
"YOL132W",26.9400005869688,-0.444857799995184,0.279961084797032,-1.58899870072192,0.112060686043576,0.510780992507437
"YOR105W",288.217250487839,0.15089111239925,0.094968101403537,1.58886099826389,0.112091778177896,0.510780992507437
"YGR187C",3722.07849460015,-0.207364341102873,0.130517965097649,-1.58878006524029,0.112110055393775,0.510780992507437
"YLR293C",30449.5745385416,-0.119706452470975,0.0753600510446498,-1.58846034220506,0.112182281869909,0.510780992507437
"YGR128C",2203.77823105451,-0.148229798940729,0.0933328459895681,-1.58818470999263,0.112244577534997,0.510780992507437
"YNR008W",97.8920380951523,0.253666012256591,0.159779180090465,1.58760366721727,0.112375988436844,0.510965254866558
"YER097W",10.8642812829468,-0.56956537556007,0.358984284953951,-1.58660253228949,0.112602693558478,0.511582164752344
"YOL135C",1064.35831817469,-0.176439281664763,0.111281557785902,-1.58552131346166,0.112847938319802,0.512282240191669
"YCL047C",152.560434194905,-0.279640777905454,0.176496315055817,-1.58440009252894,0.11310270088654,0.512658392557696
"YAL026C-A",154.683717799649,-0.334439333464895,0.21108880048972,-1.58435375391307,0.113113239639065,0.512658392557696
"YHR005C",79.5394273128209,-0.332172393751611,0.209846693405722,-1.58292889137587,0.113437672780231,0.513247075615283
"YMR026C",298.77709811017,-0.219198778465546,0.138497160428893,-1.58269510932022,0.11349097356378,0.513247075615283
"YNL148C",27.872878864247,0.495160682859721,0.312899219197059,1.5824925486563,0.113537172023249,0.513247075615283
"YJL214W",19.935146759767,-0.547837170629221,0.346254587748379,-1.58218025121831,0.113608427413774,0.513247075615283
"YDR005C",323.71836700877,-0.141492858933761,0.0894538723316219,-1.58174101629968,0.113708705112864,0.513287488139996
"YLR031W",12.4631969980169,-0.716060972027892,0.453588012572843,-1.57865938291942,0.114414205950051,0.515198958194413
"YBR230C",843.719785943715,-0.203798987393853,0.129111793933532,-1.57846917918878,0.114457863307304,0.515198958194413
"YDR105C",308.344938734265,-0.195809184575447,0.124067899818344,-1.57824211469804,0.114509998460868,0.515198958194413
"YCR010C",104.827176058014,0.594692380742598,0.376905526825804,1.57782876189409,0.114604954326452,0.515198958194413
"YBL091C",3029.11915687143,0.125554541915679,0.0795875328293355,1.57756544840902,0.114665475292705,0.515198958194413
"YPR016C",1009.5280361218,-0.287005089165374,0.182063723394913,-1.5763990970504,0.114933856355212,0.515198958194413
"YHL019C",293.612079290138,0.157866196582395,0.100153069242655,1.57624921309112,0.114968380920837,0.515198958194413
"YNR034W-A",115.8686586794,0.320818667272853,0.203542614819886,1.57617444168507,0.114985606963122,0.515198958194413
"YCL007C",37.3156204303843,0.353506427940762,0.224402868905758,1.57532044783805,0.115182496466821,0.515198958194413
"YML064C",277.089781861372,-0.176106422487978,0.111800177213425,-1.575189117561,0.115212798359718,0.515198958194413
"YGR023W",150.738293866968,-0.195073602021114,0.123849343648168,-1.57508789530028,0.11523615769474,0.515198958194413
"YHL022C",9.84975112704611,-0.690872108443578,0.438672350209966,-1.57491601217378,0.115275832161289,0.515198958194413
"YDR412W",2595.56306079513,0.156846305600087,0.0996069940995874,1.57465152942244,0.115336901671442,0.515198958194413
"YBL100W-C",9.0624210563638,0.752799938638383,0.47817739782605,1.57431100269661,0.115415567325047,0.515198958194413
"YGL179C",100.401910962554,0.413527559961425,0.262866946917499,1.5731439985538,0.115685479003941,0.515622577052644
"YMR034C",33.918381392124,-0.275121213511016,0.174908265058212,-1.57294575770591,0.115731378596965,0.515622577052644
"YCR053W",4543.63205806907,-0.375324591290894,0.238648136112617,-1.57271117807423,0.115785710363067,0.515622577052644
"YHR165C",1823.55704138322,-0.111835700168107,0.0711521994826566,-1.57178135013755,0.116001268165342,0.51598318082658
"YIL154C",485.853600220767,0.181350091464804,0.115460264799544,1.5706710163852,0.11625908484547,0.51598318082658
"YER166W",1302.29539050232,-0.12904180591858,0.0821703443065646,-1.57041822092342,0.11631784618584,0.51598318082658
"YMR194W",24466.7346856675,-0.289020463393414,0.184042297448664,-1.57040238792951,0.116321527281236,0.51598318082658
"YCR093W",2154.92864184268,-0.159304498270576,0.101443005934368,-1.57038424486005,0.11632574557069,0.51598318082658
"YOR219C",225.893939150945,0.201803294369427,0.128568535870732,1.56961649289005,0.116504359173566,0.515985199968009
"YNR006W",1764.18760561755,-0.13612652071213,0.0867272724317617,-1.56959301146288,0.116509825402029,0.515985199968009
"YMR270C",360.237362186475,0.155273506290433,0.0990074437248746,1.56830133622996,0.11681082424381,0.51658817527225
"YKR014C",1328.18911297887,0.169367875208566,0.1080388841974,1.5676566494255,0.1169612837876,0.51658817527225
"YCR081W",132.586598632154,0.249024086088964,0.158857129646434,1.56759779459199,0.11697502713741,0.51658817527225
"YMR268C",493.145252082343,-0.217397696430298,0.138696697015003,-1.56743239824077,0.117013656071454,0.51658817527225
"YDR084C",898.198402899488,-0.165182343801424,0.105444315461157,-1.56653626209251,0.117223126191304,0.517106726212815
"YPL125W",239.35350082408,0.212831679055344,0.135908151738057,1.56599641988764,0.117349455293397,0.517257991175602
"YMR242C",46616.4416873207,-0.365193476548023,0.233530612239918,-1.56379274239577,0.117866249243787,0.519128778017309
"YFL005W",1269.1475442526,-0.167317159444261,0.107079463425611,-1.5625513435683,0.118158160381054,0.520006939186783
"YGR161W-C",392.611421025635,-0.218930900284241,0.140348104159996,-1.55991348507751,0.118780327307714,0.521741962712842
"YOR215C",1439.68282937975,-0.18519511653896,0.118731932200382,-1.5597751431048,0.118813027474858,0.521741962712842
"YHR137W",283.094370742421,-0.27982930998376,0.179437398497636,-1.55948153688511,0.118882451143341,0.521741962712842
"YCL044C",192.354677728512,-0.535911639154845,0.343685787661925,-1.5593069553461,0.118923746305187,0.521741962712842
"YDL028C",523.898006377265,-0.147154811627922,0.0945592688065384,-1.55621774031471,0.119656324254699,0.523997222767905
"YDR478W",1264.80009215422,-0.157103305035661,0.100956691249632,-1.55614554212358,0.119673487547939,0.523997222767905
"YLR179C",164.480884952825,0.254315173899437,0.163477617516076,1.5556574518492,0.119789569253856,0.523997222767905
"YGR195W",1953.62269767534,-0.153226414348151,0.0985088682751339,-1.55545807226403,0.119837012735627,0.523997222767905
"YKL069W",852.109081529839,-0.183263661037849,0.11784105338287,-1.55517670435632,0.119903990832656,0.523997222767905
"YDR020C",309.589469906739,-0.144049426579547,0.09268806039152,-1.55413141639898,0.120153072736093,0.524677753517362
"YMR089C",3397.15843001988,-0.120239548224472,0.0773954087409404,-1.55357469106391,0.12028590019876,0.524849968258565
"YBL085W",1004.52890999841,0.129823975500385,0.0836392156254458,1.55219025584559,0.120616706933782,0.524883063361011
"YGL194C",205.459805061955,0.229919412489915,0.148196650896636,1.5514481002022,0.120794335787533,0.524883063361011
"YNL273W",549.821713686653,0.135097839571879,0.0871028386521847,1.5510153476323,0.12089800600347,0.524883063361011
"YNL144C",338.820427095791,-0.225272433799086,0.145246620871978,-1.5509650582346,0.120910057846735,0.524883063361011
"YPL147W",252.694286896695,0.204017602590608,0.131564883444428,1.55069952748283,0.120973707820387,0.524883063361011
"YDR071C",2958.65568204982,-0.184284893360143,0.118862089386548,-1.55040933834535,0.121043298596829,0.524883063361011
"YER120W",5919.73804077279,-0.140546695316483,0.0906640369662491,-1.55019233666821,0.121095358622307,0.524883063361011
"YDL013W",314.468966058078,0.167003358273065,0.107740966204301,1.55004511428262,0.121130688142758,0.524883063361011
"YOL039W",77447.9733851359,-0.183325197297807,0.118294668388945,-1.5497333886177,0.121205520758484,0.524883063361011
"YGR063C",1030.98607658798,-0.179965611383773,0.116159893205527,-1.5492921559884,0.121311504529991,0.524883063361011
"YLR256W",156.620544539722,0.221958946182026,0.143298412650288,1.54892815682268,0.121398991432139,0.524883063361011
"YDL160C-A",337.9960332959,-0.177925378129116,0.114874701597328,-1.54886476878783,0.121414231738312,0.524883063361011
"YGR250C",244.152995342316,0.206821417388586,0.133616217120952,1.54787661142485,0.12165200671886,0.525506746933123
"YHL010C",371.880867984691,0.155530505836014,0.100510300248753,1.5474086282808,0.121764741963172,0.525589746415533
"YOR349W",140.197731226353,-0.235464550627414,0.15224311997758,-1.54663508381915,0.121951264769962,0.525990873374664
"YPR027C",6.648136179861,-0.880435589036382,0.569932276215742,-1.5448073846288,0.122392860557367,0.527255610865315
"YBR139W",259.391574660945,-0.230578525421214,0.1492888979988,-1.54451220761953,0.122464296198285,0.527255610865315
"YPL223C",202.457221476257,0.543682396216508,0.35206717331673,1.54425756623267,0.122525948005356,0.527255610865315
"YNL009W",230.801149447585,0.159682736774746,0.103447791734082,1.54360701275499,0.122683565112464,0.527529943329799
"YDR489W",281.454964100843,-0.173788983085935,0.112649522074087,-1.54274052731123,0.122893744492853,0.527778181604824
"YHR157W",44.7872678702464,-0.310577763308535,0.201382209996522,-1.5422303852654,0.123017618772695,0.527778181604824
"YOR100C",26.693695286824,-0.46881036244277,0.303986444560899,-1.54220811760194,0.123023028096498,0.527778181604824
"YOR304C-A",804.361007062645,-0.14836450641399,0.096282689065697,-1.54092607771638,0.123334778204907,0.528385807452738
"YEL043W",1309.88390070879,-0.107904034664038,0.0700287913478873,-1.54085244921613,0.123352700956938,0.528385807452738
"YIL052C",71465.1756889513,-0.15322562822543,0.0995020031604484,-1.53992506038649,0.123578621388754,0.528732260103907
"YBR047W",44.2758362759062,-0.383672099706112,0.249178468782866,-1.53974820368787,0.12362174195312,0.528732260103907
"YPR083W",210.615736900648,-0.173368319214114,0.112760159246968,-1.53749622536806,0.124171838684997,0.530287185883652
"YLR301W",1660.41391423876,-0.171144805573371,0.111340233876531,-1.53713351961484,0.124260616079803,0.530287185883652
"YKL020C",596.467149069872,0.13650336045093,0.0888056698636643,1.53710186140696,0.12426836722576,0.530287185883652
"YJR046W",372.026698713947,0.160604943215404,0.104568055902487,1.53588915686807,0.124565567966845,0.531152118341174
"YGR013W",654.476806003302,0.152114018311599,0.0991026186660808,1.53491421678913,0.124804900884311,0.531769175867951
"YER141W",397.035897605054,-0.190897397205268,0.124438558118893,-1.53406950458939,0.125012554634424,0.532250422004137
"YOR044W",337.490698299096,0.193810550368721,0.126480168841977,1.53233943426234,0.125438694741229,0.533478192150144
"YER144C",289.446826724615,0.156607196941487,0.102235387067,1.5318296475843,0.125564477904942,0.533478192150144
"YDR359C",684.934405075566,0.139093063950007,0.0908100011680955,1.53169322938931,0.12559815396588,0.533478192150144
"YBR290W",1020.18862602337,0.130838265682461,0.0854393017078257,1.53135925817704,0.125680627474518,0.533478192150144
"YNL103W",1550.50206727688,0.129095512633627,0.0843692355969592,1.53012542688344,0.125985685544843,0.534369473782653
"YOR332W",12125.9054727602,-0.151221987556736,0.0989054946150566,-1.52895436340819,0.126275757828706,0.535195896679735
"YLR116W",332.907866813146,-0.141860187775248,0.0928741254369734,-1.52744574560239,0.126650208554472,0.535798533145314
"YOR298C-A",1115.70872105124,0.198563268238978,0.129998316720792,1.52742953330272,0.126654237263439,0.535798533145314
"YOL094C",575.558369199356,-0.22819321614173,0.149424309416962,-1.52714921040704,0.126723912458757,0.535798533145314
"YLR440C",28.7447911109721,0.494853759010809,0.324166450350221,1.52654217756397,0.126874894768808,0.535798533145314
"YER174C",119.836595143446,0.315220713397724,0.206504018578977,1.5264628532019,0.126894634807191,0.535798533145314
"YGL091C",301.287708809315,0.202421877910771,0.132677085569892,1.525673231676,0.127091264179187,0.536225904419691
"YPL168W",378.842398958298,0.15699493814748,0.102986208951235,1.52442681157259,0.127402126698113,0.536915328258994
"YHR103W",1480.74957226719,0.146271752931436,0.0959629638759951,1.52425213877773,0.127445738060053,0.536915328258994
"YGR044C",9.81647581590801,-0.570149371346371,0.374840138517843,-1.52104674168781,0.128248108030733,0.539216450805546
"YHR127W",1192.06969567331,-0.120888582134437,0.0794799613544575,-1.52099447551704,0.128261223680199,0.539216450805546
"YPR086W",609.652531306741,0.216640038440366,0.142449113413726,1.5208240560344,0.128303995911652,0.539216450805546
"YIL021W",1709.31955820613,0.122977924268734,0.0808778847604448,1.52053833545458,0.128375731526303,0.539216450805546
"YBL087C",49517.8833039491,-0.282604504795698,0.185952949015076,-1.51976350088853,0.128570425472039,0.539630911988693
"YOR311C",1303.505911643,0.160755376269266,0.105818268659935,1.51916468021114,0.128721049264748,0.539859923035734
"YOR070C",343.407887085895,0.140201551823353,0.0923438467600544,1.51825548471738,0.128950004995818,0.540416874031692
"YBR081C",1470.82766940423,0.0979365061927283,0.0645300814780624,1.51768762644477,0.129093164827566,0.540576986812558
"YNL008C",476.965598246575,-0.139246606253097,0.09178390528255,-1.51711354866016,0.12923801809685,0.540576986812558
"YLR130C",1435.19050129784,0.209783396209178,0.138323740596485,1.5166116481852,0.129364762746878,0.540576986812558
"YGL143C",598.965837461272,0.164282514325609,0.108352085670485,1.51619152791592,0.129470929690445,0.540576986812558
"YHR037W",371.486360860343,-0.250040402416836,0.164977318967144,-1.51560471452826,0.12961933423734,0.540576986812558
"YNL073W",595.518690923322,0.164308029438043,0.108417113263479,1.51551747221618,0.129641409008445,0.540576986812558
"YMR086C-A",25.7325662014902,0.424041616641185,0.279903406063437,1.51495697249601,0.12978330090667,0.540576986812558
"YDR329C",699.015379390868,-0.172650325950874,0.113965928878284,-1.51492930957695,0.129790306964235,0.540576986812558
"YOR297C",504.752869491178,-0.191540030849037,0.126496214069639,-1.51419575880421,0.129976197067492,0.540576986812558
"YNL109W",50.5697926545774,-0.320713529501552,0.211847905288294,-1.51388577132782,0.130054813506977,0.540576986812558
"YHR181W",1035.68798796478,-0.16805583515058,0.111010708046211,-1.51387049149009,0.130058689606274,0.540576986812558
"YLR459W",633.603604039965,-0.114596205050182,0.0757158885376937,-1.51350274378848,0.13015200472846,0.540576986812558
"YLR433C",441.188976551629,0.140049151108224,0.0925605021162706,1.5130552223269,0.130265632337404,0.540576986812558
"YPL230W",100.690160277265,-0.287755267941284,0.190215852999937,-1.5127827854673,0.130334842905875,0.540576986812558
"YER010C",249.704778355377,-0.307104127987729,0.203161225452966,-1.51162766075571,0.130628610803893,0.541395864836195
"YML053C",2004.96058160658,-0.214646505016089,0.142034837817477,-1.51122434688821,0.130731301288456,0.541422191039883
"YNL020C",320.706372336925,0.211777056625806,0.14018939779401,1.51064959232499,0.130877751644592,0.541629576025484
"YPR102C",51096.1979011739,-0.197695669119711,0.130962441152889,-1.50956004927333,0.131155721894834,0.542116692408471
"YJL212C",575.501296534621,0.192048855111644,0.127328647584312,1.50829258580224,0.131479659957317,0.542116692408471
"YBR239C",486.808336937971,-0.1727933196729,0.114572875755576,-1.50815206944381,0.131515611258069,0.542116692408471
"YHR021C",20783.6359514535,-0.532278920508822,0.353075254566019,-1.507550907704,0.131669505346274,0.542116692408471
"YLR024C",301.275064811714,0.176066097597527,0.116795692681556,1.50747081125305,0.13169002012823,0.542116692408471
"YPL026C",867.664510538388,-0.202974745019407,0.134663329065924,-1.50727556215427,0.131740038874489,0.542116692408471
"YDR224C",4727.67820543176,-0.611522891121672,0.405789684522141,-1.50699466853575,0.131812023786342,0.542116692408471
"YKR034W",7.88825830485517,-0.783450322687923,0.519928226294829,-1.50684322001718,0.131850848308138,0.542116692408471
"YML106W",11868.0602806062,0.144331450272131,0.095787151620486,1.50679342511385,0.131863615395441,0.542116692408471
"YDR497C",1761.24093377524,0.21494721035865,0.14275517408333,1.5057052169134,0.132142864148118,0.542867614409665
"YJL025W",371.942658045059,-0.181969470722341,0.120895303643441,-1.50518229607187,0.132277215487959,0.543022608504258
"YDR033W",8126.2339883047,0.183839717459638,0.122305345484803,1.50312087121721,0.13280787764375,0.544803118509399
"YIL078W",11215.0015725864,0.146985719634896,0.0978376098464296,1.50234372922245,0.133008360668196,0.545227561601212
"YDR166C",1410.90091072382,-0.126409187648303,0.0842712247773393,-1.50002789187294,0.13360717771221,0.547283045730773
"YLR038C",4366.80634195778,-0.158496828220943,0.105770741624917,-1.49849406164705,0.134004934341131,0.548057200612047
"YDR137W",257.482830779202,0.164269573199777,0.109691084324219,1.49756540571918,0.134246200436003,0.548057200612047
"YIL018W",38022.6549367291,-0.43367010129806,0.289613438929905,-1.49741014401967,0.134286570394542,0.548057200612047
"YDR162C",532.817306530497,-0.14525475018222,0.0970679868035799,-1.49642281626946,0.134543507486069,0.548057200612047
"YKL070W",12.3385571858417,0.592236017965938,0.395796904175554,1.4963129112886,0.134572132084645,0.548057200612047
"YCL064C",1306.58000941631,-0.202237456458972,0.135182043851564,-1.49603786639769,0.134643787775595,0.548057200612047
"YLR426W",280.152643921011,-0.157900697004471,0.105580808476999,-1.49554354889099,0.134772643295538,0.548057200612047
"YDR260C",229.795486889269,0.214850441883335,0.143769229404033,1.49441186249627,0.135068002933897,0.548057200612047
"YML079W",156.674164496762,-0.584346854635789,0.39103311268292,-1.4943666806796,0.135079805343565,0.548057200612047
"YAL017W",139.301480867239,-0.174648660932273,0.116872732152308,-1.4943490899543,0.135084400614397,0.548057200612047
"YLR317W",44.2376310218485,0.305830011832897,0.204661096660788,1.49432411348694,0.135090925489318,0.548057200612047
"YNL086W",163.944374379513,0.179188182548828,0.119938654107858,1.49399861022026,0.135175982526969,0.548057200612047
"YOR142W",1297.89499339498,-0.151805133236839,0.101627239611176,-1.49374452969148,0.135242404888918,0.548057200612047
"YNL236W",1064.64303439873,0.120906045644721,0.0809697331397552,1.49322519608698,0.135378248812126,0.548057200612047
"YOR110W",507.068002105658,0.160758534371051,0.107659791730103,1.49320866952877,0.135382573452207,0.548057200612047
"YIL130W",410.091920403243,0.134435411195238,0.0900521093959888,1.49286243372802,0.135473200356176,0.548057200612047
"YJL041W",1897.60989120004,-0.130616671433141,0.0874969142148399,-1.4928146050091,0.135485723162633,0.548057200612047
"YBR233W",440.113981980533,-0.225812104821327,0.151291467568183,-1.49256338411523,0.135551514030382,0.548057200612047
"YOR131C",2550.38149285449,-0.119389286393913,0.0800248881751308,-1.49190194596254,0.135724852471427,0.548363530474061
"YBR085C-A",2252.21410063783,0.176977433414877,0.118709053973918,1.49085033946746,0.136000791953398,0.5485187656793
"YBL039C",31.9587847548427,-0.352721779193555,0.236611464787714,-1.4907214217621,0.136034649490457,0.5485187656793
"YNL130C",768.120022766931,-0.214303807485509,0.143766322022575,-1.49063984158862,0.136056078177392,0.5485187656793
"YJR009C",51430.3967797765,-0.173340274474907,0.116335468208395,-1.49000366908223,0.136223271199129,0.548799128415128
"YOR032W-A",86.9501981221694,0.228949951274756,0.153766060480782,1.48894984080945,0.136500577587122,0.549522382549875
"YOR342C",2563.26402250534,-0.20511784373274,0.137845896723877,-1.48802284730765,0.136744868418716,0.549577241998926
"YLR356W",289.330423528344,-0.254011674979759,0.170711108452611,-1.4879621911088,0.1367608649134,0.549577241998926
"YJL065C",138.72461085815,-0.298803905671143,0.200955369082118,-1.48691675686973,0.137036797952975,0.549577241998926
"YER006W",8616.53590915982,0.164279389033678,0.110530301663566,1.48628372999211,0.137204088383626,0.549577241998926
"YNL082W",350.718457533657,0.149801904022776,0.100801024185615,1.48611490044914,0.137248731674289,0.549577241998926
"YDL100C",6013.30997702437,-0.138926828121687,0.0934910583280112,-1.4859905386274,0.137281623610886,0.549577241998926
"YFR023W",10.413678278504,-0.594509039874141,0.400099427974961,-1.48590324880781,0.137304714159994,0.549577241998926
"YBR141C",665.879751621507,-0.167294381205278,0.112592001268031,-1.48584605763446,0.137319844416474,0.549577241998926
"YKR030W",419.076198479415,-0.256872360428617,0.172912272779624,-1.4855646525218,0.137394310499732,0.549577241998926
"YKL126W",1439.76927427375,0.1149334179973,0.0774073813036109,1.4847862834489,0.137600446550393,0.550010319781797
"YGR261C",979.633252741116,-0.110426522359697,0.074416815242832,-1.48389207465222,0.137837554753337,0.550566494466067
"YMR179W",271.847204485804,0.131940750590422,0.0889772256433231,1.48285979514943,0.138111665268188,0.55126957301649
"YPR131C",307.502458274524,-0.204584942539331,0.13802641751784,-1.48221584112975,0.138282872859156,0.551282855065205
"YNL090W",414.619698991397,0.162796496785084,0.109841077205543,1.48210943416411,0.138311178939847,0.551282855065205
"YOR009W",89.7652272725085,-0.250043811902232,0.168791072586765,-1.48138054975449,0.138505194763792,0.551664914650965
"YPL151C",336.969435716825,0.151318951332047,0.102269781331016,1.47960569938322,0.138978504618669,0.552919200634657
"YKL144C",1057.50912877269,-0.177857811142021,0.120248605281069,-1.47908419167355,0.13911781466313,0.552919200634657
"YDR420W",1058.24660751083,-0.124972648305706,0.0845147018551759,-1.47870897681043,0.139218112079046,0.552919200634657
"YBR205W",8.56639023312119,-0.67201219809832,0.454556397434073,-1.47839124450072,0.139303087552938,0.552919200634657
"YLR350W",1437.59310665433,-0.108012250637698,0.0730623185007332,-1.47835783005729,0.139312026352077,0.552919200634657
"YER032W",705.285225507651,-0.143174453748776,0.0968884278114494,-1.4777250181766,0.139481395159984,0.552944075384857
"YER053C-A",901.205600453634,-0.269290071288163,0.182248379182581,-1.47759926588088,0.139515070977887,0.552944075384857
"YHR146W",4151.83355216953,0.125063596459199,0.0846942595900994,1.47664785151293,0.139770057674561,0.553514204243153
"YBR058C-A",503.729384147996,0.163662707582069,0.110907347034287,1.47567056609399,0.140032351261414,0.553514204243153
"YNL081C",807.023826920291,0.126585390626337,0.0857843757863951,1.47562291461486,0.140045150115821,0.553514204243153
"YPL003W",92.593798433734,0.217567073054861,0.14749641657624,1.47506683962319,0.140194574514661,0.553514204243153
"YML087C",30.7542783147333,-0.436769631986539,0.296141045624694,-1.47487029724365,0.140247417268261,0.553514204243153
"YNL216W",685.702181000511,0.130190711639024,0.088290849344523,1.47456630676416,0.140329178893154,0.553514204243153
"YLR360W",272.206837435952,-0.14968731710347,0.101528054092577,-1.47434439122589,0.140388888696251,0.553514204243153
"YNL212W",596.107569396872,0.132727620433535,0.0900379912677068,1.47412907112622,0.140446842571305,0.553514204243153
"YMR109W",847.790216378681,0.148749963067144,0.100994798365126,1.47284776518262,0.140792089457577,0.554486014542103
"YNR030W",1312.67389425237,-0.119015673660183,0.0808426017575422,-1.47219004674203,0.140969564437733,0.554796184972031
"YGL059W",58.8105095066828,-0.341309159643948,0.231992082683982,-1.47121037793724,0.141234231454857,0.55487163914929
"YJL052W",570.186365465953,0.710786281312393,0.483175512339775,1.47107264991641,0.141271470613085,0.55487163914929
"YER182W",682.369251799675,0.1173061558257,0.079794486198532,1.47010352988347,0.141533716484704,0.55487163914929
"YGL147C",24294.1185161416,-0.361910045467736,0.246202594230823,-1.46996844853891,0.141570299456943,0.55487163914929
"YDR267C",618.191140109261,-0.15783929719,0.107413973407399,-1.46944845426534,0.14171119305665,0.55487163914929
"YOR320C",1146.30119441007,-0.121517004143219,0.082710149128635,-1.46919096898531,0.141780999128595,0.55487163914929
"YNR002C",25.4434311969878,0.418543447033474,0.284883106997889,1.46917608223283,0.141785035839605,0.55487163914929
"YKR045C",385.726089945352,-0.188977310908728,0.128674719042708,-1.46864366454148,0.14192946495963,0.55487163914929
"YDL120W",687.934857996083,0.163065925488856,0.111040198366634,1.46853056719551,0.141960159460264,0.55487163914929
"YDR159W",1896.63989577263,0.0851173796750611,0.0579763152516876,1.4681405554242,0.1420660473527,0.55487163914929
"YOL064C",1212.99929710385,0.138441139862076,0.0942989913651287,1.46810838438375,0.142074784472567,0.55487163914929
"YPL205C",7.64548730076304,-0.689026524508887,0.469902570831039,-1.46631784391032,0.142561716448687,0.556211091131279
"YML001W",1996.85732149153,-0.145472700344096,0.0992341898150018,-1.46595342406982,0.142660976026425,0.556211091131279
"YPL052W",477.837728147835,-0.17431745689973,0.118926621056957,-1.46575640803117,0.142714660749342,0.556211091131279
"YDR099W",1055.03875512053,-0.185989616501786,0.127007474535842,-1.4643989826701,0.143084965929287,0.557267850674009
"YKL067W",145.908590585584,-0.283214530860283,0.193509648837815,-1.4635680058396,0.143312019675637,0.557765616743131
"YHR057C",711.621341014286,0.178200660184678,0.122003454310923,1.46061979303092,0.144119811362662,0.560521342462396
"YDR047W",1720.70119668676,0.195141734210616,0.133638441369138,1.46022156657449,0.144229189956636,0.560558815737408
"YMR100W",529.177748003689,0.15407664528281,0.10556051666986,1.45960488015309,0.144398697260917,0.560829770978819
"YBL095W",239.572603716805,0.168208395764917,0.115298809252591,1.45889100551259,0.144595109117842,0.561204774338587
"YPL002C",408.016736769171,-0.117337005958565,0.0804634333890976,-1.45826496603938,0.144767522886703,0.561486182624755
"YOL022C",2480.59368240878,0.118996039084657,0.0816597254571089,1.45721821153022,0.145056155066014,0.561696075627939
"YKR028W",1158.6352963332,0.143243573238329,0.0983095650742953,1.45706649327637,0.145098026420886,0.561696075627939
"YNL322C",1180.99565601404,-0.285183066435043,0.195736395313266,-1.45697516283889,0.14512323634956,0.561696075627939
"YEL022W",1377.40737807011,0.116139787146829,0.0797324089964086,1.45661956798596,0.145221423111636,0.561696075627939
"YJL217W",49.332706633536,0.291173134307869,0.200049298468668,1.45550690023276,0.14552898133892,0.562498538600229
"YLR073C",658.286146049696,-0.250761770408115,0.172406426250119,-1.45448041504161,0.145813159461663,0.563034780168917
"YNL071W",2419.51525765639,-0.258935301502309,0.178050245548442,-1.45428219267387,0.145868085396075,0.563034780168917
"YIL133C",36743.1971987309,-0.235579043676042,0.162099481756156,-1.45329917852804,0.146140705297874,0.563146572470297
"YOR358W",82.798756771768,0.234301256144708,0.16127210061219,1.45283192353357,0.146270426045527,0.563146572470297
"YIL156W",436.173736563054,-0.146536758956921,0.100877812830139,-1.4526163369904,0.146330307531287,0.563146572470297
"YDR117C",888.215280368263,0.0956165230867959,0.065841309857721,1.45222692703741,0.146438517880227,0.563146572470297
"YDL222C",63.3431893676307,0.342225319569133,0.235683710559162,1.45205334198618,0.146486773913009,0.563146572470297
"YOR232W",4890.55838154213,0.129517722845813,0.0892156520114106,1.45173767075364,0.146574560580645,0.563146572470297
"YKL028W",1898.00075922731,0.0934422456362275,0.064377445285909,1.45147489499215,0.146647667959303,0.563146572470297
"YMR218C",271.726408778385,0.180674347082399,0.124521321341851,1.4509510912303,0.146793479678977,0.563146572470297
"YPL118W",1881.9319254268,0.111106596636534,0.0765760358196274,1.45093168440113,0.146798884104802,0.563146572470297
"YHL050C",7.46018622197358,-0.82459694421257,0.568607496987705,-1.45020413656347,0.147001601890463,0.563539565228103
"YBR201C-A",136.886072839693,-0.305432793711859,0.210683664798728,-1.44972223643275,0.14713599228171,0.563558568659116
"YNL118C",1649.73474959712,0.0931502769866579,0.0642651780854838,1.44946734392849,0.147207113663983,0.563558568659116
"YHR060W",1385.58662479911,-0.149294925663707,0.103084132555917,-1.44828231040043,0.147538112853297,0.56444124862868
"YOR270C",3465.03499263085,0.171033758646529,0.118160803877107,1.44746610580284,0.147766422743213,0.564930133208745
"YDR400W",117.113654795309,-0.323244558719866,0.22339444627299,-1.44696774746521,0.147905956926685,0.564955520800591
"YBR242W",888.407825023999,-0.114922696540952,0.079436479354365,-1.44672444543121,0.147974115056667,0.564955520800591
"YPL160W",8642.33422327537,0.121989262821777,0.0844121155952452,1.44516295986128,0.14841211776689,0.566033273177234
"YDL080C",250.099343045668,0.197076082514744,0.13638481589017,1.44500017269846,0.148457837128691,0.566033273177234
"YML128C",176.17096479151,0.280363882544867,0.194075703686405,1.44461092872238,0.148567201312557,0.566066217882421
"YPR125W",3090.61338425844,-0.178420377133284,0.123571931608733,-1.44385844593105,0.148778797542861,0.566176155690323
"YDL203C",189.868906995065,0.192701566160588,0.133469079375468,1.44379182850651,0.148797541273062,0.566176155690323
"YNL121C",8318.02353307162,-0.109700628775574,0.076030057231924,-1.44285868996442,0.149060282196712,0.566358199867864
"YNL122C",2073.89666321983,-0.194468867834739,0.134803547483121,-1.44260942286469,0.149130527460224,0.566358199867864
"YKR076W",85.595410449007,-0.353738425919106,0.245235609483777,-1.44244315360125,0.149177397382123,0.566358199867864
"YGL030W",74950.9211645368,-0.148345691937536,0.102869478500343,-1.44207683464675,0.149280699318627,0.566358199867864
"YMR107W",18.6492169118139,0.575762390906521,0.399422422528589,1.44148740389083,0.149447033361682,0.566358199867864
"YCR043C",345.345588392033,-0.15534627633274,0.107768838396742,-1.44147676307734,0.149450037438442,0.566358199867864
"YJR085C",1636.90552441766,-0.177453880866857,0.123174585042822,-1.44066960570774,0.149678045587578,0.566491704545925
"YCR069W",1029.4186543878,-0.203294230058531,0.141114051423943,-1.44063775369741,0.149687048675615,0.566491704545925
"YLR427W",982.556695641071,0.108689206516166,0.0754756010117851,1.44005751605999,0.14985112730282,0.566491704545925
"YCR024C-A",6.66367488374901,-0.850280022371488,0.59050276739151,-1.43992555043818,0.149888463462596,0.566491704545925
"YMR093W",1200.7040191543,-0.181251033443227,0.125946804209655,-1.4391078406524,0.150119970901704,0.566633742810563
"YJR145C",33729.4625734367,0.149456251114523,0.103855373728293,1.43908057666357,0.15012769449198,0.566633742810563
"YLR093C",794.241943905505,0.135637075658306,0.094398583449535,1.43685498978718,0.150759201550691,0.568269205627382
"YPR021C",227.60807938311,0.161361805159385,0.112332422671907,1.43646688392611,0.15086953305072,0.568269205627382
"YOL127W",35291.7314629364,-0.623021131784663,0.43371812044532,-1.43646553467717,0.150869916725182,0.568269205627382
"YHR130C",27.4631000118383,0.357618875365855,0.249058603561764,1.4358824399221,0.151035796040002,0.568269205627382
"YLR005W",343.839243721731,0.179578032131757,0.125074000397867,1.4357742741138,0.151066582421229,0.568269205627382
"YBR212W",519.18406713439,0.125874741455661,0.0876926437436174,1.43540821763425,0.151170805665482,0.568272898621454
"YOR128C",2922.16306079828,0.185130699164391,0.129033343957904,1.43475084412901,0.151358109933175,0.568272898621454
"YDR028C",1664.4319846041,0.12136820139111,0.0846494990062171,1.43377341645219,0.151636933460028,0.568272898621454
"YOR020C",10193.0265299874,-0.165747160366094,0.115610286239476,-1.43367139514528,0.151666058851769,0.568272898621454
"YGL231C",1998.50522599522,-0.121276479749607,0.0846104355580126,-1.43335132303456,0.151757461784065,0.568272898621454
"YDL209C",295.38093727556,-0.213827818003186,0.149243928481363,-1.43274048183399,0.151932016003943,0.568272898621454
"YLR193C",874.147400747514,-0.15660476691952,0.109311821621873,-1.43264255042095,0.151960015136352,0.568272898621454
"YOR125C",383.703714241403,0.179472516944552,0.12529263208194,1.43242674339524,0.152021729425878,0.568272898621454
"YNR047W",538.688336688497,0.156581277532055,0.109322909534457,1.43228238434967,0.1520630224021,0.568272898621454
"YKL172W",24765.100814328,-0.148578746306154,0.103739627264873,-1.43222749322972,0.152078725894425,0.568272898621454
"YGL070C",1129.98743873537,0.122993936788161,0.0859248927482126,1.43141216537299,0.152312123853429,0.568361156081907
"YJL158C",18683.4810629183,-0.129626018537014,0.0905626600756769,-1.43134066985991,0.15233260334792,0.568361156081907
"YOR217W",1152.47099849372,0.138342260614862,0.0966694653249486,1.43108540168121,0.152405740607728,0.568361156081907
"YPL088W",1425.21485456547,0.139086060110283,0.0972135858674712,1.43072656840264,0.152508595641678,0.568367577921905
"YNL007C",1495.63683879985,-0.248390139793775,0.173681830134999,-1.43014464783511,0.152675508121839,0.568612561726134
"YPR054W",5.39075408949994,0.882121657028918,0.61734834130737,1.42888803290673,0.153036417556086,0.569579249447156
"YGR101W",344.031816097872,0.216033450008389,0.151240183496219,1.42841303821739,0.153173008562263,0.56971032966242
"YHR135C",3263.52188498176,0.106092916911935,0.0742925793992082,1.42804190902902,0.153279796183495,0.569730459359286
"YPL227C",658.35320564178,-0.153821533765189,0.107756622724709,-1.42749030060235,0.153438618974399,0.569943845760822
"YPL202C",628.946555909441,-0.15184314777048,0.106484675057956,-1.42596244659466,0.153879182257034,0.570935736884031
"YCR063W",658.797663238357,-0.208154516467306,0.146075032841179,-1.42498353359005,0.154161961022066,0.570935736884031
"YIL007C",339.091721431194,-0.152830335284832,0.10730777648138,-1.42422422955853,0.154381573126419,0.570935736884031
"YML108W",1105.25055895787,-0.13228854734422,0.092895830885829,-1.4240525767707,0.15443125287188,0.570935736884031
"YOR316C",275.403405163987,-0.15770160816834,0.110743999331869,-1.42401944231536,0.154440844043545,0.570935736884031
"YJL156C",348.227856635122,0.168667369657215,0.118447029584039,1.42398986491717,0.154449405963985,0.570935736884031
"YPR062W",2629.26074414666,0.123781666043015,0.0869382939055071,1.42378761397771,0.15450796224023,0.570935736884031
"YGL208W",61.7894048686332,0.307039050952817,0.215654920125451,1.42375166202657,0.154518372918258,0.570935736884031
"YER151C",2273.81047871683,0.0901338261174699,0.063370671323779,1.4223271465273,0.154931301724177,0.571149302334633
"YPL069C",327.438809884963,-0.165404542492889,0.116312425903608,-1.42207112617499,0.155005603912287,0.571149302334633
"YLR148W",332.607071369961,-0.113049385821911,0.0795002447696797,-1.42200047495987,0.155026113060617,0.571149302334633
"YER008C",4775.60927658601,-0.181269015203335,0.127479620647144,-1.42194504724074,0.155042204464269,0.571149302334633
"YLR443W",309.471202561018,-0.263594570661142,0.185394968365361,-1.42180002502372,0.155084312342108,0.571149302334633
"YER087C-B",10670.430825502,-0.132420600416701,0.0932195317639346,-1.42052419606695,0.15545512955471,0.571633851852885
"YGR238C",498.874915086121,0.170765371700553,0.120248681243226,1.42010182510981,0.155578039029139,0.571633851852885
"YPR181C",2153.15117648667,-0.15858494571206,0.111683799524041,-1.41994583268027,0.155623451297128,0.571633851852885
"YCL008C",162.01863448094,-0.149401428455453,0.105222057771203,-1.41986795943787,0.155646125396091,0.571633851852885
"YGL049C",1654.83201436017,0.145715985613606,0.102645877028461,1.41959901198178,0.15572445323608,0.571633851852885
"YBL029W",454.354690266038,-0.188276124120587,0.132716955492033,-1.41862901708809,0.156007201563965,0.572297958739872
"YCR095C",624.601834360382,0.144819028266088,0.102204632801037,1.41695170069255,0.156497049214996,0.573348420809786
"YMR056C",59.2080617207386,0.310193616472694,0.21903164592927,1.41620456330252,0.156715620226979,0.573348420809786
"YHR014W",31.6243791311517,-0.380660426573025,0.268808832942171,-1.41610088629385,0.156745968656131,0.573348420809786
"YKR052C",261.322015309147,0.176660589531167,0.12479252463925,1.41563439029587,0.15688257692972,0.573348420809786
"YHL016C",68.7029029125297,0.211210809959163,0.149204081212115,1.4155833288427,0.156897535199318,0.573348420809786
"YPL076W",220.628723299032,0.178156430775431,0.125856191071617,1.41555555796261,0.156905671032998,0.573348420809786
"YGR282C",5996.75858584265,0.137639981439801,0.0973772074803304,1.41347225907667,0.157516912419344,0.574173739014179
"YPR025C",1773.3087272697,-0.136002706221113,0.0962469774250687,-1.41305950440881,0.157638228796454,0.574173739014179
"YPR186C",281.141347162322,-0.179474358011184,0.12701285624532,-1.41304087882676,0.15764370487494,0.574173739014179
"YOL052C",1009.97435252921,-0.149106979912451,0.10552984241852,-1.41293663001133,0.157674357568373,0.574173739014179
"YIR022W",1180.49303808227,0.210594718164327,0.149080858095493,1.41262078079421,0.157767255534734,0.574173739014179
"YDR179C",144.665349227854,-0.286617052818093,0.202973371755031,-1.41209189333472,0.157922905412998,0.574173739014179
"YCL045C",1757.56539707925,-0.12293287383464,0.0870741028627636,-1.41181901154231,0.15800325912244,0.574173739014179
"YEL029C",215.311660944448,0.18891995779499,0.133813323221474,1.41181724843877,0.158003778392628,0.574173739014179
"YKR037C",319.666199772492,0.169650549399964,0.120178321402598,1.41165683976924,0.158051027447497,0.574173739014179
"YBR284W",47.6514722378934,0.290388672242732,0.205763101726975,1.41127670513077,0.158163040446851,0.574209487927197
"YDR044W",1922.97482258572,0.254171449925961,0.180377322750861,1.40910978192656,0.158802708842888,0.576159602128488
"YLR131C",745.996217110197,0.11729244732209,0.0834093591339748,1.40622645396053,0.159656891172725,0.578607752418717
"YHR024C",471.900988638226,0.211808695803133,0.150631598655526,1.40613720954732,0.159683385053635,0.578607752418717
"YBL034C",570.962979978062,0.151576799048609,0.107902180389705,1.40476122448284,0.160092293031457,0.579456508579756
"YNL326C",184.131926097645,-0.345207922752677,0.245759902233213,-1.40465519238811,0.160123835911808,0.579456508579756
"YLR153C",4012.62934001069,0.1274312054913,0.0907476588579906,1.40423683756641,0.160248335732807,0.579533878261502
"YLL046C",137.368556866048,-0.251515276689487,0.179182412815758,-1.40368283213211,0.160413316935898,0.579654966199211
"YMR048W",245.355518725159,0.206726896569061,0.147300986925703,1.40343184987166,0.160488100961917,0.579654966199211
"YMR055C",239.095866176839,-0.176847994708169,0.126064724985719,-1.40283489079283,0.160666079968118,0.579762161857974
"YEL008C-A",6.36154255597947,-0.632888285711328,0.451236054867173,-1.4025658607835,0.160746338045555,0.579762161857974
"YBR052C",899.505492388623,0.186635263262592,0.133119642508033,1.40201145185115,0.160911827004855,0.579762161857974
"YJL144W",164.06063278671,0.233905727350845,0.16684322815717,1.40194918268124,0.160930422152747,0.579762161857974
"YMR157C",308.319237863683,-0.152596704297953,0.10887462772753,-1.40158186974327,0.161040144113266,0.579785784699907
"YJR122W",222.868994344526,0.181231025024172,0.12940562108309,1.40048804300244,0.161367221506392,0.580591411565894
"YNL320W",122.17696460838,-0.297666173540153,0.212610745803156,-1.40005234644041,0.161497643642207,0.580688904202945
"YCR028C",391.407348495388,0.14188113538032,0.101426124802092,1.39886183818189,0.161854418249498,0.581599635909322
"YLL043W",668.018650330912,0.162620777252955,0.116384348826088,1.39727359299795,0.162331313614783,0.5829405639074
"YAL036C",1409.9946316786,0.214162507865868,0.153329385340416,1.3967479709802,0.162489373100302,0.583025339863722
"YPL087W",783.026776948971,0.195370163798372,0.139899341634403,1.39650524095339,0.162562403481575,0.583025339863722
"YGL216W",612.202830826011,0.113602673507865,0.081401013085991,1.39559287042111,0.162837130622501,0.583454435086393
"YNL290W",1004.53861576555,0.0995969563307612,0.0713742562772341,1.39541848175487,0.162889681254547,0.583454435086393
"YDR013W",559.246701808602,-0.13702855456127,0.0982377401810399,-1.39486672137148,0.163056034096083,0.583618401783332
"YJR052W",661.079841762452,-0.124369477969775,0.0892247177400159,-1.39389040525927,0.163350702100953,0.583618401783332
"YOL032W",495.458690973269,0.185901572024559,0.133370667366206,1.39387149885151,0.163356412320617,0.583618401783332
"YHR102W",755.523526221247,0.148438630689243,0.106531393379988,1.3933792282222,0.163505143640325,0.583618401783332
"YER066W",67.9287890281084,0.226950837310734,0.162897567365936,1.39321194895997,0.163555707495406,0.583618401783332
"YJL072C",731.138572700665,-0.13201231055007,0.0947545689572116,-1.39320258645979,0.163558537866325,0.583618401783332
"YPL057C",1696.6854756775,0.1678656987848,0.120554332475979,1.3924484946922,0.163786628084553,0.583704751167421
"YBR251W",709.510723447613,0.110265596147063,0.0792337808818762,1.39164880079937,0.164028773388134,0.583704751167421
"YLR001C",269.202421233174,0.155321811998814,0.111671727516179,1.39087856392578,0.164262254095296,0.583704751167421
"YLR357W",1148.18120707666,-0.0989592423503832,0.0711564119079539,-1.39072839252202,0.16430780446883,0.583704751167421
"YMR004W",1250.4215013735,-0.117862536412613,0.0847515305909296,-1.39068327841181,0.16432149045428,0.583704751167421
"YPL072W",328.782638503742,0.138863723429348,0.0998562084257343,1.39063685291661,0.164335575162877,0.583704751167421
"YNL039W",1282.66334137289,0.126985926340925,0.0913641392938343,1.3898880602654,0.164562871798912,0.583704751167421
"YEL060C",815.604868713959,0.189855100177212,0.136637585404049,1.38947932675914,0.164687043046223,0.583704751167421
"YGR125W",1791.63276778553,0.0951538436533565,0.0684844597654864,1.38942241757028,0.164704337374524,0.583704751167421
"YEL019C",103.014710023638,-0.20218753976568,0.145567023696584,-1.388965265836,0.164843312400649,0.583704751167421
"YHR190W",4104.54944099167,-0.209610640834642,0.150991640202553,-1.38822679555936,0.165067995295762,0.583704751167421
"YGL135W",74286.1221022104,0.22935866242898,0.165269513746215,1.38778566736258,0.165202320470091,0.583704751167421
"YFL021W",630.545044429174,-0.167064149284877,0.12042431609251,-1.38729581122586,0.165351579873468,0.583704751167421
"YPR171W",802.268319511967,0.131006744736348,0.0944368849279664,1.38724127586669,0.165368203100311,0.583704751167421
"YHR073W",401.201030338471,0.14453674063275,0.10419776152896,1.38713863438015,0.165399493235095,0.583704751167421
"YDL040C",4469.8513039867,0.0850108199280594,0.0612909824780346,1.38700370741366,0.165440632337857,0.583704751167421
"YDL128W",486.148020888024,0.137408780631852,0.0991162982336346,1.38633890773397,0.165643441564803,0.583704751167421
"YGL016W",697.329920925439,0.184694360623826,0.1332290193861,1.3862922768243,0.165657674188964,0.583704751167421
"YKL215C",58.8713769086418,0.24960233545462,0.180074110156405,1.38610894835368,0.165713638380245,0.583704751167421
"YGL065C",449.076564890606,-0.143935455768264,0.103851006077097,-1.38598036942857,0.165752897810192,0.583704751167421
"YNL138W-A",617.807161345594,-0.158195830088143,0.114142973288436,-1.38594453544142,0.165763840367118,0.583704751167421
"YPR031W",344.933042784055,0.134042981141701,0.0968837850329005,1.38354401715604,0.166498120389355,0.585238817772367
"YGL103W",155847.419875088,-0.148146767428138,0.107080490650114,-1.38350848533379,0.166509007340179,0.585238817772367
"YLR057W",678.080436051088,-0.127242341753774,0.091999834706843,-1.3830714170219,0.166642968862666,0.585238817772367
"YER143W",368.865383678934,-0.180003594823279,0.130158083045793,-1.38296132373084,0.16667672524867,0.585238817772367
"YDR507C",2836.44821854319,0.10991619977727,0.0794903021513217,1.38276238487593,0.166737736159275,0.585238817772367
"YOR266W",225.409156216808,-0.140606096479737,0.101705684978171,-1.38248020757065,0.166824303571411,0.585238817772367
"YML002W",94.2287104454455,0.241362010042742,0.174746493365143,1.38121232303301,0.167213686880948,0.58623887727444
"YIL056W",1151.16366478997,-0.213116778627597,0.15435745662638,-1.38067044693178,0.167380311998481,0.586457202887445
"YDR388W",3829.10362253175,-0.121684167271061,0.0881863927053459,-1.37985196511711,0.167632228919052,0.586883961227856
"YGR081C",1646.62007537852,0.139454206998691,0.101096948889984,1.37941064028004,0.167768180470822,0.586883961227856
"YNL110C",5727.52239532202,-0.188919883159513,0.136972169755238,-1.37925743234631,0.167815396030812,0.586883961227856
"YPR192W",14.1010264808547,0.485122769335008,0.351935008035993,1.37844419639377,0.168066185841332,0.58719643234762
"YOR186W",34.0611401927697,-0.35970387486105,0.260978332595212,-1.37829018709751,0.168113711681018,0.58719643234762
"YPR094W",585.39765213375,-0.237127669826209,0.172304844190035,-1.37621011725405,0.168756590708526,0.588500530874416
"YBR048W",26368.8891585302,-0.117099866540763,0.0851151311875148,-1.37578201322141,0.168889131744292,0.588500530874416
"YPR106W",246.625074896111,0.155237754748594,0.112836687690091,1.37577376584253,0.168891685899906,0.588500530874416
"YNL112W",8998.31935787732,0.21257214855618,0.154578196916209,1.37517549561926,0.169077043319879,0.588500530874416
"YOR258W",192.466389145576,-0.175686254088686,0.127766989766741,-1.37505199433304,0.169115325760165,0.588500530874416
"YKL122C",6211.80035424918,-0.169443228518474,0.12322679087301,-1.37505186427432,0.16911536607868,0.588500530874416
"YPL132W",445.937979537594,0.117963445815301,0.0858851224776383,1.37350267907011,0.169596128933636,0.589808319682571
"YDR383C",233.21387743101,-0.174396678772363,0.127071072914369,-1.37243414077322,0.169928328030322,0.590153461073788
"YKR049C",295.126004594441,0.17035218092442,0.124136603079378,1.37229613746955,0.169971267576991,0.590153461073788
"YIL152W",405.844308071214,-0.187414144169139,0.136645403405612,-1.37153639638231,0.170207805665891,0.590153461073788
"YPL183C",721.107411521334,-0.258318012873469,0.188348282660223,-1.3714912035565,0.170221883787718,0.590153461073788
"YMR280C",36.0996949236359,0.369148649905677,0.269176876518643,1.37139807356413,0.170250897679257,0.590153461073788
"YLL015W",562.227708560944,0.166447531282709,0.121391862145853,1.37115889270008,0.170325429512755,0.590153461073788
"YOR259C",2294.73366627023,-0.149233333964887,0.108938351361977,-1.36988794211709,0.170721884249545,0.590677665932397
"YDR004W",56.1565690600011,-0.402368318191075,0.293766313998725,-1.36968841905005,0.170784185324047,0.590677665932397
"YJL171C",412.977228497497,-0.460811606662685,0.33644575807767,-1.36964605913178,0.17079741439914,0.590677665932397
"YBR282W",948.201429910385,0.145458463569488,0.10622625627307,1.36932683757174,0.170897132527772,0.590677665932397
"YAL023C",1816.0024615745,-0.134855549584055,0.0986091711957829,-1.36757613869715,0.171444789629987,0.592206341561478
"YGL203C",1946.40375518324,0.10517609237926,0.0769577989293175,1.36667230407486,0.171728042706773,0.592820393127803
"YOR291W",308.180866651059,-0.130771159163236,0.0957340190671558,-1.36598421791424,0.171943917001542,0.592969211201584
"YPR036W-A",4300.75784915866,-0.160697908993497,0.117653077937122,-1.36586234555954,0.17198217335562,0.592969211201584
"YER003C",2185.5751452928,-0.357092147990163,0.261544115261864,-1.36532281612467,0.172151610910671,0.593189487012859
"YNR054C",3136.40659296469,-0.114776409709799,0.0841136520735781,-1.3645396065956,0.172397797642764,0.593250324514958
"YJL155C",321.061031667158,0.179122293344994,0.131295879449705,1.36426439348852,0.172484368044308,0.593250324514958
"YBR007C",917.656931824147,-0.136033180423549,0.0997121100209166,-1.36425937025114,0.172485948444385,0.593250324514958
"YER006C-A",9.52456861433712,-0.585823686814296,0.429788426252413,-1.36305133184355,0.172866333450485,0.593393669539266
"YLR035C",114.44168250285,0.160771680494688,0.117984577339103,1.36264996765305,0.17299285301131,0.593393669539266
"YJL170C",16.2496134714786,-0.499610861021371,0.3668024638137,-1.36207062468131,0.173175597789575,0.593393669539266
"YIL019W",147.334152411267,0.176492836737478,0.129658763483118,1.36121024137684,0.173447258617516,0.593393669539266
"YOR296W",200.741479358209,0.137018163004263,0.100674292663194,1.36100447671043,0.173512274731533,0.593393669539266
"YDR486C",761.859792111464,-0.149875859776467,0.110128012176581,-1.36092404479392,0.17353769400939,0.593393669539266
"YDR394W",2209.22323378103,-0.131857102859141,0.0969184450201111,-1.36049544368752,0.173673193761964,0.593393669539266
"YJL199C",99.3526077654478,0.235560400241646,0.173148965695589,1.36044936390658,0.17368776632227,0.593393669539266
"YIL066C",32.6286435085521,-0.388078414017358,0.285259916921006,-1.36043794097025,0.173691378924943,0.593393669539266
"YOR288C",570.647078012533,-0.145405191290007,0.106895791704299,-1.36025178327165,0.173750260824363,0.593393669539266
"YJL077W-B",16.8952826621742,0.520508669539022,0.382745504682929,1.35993411593486,0.173850773813032,0.593393669539266
"YGL191W",5868.1166505671,-0.334343479660544,0.245871876786761,-1.35982806992811,0.173884337454442,0.593393669539266
"YOL023W",764.178495877033,0.100598754407429,0.0739817587820989,1.35977781636316,0.173900244436151,0.593393669539266
"YKL176C",739.102596475774,0.115557878067326,0.0850922213641634,1.35803104225921,0.174453834318283,0.594634114991836
"YGL251C",36.0437739147509,0.348407127826138,0.256612436325652,1.35771723621373,0.174553425404752,0.594634114991836
"YMR167W",367.983343141112,0.114013036465213,0.0839794755745483,1.35762977424173,0.174581190344578,0.594634114991836
"YMR188C",1322.94811726436,0.134024631296692,0.0987763520384472,1.35684937265678,0.174829076026168,0.594649087962941
"YPL054W",34.0887197313884,0.437866299517642,0.322764454111469,1.35661252018298,0.174904361461388,0.594649087962941
"YJL029C",1055.09202935316,0.107050415378347,0.0789218949379031,1.35640959283321,0.17496888277144,0.594649087962941
"YDL133W",280.029738256436,0.133119174098463,0.098149925865575,1.3562840004666,0.175008824108666,0.594649087962941
"YGL132W",17.3100704896981,0.420676038488654,0.310287251541312,1.35576320457576,0.175174522108328,0.59485245573946
"YGL087C",1331.61648376815,-0.160642763896699,0.118562228742291,-1.35492361775583,0.17544189403707,0.595400630729672
"YKL024C",2036.32513890846,-0.423744861890368,0.312859049428564,-1.35442737764606,0.175600068039104,0.595577780555079
"YML020W",328.587040115864,0.153110375508302,0.113126292955056,1.35344641381585,0.175913058186008,0.595793586969806
"YML052W",1486.53965131881,-0.22039918520554,0.162877923797138,-1.3531556644843,0.176005905679422,0.595793586969806
"YIR005W",240.071702225869,-0.138764795437684,0.102636174999626,-1.35200669196987,0.176373174524366,0.595793586969806
"YML088W",362.072462937719,-0.15432405501859,0.114199680468525,-1.35135277424111,0.176582454124622,0.595793586969806
"YOL120C",576.728989811553,-0.544536516734637,0.402967562781783,-1.35131600413584,0.176594227509794,0.595793586969806
"YJL140W",2954.1424751734,0.129335518404029,0.0957180891186888,1.35121291696134,0.176627238013707,0.595793586969806
"YLR411W",904.109295204555,0.499262301354431,0.369619259126651,1.35074753013169,0.176776321107066,0.595793586969806
"YBR041W",836.302939786072,-0.16872118013281,0.12492919673398,-1.35053441904441,0.176844620897217,0.595793586969806
"YOR378W",13.7001370051021,-0.666336709271671,0.493632957357537,-1.34986268509832,0.177060032999087,0.595793586969806
"YGR131W",142.366868930115,0.22819601936269,0.169072878249407,1.34969027395433,0.177115353434219,0.595793586969806
"YNL187W",154.1914267678,-0.157188748606708,0.116464605630441,-1.3496696936878,0.177121957749723,0.595793586969806
"YHR033W",34.2430728532657,0.346564074759501,0.256792775395742,1.34958654590423,0.177148642177504,0.595793586969806
"YOL145C",3494.58033663373,-0.122331854167079,0.0906735132713349,-1.34914651206917,0.177289911090874,0.595793586969806
"YLL029W",1467.63211261172,0.166493540607674,0.12342383681761,1.34895774512107,0.177350538737324,0.595793586969806
"YDR303C",761.21229201942,-0.155343558094097,0.115169252896509,-1.34882839114784,0.177392093204068,0.595793586969806
"YDR528W",1210.71411046189,0.151442773888563,0.112298799445507,1.34856983900394,0.177475173818028,0.595793586969806
"YHR104W",620.410101471329,-0.111378184861184,0.0826105326271977,-1.34823225706349,0.17758369270436,0.595793586969806
"YBL057C",958.907396512436,0.111672299547184,0.0828547660266472,1.34780779552584,0.177720209964325,0.595793586969806
"YPL032C",3723.36758690626,-0.13164370459098,0.0977111426500312,-1.34727423117427,0.177891928196875,0.595793586969806
"YIL041W",3795.39241981252,-0.124945733411805,0.0927574186647176,-1.3470160684768,0.177975057612574,0.595793586969806
"YOR173W",71.0479553135217,0.295382074415354,0.219298925995042,1.34693808040826,0.178000175767178,0.595793586969806
"YIL143C",168.947352903735,-0.162175370959093,0.120418364650907,-1.34676609692582,0.178055576998183,0.595793586969806
"YKR004C",310.89587243531,-0.167679573187497,0.124518662480652,-1.34662202313289,0.178101997528341,0.595793586969806
"YIL027C",2124.40610687737,-0.133063211719099,0.0988608665958733,-1.34596444782382,0.178313982465294,0.596147877129656
"YFR030W",975.08152379247,-0.118480312934663,0.0881649028203017,-1.3438489596722,0.178997233710084,0.597038105935402
"YDL085W",14.9669190419148,0.45819664403212,0.340964337338746,1.34382571388076,0.179004752335688,0.597038105935402
"YMR310C",1428.85430874788,-0.123383294409113,0.0918651004863643,-1.3430921400606,0.179242140340761,0.597038105935402
"YDR330W",314.420023359503,-0.200982681163404,0.149669471874298,-1.3428435247784,0.179322646524669,0.597038105935402
"YHR018C",749.708475484195,-0.153035540342641,0.113967068026413,-1.3428049259561,0.179335147941234,0.597038105935402
"YKL056C",47552.0124595239,-0.0994139110480665,0.0740345864754972,-1.34280362437047,0.179335569511093,0.597038105935402
"YBR080C",819.218315014323,0.139632236306351,0.10399798932818,1.34264361463492,0.17938740059007,0.597038105935402
"YPL258C",351.23656093081,-0.116668477465241,0.0869031356704675,-1.34251171220843,0.179430135395889,0.597038105935402
"YJR107W",105.973738553293,0.181536001677831,0.13530631251045,1.34166690607145,0.179704021951948,0.59722749436733
"YNL044W",2567.5782608865,-0.151886253923365,0.113223950645476,-1.34146753454088,0.17976870359371,0.59722749436733
"YLR183C",582.613440955969,-0.157361663323284,0.117315620151126,-1.34135303653998,0.17980585773479,0.59722749436733
"YGR096W",160.103766931758,0.19752396746211,0.147403176575976,1.34002517483265,0.180237160474332,0.598306463003984
"YFL028C",511.350210222106,-0.133804581511977,0.0999040927020221,-1.3393303306509,0.180463158902503,0.598670589781204
"YKL133C",53.093633576935,-0.230305265143603,0.172027660568819,-1.33876880254074,0.180645949938831,0.598670589781204
"YGR281W",383.748256710892,-0.151279575307211,0.113050684184061,-1.33815709651884,0.180845231546199,0.598670589781204
"YEL044W",900.171360612785,0.114735694066404,0.0857495165008065,1.33803313124599,0.180885636841562,0.598670589781204
"YML129C",2138.10463298221,-0.183089182794733,0.13688674511973,-1.33752309352225,0.181051949284895,0.598670589781204
"YPL159C",810.985350131896,-0.119237215091891,0.0891949949176199,-1.33681508925493,0.181283002533014,0.598670589781204
"YER022W",1119.99391878188,-0.120575250703712,0.0902019247083284,-1.33672591902664,0.181312118251359,0.598670589781204
"YLR430W",1604.05470969597,0.175300612648168,0.131292764980433,1.33518867299576,0.181814603146023,0.598670589781204
"YDR292C",911.432314475283,0.143660309572045,0.107628971815926,1.33477359439745,0.181950458294732,0.598670589781204
"YEL017W",435.438165874759,0.163444656021553,0.122456933187414,1.33471132885069,0.181970844290426,0.598670589781204
"YER114C",570.818027387609,-0.11625113296069,0.0871561740196723,-1.3338255639176,0.182261030881106,0.598670589781204
"YBR206W",982.735043359228,0.104422204805879,0.0783273601456446,1.33315108043617,0.182482229338244,0.598670589781204
"YDR356W",2934.09053275684,-0.141864251971761,0.106426715431181,-1.33297594872686,0.182539696736313,0.598670589781204
"YMR276W",2628.76547928294,-0.117050253181792,0.0878406703936544,-1.33252914233505,0.182686371750692,0.598670589781204
"YOL097W-A",90.8252881394112,-0.194943453487004,0.146354136154163,-1.33199825170407,0.182860763013085,0.598670589781204
"YHR194W",180.441912505831,0.180946175741609,0.135862366081107,1.33183442156151,0.18291460417464,0.598670589781204
"YCR106W",316.584516586596,0.152685440227552,0.114660980038165,1.33162511062378,0.182983409245772,0.598670589781204
"YPR167C",570.35616712915,-0.134288409744359,0.100853701662647,-1.33151691539841,0.183018982896084,0.598670589781204
"YJL087C",665.935319253607,-0.119378931544008,0.0896915122831174,-1.33099474526843,0.183190739961406,0.598670589781204
"YPL049C",1385.57490612189,0.195029199839045,0.146607148864534,1.33028437800979,0.183424592313921,0.598670589781204
"YDR087C",2323.01632623442,-0.0936949338121275,0.0704386387250583,-1.33016389169366,0.183464278243679,0.598670589781204
"YDR430C",526.051813712378,0.189457279501886,0.142433061633666,1.3301495967921,0.183468987137885,0.598670589781204
"YNR023W",421.294373034846,0.119749329725694,0.0900459455754572,1.32986920133285,0.183561370519544,0.598670589781204
"YMR215W",1190.49735620906,-0.146559764670186,0.11021607925054,-1.3297493947052,0.183600854351479,0.598670589781204
"YPR197C",11.6642549331678,-0.421074871925978,0.316867929414389,-1.32886553935634,0.183892334796076,0.598670589781204
"YHR111W",354.013255691557,-0.141523425499238,0.106502270013931,-1.32883013179651,0.183904018741509,0.598670589781204
"YHR169W",1796.76775655253,-0.13610793644538,0.102434827969899,-1.32872714430073,0.183938006142399,0.598670589781204
"YGL125W",61.1822297308739,0.258641448136536,0.194682274128996,1.32853106064068,0.184002729516663,0.598670589781204
"YIL077C",351.537179205924,-0.112543880016818,0.0847231390252422,-1.32837240583457,0.184055110701339,0.598670589781204
"YNL070W",1361.45465903535,-0.466943066929223,0.351517472278666,-1.32836374790227,0.184057969506331,0.598670589781204
"YKR027W",270.76598716658,0.137723010181306,0.103706148718577,1.32801200201774,0.184174142003564,0.598670589781204
"YOR022C",60.0412046086604,-0.259793577313631,0.195647563772415,-1.32786512801066,0.184222666723446,0.598670589781204
"YER112W",1750.46596773244,-0.156391173093217,0.117794185726288,-1.32766462223029,0.184288925765733,0.598670589781204
"YGL047W",254.057018364424,-0.174439123220589,0.131390440194308,-1.32763938504671,0.184297266882996,0.598670589781204
"YDR093W",860.365691871083,0.151307309091603,0.113983742619723,1.32744640256638,0.184361058576779,0.598670589781204
"YNL108C",572.401060127479,-0.198147689125421,0.149299872573167,-1.32717922467292,0.184449403055295,0.598670589781204
"YKL053W",27.6633707269517,-0.505704212400437,0.38108349254822,-1.32701684089989,0.184503111838932,0.598670589781204
"YKL082C",14932.7710500631,-0.128001113287677,0.0964782864556913,-1.3267349368447,0.184596379703832,0.598670589781204
"YPL146C",6727.28858789246,-0.156223468434868,0.117754668483465,-1.32668598576034,0.18461257870922,0.598670589781204
"YHR087W",600.652325598856,0.43457304619342,0.32757247862407,1.32664700044031,0.184625480573532,0.598670589781204
"YPR008W",2867.1289729371,-0.124279531189917,0.0936983954004375,-1.32637843645866,0.184714377701176,0.598670589781204
"YPR199C",448.801144007665,0.115354132389378,0.0871686681056999,1.32334398237564,0.185721011467315,0.601586215819199
"YKL039W",1876.58389383948,-0.112780754309145,0.0852519054629443,-1.32291183049471,0.185864700580213,0.601704848652532
"YNL005C",2580.76820902834,0.118880162634129,0.0899209418596587,1.32205201786773,0.186150829918518,0.602284205032858
"YJR034W",405.232072431533,-0.148712471347666,0.112564199054076,-1.32113471776425,0.186456448801097,0.602925916146241
"YJR115W",88.8879170163284,-0.301592300310819,0.228367344504437,-1.32064547567115,0.186619602186956,0.603016679834883
"YDR241W",29.5664919891374,0.347221955389757,0.262965822930395,1.32040715983713,0.186699114397277,0.603016679834883
"YOR087W",418.432647716499,-0.166271826729829,0.125974834569011,-1.31988128659731,0.186874656420994,0.603236972479028
"YIL093C",743.57743025294,0.115631377812025,0.0876592014334012,1.31910142827249,0.18713520575189,0.6037312608069
"YMR217W",4937.62484311723,0.217230372171484,0.164860888566283,1.3176586275898,0.187617950086002,0.603912832263043
"YKL021C",1510.31615320524,0.150753113424704,0.114412934397695,1.31762299619632,0.187629883556292,0.603912832263043
"YHR134W",227.324336332649,0.149992468556169,0.113856970523338,1.31737624729287,0.187712538716513,0.603912832263043
"YML094C-A",9.02834582701162,-0.69019510418965,0.524066332894456,-1.31699951106886,0.187838788451451,0.603912832263043
"YOR286W",3105.58293841782,-0.0897572906003709,0.068155164439187,-1.31695508827448,0.187853679299038,0.603912832263043
"YLR205C",1146.62785590169,-0.162239524491296,0.123216842114263,-1.3166992572399,0.187939452700594,0.603912832263043
"YER011W",306.244302190088,-0.226468668563544,0.172014652135712,-1.31656615149779,0.187984090975585,0.603912832263043
"YBR042C",205.990562486779,-0.256297463359177,0.194738374927083,-1.31611174970081,0.188136537878716,0.603912832263043
"YDL235C",396.724341250108,-0.164794704728832,0.125249760830264,-1.31572869789475,0.188265118470097,0.603912832263043
"YBR260C",721.077996822132,-0.0913529052219402,0.0694315636527985,-1.31572588050533,0.188266064435027,0.603912832263043
"YJR044C",1786.67687505291,-0.0965565665044917,0.0734458997469709,-1.31466245000932,0.188623371705814,0.604506376897113
"YPL058C",54.8577902212887,0.298228128826665,0.226869674070583,1.31453500803233,0.188666225102764,0.604506376897113
"YHR028C",709.744387952338,0.125464874890486,0.0954867131907122,1.31395113202713,0.188862649944737,0.60479093600537
"YMR199W",718.82155065495,0.137316480349813,0.104534412496967,1.31360072793059,0.18898060363641,0.604824027583499
"YOR175C",864.238881045032,0.12499045465998,0.0952403176000716,1.31236915005716,0.189395610649158,0.605610421408447
"YDR285W",490.464427634076,-0.13925111246444,0.106117746385094,-1.3122320931987,0.189441836447696,0.605610421408447
"YDR268W",443.140087467568,-0.104058653331738,0.0793704814304404,-1.31104979403374,0.189840941221501,0.606541267575233
"YNL106C",268.142899879162,-0.13931213511305,0.106320753775216,-1.31030048383202,0.190094203862385,0.607005355515115
"YJL162C",664.958182419769,-0.145396350086331,0.111017722619932,-1.30966792197759,0.190308199870834,0.607065036445473
"YDR381C-A",334.786266585329,0.157088613072041,0.119977652026983,1.30931561351702,0.19042746290279,0.607065036445473
"YER128W",215.586978047386,-0.160228953143163,0.122378730043723,-1.30928759504137,0.190436950045084,0.607065036445473
"YAL067C",105.746545115006,0.242021117615488,0.184916005461166,1.30881649217928,0.190596519054337,0.607229272724134
"YDL008W",617.896467474577,-0.132678106795107,0.101401513638385,-1.30844306001447,0.190723075582818,0.607288206671635
"YLL024C",22554.2251660952,-0.465110224308713,0.35575578125691,-1.30738627118144,0.191081557593922,0.607479824402207
"YDR144C",2009.22189589068,0.169817339036983,0.129901029828051,1.30728246929042,0.191116795812842,0.607479824402207
"YPR184W",19.8931660104844,0.323260409746587,0.247594653105141,1.30560335488874,0.191687478865084,0.607479824402207
"YHR150W",124.960874986994,0.181484790697175,0.139005263848771,1.30559653406089,0.191689799623162,0.607479824402207
"YLR033W",2308.62776474806,-0.0944206045102438,0.0723400736839023,-1.30523235188873,0.1918137410925,0.607479824402207
"YMR022W",1472.52380152564,0.097273527283508,0.0745359449056445,1.30505526436469,0.191874030267273,0.607479824402207
"YJL059W",173.259377808113,0.143264108067511,0.109785009801582,1.30495145308488,0.191909379136295,0.607479824402207
"YMR223W",370.216790760378,0.143789980168,0.110194027468479,1.30487997826498,0.191933719872975,0.607479824402207
"YJL043W",9.71446856109999,0.624020958757796,0.47823653369931,1.30483749104402,0.191948189964072,0.607479824402207
"YDL176W",292.959688348768,0.128544225507607,0.0985478131074864,1.30438435368833,0.192102567188564,0.607479824402207
"YER116C",6.56518561665786,0.831624946296679,0.637675551219362,1.30415058991433,0.192182242751253,0.607479824402207
"YGL142C",448.156762357519,-0.112162013822608,0.0860127622038863,-1.30401595006026,0.192228144147062,0.607479824402207
"YKL165C-A",17.6613505262621,0.403656868331082,0.309584563184824,1.30386626574173,0.192279183960043,0.607479824402207
"YPL100W",335.869922566153,0.140023366279449,0.107422416578736,1.30348367444162,0.192409686378091,0.607479824402207
"YDR253C",176.211793875154,0.222432740621265,0.170729986634918,1.30283346824659,0.192631621936951,0.607479824402207
"YBL106C",96.5045618492266,0.25115091936419,0.192833029972144,1.30242686846994,0.192770502641821,0.607479824402207
"YNR017W",3808.66128604608,0.10143409774291,0.0779050386366064,1.30202230199842,0.192908761853666,0.607479824402207
"YER007C-A",4553.10638283277,-0.140291489616049,0.107749909034219,-1.3020102835678,0.192912870225451,0.607479824402207
"YMR090W",257.993819101793,-0.201490292780105,0.15477390309199,-1.30183634808479,0.192972335405458,0.607479824402207
"YNL312W",869.92990735318,-0.124400681829863,0.0956052604410952,-1.30119076351985,0.193193166051448,0.607479824402207
"YML069W",1166.34138840253,0.163981767277079,0.12602619832125,1.30117205360014,0.193199568791086,0.607479824402207
"YDR493W",695.176639858477,0.129176314303539,0.0992896181674314,1.30100524795765,0.193256658400412,0.607479824402207
"YPL158C",2236.26013568779,-0.159689284801958,0.122746505158353,-1.30096807722505,0.193269381856076,0.607479824402207
"YJR096W",440.306574870585,0.145931493065665,0.112237226741067,1.30020579893988,0.193530443657144,0.607787966215434
"YOR089C",1586.58520846786,0.113521761573235,0.0873358606541585,1.29982988342864,0.1936592808932,0.607787966215434
"YJL094C",306.587567067132,0.117541361746547,0.0904397750394166,1.29966446395205,0.193715994934415,0.607787966215434
"YDL206W",85.5339076942763,0.220693959421407,0.169900814388286,1.29895763134507,0.193958469770201,0.607787966215434
"YDR201W",387.39231537683,0.126368454832318,0.0973595764149197,1.29795608696745,0.194302425182566,0.607787966215434
"YFL020C",16.2006100833932,0.415759408978831,0.320409499244778,1.29758764942612,0.194429068415426,0.607787966215434
"YPL166W",85.3963974916431,0.227098078030571,0.175024342562158,1.2975228171471,0.194451359514812,0.607787966215434
"YKL075C",37.0277167930947,-0.329184352344122,0.253733699427832,-1.29736157667046,0.194506806504039,0.607787966215434
"YLR287C",1658.44307740215,-0.12354244149902,0.0952500551897418,-1.29703275502485,0.194619916855078,0.607787966215434
"YHR012W",458.812448259559,0.170599288044544,0.131564296652417,1.29669897065808,0.194734783666248,0.607787966215434
"YLR253W",593.526591442133,0.0960669389114544,0.0740874871006512,1.29666887987364,0.194745141395269,0.607787966215434
"YOR354C",643.337985577412,0.12014834833246,0.0926606079479661,1.29664968742629,0.194751747953539,0.607787966215434
"YBR200W",514.288476603538,0.129540105469904,0.0999272725927436,1.2963438519717,0.194857046955424,0.607787966215434
"YLR259C",5325.30707971359,-0.158682588945624,0.12241916629237,-1.2962234080785,0.194898527190518,0.607787966215434
"YFL004W",2197.0161770963,0.145858133882209,0.112548421044683,1.29595895285196,0.194989626883706,0.607787966215434
"YDL053C",3321.73496051075,0.149137832165815,0.115136548575605,1.29531268750759,0.195212384161692,0.607856178588932
"YGL043W",3303.1118367,-0.0916247209264329,0.0707406954351221,-1.29521939758797,0.195244555104454,0.607856178588932
"YMR104C",22.3804672665805,-0.362560289970103,0.280033901940585,-1.29470141814125,0.195423250559654,0.607856178588932
"YOL058W",1652.46106222901,-0.123997802681718,0.0957777605227538,-1.29464086448607,0.195444148524947,0.607856178588932
"YGR061C",5570.97186760471,0.192451672876608,0.148868287802738,1.29276473664842,0.196092440095065,0.609456434244606
"YOR387C",31.9878391321682,-0.412910515780541,0.319486461071933,-1.29241944837084,0.196211925131712,0.609456434244606
"YKL047W",335.198472293791,0.119386430005759,0.0923892544680499,1.29221120673774,0.196284011740701,0.609456434244606
"YGR126W",5.70633177417224,0.644233429260444,0.498942818658747,1.29119691709817,0.196635403866771,0.610210364291138
"YGL031C",64997.273042394,-0.127546020998102,0.09884020390541,-1.2904265264382,0.196902606941842,0.610702346033749
"YAR071W",7.31831199731563,-0.879960604903762,0.682164078282978,-1.28995447417671,0.197066465334091,0.61087343363353
"YIL103W",369.238588871889,0.180638032865358,0.140089207419505,1.28945003111073,0.197241677512092,0.61107950805841
"YBR154C",6963.02137499388,0.11668396560117,0.0905194491549728,1.28904856017631,0.197381205040342,0.611174860786073
"YOR117W",2002.24127668238,-0.121362052005107,0.0942050585413121,-1.28827532071311,0.197650140829815,0.611642679284369
"YLR120W-A",178.043870090656,0.214336432793707,0.166415890534472,1.28795652930336,0.197761095787573,0.611642679284369
"YER024W",314.291633157587,0.168081821695622,0.130531149211806,1.28767595099378,0.197858788423307,0.611642679284369
"YFL026W",61.1701165763313,-0.220710039453594,0.171503000066499,-1.28691649340254,0.198123395861941,0.611849043912182
"YDR180W",712.622139097825,0.10803613730588,0.0839533316198468,1.28685943989791,0.198143284683304,0.611849043912182
"YOL102C",309.517395029844,-0.239169034910829,0.185914609989649,-1.28644561567348,0.198287587299144,0.611855140102157
"YLR414C",2199.62672916271,-0.166248103851868,0.12927763270558,-1.28597732161824,0.198450976502298,0.611855140102157
"YHL004W",533.684032577129,-0.253684988089154,0.197297900722244,-1.28579669200987,0.198514025018161,0.611855140102157
"YBL043W",93.7214102084925,-0.191460865844734,0.148926596566176,-1.28560559536898,0.198580742979775,0.611855140102157
"YML074C",12653.7171829351,-0.0847845736732362,0.0660001797086722,-1.2846112548099,0.198928163737898,0.612430224031354
"YKR075C",312.896534308823,-0.478353559843106,0.372419634476609,-1.28444774539177,0.198985336135454,0.612430224031354
"YBR084W",2703.0705073884,0.14763647778247,0.114993543899547,1.28386753530649,0.199188308226646,0.612719371775452
"YDR533C",1139.9127732115,-0.153621137237856,0.119696853288748,-1.28341834406683,0.199345550502636,0.612861608063216
"YMR182W-A",159.691448328681,0.171611034149728,0.133790085048524,1.28268872904511,0.199601150190263,0.612861608063216
"YDR225W",10880.1786290863,-0.217942410012821,0.169934245171165,-1.2825102426724,0.199663714199635,0.612861608063216
"YHL017W",189.111157741137,-0.137309229733346,0.10710005317804,-1.28206500051954,0.199819845321397,0.612861608063216
"YPL070W",696.683296574566,0.130064985143426,0.101452701180582,1.28202584682212,0.199833579441754,0.612861608063216
"YOR372C",728.510618126563,0.108182172145477,0.0843941392297777,1.28186830427801,0.199888848323821,0.612861608063216
"YDR326C",1308.08030182428,-0.113525878959273,0.0886127091309291,-1.28114668959657,0.200142146977825,0.61311610608128
"YBL014C",717.093836349506,0.153561231591663,0.119894124064484,1.28080698524534,0.200261469906677,0.61311610608128
"YJR063W",5946.03858486386,-0.177846115714749,0.138866360345702,-1.28069976970671,0.200299140705557,0.61311610608128
"YNL069C",49114.7306071321,-0.156739101849903,0.122595939421798,-1.27850157671727,0.201072629178659,0.615148707666883
"YDR032C",1071.32986783503,-0.168346743486018,0.131727057816208,-1.27799668706565,0.201250594396578,0.615353261866337
"YGR259C",17.3784175672695,-0.494554400930775,0.38706892913393,-1.27769077729216,0.201358478393629,0.615353261866337
"YOR168W",3106.55716122708,0.130193482373455,0.101939521543568,1.27716395370573,0.201544370058944,0.6155866085496
"YOR184W",3303.87695512888,0.106492518055938,0.083415994470393,1.27664387066362,0.201728006024381,0.615812815783282
"YKL093W",52.7378440620123,-0.295127582794452,0.231427980383698,-1.27524589855186,0.202222220210391,0.616986361336808
"YGL086W",2523.69077861656,-0.106972434780295,0.0839730687635276,-1.27388978818358,0.202702477970149,0.61715701688511
"YDR054C",4076.08751638935,-0.0969713663624453,0.0761328899584171,-1.2737118795229,0.202765544780256,0.61715701688511
"YMR250W",153.754001080291,0.261313619021761,0.205197943454169,1.27347094528813,0.202850976300094,0.61715701688511
"YML111W",292.557184746355,0.138180387096892,0.108515365717412,1.27337162053835,0.202886202937758,0.61715701688511
"YHR052W",4870.61699155801,-0.135004572152656,0.106119284111613,-1.27219640881353,0.203303343277242,0.61715701688511
"YFL033C",329.30300494057,0.151511130271753,0.119119603526569,1.27192440023492,0.203399981410512,0.61715701688511
"YDL147W",4781.93893336819,-0.108232147164928,0.0850940600550127,-1.27191189484855,0.203404425078778,0.61715701688511
"YMR127C",346.6905100827,0.0998843434842488,0.0785721942280472,1.27124289280182,0.20364225153785,0.61715701688511
"YHR112C",1010.95008169876,-0.15935246382886,0.125366929223367,-1.27108851445935,0.203697160901029,0.61715701688511
"YDR435C",300.320749623208,-0.156046345077871,0.122774011876484,-1.27100469140701,0.203726979638538,0.61715701688511
"YBR055C",1127.21738627647,0.083218769234455,0.0654830850970748,1.27084374706977,0.203784241971163,0.61715701688511
"YDR342C",3186.66411118379,-0.360500215492817,0.283671590954881,-1.2708365130231,0.203786816045307,0.61715701688511
"YER028C",143.285981210463,-0.282241473762307,0.222136023540842,-1.27057948217217,0.20387829009862,0.61715701688511
"YBL078C",1197.85349834783,-0.173827842643364,0.136870058764777,-1.27002095426949,0.204077166177272,0.61715701688511
"YPL038W",674.924229908198,-0.137105915247979,0.107957060341539,-1.27000415548759,0.204083149936957,0.61715701688511
"YBR009C",18184.5609612971,-0.162915053124064,0.128280764322395,-1.26998816996932,0.204088844129056,0.61715701688511
"YJL196C",695.06296945365,-0.182205097873636,0.143487726821644,-1.26983054167495,0.204144999001676,0.61715701688511
"YCL057C-A",5685.55864332465,-0.110046257800886,0.0867106787013654,-1.26912001438587,0.204398262964089,0.61740675209267
"YML051W",443.18248984564,0.0947946188554229,0.0747329781885634,1.26844428193723,0.204639336448331,0.61740675209267
"YKR079C",1029.51932156607,0.116967185521255,0.0922143103056876,1.26842769992545,0.204645254824976,0.61740675209267
"YNL257C",552.17483617842,0.11698835280228,0.0922490687794073,1.26817922771698,0.204733953310308,0.61740675209267
"YKL035W",634.993373439001,-0.213243208128736,0.168165059679872,-1.26805894479316,0.204776901405825,0.61740675209267
"YOR196C",444.844985148143,0.142114736190206,0.112114339439063,1.26758750844221,0.204945295138846,0.617583141383548
"YKL046C",1741.98308485692,0.128666744760278,0.101609352193407,1.26628840734433,0.205409845808426,0.617767664059448
"YNL291C",577.220986391898,0.0973038927046013,0.0768476900483374,1.26619151002973,0.205444526345436,0.617767664059448
"YDL001W",675.133617739646,0.160381906348,0.126720315330807,1.26563689436313,0.205643110835591,0.617767664059448
"YDL212W",3213.65718135885,0.0965576269633092,0.0762980657412305,1.26553178019991,0.205680763503727,0.617767664059448
"YMR101C",43.187224687751,0.292021232767627,0.23075384973975,1.26550968964104,0.205688677141716,0.617767664059448
"YOR052C",2427.09013385417,-0.189037564170139,0.149397843702901,-1.26532993706433,0.205753079247278,0.617767664059448
"YEL071W",2385.34667690584,-0.184332834814846,0.145705442181425,-1.26510603897228,0.205833318382977,0.617767664059448
"YNL255C",6064.59214199342,0.0995217282208818,0.0786758334865435,1.26495931228874,0.205885913662517,0.617767664059448
"YHR072W",648.795959703644,-0.150508219461383,0.119080184872381,-1.26392329355789,0.206257560214113,0.618552555177863
"YEL066W",668.495495406662,-0.136835837310957,0.108515074198135,-1.26098459888726,0.207314396036863,0.621153142609099
"YLR452C",58.9705279422842,-0.225122307926942,0.178565023696235,-1.26073014337851,0.20740608976635,0.621153142609099
"YMR029C",354.704510675432,0.118470864972387,0.0939942397976384,1.26040558684707,0.207523087283139,0.621153142609099
"YHR178W",125.853265233942,0.197193322791349,0.156474221224048,1.26022881755709,0.207586829963459,0.621153142609099
"YEL051W",6643.44728060679,-0.11418206680923,0.0906222821699124,-1.25997783409541,0.207677358534252,0.621153142609099
"YOR086C",2378.83200709166,0.138642241362403,0.110153952282874,1.25862248688428,0.208166720870965,0.622285623029161
"YGL060W",135.01856653601,0.134377109345621,0.10680234929452,1.25818495785202,0.20832487368623,0.622427320636157
"YHR144C",453.355823711999,-0.16731851604067,0.133121669132866,-1.25688415064623,0.20879558848558,0.623502235541424
"YJL198W",1097.41100780363,-0.113320952707684,0.090228416167547,-1.25593418926091,0.209139831554886,0.623668482351615
"YLR028C",1479.41656945442,0.129309773566402,0.102994376251223,1.25550324467223,0.209296130958386,0.623668482351615
"Q0045",4443.85443799224,-0.224489865543226,0.178857635455979,-1.25513157417581,0.209431000162572,0.623668482351615
"YOR323C",2168.11403714475,0.0959903683456763,0.0765015609935951,1.25475045344124,0.209569363954553,0.623668482351615
"YPL096C-A",929.042186277521,0.183940135908755,0.146599488686435,1.25471198813107,0.209583332251107,0.623668482351615
"YLR067C",301.696779699791,0.12531674644871,0.0998944606992944,1.25449144598661,0.209663432961451,0.623668482351615
"YNL057W",6.32228917922181,-0.980128861806123,0.781457507794807,-1.25423180663008,0.2097577621511,0.623668482351615
"YNR070W",18.2634994362329,-0.372992823350247,0.297395893636693,-1.25419627954213,0.209770671834241,0.623668482351615
"YKL169C",12.9932221315665,0.47281647852028,0.377053261677169,1.25397795636921,0.209850017816175,0.623668482351615
"YKL183W",1720.57399020517,-0.109296674785852,0.0872172566762972,-1.25315423748653,0.210149580590816,0.624228669619656
"YMR307W",12639.4678694231,-0.117790716102036,0.0941337737448144,-1.25131195123817,0.210820686842015,0.625498003980991
"YDL216C",81.3420765299095,0.222178749887096,0.177572990403852,1.25119675791796,0.210862700790924,0.625498003980991
"YOR221C",1607.30169316028,-0.107693378460308,0.086081369018372,-1.25106488998013,0.210910803833448,0.625498003980991
"YJR125C",614.239231326389,0.132801555900095,0.106187041457695,1.25063806352494,0.211066556837584,0.625534444132373
"YLR300W",2316.10297094445,-0.126929019377269,0.101509005892329,-1.25042126323159,0.211145701159984,0.625534444132373
"YPL074W",635.097088650858,0.131002381746939,0.104805650846138,1.24995532864216,0.211315866154623,0.625692055594954
"YGL115W",2490.06519705905,0.105533911548475,0.0844496915820225,1.24966603869682,0.211421568251747,0.625692055594954
"YOR274W",965.758540594129,0.11828671848697,0.0946833454225823,1.24928748513313,0.211559943632134,0.625772043796102
"YOR269W",187.258059978819,0.205974279922732,0.164986633765385,1.2484301014083,0.211873591241873,0.626260990211831
"YGL096W",319.404153524801,0.134744091481654,0.107948428656773,1.24822652037001,0.211948114480944,0.626260990211831
"YMR239C",1307.5969617731,-0.13632737274004,0.109282666854274,-1.24747479782709,0.212223455479361,0.626494045483909
"YDR386W",169.568608274336,0.150862040185412,0.120940944689803,1.24740252833607,0.212249939964655,0.626494045483909
"YPR105C",430.039876358322,-0.142813104280062,0.114585798220404,-1.24634209909122,0.21263882837636,0.626746958037788
"YMR021C",311.322384262297,-0.179087952558746,0.143694983473246,-1.24630622607705,0.212651992984228,0.626746958037788
"YOR165W",723.886024145124,0.0984377770496387,0.0790035398290725,1.24599198039244,0.212767339406856,0.626746958037788
"YOL003C",566.745642593202,-0.116278129053993,0.0933246627291575,-1.24595284519217,0.212781707461939,0.626746958037788
"YKR068C",930.474303355026,-0.0969693690053249,0.077912965910496,-1.24458577429487,0.213284052174347,0.627152804630519
"YDR313C",212.496179578263,-0.169233327366825,0.135975630813294,-1.24458571256196,0.213284074878075,0.627152804630519
"YNL190W",6951.4096308822,-0.154157467018668,0.123863555569017,-1.2445748574751,0.213288067117806,0.627152804630519
"YDL164C",465.245146459601,0.129100652070555,0.103823005816378,1.2434686421898,0.213695189337136,0.627152804630519
"YMR069W",99.0003782614664,0.249690146074526,0.200868405295981,1.24305335976858,0.213848171069022,0.627152804630519
"YOR065W",11844.3178536411,-0.130197487686612,0.104743413289205,-1.24301360436981,0.213862820304943,0.627152804630519
"YDR379W",565.848607586986,-0.127305798065472,0.102421807513868,-1.24295597935269,0.213884055497879,0.627152804630519
"YML062C",1076.75439192137,0.0941464631628466,0.075749193996488,1.24287082404087,0.213915438567786,0.627152804630519
"YIL162W",308.088495750865,0.228944437099216,0.184209514701237,1.24284805521872,0.213923830333933,0.627152804630519
"YFR034C",79.6374664520218,0.23478548217294,0.189072101630222,1.24177750259593,0.214318665515913,0.62798274254402
"YJR045C",5913.14402479995,-0.157311149971096,0.126831381756791,-1.24031724477112,0.214858076457338,0.629235221308097
"YCR075C",140.293275748165,-0.298439885900436,0.240732798605514,-1.23971427088124,0.215081096804703,0.629560293772098
"YOR353C",88.1645066775244,-0.290012808253824,0.234024667265585,-1.23924034009928,0.215256505374684,0.629616605277135
"YCR054C",117.809594777302,-0.247931753658395,0.20009713673042,-1.23905697857346,0.215324397747803,0.629616605277135
"YPL062W",7.77237807046314,-0.752440960771048,0.608175288695416,-1.23721067718008,0.216008878623515,0.630742623324118
"YDR468C",158.168436166018,0.162543212370773,0.131379792743814,1.23720101071956,0.216012466396648,0.630742623324118
"YNL327W",2055.4416284266,-0.152888738426508,0.12358950018454,-1.23706899209253,0.21606147031045,0.630742623324118
"YMR177W",784.097361727707,0.129305479299135,0.104547748395156,1.23680788236972,0.216158415039546,0.630742623324118
"YML100W",83.3468835832258,0.306005325322773,0.24764399345872,1.23566625238493,0.216582646822625,0.631652555860483
"YDR116C",2516.83940091435,0.068209353343369,0.0552192075342358,1.23524687131881,0.216738639983443,0.63177964559489
"YPL115C",149.915998446847,0.179985219033855,0.145777209643889,1.23465951552736,0.21695724897655,0.632089030196065
"YEL038W",861.014692502643,-0.121894942432189,0.098784319517468,-1.23395031749583,0.217221418001275,0.632212387107914
"YJL002C",1768.55821915252,-0.202774995426414,0.164331079893498,-1.2339418420291,0.217224576424445,0.632212387107914
"YOR185C",323.640315111536,-0.208813769669581,0.16934701013354,-1.2330525912735,0.217556143534696,0.632849651482914
"YOR260W",3286.0106913594,-0.0977530628918344,0.0793178904662038,-1.2324213656878,0.217791723810822,0.633060956292241
"YER018C",124.276418223975,-0.190836872706131,0.15488833394147,-1.23209326260973,0.217914247871815,0.633060956292241
"YJL095W",371.654435330741,-0.109711987959762,0.08908204348957,-1.23158364651354,0.218104652866306,0.633060956292241
"YDR288W",519.589745685392,0.101999683663968,0.0828474676943316,1.2311744281708,0.218257633348067,0.633060956292241
"YKL036C",122.869053738913,-0.242117686536505,0.196675850332045,-1.23104939486847,0.218304390653004,0.633060956292241
"YIL084C",325.290923705021,-0.12841406765717,0.104355304268533,-1.23054662680805,0.218492477861886,0.633060956292241
"YHR061C",181.271644581454,-0.157774269718055,0.128220101390256,-1.23049559318197,0.218511576218624,0.633060956292241
"YJR061W",99.4655235671467,0.186541158478378,0.151645101712046,1.23011661024565,0.218653440846721,0.633060956292241
"YJL143W",1077.56511817183,0.0949649014028405,0.0772058339232903,1.23002235164243,0.218688734928206,0.633060956292241
"YAL028W",140.479739052666,-0.230000154633483,0.187020717772285,-1.22981109993134,0.218767850636128,0.633060956292241
"YFR053C",10.8476504251796,-0.551077605774515,0.448300356676174,-1.22925979773998,0.218974415204718,0.633060956292241
"YLR119W",571.969741212047,-0.111307017363163,0.0905648467556047,-1.22903114564454,0.219060128758564,0.633060956292241
"YER007W",114.446804027152,-0.164536090876993,0.133956278904407,-1.22828203517364,0.219341112445635,0.633060956292241
"YLR125W",218.819343606742,0.15715080506872,0.128028961540885,1.22746293633363,0.219648644093322,0.633060956292241
"YOL121C",11346.3793353553,-0.45709948246403,0.372467026628409,-1.22722133715223,0.219739411872348,0.633060956292241
"YNL058C",2558.67224624881,-0.138232584985321,0.112687155998273,-1.22669335081489,0.219937867770198,0.633060956292241
"YLR329W",12.9344945873596,-0.468020232328372,0.381558883736273,-1.22660027659547,0.219972865201865,0.633060956292241
"YLR409C",1169.99087235355,0.161641882454243,0.131796328396185,1.22645209029148,0.220028593925652,0.633060956292241
"YFR044C",3769.06647406729,0.111294122918688,0.0908096855517104,1.22557546854749,0.220358474061045,0.633060956292241
"YKL139W",255.668161728626,0.121257178839197,0.0989415547118654,1.22554349577706,0.220370512385214,0.633060956292241
"YOL100W",453.858233581646,0.0984220829386256,0.0803104721548202,1.2255199141264,0.22037939160386,0.633060956292241
"YLL004W",432.994587444251,-0.185256673442322,0.151197185702243,-1.22526535518427,0.220475257231901,0.633060956292241
"YLR097C",282.839331352182,0.178293138044555,0.145556542886339,1.22490638008475,0.220610496286049,0.633060956292241
"YMR209C",385.276834304015,0.12514022229299,0.102179711761074,1.22470713741691,0.220685583956352,0.633060956292241
"YNL188W",811.048517628055,-0.142011067988009,0.115958440565915,-1.22467210920523,0.220698786771762,0.633060956292241
"YGR287C",60.7522929634176,0.210238536122743,0.171753491381609,1.22407139692798,0.220925295083325,0.633060956292241
"YAL033W",808.285210044967,0.151135940431235,0.123475848061497,1.22401216759379,0.220947637488142,0.633060956292241
"YDL132W",576.359619987933,0.114542210409303,0.0935850073841511,1.22393761149289,0.220975763736808,0.633060956292241
"YIR025W",152.906117613797,0.171812254038073,0.140383295563102,1.22387961722158,0.220997643819011,0.633060956292241
"YLR380W",1423.52216019238,-0.089194428176174,0.0728800849464612,-1.22385186902152,0.221008113210921,0.633060956292241
"YDR041W",1430.28857372104,0.098364896396786,0.0803931219434222,1.22354865713527,0.221122538182485,0.633066054297282
"YJL115W",1277.91093617213,0.124080630140301,0.101575411799142,1.22156167464683,0.221873429250013,0.634620532030732
"YPL117C",3322.51243778953,0.0801391347616991,0.0656133416838109,1.22138474744798,0.221940379418411,0.634620532030732
"YDR259C",864.862834635122,-0.158344201919848,0.129661098123551,-1.22121595614566,0.222004264407904,0.634620532030732
"YMR300C",4573.66678689942,0.15027395690569,0.123151023328999,1.22024123587046,0.222373439134879,0.634954446156102
"YLR036C",110.034611133922,-0.190440233067675,0.156091685853565,-1.22005366286026,0.222444532705564,0.634954446156102
"YEL002C",2142.40588521012,-0.0978439799746142,0.0801991414519462,-1.22001281065135,0.22246001859099,0.634954446156102
"YER100W",628.371898641016,-0.126599922990595,0.103804492976656,-1.21959964699279,0.222616680308483,0.635079057529785
"YDR186C",825.720265820031,0.131608204291293,0.107967668428904,1.21895939966469,0.222859602679025,0.635114772154088
"YEL005C",241.053843258541,-0.189422307091553,0.155449201536545,-1.21854795791294,0.223015811833812,0.635114772154088
"YDR322C-A",4111.12700770908,0.100826171312176,0.0827549556493773,1.21837019331343,0.22308332668484,0.635114772154088
"YNL051W",465.45776059539,-0.12307112853556,0.101045537580776,-1.21797687935677,0.223232758982682,0.635114772154088
"YOL086C",64023.4004306499,-0.261461054073145,0.214765827146184,-1.21742391490978,0.223442968604757,0.635114772154088
"YDR239C",662.125065585563,-0.12596045968663,0.103469742450335,-1.21736516109616,0.223465312205961,0.635114772154088
"YPR115W",395.791543616944,0.130217788936022,0.106998814211464,1.21700216862843,0.22360339075194,0.635114772154088
"YDR274C",14.7266764219498,-0.410961666128825,0.337709134435786,-1.21691012834291,0.22363841161184,0.635114772154088
"YOR119C",2289.36869740974,-0.106077934515687,0.0871713828487836,-1.21688943147433,0.223646287205149,0.635114772154088
"YJR123W",85290.8906921275,-0.142742358313315,0.117393941782204,-1.21592610441635,0.224013072890975,0.635835085680444
"YHR094C",749.857303717529,-0.419782471838898,0.345677633294728,-1.2143755667321,0.224604341232729,0.636956653047257
"YMR077C",695.399328910898,-0.147182708867553,0.121208309560004,-1.21429553305246,0.224634890807769,0.636956653047257
"YEL012W",257.757102239673,0.123487997065759,0.101761867451876,1.21349971416512,0.224938823591572,0.637194440074144
"YBR230W-A",614.788440769895,-0.167854452074332,0.138324608449252,-1.21348221372999,0.224945510517278,0.637194440074144
"YML116W",275.374655190722,0.129506012207566,0.106810154049943,1.21248783282356,0.225325697302623,0.637611543764015
"YIL055C",92.4671679295903,0.197262956563311,0.162726221507043,1.21223829040222,0.225421178131077,0.637611543764015
"YKR025W",1424.61824045812,0.129664336535257,0.107034428157608,1.21142644256786,0.225732010184286,0.637611543764015
"YPL078C",5695.87664554758,0.0955705216016554,0.078910692246395,1.21112258530493,0.225848426621257,0.637611543764015
"YJL077W-A",97.5939587761781,0.202104913642672,0.166890551149225,1.21100273353378,0.225894357057849,0.637611543764015
"YDL243C",243.517233873304,-0.170032283695991,0.140411999596848,-1.21095265493113,0.225913550506095,0.637611543764015
"YPR067W",674.533032893049,-0.128107076482621,0.105816732599764,-1.21065046458358,0.226029394632465,0.637611543764015
"YGL017W",122.816887862464,0.161417833993494,0.133372317596175,1.21027989093085,0.226171511239155,0.637611543764015
"YDL130W-A",1281.4915059778,-0.188080291040821,0.155407718668221,-1.21023777102315,0.226187668441639,0.637611543764015
"YMR006C",1367.70591425113,0.163486764358087,0.135098014770032,1.21013446893635,0.226227298623745,0.637611543764015
"YGR088W",182.88474979408,0.221658471174907,0.183213579888639,1.20983647232719,0.226341647985308,0.637614066003724
"YHR081W",4368.48558793098,-0.171978544657607,0.142229782285919,-1.20915986717807,0.226601432789333,0.637822512016428
"YPL192C",49.7489662464061,0.250164222711706,0.206909290914235,1.2090526317419,0.226642625711176,0.637822512016428
"YNL276C",95.8716549757561,0.225534032825212,0.186595671953839,1.2086777279647,0.226786681484226,0.63790848345413
"YMR173W-A",71.843149663338,-0.300584834874566,0.24895438916442,-1.20738917632035,0.22728230191769,0.638851975460049
"YMR032W",81.3674768258643,0.212162777157354,0.175745682280147,1.20721473440898,0.227349457459092,0.638851975460049
"YOR295W",164.476668959385,-0.220344325929518,0.182641886675424,-1.20642821830403,0.227652421105741,0.639258921469191
"YFR029W",290.375528455012,0.103348015903931,0.0856772336425083,1.20624828218841,0.227721772381018,0.639258921469191
"YOR069W",814.254419461876,0.120503941409795,0.0999493116208533,1.20565053881425,0.227952263696629,0.63958648126563
"YMR291W",170.855555874629,-0.144640261960925,0.120011255231043,-1.205222474196,0.228117428573151,0.639730513264025
"YKL029C",1620.8242593623,0.139230938063604,0.115598648832585,1.20443395722768,0.228421893856992,0.639876012889923
"YCR012W",10275.495753642,-0.432573534448543,0.35931982940677,-1.20386769403379,0.228640720104586,0.639876012889923
"YLR284C",125.76234925232,0.180113135368394,0.149616166776248,1.20383471418402,0.228653469406885,0.639876012889923
"YFL010C",1760.12116518207,-0.128230766949884,0.106539108209326,-1.20360278122414,0.228743144010255,0.639876012889923
"YOR161C-C",11.2787547479327,0.580037374213105,0.481927530792987,1.20357800115441,0.228752726461426,0.639876012889923
"YJR068W",760.616449011514,-0.151331999203883,0.12576204157902,-1.20332015371106,0.228852453008674,0.639876012889923
"YPR124W",2674.20554585843,0.321760921608792,0.26749400019348,1.20287154618818,0.229026032773029,0.640042916053915
"YER096W",30.1635080952051,-0.274562992048909,0.228367601524427,-1.20228522004046,0.22925304127509,0.640358892627239
"YFR033C",3812.18667353811,-0.195554577544525,0.162845363349244,-1.20086058038467,0.229805287582162,0.641561853810602
"YIL028W",68.2041690781726,0.243698119831872,0.203005846299114,1.2004487765973,0.22996509505783,0.641561853810602
"YML091C",856.204604738462,-0.166790232080472,0.138958114044066,-1.20029142038859,0.230026180681203,0.641561853810602
"YER175C",375.042215110699,-0.125671352107913,0.104847083992509,-1.1986156154509,0.230677443461095,0.643047183468988
"YGL209W",592.178692959634,-0.244091121367031,0.203692304577958,-1.19833256279749,0.230787574565293,0.643047183468988
"YPL131W",82081.7894550251,0.116664081726692,0.0974249757300602,1.19747611793036,0.231121030658473,0.643627050300792
"YLR231C",212.376016060808,0.177635330807049,0.148383415433402,1.19713736395814,0.23125301866142,0.643627050300792
"YER113C",507.33773112792,-0.164123695947996,0.137152761044202,-1.1966488658227,0.231443445437281,0.643627050300792
"YGL181W",449.956268633302,0.132310674514144,0.110570117922332,1.19662235150263,0.231453784458701,0.643627050300792
"YHR126C",8.03495282965482,-0.521322162360065,0.435790798480913,-1.19626702577773,0.231592372195929,0.643690001029962
"YIR006C",2152.01449420869,-0.0766977366911747,0.064129769959437,-1.19597710610356,0.231705493253312,0.643690001029962
"YBL090W",818.63603106967,0.123570114222716,0.10339189994033,1.1951624285271,0.232023574724362,0.644255182782074
"YER005W",236.393554027211,0.161696024347151,0.135347043609829,1.19467717974896,0.232213181758008,0.644329129309326
"YLR305C",702.552380316252,0.106969821492932,0.0895514013607845,1.19450751040704,0.232279504622899,0.644329129309326
"YIL004C",309.807163345269,0.127790685631837,0.107049364441692,1.19375473454065,0.232573922944284,0.644827551527812
"YER057C",21.9941617561049,-0.349967338159101,0.29356818947725,-1.19211600814884,0.23321576093655,0.646088585239529
"YJR104C",19090.6018921714,-0.109456524846456,0.0918290266910228,-1.19195998030933,0.233276937600431,0.646088585239529
"YGL088W",128.509280691839,-0.163778125931662,0.137445348857778,-1.19158725480868,0.233423124903545,0.646088585239529
"YJL123C",1219.20562041049,0.1153500145044,0.0968172248038219,1.19142037729475,0.233488597263609,0.646088585239529
"YMR278W",448.340984615733,-0.125565137282066,0.105437262820091,-1.19089906095457,0.233693213242818,0.646240069774352
"YHR114W",564.873605562038,0.108443949185342,0.0910903422013245,1.19050984511248,0.233846062800796,0.646240069774352
"YBR216C",282.693943160962,0.116628278658358,0.097973835207349,1.19040229885386,0.233888309950361,0.646240069774352
"YPR166C",391.191996517883,0.166301735851759,0.139761299474983,1.18989832290108,0.234086357732343,0.646469449855415
"YOR207C",1287.7007184656,0.115361754469996,0.0970494480984173,1.18869047408707,0.234561490514379,0.647264531592164
"YPR183W",5392.60892403796,-0.119439628792632,0.100489265565377,-1.18858097052093,0.23460459979595,0.647264531592164
"YKL190W",1715.69000976738,0.100345379440224,0.0844547176121847,1.18815599977504,0.2347719551057,0.647408433608455
"YKL063C",2537.96069852766,-0.144281940063167,0.121514749301441,-1.18736154164503,0.235085042853061,0.647953869953018
"YNL129W",591.24455799658,-0.155921947012248,0.131380255785839,-1.18679893017117,0.235306940938017,0.647999622351062
"YGL008C",39976.4308946826,-0.201335213785047,0.169654766391081,-1.18673479129338,0.235332247191907,0.647999622351062
"YGL107C",607.360523925385,0.138645500417295,0.116893670035414,1.1860821922632,0.235589842298519,0.648391240801997
"YDR025W",56467.0804090876,-0.17033972234133,0.143716241027028,-1.18525033165386,0.235918485052494,0.648747467318584
"YML119W",562.03843224967,0.138306130406798,0.11670002057509,1.18514229667857,0.235961190159537,0.648747467318584
"YGL197W",1018.71733157021,0.139750015847234,0.117944619222184,1.18487826548469,0.236065581969129,0.648747467318584
"YJR101W",925.10506582249,0.104925596047349,0.0885920091868973,1.18436862433037,0.236267174635355,0.64898412583123
"YLR061W",52894.6195863605,-0.126328409480979,0.10669965086483,-1.18396272581075,0.236427818140124,0.649108127966534
"YGL001C",4484.65933341838,-0.117371220226833,0.0991968839060676,-1.18321479067806,0.236724032605035,0.64940869762719
"YPL008W",233.775422375257,0.142157014558269,0.120157601307172,1.18308798620952,0.236774278624333,0.64940869762719
"YPR070W",679.611198805657,-0.119700409675119,0.101212083396465,-1.182669160225,0.236940291161905,0.64940869762719
"YHR171W",95.7370809681293,-0.156399734071055,0.13227196287529,-1.18241032091218,0.237042929957379,0.64940869762719
"YDR341C",5831.5002820403,0.0994070572610804,0.0840984450080651,1.18203204888684,0.237192984487963,0.64940869762719
"YPR143W",10424.2654375615,-0.16804496042089,0.142260278011839,-1.18125004934199,0.237503404119266,0.64940869762719
"YJL177W",46217.2748744115,-0.155359701913435,0.131589259134265,-1.18064120837489,0.23774528598773,0.64940869762719
"YIL113W",68.8391499810003,0.268428158729387,0.227369663726136,1.18058035680919,0.237769470810716,0.64940869762719
"YGR034W",56962.0229102549,-0.128310169612709,0.108710329939275,-1.18029417889157,0.237883232553298,0.64940869762719
"YNR028W",1044.70128800014,-0.0968931648948723,0.0820949531590809,-1.18025726511002,0.237897909356332,0.64940869762719
"YKL054C",11838.6799719542,0.160350036630319,0.135914848608525,1.17978306470527,0.238086506812743,0.64940869762719
"YGR263C",174.304978009323,0.171811313836338,0.145631727891832,1.17976567553982,0.238093424781553,0.64940869762719
"YBR213W",45.0637952534082,0.308881210744367,0.261845065837899,1.17963349722078,0.238146014203892,0.64940869762719
"Q0105",16.6959886001899,-0.502067114233929,0.425620983237059,-1.17961081339425,0.238155040179651,0.64940869762719
"YIL135C",565.18847968527,-0.174793728086385,0.148286344752808,-1.17875808711696,0.238494518224956,0.649447385154123
"YIR031C",56.8016736236223,-0.220122529502078,0.18675951531571,-1.17864157620011,0.238540928782956,0.649447385154123
"YLR417W",213.521592457745,0.15245647514903,0.129411466312397,1.17807547888378,0.238766516764122,0.649447385154123
"YGR231C",2041.76705203258,0.0797218272371205,0.0676891661492118,1.17776347047006,0.238890915455278,0.649447385154123
"YDL086W",2421.95417732759,-0.101437088247352,0.0861314137200385,-1.17770142003083,0.238915660602092,0.649447385154123
"YPL094C",6984.92499062076,-0.121971446143692,0.10357997686898,-1.17755815197734,0.238972801497481,0.649447385154123
"YJL178C",965.859835759107,0.132342404756438,0.112448568970071,1.17691497516221,0.239229444330059,0.649447385154123
"YOR043W",1744.23308408482,0.101731788429883,0.086448784109687,1.1767868047838,0.239280610578224,0.649447385154123
"YHR066W",70.6217310351525,-0.266995776850801,0.226953101649693,-1.17643590199932,0.239420732193864,0.649447385154123
"YMR263W",413.764503551797,0.122784262714467,0.104389713523141,1.1762103618308,0.239510824869234,0.649447385154123
"YPR189W",1204.64900563096,-0.081910223288779,0.0696567723692167,-1.17591183890365,0.239630107476741,0.649447385154123
"YJL038C",15.5401439114562,-0.351039101409239,0.298559411252875,-1.17577637206658,0.239684250592523,0.649447385154123
"YLR191W",319.130028166005,0.123422010383406,0.104974669052588,1.17573135973952,0.239702242938746,0.649447385154123
"YJL047C",434.523123373342,0.105475321008239,0.089746364306765,1.17526009909114,0.23989067261754,0.649447385154123
"YML105C",731.662586845073,-0.201849044356875,0.171789320696125,-1.17498016488419,0.240002651419671,0.649447385154123
"YCL055W",281.32081357076,-0.148727448081307,0.126582871931557,-1.1749413314127,0.240018188427956,0.649447385154123
"YBR272C",618.094115970322,-0.143436658855807,0.122124946739083,-1.17450744246592,0.240191832662329,0.64960447524653
"YHR195W",328.966187420581,-0.107892323515191,0.0918906727586399,-1.17413792146871,0.240339786354431,0.649691966960992
"YER045C",1384.85064313109,-0.166819600240057,0.142139632164629,-1.17363185551827,0.240542515896027,0.649789274914096
"YPL207W",1063.35617276646,0.0823147886891629,0.0701760656062737,1.17297525841637,0.240805727589612,0.649789274914096
"YGL077C",1772.51608208742,0.0997938539384274,0.0850817389359276,1.17291742254562,0.240828922114926,0.649789274914096
"YER122C",1305.51397600872,-0.112075082169729,0.0955543045399418,-1.17289412245035,0.240838266840936,0.649789274914096
"YMR148W",557.922791165107,-0.0987375182704116,0.0842481499100816,-1.17198441005286,0.24120331535011,0.64992143342488
"YNL329C",326.039849192645,0.144279766395973,0.123113427220797,1.1719255133497,0.241226962782614,0.64992143342488
"YKL080W",2191.89296955151,-0.113300137682591,0.0967260711616031,-1.17135056062907,0.241457896012367,0.64992143342488
"YOR376W-A",38.7067613859809,0.233069764882271,0.19898186402255,1.17131159679888,0.24147355169853,0.64992143342488
"YNL167C",1680.12284592125,0.117953466409349,0.100755849978497,1.17068603395756,0.241725000986573,0.64992143342488
"YHR191C",290.03931515746,0.172352465704185,0.147292275285729,1.17013920363334,0.241944954091402,0.64992143342488
"YOL077W-A",8920.94875524059,-0.126776457462128,0.108353038514477,-1.17003140105931,0.241988332437386,0.64992143342488
"YHR032W-A",263.433166693883,-0.148547490311831,0.126966696714713,-1.16997208051816,0.24201220458125,0.64992143342488
"YHR091C",131.135373393646,-0.167331159328416,0.143026942698041,-1.16992754072696,0.242030129652144,0.64992143342488
"YGR159C",24603.2320560905,-0.124326687554523,0.106286193743726,-1.16973506318512,0.242107603117217,0.64992143342488
"YGL054C",4438.17971973358,-0.0994510146210714,0.085053383090065,-1.16927758788572,0.242291809913749,0.64992143342488
"YML049C",736.460127134226,0.100718588152614,0.0861644936748139,1.16891057855836,0.242439660975064,0.64992143342488
"YOL043C",115.823048183956,0.162032237262894,0.138654359064274,1.16860543264841,0.242562638432588,0.64992143342488
"YLR246W",329.399114035376,0.13239460852686,0.113296768916078,1.16856473307662,0.242579044162698,0.64992143342488
"YNL248C",2339.86091651258,0.12204039213984,0.10447120771727,1.1681725023235,0.242737189799252,0.64992143342488
"YPR129W",2835.51035564545,0.118347301536534,0.101309861658994,1.16817158367947,0.242737560277371,0.64992143342488
"YNL064C",10945.9300615,-0.0886350581860536,0.0759705456985928,-1.16670292902339,0.243330359561864,0.650452562455454
"YLR283W",398.186317585313,0.144440787400528,0.123825174771373,1.16648967116113,0.243416522250609,0.650452562455454
"YGR080W",739.767604613973,-0.125953877150255,0.1079872113602,-1.16637771791445,0.243461763361637,0.650452562455454
"YEL025C",69.5147131344483,0.211176586065365,0.181117041188285,1.16596751294005,0.243627580621491,0.650452562455454
"YDR408C",3140.13183302562,0.0703125815336727,0.0603134288817475,1.16578650621124,0.243700774241104,0.650452562455454
"YDR416W",90.1509619554657,0.184894979378225,0.158608126945528,1.16573458711687,0.243721771595546,0.650452562455454
"YMR122W-A",3257.6409347446,-0.306568900043729,0.263142059773531,-1.16503192346967,0.24400607099682,0.650452562455454
"YOL086W-A",144.05973341056,-0.465197107390157,0.399335714784471,-1.16492737856225,0.244048390014225,0.650452562455454
"YGR029W",486.824337909777,0.115517488851892,0.0991809678738183,1.16471427258965,0.244134669722133,0.650452562455454
"YPR119W",308.095707388345,0.152323540853023,0.130802064145664,1.164534687185,0.244207394666902,0.650452562455454
"YLR207W",11.6275920345026,0.381529628229292,0.327625255039303,1.16453057986486,0.244209058146087,0.650452562455454
"YLR247C",721.740470992881,0.0846059425864075,0.0726835746926278,1.16403111630376,0.244411401970011,0.650559818732408
"YGL177W",711.80730940061,-0.14740698716681,0.126653562761037,-1.16385977585905,0.244480842911538,0.650559818732408
"YLL056C",200.93160732233,0.116581295065383,0.100201028292286,1.16347403866271,0.244637225362096,0.650667868686692
"YFL022C",2433.07911233192,0.113695725532974,0.097801558097084,1.16251446035361,0.245026554374075,0.650870868705211
"YIR027C",53.3826905261505,-0.381817811948331,0.328460650519215,-1.16244612968029,0.245054294700773,0.650870868705211
"YOR309C",2314.93869166644,0.172804900040546,0.148666411782227,1.16236679132122,0.245086506602091,0.650870868705211
"YPR107C",303.211975372832,0.150726576523344,0.129702410051928,1.16209541875898,0.245196708125738,0.650870868705211
"YLR108C",60.3938210120761,0.395277522467997,0.340211174769308,1.16185931498584,0.245292615643708,0.650870868705211
"YGR245C",4136.59179936166,0.119802819398502,0.103160296904341,1.16132681849096,0.245509017200352,0.651118819882415
"YNL166C",719.528746394327,-0.123937384106861,0.106756031197453,-1.16094034891228,0.245666158626777,0.651118819882415
"YLR449W",14397.0776520251,0.0966324545071123,0.083248260568821,1.16077445759034,0.245733632912919,0.651118819882415
"YFR040W",1191.05111075509,-0.0903257829293877,0.0778365624961224,-1.1604544192697,0.245863841340038,0.651156827677197
"YLR328W",784.123018472646,0.133508590059526,0.115110252755674,1.15983230740447,0.246117087572279,0.651520505019409
"YKL181W",4022.91774255162,0.0916297395708159,0.0790552195501917,1.15905995950894,0.246431745491533,0.651761595829165
"YMR237W",46.1939548764232,-0.300131935085245,0.25894885217662,-1.15903944953784,0.246440105184515,0.651761595829165
"YBR050C",67.6089683595825,0.288859818165598,0.24931879950368,1.15859621793716,0.246620811238198,0.651932718324869
"YLR258W",482.928156246963,0.219894291036431,0.189916674763821,1.15784615179204,0.246926825557196,0.652434771806036
"YER119C",139.81006726335,-0.15410395614598,0.13315919888762,-1.15729110293038,0.247153447286569,0.652726679394039
"YBR218C",2363.25854521065,-0.132514567947393,0.114541916416131,-1.15690894734088,0.247309562806157,0.652832194913387
"YKL166C",465.398207359312,0.137191487777235,0.118664499537511,1.15612915667224,0.247628331584508,0.65336677159856
"YNL056W",1128.0957243598,-0.143925971117319,0.124554148500581,-1.15552932479521,0.247873731072662,0.653707352711571
"YHR098C",2257.17228641141,0.125046005208758,0.108268458306661,1.15496246242444,0.248105798660571,0.65374882878744
"YIL067C",257.553680191864,0.165983663253564,0.143718425863479,1.15492263609424,0.248122108861852,0.65374882878744
"YLR011W",103.162109768699,0.159299671255898,0.137997240553374,1.15436852662488,0.248349112877565,0.654040306641011
"YIL049W",316.803952524199,-0.190837432978738,0.165364792426234,-1.15403908037962,0.248484147153111,0.654089417798822
"YDL019C",1118.49859060683,0.118091220648072,0.102389521801228,1.15335259478334,0.248765690622053,0.654195957039249
"YJL097W",117.273733679953,-0.308756505735486,0.267709222203485,-1.1533278651895,0.248775836956093,0.654195957039249
"YBR114W",656.952350197917,-0.0996754982330565,0.0864421513962675,-1.15308904999512,0.248873835613864,0.654195957039249
"YLL055W",167.591183482076,0.163570300594469,0.141892822953466,1.15277360186225,0.249003322239573,0.654230327716878
"YDR310C",1045.17708031217,0.103827070445823,0.0901149255696361,1.15216286080812,0.249254155947917,0.65433920475817
"YEL016C",266.795272337934,0.166377369665954,0.144411544049501,1.15210574584621,0.249277622310897,0.65433920475817
"YPL095C",540.545852460473,-0.0993204286711697,0.08625177499484,-1.151517504157,0.249519398278055,0.654668075780891
"YHR143W-A",1507.94327203259,-0.211205124797223,0.183483584424742,-1.15108458045113,0.2496974409263,0.654709989274081
"YMR102C",1351.09862397374,0.167461166547801,0.145505713095273,1.15089066254156,0.249777219687478,0.654709989274081
"YOL010W",728.531835174469,-0.133507677529416,0.11603016067784,-1.15062908427837,0.249884862454253,0.654709989274081
"YLR421C",2349.16769660768,-0.0843107373872879,0.0733125335875979,-1.15001805641526,0.250136434409943,0.655063728510661
"YDR325W",622.98682502287,-0.0947480635815601,0.0824525642669462,-1.1491220973408,0.250505637810573,0.65567387483539
"YDR208W",1791.32498880632,-0.0705305233268763,0.0613985504552959,-1.14873271117743,0.250666213130953,0.65567387483539
"YIL134W",1616.82657292532,0.159822761904539,0.13914525897567,1.14860371874032,0.250719422957518,0.65567387483539
"YEL077C",226.403546253437,-0.216031277974055,0.188425967128027,-1.14650481176658,0.25158633741693,0.657277357130219
"YPL243W",5036.27523605215,-0.100878835034381,0.0880088343657859,-1.14623532695711,0.251697794376494,0.657277357130219
"YPL141C",354.380759591047,0.134071928618008,0.116983281291311,1.14607768852152,0.251763008450586,0.657277357130219
"YNL055C",13012.5034235562,-0.165785926564934,0.144666453136724,-1.14598735899227,0.251800382544726,0.657277357130219
"YMR044W",1572.14837907792,0.10117608470125,0.0883097766223871,1.14569517182542,0.251921302297455,0.65728770608714
"YDL115C",376.258528468763,0.140393855929286,0.122657389458167,1.14460169541737,0.252374189666236,0.657992425225174
"YMR193W",856.06921479469,0.129444363412001,0.11310343465476,1.14447774116782,0.252425563840832,0.657992425225174
"YOR272W",2414.72758979202,-0.111279387656623,0.0973662418901141,-1.14289496540506,0.253082203128749,0.658686749894848
"YMR136W",580.841825223638,0.102736310945947,0.0898957788708843,1.14283798679252,0.253105863764657,0.658686749894848
"YLR054C",12.8222762563736,0.514582570946525,0.450501368430205,1.1422441905995,0.253352532117476,0.658686749894848
"YBL046W",258.543070655145,0.110812862268188,0.0970450139149063,1.14187074428527,0.253507750846456,0.658686749894848
"YGL005C",537.855121203112,0.117923881549856,0.103304725959496,1.14151487702597,0.253655724642773,0.658686749894848
"YFL010W-A",19.7302375486717,-0.86304334604428,0.756228662125465,-1.14124654257166,0.253767341027109,0.658686749894848
"YDL248W",8.3931722263243,-0.580102173529726,0.508310401690629,-1.14123608645489,0.253771691044847,0.658686749894848
"YNR024W",1617.8561339231,-0.121353535854067,0.106390725486178,-1.140640176101,0.25401969110406,0.658686749894848
"YFL029C",142.413983751637,-0.168197472284941,0.147458847994663,-1.14064008075683,0.254019730796944,0.658686749894848
"YGR174W-A",38.3024917790121,-0.241783647721375,0.212007314159883,-1.14044955797627,0.254099056260062,0.658686749894848
"YHR083W",1068.79743074642,0.0928814395858948,0.081448871040107,1.14036497252563,0.254134279516398,0.658686749894848
"YGL090W",618.930898147655,0.115942822902172,0.101672846721007,1.14035188982485,0.254139727746355,0.658686749894848
"YCL021W-A",17.0465376208244,-0.364258046446485,0.319500481240125,-1.14008606507457,0.25425044683361,0.658686749894848
"YKL150W",241.592236455886,0.22801563801102,0.200033293792945,1.13988843400758,0.254332784212068,0.658686749894848
"YML027W",534.090025833374,0.172472332210666,0.151350040141273,1.13955921022338,0.254469987155416,0.658738520411533
"YDR425W",325.36600215046,-0.138689981794456,0.121839994214972,-1.13829603069214,0.254996890889304,0.659677714223285
"YNL045W",551.283768830992,0.0945106949045252,0.0830405703602436,1.13812675532601,0.25506755747459,0.659677714223285
"YBR287W",756.832158786488,0.174023421285595,0.15296839083687,1.1376430145701,0.255269577490157,0.65989651586692
"YIL050W",474.832538901843,-0.104436125724522,0.0918319050087744,-1.13725317703628,0.255432462523704,0.660013995118721
"YGR147C",770.596793213116,0.101778714704568,0.0895388534061354,1.13669888358872,0.255664186206544,0.660309157390064
"YOL130W",639.857862573372,0.100191749854576,0.0881960844935372,1.13601131422017,0.255951829147279,0.660510706353424
"YKL142W",1239.68858157657,-0.168219119129378,0.148086663039491,-1.13595050139335,0.255977280860811,0.660510706353424
"YJL159W",17474.74972954,-0.120581149413337,0.106187674774919,-1.13554750745722,0.256145988498751,0.66061891150918
"YBR250W",26.1754942444528,-0.304093591301214,0.267909890692601,-1.13505921903469,0.256350506919401,0.66061891150918
"YER082C",1961.66567715376,-0.0947492107822334,0.0834834882465441,-1.1349455176384,0.256398146747713,0.66061891150918
"YKR085C",1602.28980778086,0.121396585084124,0.10698300547802,1.13472774990478,0.256489406568155,0.66061891150918
"YOR248W",3704.99836837455,-0.114855104246249,0.101253583236411,-1.134331255992,0.256655622999307,0.660744205797576
"YIL132C",47.4130408771973,-0.275639895239693,0.243105126554968,-1.13383003948034,0.256865847783528,0.660982630285452
"YDR517W",596.990248084052,-0.146806828029779,0.129525369807114,-1.13342141580757,0.257037324864865,0.661121174251964
"YPR079W",156.339241288606,0.14027949103134,0.123823978783219,1.13289439097196,0.257258605758739,0.661387632371508
"YMR013C-A",14.5264168267739,-0.41301182511456,0.364705418915017,-1.13245321756735,0.257443941997475,0.661561478749797
"YGR290W",6.41934767442738,-0.629858320290261,0.556357242018906,-1.13211129957549,0.257587644902763,0.661628228680773
"YJL125C",655.57047155749,-0.155431950978164,0.137472577201342,-1.13063968205469,0.258206778360205,0.662915529641092
"YDR011W",2859.95808350619,-0.0774991560279317,0.0686486289540977,-1.12892503766903,0.258929457673502,0.664204391191678
"YMR192W",2313.32760248488,-0.105550230032532,0.0934997088490142,-1.12888298083342,0.258947201159252,0.664204391191678
"YOR038C",422.008757867194,0.141013075251782,0.124944275949631,1.12860772676476,0.259063349731701,0.664204391191678
"YHR167W",242.962881606834,0.126589442137819,0.112218531526824,1.1280618309246,0.259293807390513,0.664241983007873
"YFL018C",2624.24762679064,0.124143106713712,0.110054669903583,1.12801307588739,0.259314396925138,0.664241983007873
"YMR145C",3426.55371342605,0.146971341302074,0.130336813451586,1.12762724060818,0.259477377339281,0.664356656331098
"YNL040W",742.710260794522,-0.119949301489811,0.106403999593199,-1.12730068369984,0.259615373434221,0.66440728538266
"YLR144C",201.446574813375,0.125540091837926,0.111427958054925,1.12664805161416,0.259891314300004,0.664810735715075
"YER169W",1022.88380082875,-0.113267393669596,0.100597124789561,-1.1259506065063,0.260186427017233,0.665012872440949
"YDR132C",173.619725263006,0.141224331672416,0.125465107134472,1.1256064327196,0.260332144068271,0.665012872440949
"YBR161W",202.120484665607,0.11746395678227,0.10436398997964,1.12552190468365,0.260367940369278,0.665012872440949
"YGL004C",92.8068860414215,0.210560506261282,0.18717618216474,1.12493215657087,0.260617784247141,0.665012872440949
"YDR534C",561.450233601289,-0.208707463553395,0.185529098683114,-1.12493115653987,0.260618208046152,0.665012872440949
"YBR249C",15129.6589509689,0.114916004290987,0.10217216384874,1.1247290843435,0.260703853169759,0.665012872440949
"YLR209C",631.932881530742,0.0959273069449221,0.0853148614821556,1.12439152192712,0.260846967116247,0.665012872440949
"YPL217C",5038.2600626261,0.116022109729642,0.103201725910478,1.12422644782399,0.260916972194358,0.665012872440949
"YOR004W",3924.60653008351,-0.143024519227293,0.127280286394388,-1.12369733977594,0.261141445353512,0.665283283266879
"YOR114W",156.449564618451,-0.15298423817955,0.136207826882451,-1.12316774800011,0.2613662574183,0.665333887432005
"YDR242W",216.468689667153,-0.169255103834358,0.150716109299024,-1.12300605835407,0.261434921434764,0.665333887432005
"YDR460W",600.593615406775,-0.130678671697488,0.116384961155,-1.12281406807751,0.261516469277099,0.665333887432005
"YNL003C",387.833239971163,0.124171120377556,0.110707969510053,1.12160959077368,0.262028472001974,0.665628515102362
"YKL005C",640.844891330723,0.0948123032614624,0.084532652454773,1.12160568145178,0.262030134914725,0.665628515102362
"YBL092W",59256.3270942135,-0.117710822223683,0.104959070968671,-1.12149260790255,0.262078236295867,0.665628515102362
"YGL018C",444.251602642002,-0.141204047631453,0.125914583230946,-1.12142727242692,0.26210603272625,0.665628515102362
"YBR023C",642.951165343623,0.113592698547663,0.101368517344409,1.12059149648723,0.262461786269635,0.665778809342023
"YIL111W",131.198090172486,0.191096148513185,0.170622779658368,1.11999200162962,0.262717170512634,0.665778809342023
"YML018C",1361.68501310105,0.152912598994571,0.136550445203304,1.11982497579489,0.262788353911947,0.665778809342023
"YNL199C",823.127650119976,0.102359524015286,0.091417676792065,1.11969071636013,0.262845582515706,0.665778809342023
"YAL037C-A",21.3443865008946,0.306073758776129,0.273419929020391,1.11942739460408,0.26295784941886,0.665778809342023
"YGR027C",84650.3210136165,-0.101586393768918,0.0907862520233389,-1.11896230436744,0.263156220919413,0.665778809342023
"YMR075C-A",75.5102955120231,0.3393435845091,0.303273534006796,1.11893570146314,0.263167570781646,0.665778809342023
"YMR312W",955.483276441567,-0.0983142003061874,0.0878744296027456,-1.11880328271417,0.263224070938785,0.665778809342023
"YMR094W",56.6082046928162,0.185821129645703,0.166118522163491,1.11860572334505,0.263308380721738,0.665778809342023
"YPL053C",723.774068745583,-0.216875625326183,0.193897161700351,-1.11850850948166,0.26334987422906,0.665778809342023
"YER054C",92.9065320811792,0.19966776940875,0.178565419883677,1.11817713384159,0.26349134822293,0.665836950095713
"YJL076W",2784.44375007049,0.0903839892256077,0.0808586361416134,1.11780254452118,0.263651334539292,0.665941797802615
"YPL101W",386.017616705758,0.139086584195058,0.12447360207939,1.11739824245102,0.263824086295068,0.666078780313694
"YLR378C",6019.69047272766,0.112565568473172,0.100816090447301,1.1165436784321,0.264189484602247,0.666312340565515
"YPL108W",184.954602664888,-0.154779358436608,0.13868971676317,-1.11601178550904,0.264417089872888,0.666312340565515
"YPR073C",1145.33409379363,-0.0928754218110682,0.0832722046124332,-1.1153232011009,0.264711946604313,0.666312340565515
"YLR211C",121.256257015595,-0.150628848877036,0.135057872192552,-1.11529114469006,0.264725678905272,0.666312340565515
"YNL107W",396.755650017958,-0.115522043612828,0.103604249104964,-1.1150319085445,0.26483674832825,0.666312340565515
"YNL025C",276.225554865823,0.1499240374601,0.134460836506102,1.11500152279133,0.264849769171,0.666312340565515
"YHL030W",383.493091718856,-0.149273823912421,0.133881548872389,-1.1149693529069,0.264863555026915,0.666312340565515
"YLR203C",150.086886956735,-0.159259169331952,0.142837718675923,-1.11496578640609,0.264865083420527,0.666312340565515
"YPL066W",513.89179711569,-0.100787084389018,0.0904238944310607,-1.11460676432,0.265018970385083,0.666401169379941
"YDR127W",1283.21032420354,0.123907200636923,0.111234728491459,1.11392550076155,0.265311148439857,0.666837501892664
"YIL074C",826.183447460117,-0.172279182681076,0.154858124864578,-1.11249689244095,0.265924565541019,0.668074228094868
"YAR023C",143.758870312465,0.171391310975945,0.154125424746072,1.11202490606803,0.266127441876744,0.668074228094868
"YOR315W",1328.58550524155,0.137823575562078,0.123975024856579,1.11170435917653,0.266265284929724,0.668074228094868
"YLR268W",1858.49653410473,-0.114205571087279,0.102733045348841,-1.11167317876621,0.266278695895463,0.668074228094868
"YLR084C",393.031938365435,-0.189613480139504,0.170711831194441,-1.11072254812576,0.266687793556159,0.668802052559398
"YGL044C",659.740357765531,0.126054654989346,0.113529269469734,1.1103273682471,0.266857983794038,0.668930360803968
"YGR067C",25.1548875954854,-0.315135824003306,0.283988066332964,-1.10967981180527,0.267137025324406,0.669267383863966
"YDL086C-A",20.2593908484764,0.36651042040763,0.330349460975032,1.10946274689194,0.267230606653157,0.669267383863966
"YGL037C",1969.01518839324,-0.198929997413125,0.179414230822326,-1.10877490877591,0.267527297263117,0.669525268523942
"YGR093W",667.467651343654,0.0873068360116125,0.0787588010552008,1.10853434590022,0.267631114560606,0.669525268523942
"YML068W",399.177210268542,0.119944677322017,0.108224699504727,1.10829300400856,0.267735295873693,0.669525268523942
"YMR238W",1012.5246541335,0.149840507808564,0.135236339656959,1.10798996918025,0.267866147965466,0.669525268523942
"YCR035C",2286.27030082854,-0.11576151306799,0.104492621900207,-1.10784389330899,0.267929240019634,0.669525268523942
"YMR036C",432.410113114003,-0.103595970476257,0.0935685591970136,-1.10716646024367,0.268221965588389,0.66960128559486
"YER016W",295.617341613341,0.179738050561068,0.162375746995861,1.10692670479692,0.268325618923175,0.66960128559486
"YGL171W",3438.61091056259,-0.0950981126418172,0.0859176904363176,-1.10685136156336,0.268358197701426,0.66960128559486
"YJR022W",64.2958020766469,-0.247325440247267,0.223485990431764,-1.10667089140329,0.268436244919078,0.66960128559486
"YGR179C",574.637098964136,0.104477164652275,0.0945062566346321,1.10550526888596,0.268940712618295,0.670441135212608
"YKR081C",3723.9601664315,0.1203105269471,0.10884463948795,1.10534177441434,0.269011523114668,0.670441135212608
"YAL053W",1867.60314203431,-0.182805800879634,0.165459369015376,-1.10483801532355,0.269229784851692,0.670554429272994
"YBR120C",758.027683213143,0.099438307640185,0.0900362803575699,1.10442487456474,0.269408875427791,0.670554429272994
"YPR200C",43.8196937719674,-0.236760178718826,0.214376891755973,-1.10441091285311,0.269414929056659,0.670554429272994
"YDR344C",9.6806722673272,0.50259465074476,0.45525108199836,1.103994412355,0.269595561550504,0.670706974729452
"YLR272C",872.577509380378,-0.109850189092928,0.0995700253688806,-1.10324556698627,0.26992053796976,0.670952514478828
"YBR158W",662.175126227669,-0.13524012270913,0.122599393595434,-1.10310596768047,0.269981149580934,0.670952514478828
"YDR436W",138.517428544344,-0.155813974622374,0.141304080045051,-1.10268560237395,0.270163721323058,0.670952514478828
"YOR145C",2033.8963214433,0.110492004120795,0.100206078077072,1.10264772597738,0.270180175837893,0.670952514478828
"YGR148C",89331.3480363746,-0.113053033635195,0.102552459305577,-1.10239222346028,0.270291190886133,0.670952514478828
"YKL061W",928.554660860903,-0.11815383847856,0.107290494589689,-1.10125168991359,0.270787130564011,0.671836115233347
"YDR085C",150.012839493397,0.125260267954053,0.113767069407234,1.10102394837717,0.270886234362769,0.671836115233347
"YOL056W",291.074824602572,0.136750510110229,0.124422953401098,1.09907783388963,0.271734117479481,0.67334988587763
"YER019W",982.575718864489,-0.106566167477986,0.0969600432302199,-1.09907301943913,0.271736217290118,0.67334988587763
"YOL137W",495.98731738369,0.0990793821233249,0.0901941915451646,1.09851178247671,0.271981075544386,0.67348129903921
"YGR275W",693.281631497772,0.144656912065821,0.131703595059611,1.09835203815315,0.272050796914783,0.67348129903921
"YBL023C",690.167082712942,0.124040663203988,0.113013484781277,1.09757400582818,0.272390548706218,0.67348129903921
"YMR007W",45.7398073506225,-0.230616610409208,0.210133398017413,-1.0974771863257,0.272432848232051,0.67348129903921
"YOR076C",581.420328581449,0.0865310822213445,0.0788851122842718,1.09692538573717,0.272674010507077,0.67348129903921
"YPL148C",120.496889575576,0.120726178497125,0.110095797541833,1.09655573775424,0.272835645372453,0.67348129903921
"YDR524C",444.255668277821,-0.140773133914931,0.12838888812861,-1.09645886000598,0.272878017652484,0.67348129903921
"YOR241W",1226.12908276201,-0.0890345170192314,0.0812046001657401,-1.09642208492512,0.272894103474402,0.67348129903921
"YJL070C",144.427031912404,0.143687213745822,0.131087384560319,1.09611778606892,0.27302723200546,0.67348129903921
"YNR013C",973.2595119728,-0.113461185392049,0.103524524351747,-1.09598364351369,0.273085932499449,0.67348129903921
"YDL223C",132.319370043642,0.371048107100025,0.338756610186567,1.09532359204939,0.273374895320834,0.67348129903921
"YBR166C",765.210126485287,-0.123535926456126,0.112785808018164,-1.0953144604526,0.27337889449282,0.67348129903921
"YMR308C",2071.75443005903,0.117785698371349,0.107546758187694,1.09520454503877,0.273427034956446,0.67348129903921
"YOR236W",741.46200775498,0.127075215887721,0.116038409022612,1.09511339355711,0.273466961638341,0.67348129903921
"YJR138W",317.600909504349,0.121029072200649,0.110557950936312,1.09471160758368,0.273643001683624,0.673619653728414
"YDR240C",408.644059474766,-0.143822565425283,0.131470065414897,-1.09395674955667,0.273973947509103,0.674014766136411
"YDR352W",7.50039815534786,0.627256296107654,0.573512240798728,1.09371038922217,0.27408201629682,0.674014766136411
"YLR277C",706.939764927456,0.0913481149506338,0.0835482867893664,1.09335712868573,0.274237028904834,0.674014766136411
"YDR122W",194.393135548784,0.195937625265383,0.179224598197833,1.09325185959743,0.274283233123482,0.674014766136411
"YBR028C",93.6484839265665,-0.198917462722077,0.182056798069684,-1.09261211243504,0.274564142335206,0.674287769583583
"YLR237W",611.483639185153,-0.187381932590232,0.171524111837354,-1.09245242889183,0.274634289070609,0.674287769583583
"YIL046W-A",15.1681748954542,-0.408429956118397,0.373979778449621,-1.09211775516739,0.274781346235421,0.674354220892168
"YNR010W",254.244404601768,0.124242748295247,0.113881697356491,1.09098082641253,0.275281319467778,0.675286344569583
"YGR032W",408.873174817162,0.132161205419944,0.121230547488221,1.09016422146229,0.275640810732522,0.675625358206948
"YDR459C",248.922613153444,0.118409880330194,0.108641667289185,1.08991221586288,0.275751814961106,0.675625358206948
"YGR127W",177.082852846992,0.120254312654849,0.110353167663916,1.08972234509015,0.275835469985695,0.675625358206948
"YNL077W",147.033797142685,-0.152164649038673,0.13971948662882,-1.08907248881407,0.276121920704248,0.675625358206948
"YPR154W",409.43076959695,0.113269110473895,0.104012801821834,1.08899201338616,0.276157407650579,0.675625358206948
"YPL150W",216.079320261595,-0.111000835222763,0.101951714999183,-1.08875888182609,0.276260228351884,0.675625358206948
"YBL061C",990.312115873664,0.11846389093055,0.10880654510715,1.08875703032285,0.276261045046186,0.675625358206948
"YDR219C",1092.15896392747,-0.0843125956743366,0.0775821743401354,-1.08675216171042,0.277146354682268,0.676978964615334
"YLR320W",585.893483312815,0.0936033943879111,0.0861513298188661,1.08649970447018,0.277257971594011,0.676978964615334
"YJR152W",144.600593798194,-0.153874927647916,0.141627408069991,-1.08647704384925,0.277267991851681,0.676978964615334
"YGL124C",33.4882678373695,0.261412810480411,0.240620132022664,1.0864128794335,0.277296365933185,0.676978964615334
"YLR229C",6690.01655313611,-0.0961741852793421,0.0885721320599442,-1.08582895141615,0.277554675063116,0.677138423365201
"YOL088C",813.952215308949,-0.11019007688666,0.101496232534905,-1.08565681833328,0.277630851924241,0.677138423365201
"YPR178W",350.727834642553,-0.105562948001604,0.097252855384082,-1.08544831495901,0.277723143390888,0.677138423365201
"YHR113W",274.550294165611,0.156460496837869,0.144195996904838,1.08505437180149,0.277897574528688,0.677269891088997
"YGL204C",117.672999301767,-0.150958546065897,0.139162763337745,-1.08476249281946,0.278026861532136,0.677279276739041
"YEL057C",346.171168468139,0.128381897073926,0.118378705048777,1.08450161725479,0.27814245030493,0.677279276739041
"YFR020W",915.243370166303,0.131428583354643,0.121231044465077,1.08411656382705,0.27831311958421,0.677401356458754
"YDR236C",546.801539298909,0.159401368968721,0.147101814474032,1.08361252740944,0.278536634018562,0.677467518582033
"YBR163W",274.913603583021,0.161955227315714,0.149472533316754,1.08351162398852,0.278581394206954,0.677467518582033
"YJL062W",590.562625405862,-0.0987930741904844,0.0912185115174478,-1.0830375605459,0.278791751585268,0.677662085696548
"YDL090C",272.142397408933,-0.12590097633137,0.116274824030863,-1.08278793264784,0.278902563027778,0.677662085696548
"YJR094C",12.2629268264008,0.466848894377172,0.43145938492346,1.08202280606317,0.279242394304679,0.678194579080509
"YKL129C",832.89773205668,0.139093724208935,0.128740691793193,1.08041771619786,0.279956210188867,0.679634514583772
"YDR164C",553.601953321935,0.0759600057980536,0.0703273785493753,1.0800915285748,0.280101423877194,0.679693437905799
"YDR136C",6.94426951263076,0.581866885935399,0.539046058046609,1.07943816163681,0.280392446640313,0.6799875058926
"YJR025C",456.278875389965,0.140768595625161,0.13042869773583,1.07927624877673,0.280464597626165,0.6799875058926
"YMR153C-A",24.4853810994817,0.324067355964845,0.300484443996704,1.07848297121298,0.280818277156988,0.680379465125219
"YJR008W",158.858493147508,0.165757590584477,0.153711151750075,1.07837062371369,0.280868391297243,0.680379465125219
"YML071C",2234.80712363455,-0.0969156806182323,0.0900058926937433,-1.07677039488959,0.281582854486425,0.681816304271309
"YLR083C",1476.84748294785,0.142071736224108,0.131994952317232,1.07634219134879,0.281774245890574,0.681841015761304
"YDR014W",268.618856528697,0.103267693657267,0.0959721225507381,1.07601760711994,0.281919382020311,0.681841015761304
"YPL009C",3317.86789538404,0.0652472227888029,0.0606424350303351,1.07593342444386,0.28195703214044,0.681841015761304
"YPL241C",367.454484986583,-0.122951833964515,0.114344413092663,-1.07527626964054,0.282251057308381,0.682258469708861
"YPL176C",489.471250178831,0.129789995124494,0.120893825909745,1.07358662982005,0.283007992665941,0.683794032150725
"YEL042W",2333.7312600156,0.0926977289583483,0.0864315171590202,1.07249915314803,0.283495894118044,0.684372260128014
"YPR130C",5.32295787936042,0.567144665498121,0.528860924976941,1.07238905109666,0.283545323654367,0.684372260128014
"YBR198C",310.439258874352,-0.14423040349805,0.134513279226788,-1.07223914491653,0.283612632355542,0.684372260128014
"YOR002W",984.289156831544,0.128806229825624,0.120289628113671,1.07080079841884,0.284259007854468,0.685637606927944
"YHL001W",15892.4390502523,0.12466444523245,0.116487414267254,1.07019669048911,0.284530783730706,0.685998714957772
"YBL055C",450.433755719336,0.123276052593081,0.1152380836818,1.06975097688604,0.284731413897359,0.686187624997399
"YHR085W",823.187369075882,-0.153121351379098,0.143235865296488,-1.06901543871116,0.285062712757928,0.686187624997399
"YJR141W",41.6328662093512,-0.21526035128269,0.201435866256144,-1.06862970971101,0.285236555802843,0.686187624997399
"YCR108C",6.05605487878891,-0.608157708234691,0.56941424959123,-1.06804090110368,0.28550206239584,0.686187624997399
"YCR028C-A",2619.62113359132,-0.08634268343033,0.0808660037153622,-1.06772536620265,0.28564441267169,0.686187624997399
"YBR281C",333.557660915955,0.116778937439843,0.109411187778206,1.06734000252856,0.285818330533394,0.686187624997399
"YIL046W",299.313514162717,0.15700612138811,0.147109863634576,1.06727120472435,0.28584938708694,0.686187624997399
"YML097C",1558.27105187069,-0.0737826886551302,0.069140605496507,-1.06713975275871,0.285908733185639,0.686187624997399
"YOR307C",424.162931385625,0.101510383328283,0.09512562056363,1.06711927582519,0.28591797857524,0.686187624997399
"YMR121C",782.847204221143,0.145435645557347,0.136316787129414,1.06689461085432,0.286019428671313,0.686187624997399
"YPR179C",934.042573699775,-0.134530139984427,0.126112647348467,-1.06674582456985,0.286086628244955,0.686187624997399
"YPR185W",346.124073266119,0.103876093120693,0.09739852410291,1.06650582313689,0.286195047772653,0.686187624997399
"YLR388W",54001.2607726233,-0.143115663663574,0.134205993871359,-1.06638801692237,0.286248276335907,0.686187624997399
"YNL306W",1319.9330327793,0.122991866292726,0.115351813966519,1.06623261536594,0.286318501889484,0.686187624997399
"YLL020C",16.089639941997,-0.3193926244317,0.299658316542075,-1.06585603268867,0.286488726876525,0.686302917751949
"YDR515W",747.186374054727,-0.137580678762194,0.129118602298284,-1.06553723718571,0.286632883998526,0.686355691551646
"YMR028W",863.017190444862,-0.105241073447835,0.0987979975487121,-1.06521464056947,0.286778809813941,0.686412653813606
"YPL244C",501.83891354835,0.0965906263584147,0.0907008120056784,1.06493673234554,0.286904561154353,0.686421299994663
"YPR194C",12.1282192715736,-0.375790524221153,0.353038053714687,-1.06444764315649,0.287125960659443,0.686634081798965
"YNL021W",440.179786402854,0.119363450604709,0.11218639827495,1.06397435375516,0.287340317727635,0.686634081798965
"YJR050W",1137.71163962999,0.101840081079479,0.0957205832815622,1.06393084525943,0.287360028539354,0.686634081798965
"YPR013C",469.256959616083,0.136239182931564,0.128109517494153,1.06345871560856,0.287573977821485,0.686853274694748
"YBR229C",365.214246480276,-0.153825264671252,0.144851325837627,-1.06195275591529,0.28825713336068,0.687374551930253
"YML099C",319.853893596467,-0.109622529838646,0.103236334600217,-1.06185995718619,0.288299265844784,0.687374551930253
"YAR035W",166.822057480593,-0.164081672855288,0.15452556855916,-1.06184157343818,0.288307612927792,0.687374551930253
"YHR021W-A",10.709066599539,0.529523973350773,0.49890450153755,1.06137341258469,0.288520234803097,0.687374551930253
"YLR274W",436.050605266419,-0.147718371320586,0.139196884772405,-1.06121894582709,0.288590411252034,0.687374551930253
"YJL133C-A",886.769254124581,0.175974661016444,0.165864264007462,1.06095584886523,0.288709966436061,0.687374551930253
"YBL089W",294.21268153032,0.101090136723866,0.0952877046830961,1.06089381688926,0.288738159553636,0.687374551930253
"YLR074C",3928.40179043776,-0.104078814658357,0.0981114569242847,-1.06082223137995,0.288770696994187,0.687374551930253
"YGL041W-A",1292.21640445777,-0.115699101995851,0.109105009803526,-1.06043803308574,0.288945367140991,0.687499137735974
"YIL160C",27.3565061789657,0.268298881864358,0.253089435568814,1.06009514486988,0.289101316373377,0.687579093532958
"YML109W",527.40964845372,-0.0851574481390816,0.0803838166605513,-1.05938547927736,0.289424259990519,0.688055981872554
"YHR072W-A",10341.8848760615,-0.121142322927005,0.114516923199138,-1.05785520203285,0.290121461410152,0.689396567712507
"YBR119W",653.356062970958,0.116576274142313,0.110226196162451,1.05760951752797,0.290233501638397,0.689396567712507
"YMR314W",1303.45938337587,0.105095429772647,0.0994440545825144,1.05682969398079,0.290589319749162,0.689785031991941
"YML085C",2638.97106273825,-0.14131124640415,0.133761023040557,-1.05644561615907,0.290764674711145,0.689785031991941
"YNL189W",3391.56553821131,0.0777033435921096,0.0735528014846548,1.05642942245131,0.290772069690383,0.689785031991941
"YOR285W",890.439551786342,0.0850789029309832,0.0805789196427564,1.05584566420321,0.291038731795268,0.689785031991941
"YGL027C",656.154708895857,-0.102715218908995,0.0973022750859034,-1.05563018766327,0.291137203515595,0.689785031991941
"YBR078W",21572.0270944023,-0.0746333680579033,0.0707540037327951,-1.05482890183513,0.291503583746676,0.689785031991941
"YOR007C",5397.41380865799,-0.0643354870404517,0.0610252419498338,-1.05424386671566,0.291771281092245,0.689785031991941
"YDR216W",27.6282334280203,0.254089341529267,0.241057342978699,1.05406181943904,0.291854615036003,0.689785031991941
"YPR152C",42.4684373968633,0.249391112739711,0.236737024481204,1.05345208797077,0.292133842137511,0.689785031991941
"YMR118C",16.6049207748959,0.4422212949424,0.419913134395146,1.05312565557014,0.292283405900313,0.689785031991941
"YEL037C",2394.14694438204,-0.101108257135662,0.0960355753198056,-1.05282086142519,0.292423101940445,0.689785031991941
"YNL293W",127.477985110833,0.154146284817495,0.146449683613664,1.05255457720301,0.292545184456018,0.689785031991941
"YPL177C",1132.06673146595,0.15043131765262,0.142932249449816,1.05246589367809,0.292585850517822,0.689785031991941
"YBR204C",162.782221357528,-0.136384215073703,0.129596782865902,-1.0523734621933,0.292628239256222,0.689785031991941
"YGR079W",1095.24059415914,-0.16318536100984,0.155131190777108,-1.05191844523584,0.292836968469513,0.689785031991941
"YKR018C",838.850379146356,-0.0819886538123357,0.0779583475478957,-1.05169820027245,0.292938036986267,0.689785031991941
"YMR195W",1433.03017488203,-0.173828239385867,0.165292614447605,-1.05163948169607,0.292964986388367,0.689785031991941
"YLR326W",206.322545830756,0.117992929015952,0.112208084701529,1.05155461239544,0.293003940834131,0.689785031991941
"YNL183C",930.178359190152,-0.0883750340897617,0.0840503450777271,-1.05145355450992,0.293050330267552,0.689785031991941
"YFR015C",94.6729663196419,-0.263171105081022,0.250306517218167,-1.05139533722824,0.293077056463643,0.689785031991941
"YDL179W",363.738570440791,-0.108772628847157,0.103456189119998,-1.05138831975526,0.293080278132289,0.689785031991941
"YLR112W",10.3888842103523,-0.500445783548507,0.476086932018539,-1.05116471360953,0.293182946464457,0.689785031991941
"YDR442W",6.62343508008543,-0.613190887599753,0.583389036326554,-1.05108400984162,0.293220007371663,0.689785031991941
"YNL277W",252.77181335811,0.183249228293743,0.17441931405291,1.05062463574507,0.293431021723148,0.689992611750666
"YNL227C",2361.210394645,-0.0888147149630236,0.0845908041512408,-1.04993345144504,0.293748710469327,0.69019045383004
"YDL004W",4573.81436062304,-0.0862286343471654,0.0821359083484931,-1.04982870562906,0.293796874867594,0.69019045383004
"YGR102C",609.037874817509,0.0844954137015955,0.0805670748906416,1.04875861282399,0.294289230220572,0.69019045383004
"YML008C",180.78011063615,0.228885913093804,0.218300783998696,1.04848873605132,0.294413489245758,0.69019045383004
"YGL010W",199.916674020528,0.173818837425732,0.165789469476212,1.0484311094962,0.294440026724615,0.69019045383004
"YAL049C",670.651970244564,-0.136807125202395,0.130505750623414,-1.04828426754285,0.294507655839714,0.69019045383004
"YEL015W",972.819488379907,0.0818958951350046,0.0781622929202745,1.04776730665435,0.29474582873102,0.69019045383004
"YOR290C",1621.44420728426,0.10888539638317,0.103925121457046,1.04772931565131,0.294763336938246,0.69019045383004
"YJL194W",162.088649557302,-0.12235971395797,0.116823789208774,-1.04738696447607,0.294921141396069,0.69019045383004
"YOL123W",7527.7695056519,0.0880109185849892,0.08406282579118,1.04696597760842,0.29511527003125,0.69019045383004
"YOL055C",302.533829655796,-0.169655881655546,0.162123944830431,-1.04645789265116,0.295349675967602,0.69019045383004
"YLL049W",23.809620510833,-0.422400569476745,0.403684705747624,-1.04636257817709,0.295393663363459,0.69019045383004
"YKR100C",1185.13562112694,0.0925083318435066,0.0884241857574915,1.04618811076436,0.295474191011305,0.69019045383004
"YJR078W",19.7523901620925,0.345132899529038,0.329896247468947,1.04618619392306,0.295475075835362,0.69019045383004
"YBR156C",638.226460172064,-0.104246860831521,0.0996458174669321,-1.0461739737959,0.295480716752262,0.69019045383004
"YJL200C",2333.78584795895,0.116050128989576,0.110968746472545,1.04579111397179,0.295657484698562,0.69019045383004
"YKL110C",1945.75417757658,-0.121060741441093,0.115777776463815,-1.0456302162525,0.2957317929595,0.69019045383004
"YJL145W",422.6092190895,0.114046807398939,0.109092762622422,1.04541130554796,0.295832913747357,0.69019045383004
"YDR541C",305.946658338384,-0.131258259095806,0.125579204943407,-1.0452228866631,0.295919968070433,0.69019045383004
"YAL034C",220.534384660515,0.114888024477181,0.109928943893539,1.0451116913162,0.295971351197579,0.69019045383004
"YNL002C",16483.874536713,-0.103134882508429,0.0987936255262201,-1.04394268313451,0.296511908738684,0.691164216968645
"YOL070C",486.411247237215,0.117559069009353,0.112748973357208,1.04266199069419,0.297104867556823,0.691976642870307
"YLR363C",282.394658477975,0.13015321133753,0.124828281363399,1.04265804123849,0.297106697374742,0.691976642870307
"YLR201C",398.004928009518,-0.110647187718316,0.106197157015513,-1.04190348242706,0.297456429420909,0.69241939201795
"YBR026C",122.875102564846,0.16185596877774,0.155408501721215,1.0414872222891,0.297649480428273,0.69241939201795
"YDL204W",121.608492701379,-0.188019626796025,0.18053626905047,-1.041450716717,0.297666414789211,0.69241939201795
"YOR359W",624.208130123579,-0.126083096927714,0.121173620339084,-1.04051605105873,0.298100210767838,0.692633490707261
"YHR044C",91.7717318686563,-0.235942186887003,0.226773210367975,-1.04043236193618,0.298139073057833,0.692633490707261
"YMR071C",1728.86065554808,-0.0669057607871645,0.0643217989610453,-1.04017241227479,0.298259806133371,0.692633490707261
"YDR235W",365.083143903327,0.0991262235595236,0.0953064533425878,1.04007882029987,0.298303282723718,0.692633490707261
"YJL045W",17.2088002614186,0.393291262977798,0.378191894422883,1.03992515116686,0.298374676334925,0.692633490707261
"YBR133C",122.518589924742,-0.139772996440957,0.134485592320682,-1.03931576631396,0.298657904641654,0.693004716798554
"YMR040W",211.839082719723,0.167428175257258,0.161237328350051,1.03839586633293,0.299085793247273,0.693565178456761
"YBR004C",662.258982295944,-0.0980682469344984,0.0944538806079098,-1.03826593786646,0.299146262024767,0.693565178456761
"YNL067W",11008.5282136667,0.144033051436132,0.138799968588277,1.03770233452558,0.299408657764889,0.693738949837463
"YMR098C",772.550869523593,0.0984148609821653,0.094850866709392,1.0375747148805,0.299468094716314,0.693738949837463
"YCL058W-A",2339.34232288391,-0.105379051240881,0.101715783494927,-1.0360147424528,0.300195264816595,0.695136954375469
"YGR189C",1301.74737408738,-0.194555587293387,0.187865916103661,-1.03560875399045,0.300384706341331,0.69528914729748
"YMR198W",447.766268024976,0.0931292441788143,0.0899875016406513,1.03491309882909,0.300709496768765,0.695416191595741
"YBR196C-A",50.3778002035018,-0.213760855879603,0.206666313519291,-1.03432848943546,0.30098262256348,0.695416191595741
"YDR323C",208.128862810982,0.111430404439324,0.107750339336597,1.03415362889235,0.301064348394653,0.695416191595741
"YBL099W",30761.3394490122,-0.0799899656740572,0.0773562069179655,-1.03404715485707,0.301114119171046,0.695416191595741
"YMR219W",1528.89219212406,0.0675812996010346,0.0653679558523487,1.03385976691218,0.301201726075023,0.695416191595741
"YDR016C",881.126820874899,-0.0876635762110329,0.0847938491369667,-1.03384357595833,0.301209296405251,0.695416191595741
"YBL005W",276.08498096234,-0.120052992179791,0.116172018571679,-1.03340712897846,0.301413411671449,0.695416191595741
"YOR355W",3286.44226024888,0.171045356145828,0.16555719292792,1.03314965131293,0.301533870679429,0.695416191595741
"YGR207C",1662.04825467933,-0.115621134235724,0.111935179589641,-1.03292936733202,0.301636954337192,0.695416191595741
"YBR298C",248.556784028074,0.198299620129926,0.191993808099668,1.0328438301874,0.301676988453811,0.695416191595741
"YDR232W",865.508096211844,-0.0786760617428017,0.0761960123204822,-1.03254828365411,0.301815340897905,0.695448661465493
"YDR370C",404.794249752406,0.120931752448255,0.117149563503661,1.03228513049027,0.301938564764378,0.695448661465493
"YIL005W",1315.40656232815,0.0705014368319509,0.0683476199159047,1.03151268352426,0.302300463459826,0.695749729984955
"YKL213C",642.08181673634,0.111078499899204,0.107688710460213,1.03147766766362,0.30231687555574,0.695749729984955
"YOR148C",453.098248961785,0.0955505127408544,0.092761557502777,1.03006585177264,0.302979093990217,0.696988337382324
"YKR053C",184.275131160963,0.151848895811688,0.147611966102253,1.02870315883809,0.303619185110679,0.697076808409108
"YIL045W",458.435895148339,0.14242467560933,0.138469104979294,1.028566449033,0.303683450700385,0.697076808409108
"YER106W",30.5032494273403,-0.238683155023531,0.232077465805385,-1.02846329433675,0.303731948430424,0.697076808409108
"YBR233W-A",299.057790528708,-0.147956380667676,0.143862211845519,-1.02845895923353,0.303733986672938,0.697076808409108
"YHR205W",745.369741963325,-0.0844821669477946,0.0821789749222659,-1.02802653632157,0.303937345318243,0.697076808409108
"YOR179C",661.76508223211,0.11332703070528,0.110264768509492,1.0277719006459,0.304057136975765,0.697076808409108
"YKR035C",38.0818583004439,0.274270565306267,0.266869511789466,1.02773285515896,0.304075508437546,0.697076808409108
"YDL141W",319.374868105569,-0.127367331956006,0.123952777254312,-1.02754722223519,0.3041628614758,0.697076808409108
"YKR011C",1404.11363921849,-0.192960974224351,0.187809135192752,-1.0274312483592,0.304217443605911,0.697076808409108
"YMR088C",375.650543691465,-0.158315841031701,0.154101880082904,-1.02734529226074,0.304257902318068,0.697076808409108
"YDR311W",734.601724344814,0.0752910420958771,0.0733421566520084,1.02657251344702,0.304621802360861,0.697626132546063
"YDR530C",465.372010962742,-0.0946997697860712,0.092307288367814,-1.02591866211825,0.304929925234761,0.698047323755339
"YLR387C",995.804866628665,0.0758838326940982,0.074039827706771,1.02490558182591,0.305407740604765,0.698856474836636
"YDR174W",10372.5946082677,-0.112776085684682,0.110179699725459,-1.02356501211832,0.306040778088726,0.700020013373479
"YOL053W",122.053524193054,0.18363423262009,0.179492192261633,1.0230764375111,0.306271706598676,0.700152030114064
"YBR147W",69.8124236372078,-0.19595461308277,0.191564753648856,-1.02291579922871,0.306347658727844,0.700152030114064
"YBR177C",1477.01002392018,0.128576648032804,0.125813899203776,1.02195901125799,0.3068003006418,0.700826761548092
"YPL279C",29.9532278221867,-0.293297176177137,0.287049631805115,-1.02176468345469,0.306892288286451,0.700826761548092
"YNL076W",1061.95459624369,0.0988517726245691,0.0969396465956688,1.01972491231452,0.307858943208636,0.702415609410871
"YBR083W",772.620041547189,-0.111439756389583,0.109303167694369,-1.01954736299306,0.307943179695116,0.702415609410871
"YOL033W",155.049159505385,0.127411447526956,0.124973760487682,1.01950559085172,0.307963000282631,0.702415609410871
"YPL221W",1163.80470063335,0.11572981717897,0.113583796497026,1.0188937220636,0.308253424461231,0.702681338485624
"YOR227W",119.854404459647,0.167190116906656,0.164115678501449,1.01873336193885,0.30832956952056,0.702681338485624
"YOR011W",119.447889638435,-0.187505694091535,0.18422926781695,-1.01778450467404,0.308780377463883,0.703423478454408
"YFL041W",1136.48278180102,0.10285845801093,0.101163990901024,1.01674970604476,0.309272513213739,0.703655757297
"YAL015C",216.717953914318,0.138341796622968,0.136081915074817,1.01660677355186,0.309340530628165,0.703655757297
"YDR023W",8713.27522760294,0.0546795180839868,0.0537934674854104,1.01647134196762,0.309404987698038,0.703655757297
"YIL107C",388.362119655797,0.0984967009055721,0.09692733842074,1.01619112327236,0.30953838266623,0.703655757297
"YGR266W",1084.33871605252,0.103369065239841,0.101742197203818,1.01599010126314,0.309634100342069,0.703655757297
"YGL028C",1084.23559389358,-0.144879851348438,0.142665006770343,-1.01552479215636,0.309855734698939,0.703655757297
"YPR108W",3961.86368019448,-0.0698986012633792,0.0688517076831141,-1.01520504887233,0.310008094391384,0.703655757297
"YJL150W",9.95208153762144,0.452254609234642,0.445494515691117,1.01517435861817,0.310022721092912,0.703655757297
"YOL152W",89.0982784973275,0.219051875576685,0.215812017473307,1.01501240821206,0.310099912760012,0.703655757297
"YML122C",21.8725326633308,-0.2759640267566,0.271937561432309,-1.01480658024248,0.310198036440373,0.703655757297
"YOR386W",55.088758874859,0.22390873082199,0.220695802165207,1.01455817747896,0.31031648395616,0.703655757297
"YPR004C",1245.13000363471,-0.137719310289434,0.135762307576118,-1.01441491934143,0.310384808245421,0.703655757297
"YDR002W",11099.427240842,-0.0604167529176075,0.0596370055509108,-1.01307489132785,0.311024390401022,0.703803251288545
"YOR156C",163.811121911392,-0.105404241959615,0.104062932926289,-1.01288940255293,0.311112990821204,0.703803251288545
"YGR223C",173.015033661448,-0.189140782963985,0.186811652052167,-1.01246780319231,0.311314433557089,0.703803251288545
"YDR183W",324.96894962079,-0.107174779844137,0.105864380976873,-1.01237809029979,0.31135731001994,0.703803251288545
"YDR335W",1190.05552378734,-0.122767797536526,0.121285789043541,-1.01221914376509,0.311433284864155,0.703803251288545
"YGR066C",9.43504092750053,-0.546282675137063,0.539707600607181,-1.01218266061565,0.311450725167449,0.703803251288545
"YHR056C",93.0438936203613,-0.187253460055897,0.185031554586638,-1.01200825164239,0.3115341080467,0.703803251288545
"YML065W",602.068843170955,0.0794542093971721,0.0785187832887115,1.01191340554808,0.311579459027606,0.703803251288545
"YIL125W",1300.31799524922,0.123869512810574,0.122439901904886,1.01167602132513,0.311692984177649,0.703803251288545
"YMR302C",282.324106893266,-0.125148126625016,0.123706111708169,-1.01165677990307,0.311702187269962,0.703803251288545
"YGL215W",2289.40366681253,-0.185955054878559,0.183932227579755,-1.01099767738053,0.312017541441521,0.704192345789346
"YDR165W",2557.68790686594,-0.103915108979862,0.102807568219285,-1.01077294969389,0.312125112697733,0.704192345789346
"YDR142C",403.366778178795,0.0889834931348407,0.0880580526081602,1.01050943666445,0.312251280609276,0.704194300571481
"YDR444W",492.091486204977,0.100529683450206,0.0995252313493093,1.01009243673467,0.31245100546731,0.704362074097987
"YDR181C",868.272523613661,-0.0824742606168461,0.0816770926980157,-1.00975999380607,0.31261029147381,0.70443858784395
"YKL059C",631.997595876749,0.104962930203505,0.103998986350585,1.00926878123283,0.312845747924061,0.704686614562413
"YDR407C",1005.60891224572,0.101784223439067,0.100932438357212,1.0084391608458,0.313243680948797,0.705300275213237
"YGR030C",439.103109058124,-0.159115110736015,0.157877112571775,-1.00784153031476,0.313530544849969,0.705663460975901
"YGL053W",106.437402935603,-0.183623723552651,0.182456785677805,-1.00639569457782,0.314225263884426,0.706943948370885
"YKL162C",89.6981105850893,-0.161170925329721,0.160372376671168,-1.00497934042713,0.314906797997862,0.707809066599245
"YGR024C",374.693866320092,0.1111286149256,0.110591589675491,1.00485593209831,0.31496622671263,0.707809066599245
"YHR207C",103.424580227575,-0.156221918212463,0.155473856974312,-1.00481149212292,0.314987629104041,0.707809066599245
"YPR134W",282.882696298072,-0.0940476132820921,0.0936351433544677,-1.00440507605209,0.315183404328086,0.707965920193382
"YPR159W",465.409311409519,0.112583248955403,0.112165801802531,1.00372169722111,0.315512775852931,0.708284658315292
"YPL187W",26.0080799208527,0.240963357425549,0.240144128266988,1.00341140616043,0.315662402997682,0.708284658315292
"YER137C",540.596216230151,-0.146881384277606,0.146394415061129,-1.00332641936015,0.315703393074698,0.708284658315292
"YJL161W",95.9068940805616,0.185196599746982,0.184721228616802,1.0025734515396,0.316066710482147,0.708772839435768
"YJL050W",3520.40963159129,0.083975280688108,0.0837781660753548,1.00235281603772,0.316173222146881,0.708772839435768
"YBR221C",2494.62860557208,0.0984750459903061,0.0982701141282202,1.00208539354924,0.316302351784437,0.708779592116641
"YGR212W",70.8370142133386,-0.173495192178274,0.173194260834681,-1.00173753646422,0.316470372465891,0.70887345287298
"YIL158W",2267.89794697884,0.116070971902272,0.116003443382818,1.00058212512909,0.317028875380956,0.709628142824241
"YJL148W",13992.2007725193,-0.114869694927009,0.114810209661573,-1.00051811825456,0.317059833920226,0.709628142824241
"YLR174W",56.9508195473817,0.181336008239095,0.181302076006295,1.00018715854527,0.317219942561145,0.709703852386002
"YJR019C",98.1318109299099,-0.213884488950246,0.213976108139532,-0.999571825144018,0.317517763784548,0.709853011566822
"YDR334W",2338.53094912319,-0.0797646899596828,0.0798023975007261,-0.999527488619086,0.317539229729358,0.709853011566822
"YJL174W",2447.16696252798,-0.0759363787252957,0.0759960515188653,-0.999214790869039,0.317690652295402,0.70990913157064
"YNL197C",541.046079055518,0.0944164259255153,0.0945573187164519,0.99850997476611,0.318032130050909,0.710108152985311
"YLR398C",827.163953981637,0.0860575428014033,0.0861951437591323,0.998403611250843,0.318083683199143,0.710108152985311
"YCL028W",840.384315750274,-0.190144684018283,0.190524373641544,-0.99800713359659,0.318275899508009,0.710108152985311
"YIL100W",16.6159386926037,-0.378495839290412,0.379347302845112,-0.997755451143808,0.318397957136198,0.710108152985311
"YGL084C",632.224546900507,-0.115213272512058,0.115508379926863,-0.997445142811354,0.318548488565516,0.710108152985311
"YBR165W",405.231535920925,-0.104178704734931,0.104446347274115,-0.99743751173527,0.318552191008676,0.710108152985311
"YDR035W",1557.80783322951,-0.107439974000137,0.107740927399477,-0.997206693810756,0.318664192496255,0.710108152985311
"YBR301W",21.6926355513273,-0.265081220609447,0.266223442434276,-0.995709537017533,0.319391294936682,0.711446324829232
"YOR222W",2637.92476871228,0.10783335278514,0.108390239029717,0.994862210383864,0.319803284459168,0.711481528866213
"YGR144W",26.8858366773057,0.320734423316603,0.322399326733454,0.994835896731797,0.319816084319025,0.711481528866213
"YHR029C",86.4260644948575,-0.240898407960866,0.242205100810785,-0.994605015148131,0.319928407381873,0.711481528866213
"YDR508C",6437.71127973379,0.097333864644087,0.0978793794031622,0.99442666307856,0.320015192684777,0.711481528866213
"YOR001W",2333.9543140094,-0.0845104989318868,0.0849885166001382,-0.994375502863517,0.320040089852987,0.711481528866213
"YDL198C",1192.96436897849,-0.0952895888052037,0.095908526604047,-0.993546582136555,0.320443661443451,0.712097025429891
"YJL160C",20.1037013091013,-0.284301751081296,0.28623241364137,-0.993254912902724,0.320585743751536,0.712131177819617
"YHL034C",6968.36803636669,-0.0828518046145082,0.0834377116099055,-0.992977911497182,0.320720718960403,0.712149522148346
"YBR191W-A",100.980189166609,0.206572148683549,0.20827391968905,0.991829168971122,0.321280866056415,0.712953067025603
"YGL072C",11.5087430696682,-0.494641277766161,0.498773357775213,-0.9917155157856,0.321336320066878,0.712953067025603
"YPL226W",3225.46148858078,0.080534099101694,0.0812535849705436,0.99114518000516,0.321614694434983,0.713100016018003
"YML021C",207.774266876017,0.146630872824883,0.147987509233997,0.990832764088425,0.321767247795892,0.713100016018003
"YDR014W-A",19.8576819697847,-0.334160596629519,0.337347879420301,-0.990551940636893,0.321904414796265,0.713100016018003
"YOL076W",596.768055153635,-0.0730047910199369,0.0737019889341313,-0.990540310725977,0.321910096198874,0.713100016018003
"YGR121W-A",5.18258982663045,0.565324289253979,0.571285359397726,0.989565512146099,0.322386533974263,0.713791977305234
"YOR066W",307.895641235139,0.0991205992893201,0.100184399103407,0.989381582126486,0.322476482273664,0.713791977305234
"YOL085W-A",26.0197249007238,0.270005250665104,0.27302109620235,0.988953800350248,0.322685746037342,0.713973973515694
"YER067W",404.862273899431,-0.377866789163026,0.382585091035313,-0.987667313800655,0.32331560753093,0.715086074114061
"YMR043W",2368.82465743521,-0.117872851075951,0.119388507683295,-0.98730483664839,0.323493220298406,0.715197442201826
"YKL060C",117642.816850353,-0.109019603396073,0.110484489661433,-0.986741249655509,0.323769502580505,0.715481440807164
"YPR158W",607.834090855965,0.121468744057596,0.123128081429919,0.986523485519693,0.323876296336908,0.715481440807164
"YBL003C",11735.5459071328,-0.114675966617215,0.116496179723737,-0.984375340797973,0.324930997973838,0.717241660750464
"YHR196W",3638.16425439792,-0.11589134990475,0.117742070101823,-0.98428157246197,0.324977087449111,0.717241660750464
"YOR253W",519.652325609686,-0.112360711744832,0.114173661361603,-0.984121122199719,0.325055962621251,0.717241660750464
"YPL262W",1995.6998313638,0.117379263728577,0.119321946525175,0.983718981686336,0.325253704171478,0.717376546945358
"YGL062W",1027.92930488656,-0.157034252106687,0.159672408253633,-0.983477695515462,0.325372387573615,0.717376546945358
"YJL168C",2018.3042751955,0.0764674281094516,0.0778039474555761,0.982821959684146,0.325695072009402,0.717397862223963
"YGL116W",735.222196046072,0.0889927440865135,0.0905727079584757,0.982555850348577,0.325826082469165,0.717397862223963
"YKL058W",1064.81813254271,-0.0878908785503723,0.0894879248154795,-0.982153499833634,0.326024231995602,0.717397862223963
"YJL180C",746.276208440121,0.101187683111275,0.103048815354157,0.981939314523064,0.326129745890762,0.717397862223963
"YBR118W",150573.823190939,-0.151012296231211,0.153807551367924,-0.981826281532647,0.326185438166408,0.717397862223963
"YDL125C",3778.62685563773,-0.0825461664700278,0.0840868075475775,-0.981677969202506,0.326258522236119,0.717397862223963
"YNL192W",1342.33599872374,0.126600403550414,0.12899427359593,0.98144204406302,0.32637480131721,0.717397862223963
"YCR057C",1429.22977539333,-0.101279047926187,0.10320387665108,-0.981349259472089,0.326420538907969,0.717397862223963
"YGL172W",849.11900195059,0.0904405728735988,0.0922034087552572,0.980881011825304,0.326651422235677,0.717397862223963
"YNL132W",3367.99646437691,0.0845179792662182,0.0861666460884109,0.980866531343217,0.326658563955716,0.717397862223963
"YLR234W",19.2360603210988,-0.350720346880282,0.357670684130204,-0.980567774888165,0.326805932166457,0.717441147959176
"YDR190C",1794.90624753342,0.0756491348597858,0.0772071193772353,0.979820714332868,0.327174625238326,0.717814567467623
"YBR112C",3426.49922249971,-0.0785337051633168,0.0801605179792074,-0.979705560082426,0.327231480756592,0.717814567467623
"YMR230W",48357.3019072895,-0.109740965891758,0.11207810549146,-0.979147224255321,0.327507240844233,0.718139170325631
"YIL089W",9.61800129122902,-0.422671272942909,0.432087716533836,-0.978207101867037,0.327971904683641,0.718877575788636
"YJL190C",73362.1361135307,-0.0952636073420517,0.0974172516455738,-0.977892577883868,0.328127456396335,0.718938130583784
"YMR225C",2209.66335243934,-0.123681942921395,0.126518716529875,-0.977578229638374,0.328282969006203,0.718998552538916
"YBL068W",2144.37429087438,-0.0958991844099112,0.0981616302476859,-0.976951831055922,0.328592999933667,0.719397218397822
"YNL245C",598.261939337937,0.0865767930330242,0.0886787084787976,0.976297405749026,0.32891710517447,0.719596711512805
"YDL229W",54716.6763205736,-0.109146636232875,0.111801842886188,-0.976250779193181,0.328940204960213,0.719596711512805
"YHR193C-A",10.6294500581121,-0.521479092219269,0.534550311042969,-0.97554726177561,0.329288870049524,0.720000841745353
"YGL219C",1185.60083827334,-0.102799298670987,0.105440811404576,-0.974947909652805,0.329586099379723,0.720000841745353
"YOL028C",78.07180143193,0.154782244679229,0.158806351207673,0.974660292250016,0.329728795632398,0.720000841745353
"YDR324C",1225.94821087574,0.118107169618884,0.12120942046784,0.974405860229489,0.329855060898349,0.720000841745353
"YJL062W-A",1305.6355442878,-0.105047424726171,0.107811587649985,-0.97436117040788,0.329877242047728,0.720000841745353
"YDL043C",18.871416579202,-0.348520733320936,0.357703641967691,-0.974328165639463,0.329893624109303,0.720000841745353
"YLR018C",635.001223783026,-0.115669502578732,0.11878391641384,-0.973780845680679,0.33016536557538,0.720091688451532
"YNL265C",1278.36556563226,-0.123481386925337,0.126812991868339,-0.973728204863572,0.330191509099573,0.720091688451532
"YOL049W",1928.14303671279,0.140544173412611,0.144391726690109,0.973353367497605,0.330377706994067,0.72018926403041
"YKL141W",3092.59518001574,-0.09926765766291,0.102021166657062,-0.973010414560268,0.330548126039889,0.72018926403041
"YER072W",6929.20713464276,0.107946963882205,0.110957870896416,0.972864412502823,0.330620694163426,0.72018926403041
"YIL070C",2135.73374834875,-0.161898012851438,0.166517000230153,-0.972261166293347,0.330920637889665,0.72043203047636
"YMR286W",1677.16752869008,-0.113041572951683,0.116282998302079,-0.972124683765249,0.330988523610314,0.72043203047636
"YDR494W",1320.71353997551,0.0726053561059246,0.0747176988687368,0.971729017424329,0.331185376958919,0.720565859573156
"YML072C",5851.71729693288,0.069701044370783,0.0717669244814764,0.971214035913904,0.331441705806526,0.720565859573156
"YDL041W",51.60397850389,-0.248711434147572,0.256161465756038,-0.970916657638267,0.331589782402023,0.720565859573156
"YJL055W",1104.66482014317,0.0826914736894014,0.085201383396573,0.970541444198281,0.33177667726697,0.720565859573156
"YMR267W",778.857699316723,0.128227802831614,0.13222917818956,0.969739089263567,0.332176560924715,0.720565859573156
"YNL272C",833.273434364226,0.0604349634672661,0.0623212355664473,0.969733076020772,0.332179559024797,0.720565859573156
"YOR322C",790.336746109569,0.0854961659880892,0.0882300645293812,0.969013980031924,0.332538214044906,0.720565859573156
"YNL095C",122.325743712251,-0.173943014542977,0.179544886054516,-0.968799604184558,0.332645184131622,0.720565859573156
"YKR086W",367.85436885193,0.0770314822442764,0.0795173152409104,0.968738469236508,0.33267569355527,0.720565859573156
"YGL048C",2863.86493890429,-0.0797042556696158,0.0822957155954832,-0.96851039076438,0.332789532165973,0.720565859573156
"YPL209C",95.9597988414338,0.166477036099509,0.171903669618764,0.968432125205414,0.332828601896226,0.720565859573156
"YEL068C",1084.68004819422,-0.0791094314984997,0.0817052223489645,-0.968229804952024,0.332929612759989,0.720565859573156
"YGL201C",565.978745072196,0.0883611081372797,0.091298450993562,0.967827024179311,0.333130764905961,0.720565859573156
"YDL092W",3858.79247477406,0.0920485829663844,0.0951640214702775,0.96726243326249,0.333412858433346,0.720565859573156
"YFL047W",117.098064238307,-0.170433493763286,0.176289586294269,-0.966781404085847,0.333653322550574,0.720565859573156
"YDL103C",458.246918753043,-0.180308088911112,0.186515357216941,-0.966719800457987,0.333684125980546,0.720565859573156
"YNL301C",2364.02998189971,0.144022399396678,0.149096259218527,0.965969234584129,0.334059575941687,0.720565859573156
"YBR225W",58.3521873016638,0.207855041099163,0.215187968969322,0.965923151255707,0.3340826367339,0.720565859573156
"YDR287W",263.360473870052,-0.105675584192301,0.109417108765145,-0.965804940241338,0.334141796001317,0.720565859573156
"YKL125W",1090.8819638483,0.0874733302129091,0.0905988552585136,0.965501495171366,0.334293687460922,0.720565859573156
"YKR044W",318.239847425839,0.125380846258945,0.129861528527782,0.96549646134899,0.334296207549674,0.720565859573156
"YDR088C",887.657204073448,0.0931291583115695,0.0964615205412889,0.965453973656853,0.334317478703764,0.720565859573156
"YGR056W",817.301064208442,0.0770252879052379,0.0798795380757005,0.964268068654107,0.334911545476894,0.720565859573156
"YLR453C",70.2485393786579,0.202147596384214,0.2096790714087,0.964080940582735,0.335005347428859,0.720565859573156
"YJL134W",539.172572617543,-0.101513830110687,0.105335962212292,-0.963714841338787,0.335188911456265,0.720565859573156
"YPR080W",111882.580626238,-0.151424004386004,0.157149545437241,-0.963566289451829,0.335263414604449,0.720565859573156
"YLR243W",1152.31998244257,-0.101144384772404,0.104981912611336,-0.963445818965603,0.33532384193435,0.720565859573156
"YLR049C",312.280983987365,0.0834746690527543,0.0866705477118237,0.963126128270291,0.335484231022603,0.720565859573156
"YKR005C",18.474212579401,-0.420820511563565,0.436942863633852,-0.963101921527668,0.335496377577112,0.720565859573156
"YBR039W",2784.87458237627,-0.132104672166613,0.137208247708026,-0.962804163549463,0.335645810911399,0.720565859573156
"YPL133C",9.25969102109611,0.517741573389667,0.537870653281444,0.962576355915732,0.335760167774864,0.720565859573156
"YER043C",10633.0492681296,-0.14760340832484,0.153348483724697,-0.962535818677077,0.335780519640016,0.720565859573156
"YJL203W",859.203193143426,-0.124167324429713,0.129021205305491,-0.962379200657092,0.335859157736131,0.720565859573156
"YBR058C",450.308584026412,-0.0811137728056603,0.0842932512943287,-0.96228074679945,0.33590859760428,0.720565859573156
"YOR019W",139.286315977377,0.125748621312279,0.130680905351953,0.962257041100307,0.335920502425047,0.720565859573156
"YGR152C",84.5776883669303,0.151171889785157,0.157120769071484,0.962138173575125,0.335980200881725,0.720565859573156
"YLR239C",523.117410296831,0.0828840922758784,0.086196294570523,0.961573727604558,0.336263773964783,0.720565859573156
"YNR074C",31.3262463473642,0.279411758007204,0.290579939538971,0.961565889408998,0.336267712894531,0.720565859573156
"YIL102C-A",522.496681556516,-0.100907632076388,0.104965572608569,-0.961340271563955,0.336381105394478,0.720565859573156
"YNL097W-A",24.5090719712534,0.254218897356303,0.264476611914036,0.961215040969038,0.336444055225631,0.720565859573156
"YNL179C",7.9300273779574,-0.479353896738082,0.498887773727359,-0.960845147911057,0.336630034112736,0.720565859573156
"YDR464W",2026.66774451775,0.0596102980812593,0.0620567363170562,0.960577394478213,0.336764699367412,0.720565859573156
"YGL111W",2666.62161707268,0.0902420645855193,0.0939593651803132,0.960437146550957,0.336835250187631,0.720565859573156
"YML081W",591.280129366864,0.0948989725322237,0.098851446260222,0.960016025283094,0.337047149652105,0.720565859573156
"YDL095W",1071.95650726835,-0.097352712217049,0.101414812634114,-0.959945689277949,0.337082549617978,0.720565859573156
"YPR002W",77.8416989877267,-0.199117668559191,0.207427616711219,-0.959938082094455,0.337086378440931,0.720565859573156
"YPL208W",362.441690086128,0.145345772355517,0.151448156411608,0.95970644872358,0.337202976785968,0.720565859573156
"YGL003C",363.488714141539,0.104522903175443,0.108972970033757,0.959163571875337,0.337476348749687,0.720565859573156
"YBR275C",786.252699203879,0.0993603281298702,0.10359264348298,0.959144634109034,0.337485887652752,0.720565859573156
"YBL019W",69.6206481874349,0.180556402872646,0.188264776776655,0.959055676606175,0.337530697631434,0.720565859573156
"YOR157C",2340.33206560377,-0.0955260017344591,0.0996162404713377,-0.958940041126573,0.337588951646997,0.720565859573156
"YGR086C",5.88676696294269,-0.421938823796108,0.440312248194606,-0.958271829880196,0.337925704853343,0.720608052858512
"YOL027C",7734.33489349745,-0.0756616928893056,0.0789626278190683,-0.958196237626155,0.337963814072816,0.720608052858512
"YDR445C",26.3549454166594,0.259838808548377,0.271215893549156,0.958051554973797,0.338036762352054,0.720608052858512
"YLR151C",123.762860543469,-0.147916905590029,0.154420591091562,-0.957883301342392,0.338121607720266,0.720608052858512
"YNL011C",244.545912736131,0.131093152227164,0.136914252764053,0.9574836043774,0.338323217999132,0.720627759392436
"YOR246C",849.781029993245,0.0814798224599469,0.0851411850484821,0.956996574731132,0.338568983872514,0.720627759392436
"YDL098C",340.199600036772,-0.11091927575918,0.115915748585719,-0.956895651475318,0.338619926298878,0.720627759392436
"YGR240C",2671.59508778828,-0.147025516956389,0.153702925953356,-0.956556396336966,0.338791206145594,0.720627759392436
"YER175W-A",22.8651874836079,0.238848380570276,0.249760806496358,0.956308493397494,0.3389164001329,0.720627759392436
"YHR084W",652.883565014003,-0.14798088392096,0.154842760617245,-0.9556848723897,0.339231467551006,0.720627759392436
"YGR033C",1932.15266684225,-0.113639497217879,0.118977497710914,-0.95513436913924,0.339509750315503,0.720627759392436
"YBL009W",501.68896399038,-0.0980875590545089,0.102697050368177,-0.955115640642626,0.339519220259627,0.720627759392436
"YIL043C",1875.74657456109,-0.192283424644536,0.201325918800691,-0.95508529547501,0.339534564458488,0.720627759392436
"YLR252W",38.0073284310319,0.214282210877324,0.22438458713666,0.954977405586315,0.339589123168238,0.720627759392436
"YML095C",181.173989698374,-0.100984188365137,0.105780545183131,-0.954657476857488,0.339750940597932,0.720627759392436
"YNL309W",252.854256141903,0.116488235414444,0.12202650463103,0.954614210795168,0.339772828025707,0.720627759392436
"YNL172W",40.9531608823889,-0.21082975154636,0.220910303189267,-0.95436812363491,0.339897335747467,0.720627759392436
"YER145C",3629.27930355282,-0.16668767103793,0.174667998114293,-0.954311452798916,0.33992601248209,0.720627759392436
"YLR296W",23.8647592966973,0.235292436387112,0.246897590620097,0.952996081477191,0.340592056103313,0.72176747937429
"YCR032W",274.771032865986,0.122194498881895,0.12835678520091,0.951990957787156,0.34110156768229,0.722483210211111
"YGL029W",9087.44039007016,-0.135606859650428,0.142470714979511,-0.95182269331581,0.341186911014286,0.722483210211111
"YMR216C",548.841318625246,-0.0949734244756036,0.0998119903377577,-0.951523200311099,0.341338846957969,0.722532700528732
"YDL121C",3042.05798286665,-0.0904455034823158,0.0951166325160281,-0.950890512940257,0.341659958266617,0.722940122537044
"YER055C",10323.3580862651,-0.0866359622044586,0.0911529471260862,-0.95044609018094,0.341885634145763,0.723100844655145
"YDL124W",61.8145713658936,-0.1667513287257,0.175603302804476,-0.949591072961581,0.342320076211376,0.723100844655145
"YCL030C",1696.31050714116,-0.13162340749727,0.138621103335925,-0.949519260269508,0.342356580960691,0.723100844655145
"YDR083W",3397.28140587998,-0.0769074701952921,0.0810031455492226,-0.949438070260597,0.342397855506102,0.723100844655145
"YDR371W",174.785905217562,0.122245627857413,0.128769230444812,0.949338808930796,0.342448321287468,0.723100844655145
"YDR312W",2302.90117558213,-0.091977330432976,0.0968976356163064,-0.949221617720233,0.342507908980782,0.723100844655145
"YJR091C",615.90805124861,0.104496096557505,0.110184011628957,0.94837803609287,0.342937036772836,0.723526950138816
"YGL234W",4624.77445627215,0.132546437659059,0.139913110525654,0.947348230348692,0.34346136183979,0.723526950138816
"YJL207C",2102.07409986297,-0.0684005999319163,0.0722187030063661,-0.947131381269569,0.343571835668202,0.723526950138816
"YDR078C",447.127972146685,0.123461073881991,0.130359577117431,0.947080963378506,0.343597524329246,0.723526950138816
"YOL062C",759.587125299904,0.0862107372305655,0.0910402447729572,0.946951949059057,0.343663264618276,0.723526950138816
"YBR104W",612.355240566454,0.107535524503324,0.113585974832656,0.946732417111827,0.343775147357845,0.723526950138816
"YOL041C",7150.45422788237,-0.0896712590268607,0.0947242222661003,-0.946656059893058,0.343814067668233,0.723526950138816
"YPR188C",815.333257681861,0.0859026520332498,0.090807041006344,0.945991093655926,0.344153128914185,0.723526950138816
"YCR007C",131.585695366035,0.167221471799958,0.176812215208967,0.94575746139669,0.344272306882757,0.723526950138816
"YER093C-A",638.834559398395,-0.116863478247282,0.123574420230518,-0.945693113747023,0.344305135837638,0.723526950138816
"YIL085C",352.141483861472,0.107525083182996,0.113702103056846,0.945673653276567,0.344315064595377,0.723526950138816
"YNL180C",2846.4017291163,-0.119769443562378,0.126667450475823,-0.945542387665235,0.344382041256748,0.723526950138816
"YLR032W",680.207178078637,0.0857018796727568,0.0906827552101918,0.945073619279764,0.344621292406153,0.723526950138816
"YBR199W",1201.04000238102,0.0920067480637273,0.0973616100776122,0.945000272595983,0.344658736857053,0.723526950138816
"YKR055W",134.875124922788,0.106990156446028,0.113229616769803,0.944895509657508,0.344712224222046,0.723526950138816
"YOR255W",11.6759460297067,-0.36027866876916,0.381577208817842,-0.944182882110107,0.345076201123767,0.723526950138816
"YBL004W",3039.91450974904,0.111809629919975,0.118439970617757,0.944019399336226,0.345159735044988,0.723526950138816
"YDL219W",1013.85931791669,-0.106225170145512,0.112547516157365,-0.943825095144583,0.345259034389701,0.723526950138816
"YDR524C-B",135820.6946122,-0.0729504096260357,0.0773081636901243,-0.943631385663799,0.345358047935422,0.723526950138816
"YLR118C",601.812091178957,-0.09558857875049,0.101308394679785,-0.943540553106442,0.345404482735929,0.723526950138816
"YAL025C",5330.16495015125,-0.0766498540870063,0.0812548324737098,-0.943326713667233,0.345513815989064,0.723526950138816
"YKL196C",2109.91141929155,-0.0723339251317242,0.0766991571601038,-0.943086310332362,0.34563675734488,0.723526950138816
"YOL021C",1959.79967817942,-0.098298329692099,0.10426033560135,-0.942816164221388,0.345774942307068,0.723526950138816
"YDR449C",1813.4161195886,-0.107046780859341,0.113592958526084,-0.942371624511916,0.346002409587939,0.723526950138816
"YAL047C",420.708769248183,-0.0858777646752926,0.0911324128709163,-0.942340512775992,0.346018332773782,0.723526950138816
"YLR106C",9361.92657907756,0.106019991769209,0.112533437536905,0.942119907555837,0.346131253330394,0.723526950138816
"YPL091W",849.681026944115,0.126638020989627,0.134433348588166,0.942013438775376,0.346185759594889,0.723526950138816
"YDL165W",733.399466652178,0.0882986698080236,0.0938547353506474,0.940801436156993,0.346806624792788,0.724466728958424
"YPL114W",185.326280093023,-0.13754946524896,0.146230827232027,-0.940632477109005,0.346893232673865,0.724466728958424
"YBR255C-A",771.833774596534,-0.119531493258052,0.127236094050561,-0.939446421630584,0.347501588477149,0.725467654993157
"YGL170C",13.4434922240483,0.348491283064392,0.37120147033462,0.93881978094064,0.347823281089166,0.725869602570039
"YOR013W",212.177443062666,0.112407258585439,0.119780942194591,0.938440260411603,0.348018204005414,0.725948316148672
"YNL331C",201.805324020071,0.0989455022593722,0.105458245848609,0.938243391620733,0.34811934377592,0.725948316148672
"YBL010C",331.001291030758,0.109240723244094,0.11650766730491,0.937626902770287,0.348436180860333,0.726339516481852
"YBL081W",993.903089806299,-0.081350990405695,0.086829648046416,-0.936903376162572,0.34880826238986,0.726845544913242
"YDR124W",105.157988332707,-0.193195012774008,0.206288151673751,-0.93652985499405,0.349000448517407,0.726976471707868
"YLL011W",3030.52769265827,-0.106424161403278,0.113783219346898,-0.935323873011675,0.349621415883294,0.727834138056129
"YOL081W",1260.66446953776,0.0899417723290254,0.0961750262116977,0.935188435832065,0.349691197075705,0.727834138056129
"YFR047C",852.105029512333,0.106428366048877,0.113830061921477,0.934975912797929,0.349800712969681,0.727834138056129
"YLR361C-A",392.635898355633,-0.0747067258229922,0.0799681068954009,-0.934206507110509,0.350197379780831,0.728255528359272
"YIR004W",3089.43219660456,0.0855860411389577,0.0916330791034079,0.93400813304957,0.350299697702961,0.728255528359272
"YGR037C",3609.15139267833,-0.104860901872236,0.112291302676525,-0.933829240313531,0.350391983751507,0.728255528359272
"YJR110W",111.304716710425,0.127558172934917,0.136663386483856,0.933374887135449,0.350626441890563,0.728419646114453
"YPL186C",145.217657284057,0.112152569310593,0.120183992879325,0.933173932931347,0.350730171243009,0.728419646114453
"YML060W",406.57724405468,0.118044473806421,0.126673820920508,0.931877423043064,0.351399876566548,0.728475555515875
"YLR304C",3663.69533854126,-0.111246668795819,0.11938074737833,-0.93186440224961,0.351406606495082,0.728475555515875
"YDL015C",1751.8864306441,0.071495141184833,0.076726465346246,0.931818517407189,0.351430323189981,0.728475555515875
"YML115C",626.881448329672,-0.149501788801041,0.160449749888534,-0.931767041736747,0.351456930847014,0.728475555515875
"YOR301W",8.44488067994248,0.524767245935609,0.56322853922701,0.931712811740352,0.351484963589351,0.728475555515875
"YIL016W",3617.32202432648,-0.0846816916483597,0.0909131943312488,-0.931456564377397,0.351617442950843,0.728475555515875
"YNL065W",1154.46370152562,-0.166722474349844,0.179050189931328,-0.931149385620799,0.351776295415847,0.728475555515875
"YOL092W",1559.58606648201,-0.0859207121369885,0.0922946690811453,-0.930939056311554,0.351885089985091,0.728475555515875
"YDR064W",93327.5351688587,-0.119427888987826,0.128297830923942,-0.930864443519901,0.35192368918605,0.728475555515875
"YNL304W",218.076594583724,0.173357499717409,0.186507550413982,0.929493199243759,0.352633548040919,0.729618271885302
"YER111C",1035.21301446208,0.0740317283200926,0.0796642600352884,0.929296629219918,0.352735381621417,0.729618271885302
"YHR168W",74.0593345570834,0.149590647502268,0.161074588446251,0.928704204339375,0.353042401298186,0.729761972509015
"YCR004C",846.941669755454,-0.136660551527001,0.147169144655627,-0.928595133489319,0.353098944852561,0.729761972509015
"YOL093W",1616.54071241585,0.111587175824346,0.12019156811806,0.928411015610832,0.35319440662358,0.729761972509015
"YDR050C",27003.7036835292,-0.370748392366266,0.399493633288226,-0.928045809678219,0.353383807545247,0.729766488721541
"YGR251W",2220.90862560498,-0.0912076750000468,0.0982940817017689,-0.927906069429259,0.353456295782924,0.729766488721541
"YNL185C",1083.8424367201,0.0789352287295884,0.0851499852882438,0.9270140031426,0.353919263823784,0.730454007598114
"YMR070W",1879.51817439732,-0.0984727182365672,0.106299632743817,-0.926369317511073,0.354254083709698,0.730758592510617
"YLR134W",80.048020497924,0.153000870179342,0.165186840956394,0.926229167489989,0.354326897614134,0.730758592510617
"YMR201C",353.869573232787,0.0883174073257728,0.0953842815146402,0.925911543530548,0.354491951773835,0.73076050074572
"YPL224C",245.45923776965,0.134993690536611,0.14583688762016,0.925648460684442,0.35462870025404,0.73076050074572
"YBR248C",1671.18769244887,0.090634524331324,0.0979360158131683,0.925446308784164,0.354733799916135,0.73076050074572
"YDR462W",1650.17156620803,-0.0932444064427909,0.10078005172818,-0.92522681665501,0.354847937105884,0.73076050074572
"YGL014W",1034.51207937033,-0.0888859793572431,0.0961680280266377,-0.924277862208243,0.355341665715726,0.731509216601604
"YPR061C",135.805236891257,-0.111874405151721,0.121085968450395,-0.923925427392127,0.355525143282475,0.731618932716041
"YOR178C",45.2309988448455,-0.205015378241643,0.222095254518321,-0.923096617648491,0.355956857124716,0.732239215607944
"YPR110C",3060.45163711387,-0.0877460791416982,0.095107905628174,-0.922595009974703,0.356218297104825,0.732297174994351
"YMR120C",12447.0894230889,0.12122269069387,0.131414434061969,0.92244578427897,0.356296097507116,0.732297174994351
"YPL030W",630.438953775766,0.108237479000783,0.117356976765118,0.922292666224804,0.356375938364689,0.732297174994351
"YEL006W",284.850539575924,0.0983786085543992,0.10671952833633,0.921842610139318,0.356610677888669,0.732413771143687
"YLR136C",221.791434276603,0.298568597315348,0.32393806715169,0.921684197046029,0.35669332591108,0.732413771143687
"YLR128W",34.5751111317347,-0.228222823359611,0.247734436360648,-0.92123980304203,0.35692524164798,0.732622300241654
"YHR039C",747.472812878949,-0.1678875612593,0.182332727872388,-0.92077578840811,0.357167498141743,0.732807339141909
"YLR137W",146.526768691465,0.167409871106047,0.181954857874266,0.920062663134448,0.357540014135403,0.732807339141909
"YNL042W",687.506961658798,0.129202895318914,0.140448494249239,0.919930797475342,0.357608923723343,0.732807339141909
"YFL030W",10.4354698360915,0.378678902876926,0.411797046813128,0.919576538509682,0.357794091706242,0.732807339141909
"YKL148C",829.006845158577,0.148826846492171,0.161852560791454,0.91952111084565,0.357823068707253,0.732807339141909
"YDL155W",714.449941259963,0.073652308700679,0.0801273010306685,0.919191183944768,0.357995581587403,0.732807339141909
"YNL249C",77.273638663341,0.183701093104514,0.199863213079591,0.919134093132786,0.358025438663353,0.732807339141909
"YDL055C",22746.0142760909,-0.0706919900568576,0.076923941226959,-0.918985545063084,0.358103132954311,0.732807339141909
"YBL062W",26.0027192610271,0.251008799239858,0.273185585074582,0.918821537275951,0.358188925377727,0.732807339141909
"YPL135C-A",52.0279943788467,0.202508501093641,0.220502100587338,0.918397151565593,0.358410981425689,0.732900709824022
"YGL169W",1254.42281003236,-0.0984005607063369,0.107162616683213,-0.91823589001398,0.358495382794704,0.732900709824022
"YDR514C",376.373467391178,-0.10633461303673,0.115887243089697,-0.91756961509928,0.358844231487455,0.733347120348908
"YDL082W",18547.4074855108,-0.104974547778105,0.11446763815407,-0.917067474012276,0.359107283852663,0.73345388615025
"YAL024C",663.884034466029,0.0738942415425606,0.0805868633470968,0.916951454287155,0.359168079347575,0.73345388615025
"YJR065C",4116.20904245552,-0.0781750854367001,0.0852840363440118,-0.916643826769219,0.359329310551431,0.73345388615025
"YCL061C",857.932145108444,0.0634099700443983,0.0692391285306669,0.915811209500033,0.359765923143999,0.73345388615025
"YPR057W",426.928396929425,0.106149622659965,0.115945661733083,0.915511810216158,0.359923005264097,0.73345388615025
"YNL123W",1113.82823328595,-0.0906448897348329,0.0990153302015577,-0.915463186865248,0.359948519941073,0.73345388615025
"YOR180C",356.324346542895,-0.108131721203144,0.118156931820907,-0.915153428044672,0.3601110898299,0.73345388615025
"YNL308C",8190.63340219982,0.0848326086769458,0.0927037237042753,0.915093863409,0.360142356261231,0.73345388615025
"YDL138W",151.540791078788,0.125112850850582,0.136742088647778,0.914954949772995,0.360215280875858,0.73345388615025
"YMR205C",2679.76922588128,0.0878076617631549,0.0960173233096809,0.914498121135415,0.3604551646848,0.73345388615025
"YJL172W",185.250675908431,-0.139197837724972,0.15223807058906,-0.914343154681146,0.360536561387523,0.73345388615025
"YJL020C",1898.3884478397,0.0832127019623023,0.0910172327833115,0.914252163218478,0.360584360364064,0.73345388615025
"YPL138C",508.740558485631,0.071770314570732,0.0785030868647316,0.914235572601103,0.360593076055719,0.73345388615025
"YLR145W",617.959665757922,-0.13243246681114,0.144966399189475,-0.913539051473899,0.360959104761206,0.733688648526981
"YDL060W",2664.55154621358,0.105658385382965,0.115670433399725,0.913443325813767,0.361009427747913,0.733688648526981
"YEL047C",234.322045021189,-0.172956899815786,0.189428154880695,-0.913047481905299,0.361217569641005,0.733688648526981
"YKL146W",860.623169026073,0.10638101322648,0.116515211525955,0.913022530133612,0.361230692255188,0.733688648526981
"YBR025C",20983.6644324165,0.0778421356083551,0.0852954390654915,0.91261779599477,0.361443591436273,0.733855846774513
"YLR337C",76.8132393909723,0.234318461370871,0.256861162328504,0.912237798998967,0.36164354991736,0.733996659637257
"YIL079C",1296.2623517951,-0.0720672679433799,0.0790383464030351,-0.911801311933982,0.361873319628772,0.734197854264873
"YBL074C",21.1266676008525,0.328288664285731,0.360450084432581,0.910774274897236,0.362414319581253,0.735030124881503
"YDR419W",185.983951922466,0.131437810213181,0.14459377755281,0.909014291193661,0.363342582166166,0.736646937869356
"YBR096W",819.570919582507,-0.106937086796504,0.117759374478302,-0.908098291709318,0.363826292950758,0.737103228653889
"YOR375C",6046.44970875769,-0.126049281687738,0.138853391656037,-0.907786840381853,0.363990852395136,0.737103228653889
"YMR208W",1338.05075025495,-0.0870026380340204,0.0958904897422672,-0.907312479765873,0.364241576532048,0.737103228653889
"YMR316C-B",143.985106918631,0.149935968379465,0.165341768615137,0.906824510438546,0.364499606199447,0.737103228653889
"YLR342W-A",2431.16961974115,-0.0717305441332854,0.0791373407981616,-0.906405792889009,0.364721107777962,0.737103228653889
"YIL136W",201.724206793677,0.148616123363874,0.163969933134732,0.906362041641852,0.364744257039093,0.737103228653889
"YNL314W",186.826538470648,-0.112690456085911,0.124336794047046,-0.906332328653029,0.364759979028343,0.737103228653889
"YNL101W",447.275504979322,0.103364705983533,0.114054286306636,0.906276382332852,0.364789582970034,0.737103228653889
"YAL064W-B",140.49132707508,-0.127444963869816,0.140637574125736,-0.906194270358179,0.364833035160959,0.737103228653889
"YKL009W",6968.94714477964,-0.0803333942651296,0.0886577337325444,-0.906107012699794,0.364879213899487,0.737103228653889
"YPR170C",35.5657347315834,-0.206224403195779,0.227743384598594,-0.905512155970006,0.365194122906179,0.737238951643039
"YFR046C",268.455403782111,-0.10253176595879,0.113297619693756,-0.90497722931809,0.365477450642568,0.737238951643039
"YMR087W",111.940690921567,0.131519784480937,0.145331457889416,0.904964323560363,0.365484287964615,0.737238951643039
"YAL055W",410.138376757481,0.103947584819173,0.114911956726985,0.904584586146573,0.365685504221926,0.737238951643039
"YAR030C",20.9898887420769,0.315166460615204,0.348445037802268,0.904494041881152,0.365733492261955,0.737238951643039
"YPL122C",485.604629787604,0.0953292248158681,0.105398498109897,0.904464736456394,0.365749024842815,0.737238951643039
"YML041C",402.963810668482,-0.107266807230094,0.118651088552183,-0.904052449404352,0.365967590548014,0.737238951643039
"YJR089W",537.359093735538,0.103513110525322,0.114505840479775,0.903998521748813,0.36599618523824,0.737238951643039
"YOR267C",3282.16578880824,0.130187946455003,0.144101560008492,0.903445781206889,0.36628935167466,0.737238951643039
"YDR447C",28772.3678476448,0.090382709499226,0.100048949304007,0.903384894373963,0.366321654217547,0.737238951643039
"YLR324W",485.000586981986,0.100657150604354,0.11146264801143,0.903057233971621,0.366495519752784,0.737238951643039
"YPL249C-A",83373.596267051,0.0788281946444392,0.0873038727610873,0.902917501267758,0.366569681382278,0.737238951643039
"YGL244W",1650.86098435209,0.0776549811689976,0.0860284893836486,0.902665869473671,0.366703255847962,0.737238951643039
"YLR290C",516.94704351066,-0.107962870998279,0.119650916986234,-0.902315449957644,0.366889320648849,0.737238951643039
"YOR014W",445.899202876768,0.121386317788396,0.134534546448162,0.902268755446902,0.36691411881594,0.737238951643039
"YNR004W",523.471680424159,-0.100699587758982,0.11183132486934,-0.900459579430324,0.367875726660679,0.738906927745895
"YLR208W",3484.52723100325,0.0606308160478297,0.067360302894742,0.90009714093139,0.368068557415315,0.739030115281911
"YPL135W",703.434498675319,-0.0976859143444624,0.108581251867957,-0.899657285801564,0.368302661206374,0.73923605570708
"YER046W",234.835681133777,-0.129809710343855,0.144360170911161,-0.899207236487269,0.368542286544789,0.739264291081593
"YML056C",5444.54819513917,0.109643313371179,0.122023428332844,0.898543131177274,0.368896061532132,0.739264291081593
"YNL052W",1952.07344548008,-0.263494656998827,0.29331503478753,-0.898333279061866,0.369007895586273,0.739264291081593
"YKL222C",271.931724373756,0.0849051709618077,0.09452446663512,0.898234859018624,0.369060352701749,0.739264291081593
"YIL061C",590.877095648288,-0.112760439600082,0.125584184975209,-0.897887258832326,0.369245658003195,0.739264291081593
"YBR267W",3625.28177304001,-0.101143510942379,0.112651131159205,-0.897847273272717,0.369266977973634,0.739264291081593
"YKL018W",511.21120432627,0.0984067176713264,0.109626013653894,0.897658451597187,0.36936766647438,0.739264291081593
"YKL104C",1313.66401762447,-0.0927264985532949,0.103298497031505,-0.897655834479513,0.369369062163187,0.739264291081593
"YGR197C",237.80599449046,-0.0957772274255374,0.106810174264392,-0.896705094670621,0.369876301356862,0.739688398708591
"YJR127C",111.188966153676,-0.15701775471909,0.17512294498932,-0.896614402691012,0.369924709992513,0.739688398708591
"YKL073W",2081.05379707473,-0.073233607429109,0.0816866512022256,-0.896518664326316,0.369975816507091,0.739688398708591
"YJR144W",1831.7089686128,0.0689464357534142,0.076974564899115,0.895704130887617,0.370410803576397,0.740294707005459
"YDL211C",96.278020031774,0.149848174448066,0.167370958836244,0.895305705900138,0.370623690970542,0.740456858604495
"YEL055C",2841.59309115461,0.0919272709249738,0.102746623745188,0.894698702245963,0.370948172619485,0.740841766212333
"YJL137C",268.559553877323,-0.148239746658884,0.16592461298397,-0.893416256894963,0.371634299940771,0.741948406986549
"YDR504C",195.008433583005,-0.137890437482736,0.154480689213935,-0.892606306874874,0.37206804051893,0.74255056381974
"YCL026C-B",113.085805682981,-0.139025551200437,0.155930475497166,-0.891586784156014,0.372614456409063,0.743377083783788
"YNR029C",587.760487460338,0.0825739312947578,0.0926575497046557,0.891173267132152,0.372836223602765,0.743382889735203
"YPL077C",190.270167296873,0.131308083940868,0.14738621098354,0.890911592506663,0.372976600676452,0.743382889735203
"YDR273W",64.4708247461352,-0.175159347003575,0.196622340287167,-0.890841532797109,0.373014190223002,0.743382889735203
"YDL171C",1151.68338284,0.112162427938973,0.125985825343854,0.890278153378345,0.373316548769106,0.743502316878316
"YHR048W",82.5018316629911,0.188054784562635,0.211334811817934,0.889842912982293,0.373550240599296,0.743502316878316
"YMR149W",22.2939825907886,0.315156670976061,0.35422678480265,0.889703106871614,0.373625325327222,0.743502316878316
"YKR042W",2025.63690565096,-0.132690394066604,0.14915340611515,-0.889623626591295,0.373668015431304,0.743502316878316
"YDL052C",1602.08334179811,0.0872204414453899,0.0980952191690337,0.889140594049698,0.373927524695341,0.743502316878316
"YBR122C",3143.76497923967,0.0643304645984956,0.0723579332731671,0.889058900502782,0.373971425580398,0.743502316878316
"YIL026C",1130.59895857327,-0.0732597290987954,0.0824076000816129,-0.888992386942979,0.374007171323337,0.743502316878316
"YGL106W",864.491473272819,0.110113981966521,0.123915311420251,0.888622888523249,0.374205785791815,0.743502316878316
"YHR192W",916.617556778617,-0.0680156735063395,0.0765499897113802,-0.88851316326471,0.374264778371665,0.743502316878316
"YBR297W",626.62229229777,-0.103252727862099,0.116295070564077,-0.887851285194485,0.374620751827853,0.743946510697009
"YER158C",597.187703216561,0.101343700626273,0.114179136905857,0.887585099805339,0.374763971535714,0.743968039572841
"YPL198W",2974.33667189372,0.170109738605653,0.191776929226348,0.887018784229663,0.375068787364259,0.744214314326786
"YNL313C",1865.1468691184,-0.0781548490595635,0.0881488086594932,-0.88662399694436,0.375281369760068,0.744214314326786
"YMR158C-A",53.8987323174351,0.173061749536557,0.195193422837747,0.886616705729955,0.375285296584006,0.744214314326786
"YIL031W",367.099731957613,0.0759730800371007,0.0857324299338721,0.886165014752305,0.375528612955103,0.744434146316643
"YKR029C",838.95674213238,-0.0794347281612099,0.0896676757286894,-0.885879192425577,0.375682629717798,0.744476861429487
"YKL033W",211.885442585411,0.100484748030078,0.113483837791488,0.88545426366974,0.375911676756284,0.744668178840435
"YPL027W",5.47040189881667,0.607124491595893,0.686447548360018,0.88444411091039,0.376456519904265,0.74548472229104
"YPR162C",242.682984715639,-0.115587649076742,0.130798852201981,-0.883705377614859,0.376855276630529,0.745749217082839
"YDL149W",243.411612254045,0.141364047433291,0.15997589273924,0.883658437610432,0.376880622913101,0.745749217082839
"YNR027W",224.576988106235,0.145834962822853,0.165104736151863,0.88328757988332,0.377080912623757,0.745749217082839
"YDR492W",2153.95317838109,-0.106776627436323,0.120910208757228,-0.883106799118315,0.37717857096401,0.745749217082839
"YJR054W",698.12363755525,-0.062473054853685,0.0707767250080344,-0.882677954463042,0.377410296564605,0.745749217082839
"YKL034W",416.645525703193,-0.0825498043192247,0.0935257414522918,-0.882642607664693,0.377429400070628,0.745749217082839
"YDR101C",1321.36676444676,-0.258003328860036,0.292383691692335,-0.882413541489598,0.377553215462579,0.745749217082839
"YGL123W",64699.2113194317,0.0847255098254281,0.0960354659709578,0.882231464894959,0.377651649789637,0.745749217082839
"YDR062W",1014.11021460502,0.0750595893956557,0.0851152759598144,0.881858027824449,0.377853586974544,0.745885900525794
"YLR249W",73129.5240418594,0.0708291684887351,0.08038300670355,0.881146045580889,0.378238777735497,0.746384104941535
"YLR182W",710.034379735843,0.0735723474561407,0.0835288641753646,0.880801483205605,0.378425276831866,0.746464069214352
"YGL184C",119.66407994603,-0.197035762470885,0.223787654712345,-0.880458587959883,0.378610929770787,0.746464069214352
"YMR172W",343.02819366054,0.0842093043334821,0.0956645289083301,0.880256300788092,0.378720479912802,0.746464069214352
"YOR293C-A",117.020510724495,-0.222040755652177,0.252361508249902,-0.879851912409323,0.378939537966554,0.746464069214352
"YBR222C",387.297731215585,0.0933036711320454,0.106102977044629,0.879369021783435,0.379201222979235,0.746464069214352
"YGR256W",48.7039213832575,-0.214992383601201,0.244522042990595,-0.879235184573812,0.379273770859456,0.746464069214352
"YJL102W",349.161869206507,0.0891883099270131,0.101496025833101,0.878736967235281,0.379543909899279,0.746464069214352
"YPR165W",6757.58618503102,-0.075459095784531,0.0858801613914276,-0.878655728656596,0.379587969586951,0.746464069214352
"YNL256W",905.963812158626,0.0922925329668168,0.105040336473521,0.87863896923143,0.379597059441092,0.746464069214352
"YPR047W",692.380615371522,-0.0781736247708696,0.0889732243411075,-0.878619667318854,0.379607528436765,0.746464069214352
"YJL111W",1869.09036811557,0.108838581024725,0.123920614798255,0.878292778016925,0.37978485403241,0.746551549374657
"YOR067C",1037.26266868391,-0.0908638113046429,0.103515651426564,-0.877778481344949,0.380063944404345,0.746838939703643
"YLR078C",282.762665062189,0.118303015259141,0.134847275594135,0.87731112651627,0.380317670412674,0.746890460138596
"YOR344C",4893.81404621755,-0.124733750162699,0.142188754268255,-0.877240614453768,0.380355960305456,0.746890460138596
"YBL052C",1690.63125585517,0.0840843104577848,0.0958894683062412,0.876887857895359,0.380547551899425,0.747005672956607
"YPR040W",636.28157258861,-0.141365759559866,0.161337741728954,-0.87621010462239,0.380915824306956,0.747467504401219
"YFR017C",205.956621226188,-0.213578635104056,0.24424156234015,-0.874456554640811,0.381869670057665,0.748935212668044
"YIL142W",5513.04475467745,-0.12279067980475,0.140437305158865,-0.874345172501333,0.381930305962031,0.748935212668044
"YGR193C",60.3089593235426,-0.209017616024187,0.239382618256809,-0.873152852726985,0.382579769076304,0.749947088318391
"YOL129W",1304.52675712246,-0.0883866956700972,0.101374711735242,-0.871881104835438,0.383273242708665,0.751044499310565
"YGL192W",122.378326740027,0.144179549886886,0.165473245146354,0.87131638567531,0.383581426091204,0.751386411513617
"YJL206C",117.628702813062,-0.145356402692296,0.166894808243565,-0.870946221887045,0.383783517345724,0.75152033710208
"YEL007W",1010.36956458681,-0.131460943020937,0.151118787170288,-0.869917933319573,0.384345254335202,0.751951586550434
"YIR018W",174.78733559225,0.123952754970301,0.142491422200527,0.869896258006767,0.384357100609631,0.751951586550434
"YGR122C-A",59.7985198153583,0.120276700850937,0.138279541588292,0.869808356821458,0.384405143800604,0.751951586550434
"YCL001W",1929.16509347394,-0.0874730371225864,0.100628861981873,-0.869263901030142,0.384702802894763,0.752167275484857
"YKL064W",1791.99994773134,0.103997731097778,0.119659054457171,0.869117105843427,0.3847830813201,0.752167275484857
"YOR093C",118.633692672772,0.114569619385148,0.131937922270446,0.868360039430539,0.385197263642429,0.752459454290327
"YGR084C",1549.44445131345,-0.123836103847342,0.142610089198327,-0.868354437918655,0.385200329180297,0.752459454290327
"YBR049C",1927.54333873464,-0.08353412241982,0.0962790975898056,-0.867624692284869,0.385599824370612,0.752654485012054
"YMR096W",156.054570522967,0.125857759684094,0.145093176994872,0.867427140895412,0.385708016301664,0.752654485012054
"YLR412C-A",196.555184192509,0.0869107678258854,0.100241820335294,0.86701106918432,0.385935944756546,0.752654485012054
"YJR066W",227.023322929175,-0.102106665246674,0.117920147745145,-0.865896686860949,0.386546820170611,0.752654485012054
"YEL046C",1489.14536740646,-0.210848274993613,0.243535795766179,-0.865779399411373,0.386611148405357,0.752654485012054
"YKL099C",2150.84919241503,0.0753173420291852,0.0870117684142128,0.865599486159651,0.386709837489222,0.752654485012054
"YIL020C",60.7278590722661,-0.210682542445754,0.243474353961825,-0.865317184407798,0.38686472143853,0.752654485012054
"YGR194C",70.2876408682273,0.187660825772868,0.216874733021747,0.86529593908042,0.386876379150207,0.752654485012054
"YLR244C",4022.90909358859,-0.0844805416540881,0.0976498676851937,-0.865137287501902,0.386963441038095,0.752654485012054
"YNL083W",184.139487367789,0.111155132505264,0.128526266009749,0.864843708264524,0.387124577555938,0.752654485012054
"YHR023W",2396.23431608748,0.063655070546612,0.0736166762911504,0.864682756049177,0.387212936589862,0.752654485012054
"YML086C",151.784929154596,0.146640481033334,0.169592462735601,0.864663904680426,0.387223286358723,0.752654485012054
"YBL027W",69989.2742372471,0.0957657598105163,0.110760266316025,0.864621971359965,0.387246309173954,0.752654485012054
"YGL119W",315.958624198772,-0.15048647067872,0.174201031938962,-0.863866700465065,0.387661121416955,0.752654485012054
"YGL022W",1379.48979151369,-0.115346676225352,0.133543917078709,-0.863735906124186,0.38773298419744,0.752654485012054
"YOL139C",2978.97324364677,-0.121941603202951,0.141268041089839,-0.863193134570349,0.38803128777229,0.752654485012054
"YJR072C",4315.88635369052,-0.0638868487429582,0.0740164022699788,-0.863144475868032,0.388058037094173,0.752654485012054
"YDR297W",2047.07179656961,0.0746410299252392,0.0864958899865631,0.862943082461311,0.388168761757265,0.752654485012054
"YGL009C",1944.81392649959,0.0852310865016032,0.0988120488927685,0.862557627907265,0.388380735594079,0.752654485012054
"YHR099W",1326.50648164094,0.0766866177156179,0.0889163131704608,0.862458360915196,0.388435337114925,0.752654485012054
"YPL178W",422.34882710769,0.109832429937518,0.12736660027645,0.86233305826744,0.388504266147384,0.752654485012054
"YMR227C",402.789740670184,-0.0804525970091016,0.09329889369387,-0.862310299981484,0.388516786288103,0.752654485012054
"YDR121W",1989.62408782626,-0.0762909878922636,0.0884923157934281,-0.862119916381818,0.388621532687302,0.752654485012054
"YHR174W",18.10417012535,-0.263801719571259,0.306034937531701,-0.861998704131396,0.388688230933895,0.752654485012054
"YEL041W",48.9548358377429,-0.213160590181553,0.24738397209542,-0.861658855163558,0.388875273371483,0.752654485012054
"YJL163C",71.1913578364664,0.188540439954951,0.218858846332578,0.86147050080144,0.388978961423657,0.752654485012054
"YOR137C",219.835161496844,0.102789136611023,0.119384665170624,0.860991120292687,0.389242933692127,0.752654485012054
"YKL108W",274.097825132077,0.0949290117940126,0.110282992993321,0.860776527889133,0.389361134932524,0.752654485012054
"YLR167W",187174.014927064,-0.10857970453605,0.126205696682834,-0.86033917160586,0.389602106005072,0.752654485012054
"YGL232W",1634.47457380518,0.0814873853527227,0.0947687489749682,0.859855028520493,0.389868961055313,0.752654485012054
"YGR204W",3576.68788097654,-0.100963259787039,0.117467175312665,-0.859501895046875,0.390063674938403,0.752654485012054
"YNL068C",650.673679631952,0.0900465758782078,0.104768559611906,0.859480899725714,0.390075253387426,0.752654485012054
"YLR022C",4723.58895050475,-0.0973904636253915,0.113327087185374,-0.859374983017836,0.390133667263435,0.752654485012054
"YJL008C",1946.35720497909,0.0797008756128911,0.0927434943598373,0.859368909517882,0.390137017006394,0.752654485012054
"YNR034W",249.054944303582,-0.11554850064918,0.134508575234271,-0.859041889693142,0.390317405438503,0.752654485012054
"YJL193W",431.930740693346,-0.124359586698938,0.144800103040911,-0.858836313561201,0.390430829879121,0.752654485012054
"YNL268W",2507.00045841316,0.0606012502976382,0.0705666444162572,0.858780388368259,0.390461689473806,0.752654485012054
"YGR132C",947.796138784112,0.0878841161577537,0.10235332917405,0.858634661587886,0.390542108664795,0.752654485012054
"YDR070C",322.675025294775,0.170934797320039,0.199090504683181,0.858578351549477,0.390573186003734,0.752654485012054
"YER130C",677.931460934865,-0.12603684152897,0.146844945307178,-0.858298808074869,0.390727487440921,0.752654485012054
"YPL251W",6.52306609397183,-0.639871915389346,0.745611873264427,-0.85818364531652,0.390791065349675,0.752654485012054
"YGL210W",693.942725657059,-0.0888962372119982,0.103650919529172,-0.857650251592594,0.391085617993729,0.752947535935896
"YOR080W",595.742843592701,-0.08425319965271,0.0982840407343186,-0.857241918659646,0.391311200191257,0.752947535935896
"YBR241C",111.426866159634,-0.145289165681726,0.169496587957321,-0.857180474442997,0.391345151684831,0.752947535935896
"YMR241W",1877.52185666701,0.118662017839642,0.138674531197085,0.855687174965093,0.39217083602026,0.753812966389718
"YGR247W",33.7193050732954,0.262086206856985,0.306431271274165,0.855285447099476,0.392393142093263,0.753812966389718
"YGL229C",124.373657162762,-0.150530125625407,0.176044459457297,-0.85506880528621,0.392513057919412,0.753812966389718
"YAL029C",919.04960914895,0.0664720690008862,0.0777574912710365,0.854863858315425,0.392626520852085,0.753812966389718
"YJL069C",757.559199872401,-0.129394154331529,0.151390038163127,-0.854707191447452,0.392713268316633,0.753812966389718
"YOR050C",26.162986818253,0.235223332432992,0.275258975007397,0.854552816767086,0.392798757944919,0.753812966389718
"YJL151C",4852.62689031464,-0.107631269902441,0.125989325155803,-0.854288803986686,0.392944989110951,0.753812966389718
"YJL153C",60.1077040797956,0.193340936781103,0.2264097982,0.853942445592897,0.393136879813986,0.753812966389718
"YLR068W",2712.07663750791,-0.113456251738147,0.132878685402631,-0.853833339744193,0.393197338779603,0.753812966389718
"YNL159C",388.294507215616,0.104030475803351,0.121865035985412,0.853653182491194,0.39329718188085,0.753812966389718
"YKR022C",714.54104974627,0.0882087865700299,0.10333728458195,0.85360077852711,0.393326227026769,0.753812966389718
"YKL209C",52.1217194342674,0.186913900835579,0.219051076363986,0.85328912296689,0.393498990440629,0.753812966389718
"YGL006W",1306.88521300599,0.112347524132012,0.131675116168678,0.85321758127855,0.393538655407016,0.753812966389718
"YAL044C",6580.72859503347,0.128098904373596,0.150184713542516,0.852942362455102,0.393691267968241,0.753848356382118
"YJR084W",397.584505573619,0.0651165887407667,0.0763880577696591,0.852444618203536,0.393967364882956,0.75412009218059
"YLR164W",78.7057601468496,0.148169000280171,0.174160863048133,0.850759451273627,0.394902990587443,0.755653662615399
"YGL144C",288.833332248731,0.112179901773469,0.13191789770165,0.850376664030676,0.395115705954831,0.755778767521352
"YDR293C",2625.51284585654,0.10059954541965,0.11833043128197,0.850157853138646,0.395237330559654,0.755778767521352
"YDL005C",1711.07558142146,-0.0752235597090345,0.088514078115356,-0.849848536082581,0.395409301025707,0.755850432572951
"YGL223C",50.1994247227454,-0.215911222708127,0.254281630341257,-0.849102715042235,0.395824139779985,0.756386149460563
"YML009W-B",254.857436943652,0.118669508375562,0.139801396621839,0.848843511174366,0.395968375060672,0.756404577784152
"YDR151C",560.390163404207,-0.0740676153888461,0.0872931391878616,-0.84849297525487,0.396163482998814,0.756426995974223
"YOR186C-A",6.1071025663408,-0.445073111593429,0.524699096958549,-0.848244477974754,0.396301831489773,0.756426995974223
"YLR314C",1761.28259438316,-0.0793321123111725,0.0935479152340516,-0.848037202247512,0.396417252583707,0.756426995974223
"YKR058W",224.554488809388,-0.0989321114147594,0.116685119623072,-0.84785542264806,0.396518492907484,0.756426995974223
"YNL295W",282.535084410394,-0.0932109094827914,0.110036037079936,-0.84709438795109,0.396942512954045,0.756978935460377
"YAL001C",509.906725850033,0.0942811221556202,0.111513330263611,0.845469523085224,0.397848741900005,0.758351527356342
"YFR011C",789.405602029263,0.101229143799349,0.119752439945092,0.845320094068765,0.397932144870792,0.758351527356342
"YNL280C",956.689359004547,-0.0937695514782094,0.111005757443153,-0.844726919017961,0.398263326128075,0.758725387403316
"YLR113W",928.866673885208,0.0893429465553563,0.105984715025014,0.84297954223182,0.399239885389721,0.760328077224748
"YCL004W",336.159200818494,-0.105824917661083,0.125597758015171,-0.842570116962602,0.399468909740348,0.760506528706218
"YNR045W",25.7346848096238,-0.213231139129197,0.253214263066141,-0.842097662853613,0.399733289372819,0.760752145707836
"YDR096W",230.123354314794,-0.0998135609977438,0.118616839175158,-0.841478846442298,0.400079730726,0.761153719255287
"YNL202W",12.9119135712976,0.290020128594107,0.344840361641811,0.841027213906456,0.400332688908845,0.761227275784147
"YDR107C",83.365511293832,-0.142897534582644,0.169928750766227,-0.840926176049103,0.400389293099277,0.761227275784147
"YGR204C-A",84.376548187093,-0.12137094893854,0.144399303470987,-0.84052309132451,0.400615160129686,0.761268830380735
"YOL090W",562.934176162566,0.0748841452587047,0.0891049664316687,0.840403719989397,0.400682064104309,0.761268830380735
"YFR051C",1644.27164866193,0.0647310497346755,0.0771161833787917,0.839396439223647,0.401246881356259,0.762032585400713
"YDR069C",211.128465330868,0.0955210896558706,0.113823540315398,0.839203291262841,0.401355240709272,0.762032585400713
"YKL151C",194.676325877007,0.124366477183977,0.148328050273487,0.838455551425845,0.401774901333617,0.762571747887514
"YEL030W",401.632261451961,0.0838038780946248,0.0999937964696596,0.838090772161579,0.401979725137032,0.76270292210335
"YLR058C",28128.8650166228,0.114780608419912,0.137016463323558,0.83771399170378,0.402191353371127,0.762846913920262
"YOR195W",1367.14116670119,-0.0743593422433379,0.0888304596309278,-0.837092845768058,0.40254038147827,0.763251330603198
"YLR255C",13.044497216576,0.361994279971777,0.432887436530535,0.836231891766262,0.403024460304357,0.76391145595632
"YLR121C",1220.20793491704,0.143636353113229,0.171899004249313,0.835585719303565,0.403388005387633,0.764342747902393
"YOR239W",4274.82291631718,0.0589354566823864,0.0705822294067182,0.834990013460482,0.403723331231174,0.76472029710792
"YFL049W",480.810278054133,0.0634614727040679,0.0761246837504847,0.833651708978873,0.404477277990447,0.765890263580295
"YGR035W-A",116.107927856404,0.179455325615707,0.215473377097219,0.832842219457763,0.404933720253891,0.766496297685034
"YHR215W",137.12976879765,0.141028020099606,0.169385865881876,0.832584344421948,0.405079191442682,0.766513486837667
"YBR035C",1089.29935525812,-0.101218951612114,0.121688752605654,-0.831785595996086,0.405529975655777,0.766905138098925
"YGR186W",1788.01723971381,0.0657650453810799,0.079096427129205,0.831454058900181,0.405717170979532,0.766905138098925
"YLL066W-B",7.61722761526812,-0.432890788033201,0.520683293495322,-0.83138981688317,0.40575344982838,0.766905138098925
"YKL011C",320.487817303375,-0.0857978010547935,0.103234991762712,-0.831092244885353,0.405921520410977,0.766905138098925
"YKL143W",2664.13263015401,-0.0613482422076052,0.0738237877468198,-0.831009137840506,0.405968467232082,0.766905138098925
"YDL157C",1360.10041939598,-0.0805460602533513,0.0970177870310681,-0.830219516629027,0.406414682683511,0.767319478600904
"YJR005W",637.690516058839,-0.104105613962817,0.125407627785355,-0.830137813793922,0.406460869714393,0.767319478600904
"YOR098C",1319.94249991229,-0.0922787475292723,0.111275371839421,-0.829282760451593,0.406944423675217,0.767820292316641
"YOR389W",7.52577727807135,-0.505716797643154,0.609987476046152,-0.829060952072549,0.407069917871756,0.767820292316641
"YHL025W",633.967114513463,0.0988959200056327,0.119367862834582,0.828497031421942,0.407389075427437,0.767820292316641
"YMR005W",2966.25011422408,-0.0488073791149568,0.0589134606945112,-0.828458870682231,0.407410678337279,0.767820292316641
"YLR307W",7.38187933137868,0.417503785534954,0.504027833671546,0.828334781620461,0.407480930250636,0.767820292316641
"YIL105C",603.325421118325,0.0899265146326668,0.108593241790389,0.828104154089499,0.407611517148906,0.767820292316641
"YDR119W-A",518.495189918248,-0.123543216117176,0.149210606956529,-0.827978778701495,0.407682518198017,0.767820292316641
"YNL067W-A",8.78077946871374,-0.370864868315129,0.448300273790839,-0.827268886496736,0.408084674639495,0.767915919937016
"YIL101C",14.5023074772463,-0.34177831123632,0.413242502640011,-0.827064759923919,0.408200356799043,0.767915919937016
"YHR128W",5157.18266277743,-0.0559532079780464,0.067654632293101,-0.827041786815715,0.408213377290888,0.767915919937016
"YFL034W",520.708764711108,0.0758773467410125,0.0917584932152043,0.826924506738083,0.408279852094627,0.767915919937016
"YLR325C",122911.988948796,-0.0858460018474521,0.103855904240796,-0.826587592443596,0.408470852288305,0.768018129762555
"YFR043C",337.005287458653,-0.0821136907762551,0.0994970225799841,-0.825287919648503,0.409208148592411,0.768961023535003
"YKR038C",414.092427317138,-0.144221614413768,0.174822006703488,-0.824962584134954,0.409392833247673,0.768961023535003
"YHL011C",2378.18016884611,0.105628497116973,0.128072556842893,0.824755121009633,0.40951063064748,0.768961023535003
"YOL036W",624.726273364564,0.0761975574846454,0.0924031655330455,0.824620639835064,0.409586999721222,0.768961023535003
"YLR069C",810.904194743388,-0.135827856544999,0.164829166823482,-0.824052315270508,0.409909832992168,0.768961023535003
"YOR127W",1839.60211259323,0.0718178903210703,0.0871593452955945,0.823983820409678,0.409948751288287,0.768961023535003
"YMR081C",165.769716345112,-0.160854763118243,0.195241618592322,-0.823875382093197,0.410010369665221,0.768961023535003
"YNL100W",673.315015290775,0.104720017105016,0.127121981388769,0.823775840818257,0.410066937283702,0.768961023535003
"YJL073W",762.040493615828,-0.085639253396919,0.104039065444973,-0.823145162162323,0.410425449062216,0.769191425065173
"YBR289W",372.517711061849,-0.0947755386226705,0.115147675254494,-0.823078176899375,0.410463538037447,0.769191425065173
"YKR102W",21.0140192739561,-0.361146650517213,0.439024916944063,-0.822610828175903,0.410729339013112,0.769241374051084
"YHR153C",96.9232339253579,-0.135317651475348,0.164509940962567,-0.822549997183079,0.410763943688132,0.769241374051084
"YMR236W",1336.74262643075,0.0607391854042286,0.07392324252275,0.821652072222563,0.411274943939822,0.769941767135843
"YDL231C",795.079721205644,-0.12118627526358,0.147685235594966,-0.820571364330144,0.411890464264138,0.770512453025119
"YAL041W",1041.56272609053,0.0671568240926085,0.0818552788023254,0.820433636965399,0.411968946521908,0.770512453025119
"YPL098C",575.352176855711,0.0734630144157555,0.089568139913853,0.820191359186565,0.412107027079238,0.770512453025119
"YLR186W",4893.17427055616,-0.122789799759762,0.149715499157433,-0.820154228859381,0.412128191066461,0.770512453025119
"YDR278C",22.6560788267599,-0.305886915358371,0.37313732517833,-0.819770349192971,0.41234703715756,0.770665230736777
"YBL038W",1163.77255941686,0.0680026819399632,0.0830027468401956,0.819282307257712,0.412625364601883,0.770738898843434
"YML037C",160.140481226729,0.131241229645927,0.160229881860506,0.819080861335115,0.412740280482055,0.770738898843434
"YCL016C",195.613147852114,-0.1646994071978,0.201103112116482,-0.818979902719776,0.41279787998554,0.770738898843434
"YNL284C",616.797620158379,0.0683335611752335,0.0835350621142168,0.818022509898916,0.413344334077708,0.771502875296154
"YLL025W",48.7373547539088,-0.173787948284397,0.212749453226634,-0.816866721153298,0.414004597622554,0.772478698087235
"YMR108W",3001.66179533215,-0.135801809261791,0.166362561255469,-0.816300303607682,0.414328400797312,0.772826290235942
"YIL073C",23.1633388107702,0.225517702465836,0.27643101568567,0.815819100134092,0.414603607408311,0.773083037038722
"YDR496C",6828.73635149966,-0.0870817465076163,0.106815834063115,-0.815251289955397,0.414928484517778,0.773432199996655
"YKR048C",1902.46784959882,-0.143461215393701,0.176038071090154,-0.814944258962203,0.415104217404411,0.773465702761495
"YLR006C",543.72240339365,0.109646637824994,0.134578846815658,0.814739020428559,0.415221712674632,0.773465702761495
"YIL034C",1086.183784582,-0.0763822237033118,0.0938435623464726,-0.813931417280461,0.415684241323433,0.774070721086048
"YFL021C-A",8.41061809037183,0.4786962292684,0.588722810519297,0.813109702418623,0.416155164153884,0.774690964738266
"YKR097W",145.402191048605,0.170519773824777,0.209913901537197,0.812331973137858,0.41660116888247,0.775264426860755
"YKR061W",221.263631662648,0.142207665445225,0.175143032570902,0.811951599545681,0.416819404525821,0.775413787962633
"YNL246W",1356.5062624789,0.0711018531096937,0.0876786753357585,0.810936671173633,0.417402039666598,0.776023054766661
"YHR046C",87.0514079353641,0.153199047373516,0.188932276499937,0.810867524658062,0.417441751738059,0.776023054766661
"YDR097C",546.720653974051,0.0763233937841806,0.094156347164223,0.81060274833157,0.417593838070194,0.776023054766661
"YNL223W",87.3044847075229,0.164336799617747,0.202807259802003,0.810310241251647,0.417761890775523,0.776023054766661
"YNL072W",657.616890421141,-0.082265123775003,0.101582945649282,-0.809832036757683,0.418036717133199,0.776023054766661
"YLL021W",2176.7535112658,0.0618793560639421,0.0764209409747741,0.809717274802569,0.418102687204769,0.776023054766661
"YGR264C",1795.95558797497,0.0737593883911182,0.0910948826124586,0.809698484435288,0.418113489294208,0.776023054766661
"YBR073W",203.114292417269,-0.0746382755602471,0.092255676416685,-0.809037215478573,0.41849374013168,0.776472373568848
"YDR141C",939.289328708902,0.0782394613802392,0.0967543918483878,0.808639896190334,0.418722309318238,0.776512192253637
"YKL114C",933.415391683364,0.0736811238086053,0.0911309086018075,0.808519578473114,0.418791539985903,0.776512192253637
"YPR068C",106.250748252936,0.117027742655408,0.144906419087379,0.807609099668942,0.419315646674033,0.777227550893161
"YGL064C",465.656327779616,-0.0956775373059013,0.118549469968252,-0.807068452786198,0.419627046296471,0.77725167024719
"YMR231W",558.367940395817,0.0715886762948482,0.0887038529798697,0.807052612597273,0.419636171914342,0.77725167024719
"YOL149W",185.575042138759,-0.104638993703998,0.129685679036695,-0.806866220551532,0.41974356213527,0.77725167024719
"YGR163W",234.349929348786,0.118875497785614,0.147393718293308,0.806516717008633,0.419944972971096,0.777368494103281
"YDR363W",856.708677626178,-0.056262292403913,0.0697960973030402,-0.806095105284093,0.420188013651904,0.77741444484338
"YOL101C",148.06540356163,0.185832493051137,0.230563195262951,0.805993744314653,0.42024645612708,0.77741444484338
"YPR032W",230.103781587686,0.122568497099151,0.152133592352675,0.805663596078198,0.420436845342278,0.777510717612242
"YLL018C-A",1173.95220455084,-0.0589593745253968,0.0732237670457042,-0.805194500422193,0.420707449579239,0.777518663975585
"YNL041C",1135.14546650563,0.0699182454445468,0.0868600938570896,0.804952451002216,0.420847119079029,0.777518663975585
"YOR144C",211.680628880015,0.0961913909782798,0.119559081639077,0.804551102764916,0.421078768568141,0.777518663975585
"YLR178C",25.1092106011839,-0.297815445069531,0.370238110833155,-0.804388949585311,0.421172381082696,0.777518663975585
"YCR052W",667.99013495935,-0.111417946168696,0.138531643729005,-0.804277948124631,0.421236470282454,0.777518663975585
"YNL208W",6413.07889859054,0.109245899848449,0.135915999765373,0.803775126085501,0.421526857601848,0.777518663975585
"YGL113W",373.471664356472,-0.0709269743961709,0.0882738403246702,-0.803488033774245,0.421692710392905,0.777518663975585
"YKL084W",16.4140978821633,-0.294314242349068,0.366419470190033,-0.803216712792117,0.42184948727859,0.777518663975585
"YKR009C",132.230801749831,-0.158008536278559,0.196825342363187,-0.802785527419522,0.422098708599736,0.777518663975585
"YNR007C",238.955044565578,-0.090131393573596,0.112273564949057,-0.802783750694047,0.422099735709813,0.777518663975585
"YDR377W",5962.70651354469,0.0797151244485156,0.0993497700871313,0.802368484382039,0.422339837860987,0.777518663975585
"YPR101W",549.569121765183,0.0904103743888652,0.112686096535714,0.802320580518208,0.422367540465614,0.777518663975585
"YNR068C",112.826583671679,-0.137741051992546,0.1716807322421,-0.802309322622804,0.422374051014082,0.777518663975585
"YOL109W",6507.11981976938,-0.10160463122682,0.126641306345162,-0.802302456908458,0.42237802155115,0.777518663975585
"YPL090C",15392.0279314818,-0.147922693031502,0.184673880607669,-0.800994122962933,0.423135048188569,0.778254767331113
"YMR213W",1126.9244971198,-0.0811189159036998,0.101296410594543,-0.800807406971142,0.423243150308044,0.778254767331113
"YER099C",679.507849761183,0.0890935763895863,0.111268470312853,0.800708198280089,0.42330059529492,0.778254767331113
"YJR133W",1348.78257286785,0.079169459097196,0.0988809544162293,0.800654277303395,0.423331819169255,0.778254767331113
"YOL154W",108.003837285521,0.14777395618812,0.184713506999891,0.800017056620594,0.423700914916408,0.778678594450691
"YLR444C",7.44286870452126,-0.421394324225041,0.527523125669537,-0.798816779245846,0.424396659681349,0.779699119003852
"YGR003W",228.666013049585,-0.0951939730290513,0.119209553543373,-0.798543155305214,0.424555360134893,0.779699119003852
"YGL013C",439.868932676221,-0.0842151879128647,0.105487692053809,-0.798341363558382,0.424672420510817,0.779699119003852
"YNR073C",16.0231626390112,0.304600713977243,0.381728065867185,0.797952105735981,0.424898284149078,0.779804613894223
"YPR088C",1229.96926110145,0.104880142673069,0.131488373481859,0.797638147737367,0.425080506805873,0.779804613894223
"YPL015C",381.61749637675,0.0729665227248876,0.0914911956070112,0.797525075946171,0.425146145368665,0.779804613894223
"YNR057C",7.30460387919328,0.40860752657329,0.51276829790841,0.796865812960761,0.425528967654067,0.780252136448893
"YER065C",106.118697376995,0.117326500933911,0.14735274786094,0.796228795438786,0.425899063494199,0.780438826400407
"YBR182C-A",18.399181685469,0.311058606197796,0.390672838000242,0.796212523476239,0.425908519674386,0.780438826400407
"YMR097C",313.340627791307,0.0695082326275234,0.0873669704943956,0.795589365571308,0.426270749696526,0.780596019037419
"YMR052C-A",6.39498026820252,0.434938695550152,0.546815562796556,0.795402920366354,0.426379161717644,0.780596019037419
"YLR147C",394.654922911848,-0.149848818920217,0.188492536968697,-0.794985421333166,0.426621982582197,0.780596019037419
"YML024W",14357.284626799,-0.0777638989360886,0.0978207800114682,-0.794962981556391,0.426635036023362,0.780596019037419
"YJR039W",112.979251802206,0.117779057376629,0.148239065329199,0.794521046898625,0.426892161254732,0.780596019037419
"YOL083W",45.2902954017824,-0.138464125779313,0.174350628591366,-0.794170499401174,0.427096180076369,0.780596019037419
"YDL188C",349.224410746461,0.0943613018765318,0.118838323408933,0.794030908294007,0.427177437986277,0.780596019037419
"YGL101W",1330.908100858,-0.0822935068099905,0.103646121434324,-0.793985396377197,0.427203933048221,0.780596019037419
"YBR072W",175.810232055874,0.175747042416916,0.221367317961641,0.793915940416147,0.42724436913863,0.780596019037419
"YML004C",1094.97935175782,0.0821533055277534,0.103562683402555,0.793271309979662,0.427619768493586,0.781027981453998
"YDR398W",2215.6639232801,-0.0880910483804184,0.111105846981954,-0.792856998738566,0.42786114325437,0.781214952920585
"YHR202W",106.272916268751,0.131823856403693,0.166441266443389,0.792014259567829,0.428352361748623,0.781644954092229
"YML121W",590.520468232286,-0.0812942849607119,0.102647441796608,-0.791975752516007,0.428374814698232,0.781644954092229
"YLR271W",279.898480649845,0.0917628232497527,0.116018696471526,0.790931341590049,0.42898405792191,0.781846138320247
"YHR110W",541.479554400734,0.104572846205225,0.132288465603159,0.790491035846796,0.429241055306711,0.781846138320247
"YNL094W",508.76972140807,0.0717564341462252,0.0907918057646185,0.790340422705731,0.429328985628597,0.781846138320247
"YJR006W",439.675383105951,0.0734621553848025,0.0929636271315239,0.790224711013794,0.429396547045376,0.781846138320247
"YLR197W",19072.7448909254,-0.109673822117413,0.138826469000521,-0.790006566521554,0.429523933438997,0.781846138320247
"YBL064C",482.207993075988,-0.0995079187833044,0.125966380803073,-0.789956162500756,0.429553370201509,0.781846138320247
"YGR285C",43644.0866642111,-0.0589896572119186,0.0747420344002692,-0.789243398112617,0.42996976158649,0.781846138320247
"YML067C",707.90581098872,0.0733531260368024,0.0929594628279796,0.789087240881991,0.430061018712669,0.781846138320247
"YML031W",179.835964907345,0.125015375558038,0.158445025072292,0.789014205406565,0.43010370396207,0.781846138320247
"YKL105C",1128.22363568155,0.0750909639413651,0.0951996040686844,0.788773910101439,0.430244160813488,0.781846138320247
"YLR233C",90.1204338874702,0.104954195502127,0.133064228306349,0.788748387436594,0.430259080826208,0.781846138320247
"YDL182W",6149.77927990894,0.118028493633101,0.149655310289432,0.788668931325156,0.430305531119733,0.781846138320247
"YMR247C",803.36912463756,0.0700197225943547,0.088812970162619,0.7883952362605,0.430465556400337,0.781846138320247
"YJL129C",1082.10358323838,0.0606084076578463,0.0768903325882366,0.788244836739316,0.430553507382193,0.781846138320247
"YLR382C",145.421560412703,0.123638017964463,0.156858544473412,0.788213472077829,0.430571850195937,0.781846138320247
"YNL135C",15444.7902682166,-0.0734251493642519,0.0932204529646769,-0.787650639201187,0.430901085570752,0.781923205440805
"YNL317W",535.788518446154,-0.0874791824895345,0.111081020428378,-0.787525917138458,0.430974062894744,0.781923205440805
"YOR189W",1028.45373756341,-0.0741778016247497,0.0942027135825193,-0.787427440291004,0.43103168869317,0.781923205440805
"YER031C",1749.35526016055,0.0568868888512835,0.0722895141322081,0.786931404010336,0.431322022695577,0.782197408050707
"YBR279W",4046.9580392456,-0.0747110905711016,0.0949912329175064,-0.786505115013964,0.431571623621483,0.782267242417054
"YCR073C",193.843319011088,-0.0978078899596939,0.124375772834169,-0.786390208727399,0.431638917924428,0.782267242417054
"YHR172W",231.2812626494,0.0776741117100799,0.0988851385067311,0.785498335574386,0.432161445810322,0.782736936266355
"YOL078W",496.939628284125,0.0748568277194,0.0953016637944161,0.785472411907525,0.432176639365569,0.782736936266355
"YDR307W",219.650866038427,0.0855802058653197,0.10917229940966,0.783900369673329,0.433098572852536,0.783462263859076
"YJL082W",211.959292445267,0.096069314112337,0.122553221738727,0.783898723749168,0.433099538710418,0.783462263859076
"YGL036W",151.365113842093,-0.119545105673803,0.152531324146761,-0.783741348490365,0.433191895096888,0.783462263859076
"YOR058C",911.227614478204,-0.0820416905149497,0.104720639182493,-0.783433821216258,0.433372401756754,0.783462263859076
"YJL036W",587.731910803038,-0.0897215140587128,0.114525175578137,-0.783421755136263,0.433379484967553,0.783462263859076
"YNL157W",2049.36261992943,0.0579409627067459,0.0740049126956846,0.782934005273472,0.43366586724298,0.783462263859076
"YOR033C",670.601961672192,0.0926020078087649,0.118287388235394,0.782856136991422,0.433711597721819,0.783462263859076
"YKL175W",1581.1703988817,-0.0512502434328336,0.0654719829151066,-0.7827812928667,0.433755554801269,0.783462263859076
"YPL193W",1241.70388693009,-0.0728192672029832,0.0930607371929449,-0.782491837046222,0.433925580794832,0.783462263859076
"YDL020C",989.22763652078,-0.067129335389371,0.0857976933917439,-0.782414220425076,0.433971179251478,0.783462263859076
"YKR087C",329.233344951233,0.0848303787002848,0.108475623493989,0.782022503931359,0.434201348340764,0.783626068617564
"YDR252W",330.858806376816,0.0734150401654884,0.0939367619123363,0.781536841071878,0.434486817384157,0.783889538908174
"YJR032W",771.693487912455,-0.0793155167752918,0.101569646274201,-0.780897833996276,0.434862586125195,0.784315704115404
"YNL149C",3461.44104389088,0.082299535392511,0.105528083268504,0.77988278421687,0.435459872714516,0.784714271072382
"YER081W",1806.99453745922,0.0710442702776568,0.0911082332875188,0.779778815965575,0.43552107754925,0.784714271072382
"YJR134C",995.870560301381,-0.0653018782963774,0.0837496131152924,-0.779727521922768,0.43555127555133,0.784714271072382
"YGL126W",7.40349170461786,-0.38997087308898,0.50038570516652,-0.779340554821013,0.435779131053914,0.784714271072382
"YEL040W",7245.79995996469,-0.0642320079075151,0.0824188721835257,-0.77933616665473,0.435781715305499,0.784714271072382
"YLR336C",2454.02831108316,-0.0778094186211129,0.099891980346872,-0.77893558973325,0.436017657797666,0.78488764792533
"YLL054C",100.954347595727,0.100568123884712,0.12917970281898,0.778513355349942,0.436266436389852,0.785084012971812
"YKL159C",680.142252753128,-0.100969164042335,0.129824208928127,-0.777737564326186,0.436723742140804,0.785409713366556
"YDR422C",652.75234548359,0.0843047912774046,0.108430729207672,0.777499071466536,0.436864382064806,0.785409713366556
"YOR159C",592.162802372269,-0.0609691149377439,0.0784536411365882,-0.777135567635368,0.437078791486805,0.785409713366556
"YGL104C",118.57333720236,0.138765125973397,0.17857090044049,0.77708700371168,0.437107441062023,0.785409713366556
"YDR207C",806.113655786855,-0.0595685624064447,0.0766627124912873,-0.777021324587421,0.437146189218965,0.785409713366556
"YDR392W",170.774085507098,0.112822824505116,0.145449795258211,0.775682250393175,0.437936622556067,0.786578401650717
"YFR034W-A",694.434767466118,-0.101023020999817,0.130295126501901,-0.775339981717142,0.43813878992854,0.786690095654439
"YBR057C",401.230987418611,-0.0771185197556795,0.099549932933888,-0.774671739928691,0.438533654032293,0.786902265854866
"YKL219W",174.513365760307,-0.105168919741598,0.135760324135653,-0.774666091961536,0.438536992287801,0.786902265854866
"YIL003W",101.746015414472,0.129552992855309,0.167393445137313,0.773943046270641,0.438964472188847,0.786981891321265
"YGR112W",486.054365945253,0.0886752408175343,0.114581983254248,0.773902129279532,0.438988670333639,0.786981891321265
"YER165W",16689.8629693075,0.0823527458707607,0.106450321577786,0.773626088208515,0.439151939939935,0.786981891321265
"YAL008W",127.42835614111,0.120215740291301,0.1554412811468,0.773383617301562,0.43929538261803,0.786981891321265
"YJL083W",340.816558786515,-0.07000916010582,0.0905273362213375,-0.77334828382279,0.439316287696578,0.786981891321265
"YJR058C",544.613393238064,-0.0614953707024118,0.0795435229954058,-0.77310343302199,0.439461169546334,0.786981891321265
"YOR300W",15.1594716724269,-0.199564825655946,0.258191374702291,-0.772933742988337,0.439561593746877,0.786981891321265
"YJL117W",2087.69734112978,0.0727451269582285,0.0941803123993131,0.772402693354828,0.439875959159442,0.787293914164351
"YJL106W",108.253492014962,-0.157385835449623,0.203867498169496,-0.772000622280519,0.440114058936992,0.787469280874211
"YOR034C-A",16.3100848757132,0.264786893520324,0.34340985806421,0.771052103783271,0.440676048601135,0.788101621473496
"YKR075W-A",14.6143977608973,-0.354293171071642,0.459608173691732,-0.770859160806121,0.440790416112073,0.788101621473496
"YGR015C",133.774574391972,0.144915246073305,0.18805410717809,0.770603993966844,0.440941693123204,0.788101621473496
"YAR014C",734.842202854735,0.0792869706441195,0.102908912249465,0.770457766105981,0.44102839849362,0.788101621473496
"YDR309C",914.93882241472,-0.0952189085621646,0.123678664543325,-0.769889527136748,0.441365426816047,0.788453178228284
"YKR026C",1071.95962272969,0.061732897382159,0.0802571958851105,0.769188316403812,0.441781525320756,0.788689201757581
"YER038W-A",20.7828055763626,0.199447684567161,0.25940956927146,0.768852456473759,0.441980904147341,0.788689201757581
"YPR055W",470.231540556783,0.073819334438465,0.0960191997398817,0.768797642955193,0.44201344835893,0.788689201757581
"YPR009W",1137.87381168058,-0.115784678112878,0.150619877107967,-0.768721103323443,0.442058894223555,0.788689201757581
"YHR120W",664.074870577524,0.0815710984744933,0.106210240586336,0.768015381795375,0.442478046584718,0.788906549814446
"YDR457W",1342.03725340919,0.0791418431921225,0.1030917480493,0.767683589517517,0.442675188003525,0.788906549814446
"YCR021C",70.5032264775192,0.243524642270326,0.31731484805226,0.767454292684779,0.442811458926356,0.788906549814446
"YDR390C",1429.78563453901,0.0488133346761054,0.0636082309199845,0.767405946842158,0.442840193883084,0.788906549814446
"YGR175C",8910.12290462143,-0.103626562483826,0.135047422831681,-0.7673346170625,0.442882591577327,0.788906549814446
"YNL075W",1496.24304308218,-0.108693812099774,0.141823182307799,-0.766403703055235,0.443436130120552,0.789438928063035
"YLR435W",2315.51974126193,0.0646203818591938,0.0843212339264311,0.766359537807215,0.443462401404805,0.789438928063035
"YFL002C",2586.8430337099,-0.0792667410635811,0.103536020935855,-0.765595783449029,0.443916854162972,0.789997694868874
"YCL033C",180.964498252868,-0.110026047227576,0.14388437248362,-0.764683789687458,0.44445986123083,0.790291597904682
"YDR318W",347.543211380203,-0.0670306879445905,0.087704604675593,-0.764277864229906,0.444701673751457,0.790291597904682
"YHR107C",1511.28356046819,-0.0562714340062958,0.0736648076614038,-0.763884896909584,0.444935838499858,0.790291597904682
"YIL129C",393.795745339163,-0.0658955335598533,0.0862743346536821,-0.763790689599262,0.444991986010316,0.790291597904682
"YER164W",1511.52348727437,0.0852396378951936,0.111625208683186,0.763623547948922,0.445091612294156,0.790291597904682
"YJL066C",264.806224550613,0.107789054035388,0.141192391140903,0.763419708132997,0.445213130060572,0.790291597904682
"YBR240C",11.8032962712899,0.38387091964332,0.502831728433813,0.76341825293916,0.445213997632801,0.790291597904682
"YLR437C",297.530552104517,-0.109242272959571,0.143113304355457,-0.763327165504065,0.445268304982484,0.790291597904682
"YDR082W",127.892442069078,-0.123530663989482,0.161860069698396,-0.76319418507396,0.445347596185788,0.790291597904682
"YKL184W",492.349163023164,-0.128451384827113,0.1684272222,-0.762652160080055,0.445670868444111,0.79061561889391
"YAL051W",174.010429290459,-0.0997766331095503,0.130877602661746,-0.762365989904501,0.445841598767339,0.79066891292914
"YBL107C",1684.23057077006,-0.0860309712252112,0.113010273834574,-0.761266815007848,0.44649771738623,0.791582704009657
"YHL002W",1293.31020072712,0.0689590324951833,0.0906554690930464,0.76067150923245,0.446853296152716,0.791963268488888
"YGR156W",1181.07109509858,-0.0928287997864548,0.122079135570445,-0.760398567312011,0.447016379418064,0.792002538565422
"YER084W-A",59.4889593892878,-0.177520200946086,0.234068873537769,-0.758410113497821,0.448205505271735,0.793859104830491
"YPR020W",4186.52952510317,-0.0732146266871167,0.0966098089306412,-0.757838437913478,0.448547708263138,0.794000410096592
"YDR090C",290.193300106559,0.11379856206977,0.150221395784055,0.75753897423079,0.448727025356245,0.794000410096592
"YGR146C",406.627479196431,-0.104271466254804,0.137716927397482,-0.757143426195194,0.448963939552153,0.794000410096592
"YJL105W",7.77697218016563,-0.493927373732392,0.652411170830771,-0.757079884305832,0.449002004695151,0.794000410096592
"YLR187W",921.593424493036,0.0715042840047706,0.0944676516317321,0.756918191250474,0.449098876130757,0.794000410096592
"YDR217C",944.880687511986,0.066254708775294,0.0875654273113258,0.756630907992207,0.449271018778088,0.794000410096592
"YDL159W",336.095039874452,0.0788219180804721,0.104180607255747,0.756589159506213,0.449296037951384,0.794000410096592
"YER069W",389.412984449145,-0.127895296935291,0.169253292416187,-0.755644366555671,0.449862447927424,0.794000410096592
"YHR042W",4293.16929633389,0.0701784068466796,0.0928727252663689,0.755640653866896,0.449864674508362,0.794000410096592
"YPL228W",607.328992573415,0.0761824997367753,0.100826663385575,0.75557890322566,0.449901708639048,0.794000410096592
"YBL103C",737.710551597849,0.0615075413868768,0.0814376147332824,0.755271892335269,0.450085860012355,0.794000410096592
"YJL019W",233.454765686624,0.0795440482265617,0.10532357144869,0.755235007059295,0.450107987424468,0.794000410096592
"YPL020C",1351.14374077584,-0.0594585198642933,0.0787309254701416,-0.755211748232817,0.450121940670416,0.794000410096592
"YER060W",114.583903658506,0.105417873051075,0.139652048566625,0.754860914201211,0.45033243989757,0.794041918424106
"YLR423C",287.72278456836,-0.0954188320987869,0.126432530011262,-0.754701595311646,0.450428049098941,0.794041918424106
"YGL154C",61.6940249714509,0.136483082984718,0.180953048720062,0.754245833104804,0.450701621018745,0.794140295016505
"YBR182C",5.39369708314228,0.356009826473181,0.472075281635623,0.754137825729185,0.450766466388372,0.794140295016505
"YNL126W",295.141430265488,0.0936542786730276,0.124262906682388,0.753678480356207,0.45104230674094,0.794377237193383
"YBR210W",268.970289955019,0.076168123135929,0.101181173494126,0.752789481536811,0.451576428499676,0.794462524516097
"YCL056C",396.377834022803,-0.0579004824586643,0.0769521577147725,-0.752421818674346,0.451797429537221,0.794462524516097
"YDL177C",277.934716888951,-0.0862992247062772,0.114697612959323,-0.752406457986906,0.45180666413087,0.794462524516097
"YDR532C",675.348435221271,-0.0785657279007403,0.104425568257883,-0.752361028160453,0.451833976422906,0.794462524516097
"YJL051W",428.243295411574,0.0870185680586444,0.115679812581443,0.752236419793472,0.451908895436911,0.794462524516097
"YBR128C",85.6892902313916,0.111672636331194,0.148507473216454,0.75196644258049,0.452071239499095,0.794462524516097
"YDR140W",639.368345432165,-0.0784709225028421,0.104356373093931,-0.751951415868112,0.452080276406135,0.794462524516097
"YKR039W",100.920243713432,-0.142627752304939,0.189910122174041,-0.751027647563878,0.452636017018541,0.795085347860658
"YBR217W",448.794813395314,0.0813435438739985,0.108334380910647,0.750856221175895,0.452739189864956,0.795085347860658
"YLR065C",1444.48594258949,-0.0600129517856054,0.0799472356911853,-0.75065699603948,0.45285911005373,0.795085347860658
"YMR196W",78.1880045798812,-0.134811903640447,0.179786253914185,-0.749845445385356,0.453347794508119,0.795518627461558
"YKL006W",32741.280608374,0.0499377761859912,0.0666035011643598,0.749777043443377,0.453388997110208,0.795518627461558
"YAL069W",22.6993776630806,-0.241135684941185,0.321832562614131,-0.74925819495245,0.453701599551393,0.795818660886026
"YIL030C",833.814653921205,-0.0756969837123158,0.101093231119307,-0.748783898528088,0.453987466038378,0.796071625315346
"YER179W",20.7448996574252,0.21032933378356,0.28100051103497,0.748501605953965,0.454157656758393,0.796121656575848
"YFL038C",8636.92906269858,-0.0862597979681232,0.115382673632257,-0.747597496683488,0.454702975131123,0.796829036556568
"YBL071W-A",1452.70385773004,-0.0989137737392078,0.132415220009536,-0.746997012368247,0.455065364257446,0.797215507209116
"YHR164C",434.763874117026,0.071655674359963,0.0959731059288974,0.746622438301099,0.455291500084034,0.797261380602222
"YER047C",508.127240931385,-0.065623186555969,0.0879097377157844,-0.7464837031835,0.455375272550379,0.797261380602222
"YJR137C",213.385320578322,-0.107044498236128,0.143446052974658,-0.746235229316763,0.455525330281735,0.797275725999175
"YGL130W",704.276178744337,0.0639781955598046,0.0857813812138448,0.745828461310421,0.455771044685484,0.797457431859408
"YNL036W",1246.99075948505,-0.138947085669807,0.186563897928476,-0.744769417945352,0.456411125643794,0.797492364634965
"YDL054C",201.840958680958,-0.111801753467296,0.150170653101748,-0.744498017142836,0.456575240358576,0.797492364634965
"YLR133W",253.836479356948,0.105380323360419,0.141571370099054,0.744361824616708,0.456657607798431,0.797492364634965
"YIL131C",312.270471968061,-0.112857765078936,0.151646833164753,-0.744214453567415,0.456746745268117,0.797492364634965
"YOR190W",24.72279501254,-0.222253403773885,0.29869306987901,-0.744086241652383,0.456824302276522,0.797492364634965
"YER076W-A",12.377942325774,-0.394779634643868,0.530637572346297,-0.74397226132761,0.456893256628999,0.797492364634965
"YKL100C",1667.92170729979,-0.0734935016825152,0.0988105149070369,-0.743782195160702,0.457008253421853,0.797492364634965
"YLL012W",943.892099268057,-0.103776771439946,0.139540857473305,-0.743701689376528,0.457056967187088,0.797492364634965
"YNL038W",302.334277996208,-0.141210459208067,0.189903597711267,-0.74359022635667,0.457124417880785,0.797492364634965
"YKR083C",903.031659658505,-0.0689824345198193,0.0927870737327443,-0.743448755788012,0.457210035383249,0.797492364634965
"YOL065C",19.9059447186484,-0.258701844280112,0.348161357717986,-0.743051572339233,0.457450457573222,0.797664154998917
"YML022W",3609.78106792255,-0.0599013174059953,0.0806997279595803,-0.742274093364947,0.457921284795663,0.797872030656587
"YDR059C",437.004939142835,-0.0784418387322718,0.105719234159613,-0.741982661488466,0.45809784071684,0.797872030656587
"YDL215C",624.943580895457,0.114561215567547,0.154438041969321,0.74179401724288,0.458212145959292,0.797872030656587
"YAL030W",756.080145606364,-0.0755947497931096,0.101923523697365,-0.741681086473897,0.458280581775495,0.797872030656587
"YPR010C",2441.17889088174,0.102592100030054,0.138357291929137,0.741501214714428,0.458389595531812,0.797872030656587
"YHR013C",2191.926361504,0.0451909259967538,0.0609495069781285,0.74144858978056,0.458421492346996,0.797872030656587
"YHR068W",4225.28337541465,0.0793114960697325,0.107085512126557,0.740637033850101,0.458913546962477,0.798481156015208
"YMR306W",23.1840076516224,0.208443584642788,0.281739302278817,0.739845605340879,0.459393683051264,0.799069173242992
"YHR106W",97.9827665368923,-0.127997938126383,0.173091977031746,-0.739479323775407,0.459615990361792,0.799208498091977
"YPR017C",680.175440334679,0.0529863328878838,0.0717018063161119,0.738981841744444,0.459918023624495,0.799362113622037
"YLR265C",38.1414891567281,-0.212888467609441,0.288128934515605,-0.738865286012816,0.459988803461507,0.799362113622037
"YML054C",269.102784715097,-0.12202228488861,0.165223059318524,-0.738530598524812,0.460192080250941,0.799468157962995
"YNL328C",105.053736356058,-0.118694306898127,0.160768245444405,-0.738294472083247,0.460335524943191,0.799470225642996
"YLR242C",274.235384975221,-0.102845415706246,0.139399896871999,-0.737772537957338,0.460652683966613,0.799764036746294
"YKL134C",281.024630549797,0.0707817321730985,0.0959817730252692,0.737449725527196,0.460848905638162,0.799764036746294
"YNR059W",415.674551022145,0.0953658775967294,0.129342343234983,0.737313668606366,0.460931621889901,0.799764036746294
"YOR328W",171.365250520872,0.102577594263876,0.139234547840562,0.736725158050132,0.461289504381592,0.800137967476712
"YOL005C",3982.09151206302,-0.079567435424571,0.108166015877235,-0.735604753297725,0.461971269016039,0.800822758784583
"YLR241W",493.454460122561,0.0879227791346537,0.11955378388205,0.735424478253208,0.462081018624179,0.800822758784583
"YGR280C",5519.83007729016,-0.0694498009481407,0.0944414752179686,-0.735373952893601,0.462111780558435,0.800822758784583
"YGR129W",675.919793631393,-0.076456387040229,0.104247242941166,-0.733413996218383,0.463305965251368,0.802257457848261
"YBL039W-B",231.53050662375,0.102514379663302,0.139810971607824,0.733235585765465,0.463414754534965,0.802257457848261
"YLR060W",2491.30002751664,-0.22710101689679,0.310066337658144,-0.732427191587546,0.463907867110619,0.802257457848261
"YIL017C",162.166945418074,0.105850738385102,0.144582359550605,0.73211378424111,0.46409912110965,0.802257457848261
"YJR020W",8.2583642732292,0.40955375473625,0.559519560086113,0.731973971871899,0.464184454500605,0.802257457848261
"YKL068W",558.58334171189,-0.103654995250337,0.141683150256424,-0.731597194604569,0.464414461050128,0.802257457848261
"YHR179W",3414.05577092279,0.0963167665350502,0.131683082225064,0.731428554887805,0.464517428991367,0.802257457848261
"YJL012C",1671.72933296322,-0.143739368325462,0.196537254950746,-0.731359397288237,0.464559658871265,0.802257457848261
"YDL017W",123.6562092828,0.11661310020804,0.159447157357783,0.731358916273262,0.464559952602136,0.802257457848261
"YDR234W",1425.03000672776,0.107528518778234,0.147113755700164,0.730920900404385,0.464827469036383,0.802257457848261
"YGL141W",285.978262383722,0.0802466416539624,0.109800544268743,0.730840108201596,0.46487682190796,0.802257457848261
"YNR001C",814.019462814643,0.0964272739483272,0.13194202016857,0.730830662022086,0.464882592408598,0.802257457848261
"YLR438W",939.330977709983,-0.0809734100898048,0.110818791459643,-0.730683027880636,0.464972784618603,0.802257457848261
"YDL108W",446.551369719761,-0.097015419075458,0.132832466497263,-0.730359238473198,0.465170627148304,0.802257457848261
"YBR077C",44.3957016680635,-0.172317897615606,0.236008060753113,-0.730135644798453,0.465307275170121,0.802257457848261
"YMR042W",48.1840760725383,0.127942249716987,0.17529886710566,0.729852119579704,0.465480582100404,0.802257457848261
"YGL055W",11671.7701640127,0.0878963416335959,0.1204318154996,0.729843200228828,0.465486034702896,0.802257457848261
"YBL022C",1838.37484710096,-0.0647550351618454,0.0887691875371254,-0.729476487939729,0.465710245011233,0.802257457848261
"YOR388C",16.5355697727518,0.419481695614782,0.575447375814109,0.728966215236144,0.46602232890695,0.802257457848261
"YIL039W",1361.48493482361,-0.0733252833438227,0.100601752129231,-0.728866861579415,0.466083107325144,0.802257457848261
"YJL005W",399.837851983124,-0.1073580037286,0.14733373931707,-0.728672225562402,0.466202186351259,0.802257457848261
"YBL080C",133.955498146596,-0.104819876661428,0.143853207352358,-0.728658599906495,0.46621052320991,0.802257457848261
"YMR260C",5918.19399602435,-0.140535856925556,0.192922702047759,-0.728456814225862,0.466333995483743,0.802257457848261
"YNL262W",1001.42445471018,-0.0508995950526729,0.06988124819376,-0.728372723273965,0.466385455935382,0.802257457848261
"YCR022C",9.52965554063974,0.496503439243033,0.681849314624116,0.728171794844057,0.466508429225643,0.802257457848261
"YGR149W",360.241246509428,0.090632110211052,0.124603887559864,0.727361818205784,0.467004337896171,0.80270459611291
"YKL189W",383.855722456758,-0.0815769290144216,0.112182362132023,-0.727181416615359,0.467114828674968,0.80270459611291
"YCR036W",479.546394989018,-0.091339103688255,0.125672950888824,-0.726800023730308,0.467348468548775,0.80270459611291
"YOR153W",547.713406269956,-0.0733671855595185,0.100965079153546,-0.726659020867433,0.46743486278316,0.80270459611291
"YML120C",441.699450140868,-0.120397557452067,0.16570421597545,-0.726581135810719,0.46748258773622,0.80270459611291
"YOR238W",217.563492049877,-0.146448879755674,0.201715328428534,-0.72601760558598,0.467827977739455,0.803052301434251
"YGR064W",44.312788327653,0.137878724496368,0.19015199163616,0.725097451307202,0.468392247884509,0.803582317982933
"YNL278W",420.143100395982,0.0809190780769028,0.111632777493114,0.724868447189663,0.46853273959569,0.803582317982933
"YLR213C",92.8081743377943,-0.126697392472975,0.174843584974534,-0.724632776726856,0.468677345393825,0.803582317982933
"YPL263C",1784.74367803763,0.0755800757135021,0.104308562999651,0.72458169818479,0.468708690097519,0.803582317982933
"YMR226C",3322.37052016327,-0.0444677508439402,0.0614187697683156,-0.724009142672212,0.469060122158261,0.803939581131268
"YIL094C",2263.960722129,-0.0457872055738771,0.0634034065281489,-0.722156869498,0.47019803721453,0.805462587642893
"YGL186C",975.171983668504,0.0855540706322104,0.118525151992368,0.721822070624466,0.47040387825479,0.805462587642893
"YGR040W",217.002496340537,-0.0989295796882702,0.137066109472077,-0.721765431800074,0.470438705856711,0.805462587642893
"YDR538W",151.479574138339,-0.0804954182287478,0.111546666930651,-0.721629972850664,0.470522006268971,0.805462587642893
"YLR361C",406.212761855752,0.0829874667480314,0.115079290865158,0.721132934728199,0.470827729362697,0.805552533850565
"YHR152W",1350.87402927318,-0.0900695852960606,0.124983896974714,-0.720649519467961,0.471125178308153,0.805552533850565
"YHR141C",35853.0755871781,-0.0726798733892952,0.100909125997186,-0.720250747106082,0.471370623870178,0.805552533850565
"YBL101C",333.771314324524,0.0788497440648862,0.109497282954572,0.720106855049535,0.471459207166022,0.805552533850565
"YNL233W",819.016811202337,-0.0681200267403068,0.0946542715962566,-0.719671976673907,0.471726984195258,0.805552533850565
"YLR100W",1571.69582074246,0.087199165718226,0.12117894053773,0.719590098174492,0.471777410384413,0.805552533850565
"YOL048C",185.114760290155,0.0887768312290056,0.123403111747899,0.719405126593307,0.471891339041517,0.805552533850565
"YFR037C",1343.62543518626,0.0709818196808712,0.098674774330564,0.719351223880985,0.471924541933027,0.805552533850565
"YHR132C",693.916780013507,-0.136580868221149,0.189914287656801,-0.719171105588261,0.4720355001994,0.805552533850565
"YKR082W",504.396102888124,-0.0964282130281561,0.134132533914639,-0.718902493033659,0.47220100028473,0.805552533850565
"YOR108W",1401.7405094741,-0.111301864143434,0.15482916810764,-0.718868837853954,0.472221738482868,0.805552533850565
"YHL046C",5.47278971859892,-0.351674671181111,0.489435297681096,-0.718531484850636,0.472429641883921,0.805552533850565
"YBR162W-A",8816.66631155834,-0.0661279679763784,0.0920338308709616,-0.718518042230524,0.472437927325883,0.805552533850565
"YLR402W",10.4204982841146,-0.264823244313312,0.368809067258851,-0.718049711417328,0.472726635872805,0.805800331697047
"YKL087C",493.799806739629,0.0894298311716748,0.124786318223791,0.7166637532433,0.473581596373303,0.806854565812265
"YDL056W",789.538172779151,-0.0660523834878944,0.0921934370369005,-0.716454290140597,0.473710882480507,0.806854565812265
"YDR251W",1220.87677569496,0.0821362959878689,0.114659591791099,0.716349105249868,0.473775812665565,0.806854565812265
"YBR141W-A",82.1768474461078,-0.151713195292666,0.211888042525103,-0.716006403592558,0.473987394875393,0.80697036025438
"YHR186C",169.70838349662,0.0964178990331407,0.134706506157325,0.715762748092757,0.474137858088747,0.806982060102591
"YEL020C",22.1909386522435,-0.231156091580488,0.323275571555461,-0.715043485866456,0.474582173114322,0.807393630903135
"YMR162C",278.470414069164,-0.0731650559806849,0.102381504089303,-0.714631579517195,0.474836725922119,0.807393630903135
"YHR147C",246.512364778743,0.137093412759108,0.191845250395433,0.714604153485842,0.474853677516811,0.807393630903135
"YGL238W",1034.51952224439,-0.0686473548476005,0.096112355840803,-0.714240684738863,0.475078363155397,0.807393630903135
"YOR234C",7036.24490795131,-0.184818601692724,0.258773860165463,-0.714208929659856,0.475097995978055,0.807393630903135
"YGL237C",243.509235136627,0.073808431641933,0.103451601961167,0.713458566544369,0.47556204331636,0.807453358302628
"YBR145W",492.655882340965,0.117412098655328,0.164621173336162,0.71322598591597,0.47570592869464,0.807453358302628
"YLL028W",2214.17274146029,-0.0750822630648569,0.105299024374748,-0.7130385443805,0.475821906265621,0.807453358302628
"YLR367W",12211.8987960392,-0.0833338224440136,0.116948830949091,-0.71256652817923,0.476114030223258,0.807453358302628
"YDR073W",769.178415503652,-0.104935996596577,0.147300137574866,-0.712395781322624,0.476219727173317,0.807453358302628
"YGR286C",334.441071737222,-0.140337453666639,0.197027174839491,-0.712274607708125,0.47629474473787,0.807453358302628
"YBL028C",10508.6198135812,-0.0869082190468521,0.122051871107202,-0.712059702636739,0.47642780658287,0.807453358302628
"YDL107W",218.829010878543,0.0850287227853766,0.119416955407742,0.71203224445851,0.47644480921169,0.807453358302628
"YOR162C",53.1070098354576,0.158397085666341,0.222586254763881,0.711621145853627,0.476699409068113,0.807453358302628
"YPL045W",346.701477009574,0.0547851722845303,0.0770062247966554,0.711438230210576,0.476812715561498,0.807453358302628
"YPL059W",5643.81765437006,-0.0842851473749636,0.118520886493951,-0.711141722512048,0.476996417604413,0.807453358302628
"YPL036W",143.405746742239,0.105468816807484,0.148309211926574,0.711141374412398,0.476996633293139,0.807453358302628
"YMR170C",167.688556508679,-0.097050340228359,0.136472559550958,-0.711134462104971,0.477000916292656,0.807453358302628
"YOR039W",2548.40350950091,-0.0553439309940899,0.0778994442631892,-0.710453476498576,0.477422971350495,0.807539240560912
"YJL210W",415.019102884062,-0.0777830375044351,0.10951481086075,-0.710251306586627,0.477548309700245,0.807539240560912
"YCR020W-B",1734.68316365881,0.06277148110442,0.0883846102169054,0.710208269860239,0.477574993305048,0.807539240560912
"YER183C",536.363105327505,-0.104875076288316,0.147708405657539,-0.71001427319897,0.477695285120545,0.807539240560912
"YIL118W",1986.58958774681,-0.0676274166038466,0.0952641550226203,-0.709893627753152,0.477770102289152,0.807539240560912
"YPL204W",2466.06360470134,0.0533862073857349,0.075261273049308,0.709344995410302,0.478110412432949,0.807556584275895
"YER079W",333.702892390403,-0.118899136620259,0.167633971454417,-0.709278290006926,0.478151798037483,0.807556584275895
"YPL222C-A",9.75467627487305,0.319241919201214,0.450155034506659,0.709182158877957,0.478211443500032,0.807556584275895
"YKL065W-A",70.3452484692826,-0.136780856022902,0.192947921918826,-0.708900384428325,0.478386296533121,0.807609187899111
"YBL066C",353.061487950378,0.0848271080256005,0.119890794320492,0.707536458544436,0.479233164197512,0.808601302557305
"YGR171C",176.031066985005,0.0837940369202689,0.118448215722549,0.707431820809753,0.47929816801391,0.808601302557305
"YLR377C",21.2497985206512,0.274836680083001,0.38871529418815,0.707038503995604,0.479542550187865,0.808601302557305
"YBR270C",88.1450777674752,0.110721113657679,0.156600895460285,0.707027334245088,0.479549491356494,0.808601302557305
"YGR142W",1715.56480019378,0.0812634126976848,0.115034204460154,0.706428258264983,0.479921852792917,0.808986446519553
"YHR151C",163.399485091417,-0.10651037290894,0.150879192493106,-0.705931488291906,0.480230744490936,0.809123084877351
"YPR012W",116.967014944244,-0.127955468020493,0.18129932560333,-0.705769133970474,0.480331719942364,0.809123084877351
"YLR017W",2461.25901978403,-0.0827577203447971,0.117286458516209,-0.705603369662322,0.480434828155822,0.809123084877351
"YFR001W",5677.20022353338,0.082135659056141,0.116445635915516,0.705356266985672,0.480588552604319,0.809139504384743
"YLR455W",1894.12211362414,-0.0626482350749838,0.0888929327013472,-0.704760582997778,0.480959242277958,0.80952109661639
"YCR046C",2765.3189868878,0.0743543331302317,0.105616267503347,0.704004552403589,0.481429938573551,0.809824910636651
"YOL122C",969.33570856542,0.0662118186714878,0.0940856520583952,0.703739807536146,0.481594825050873,0.809824910636651
"YDR365C",8251.50219913507,-0.0641631590717495,0.0912044303991414,-0.703509235142962,0.481738453506517,0.809824910636651
"YDR499W",301.909925848458,0.0783508513297987,0.111448356326671,0.703023839132639,0.482040893172162,0.809824910636651
"YDL119C",163.97835589676,0.0938389933933088,0.133481520488872,0.703011121311974,0.482048818756658,0.809824910636651
"YMR076C",1418.29314785351,0.0560228470859502,0.0797136823830735,0.702800892031631,0.482179841243741,0.809824910636651
"YLR348C",442.542141044311,0.0951922963178625,0.135464902178294,0.70270819073544,0.482237622193337,0.809824910636651
"YHR043C",410.323466467504,-0.0814002806425278,0.11585247660797,-0.702620116771227,0.48229252240229,0.809824910636651
"YGR208W",2553.11466381584,0.0773339467352375,0.110108166526618,0.702345240818649,0.482463886000275,0.809870680800939
"YMR317W",39.7890679936166,-0.18052468024597,0.25726304319945,-0.701712449642501,0.482858507414911,0.810117344259943
"YPL130W",35.00570535004,0.165004537456237,0.235186864174581,0.701589087619082,0.482935458892244,0.810117344259943
"YOL126C",11137.4990648186,-0.105304808174269,0.15025584491001,-0.700836684505266,0.483404941435083,0.810117344259943
"YMR269W",1920.85836916092,-0.0810798708490536,0.115702246199774,-0.700763152938789,0.483450836756139,0.810117344259943
"YEL033W",22.3257739584946,0.271697463895987,0.388001222838056,0.700248988672359,0.483771822613156,0.810117344259943
"YDR345C",10699.7472027441,-0.111727084455563,0.159611244636182,-0.699995070586873,0.483930382908734,0.810117344259943
"YDR320C",593.51551316088,0.0672118920836158,0.096021114570242,0.699969922078425,0.483946088542526,0.810117344259943
"YMR038C",1474.14461873046,-0.0559972124254453,0.0800180171831251,-0.699807548308689,0.484047500136564,0.810117344259943
"YDR395W",1621.08778870193,0.0829753286503647,0.118576384725954,0.699762679070808,0.484075525543224,0.810117344259943
"YNL162W",33899.9800627437,0.0796775876057239,0.113890349133277,0.699599116273525,0.484177694610696,0.810117344259943
"YMR289W",519.155955589582,-0.0650932752057106,0.0930480529425062,-0.699566225699868,0.484198241032252,0.810117344259943
"YPL022W",595.342583543349,0.0753579570048391,0.107820539108925,0.698920239386942,0.484601878212385,0.810117344259943
"YMR128W",3243.30524045712,-0.0545290612339505,0.0780206896138098,-0.698905143031429,0.484611313177962,0.810117344259943
"YDR113C",665.906503538834,-0.0710516810208553,0.101665505289761,-0.69887697718462,0.48462891661956,0.810117344259943
"YCL059C",7084.5872025001,-0.0556760014611004,0.07987094924497,-0.697074493134395,0.485756175882909,0.811581223071186
"YCR005C",1041.91206542151,0.0636161910650579,0.0912694828296786,0.697014917721999,0.485793458080333,0.811581223071186
"YLR422W",399.97213337808,0.070545478059073,0.101296250103053,0.696427340472168,0.486161245902076,0.811954294790391
"YOL006C",2123.74120063139,0.065928972352754,0.0947431195966072,0.695870820313531,0.486509732670989,0.812071009503164
"YBR022W",270.984423866762,0.0944008241415213,0.135675704375507,0.695782819599373,0.486564850106241,0.812071009503164
"YGL200C",3865.16407124286,-0.0560056785191272,0.0805114766455084,-0.695623541544516,0.486664619218267,0.812071009503164
"YMR137C",138.400644535075,0.0944243989655804,0.136085495772019,0.69386085879253,0.487769472066887,0.812457560338124
"YLR104W",1009.65166589161,0.0585397507508462,0.0844062726287587,0.693547397932375,0.487966091577054,0.812457560338124
"YPL164C",129.448609134834,-0.0985387066554062,0.142080973107935,-0.693539074936858,0.48797131279013,0.812457560338124
"YGR122W",196.124839640951,0.0784950966524697,0.113187999276156,0.69349310133981,0.488000153664201,0.812457560338124
"YJR076C",2082.00748125754,-0.044960539451832,0.0648518399932291,-0.693280860751617,0.488133311661771,0.812457560338124
"YPL165C",86.2625060196221,-0.139504681530346,0.201244967315377,-0.693208299275004,0.488178840629612,0.812457560338124
"YDL145C",2170.62593453213,-0.0805453156690539,0.116207309780779,-0.693117462412648,0.488235839784078,0.812457560338124
"YHR074W",311.681742454453,-0.121222651799653,0.174927040077474,-0.692989784460795,0.488315962393312,0.812457560338124
"YPL264C",20.9258640360624,-0.254378657998933,0.367172315755333,-0.692804569090769,0.48843220444948,0.812457560338124
"YBL020W",752.075672686955,0.0603023741577976,0.0870444846818083,0.692776508221438,0.488449816887135,0.812457560338124
"YKR064W",423.26997981256,-0.0599977671950679,0.0866121000865338,-0.692718074439072,0.488486494018242,0.812457560338124
"YKL170W",914.88960466761,0.0716510176507668,0.103561919594018,0.691866449865476,0.489021201659131,0.813106258379975
"YDR198C",282.14365679976,0.103016804627013,0.149040916953385,0.691198140301517,0.489441032413956,0.813465443089719
"YLR418C",1987.26234225951,-0.0604821094843701,0.0875217685464256,-0.691052186088854,0.489532746374753,0.813465443089719
"YPL170W",1261.65566967899,0.0939620493084044,0.136053428136062,0.690626106197313,0.489800537193317,0.813465443089719
"YDR228C",709.479310889052,-0.089671367819476,0.129898870581369,-0.690316762710462,0.489995008671743,0.813465443089719
"YNL080C",905.542182476629,-0.0585890061490683,0.0849169685378041,-0.689956402800521,0.490221604440338,0.813465443089719
"YHR143W",553.448121496224,-0.0904608492248622,0.131162876936727,-0.689683326087001,0.490393353710324,0.813465443089719
"YDL184C",191774.298603589,-0.0664647669893471,0.0963862921034755,-0.689566592290881,0.490466782306288,0.813465443089719
"YGR053C",81.8010479808087,0.107364137591848,0.155715604000089,0.689488624349983,0.490515829462842,0.813465443089719
"YGR008C",875.410247972102,-0.120282966528399,0.174462122984249,-0.689450320051753,0.490539926446807,0.813465443089719
"YDR055W",459.584731180885,-0.111186701303987,0.16145327931612,-0.688661771225394,0.491036138739349,0.814048112010366
"YGR085C",13073.3771043087,-0.107903744814679,0.156993634298741,-0.6873128665163,0.491885592533228,0.815145717745901
"YBR187W",1146.3135981808,-0.0672158423429341,0.0978183181215363,-0.68714984712189,0.491988305087917,0.815145717745901
"YLR286C",121.052683614369,0.10260383393494,0.149402717555255,0.686760158140986,0.492233880479053,0.815312233507893
"YJR053W",113.865723247076,-0.109452674767159,0.159528880066489,-0.686099436801293,0.492650406061197,0.815315993575327
"YHR038W",405.565233601736,-0.118280628834166,0.172424512163667,-0.685984999173976,0.492722567918899,0.815315993575327
"YJL201W",856.428472365492,-0.0899139203212786,0.131140001573034,-0.685633058126845,0.492944529723242,0.815315993575327
"YGR052W",28.2065077132496,-0.239359023410861,0.349216652770224,-0.685416979723339,0.493080832361061,0.815315993575327
"YKL206C",965.424740654262,0.0647033253150235,0.094452648863963,0.685034523576078,0.493322135861177,0.815315993575327
"YGL012W",1412.94239771491,-0.0778110719451295,0.113616020691001,-0.684860035335601,0.493432246933906,0.815315993575327
"YOR158W",1022.27738568877,0.0674006708970774,0.0984389903835948,0.684694861603436,0.493536492195985,0.815315993575327
"YMR116C",49116.9483305113,0.0633615356303112,0.0925402767865087,0.68469144280265,0.49353865001098,0.815315993575327
"YNL211C",314.970870629611,-0.0823513334510125,0.120275983844113,-0.684686425494106,0.49354181675147,0.815315993575327
"YMR047C",502.513696170387,0.0732857115005017,0.107279904649495,0.683126180433706,0.494527113492425,0.816703607942236
"YLR460C",91.3572975148041,-0.115128400205773,0.168783651687067,-0.682106347712076,0.495171707089819,0.817423217991627
"YGL063C-A",14.7148304641246,-0.206084325262153,0.302186797926067,-0.681976600819517,0.495253746843682,0.817423217991627
"YBL071C",6.41169026906961,0.333443726064598,0.489492047266267,0.681203561787831,0.495742694604728,0.81743041690011
"YPL199C",1631.24544893633,-0.0867873732339007,0.127418629822169,-0.681119969309235,0.495795582342871,0.81743041690011
"YER060W-A",16.2734604877974,-0.264932771974488,0.389107376972394,-0.680873166774436,0.495951748265059,0.81743041690011
"YBR108W",223.005388628475,0.090523656104606,0.132962021994852,0.680823401648563,0.495983240654428,0.81743041690011
"YPL183W-A",1063.88950428787,-0.0808387946877426,0.118744547069956,-0.68077900570978,0.496011336212953,0.81743041690011
"YJL133W",889.432902387875,-0.0789898395876404,0.116060789563195,-0.680590231075679,0.496130809972647,0.81743041690011
"YDR511W",47.245473739966,0.191178728514637,0.281205109989093,0.679855101217939,0.496596213280453,0.817957420467804
"YDR221W",206.894493128387,-0.0838297015729806,0.123363831577567,-0.679532246210033,0.496800683068833,0.818054450292072
"YPL184C",656.146929288237,0.0653135487860298,0.0961563135939223,0.679243477051912,0.496983603694701,0.81811471379134
"YKL155C",612.070164854549,0.0682736012204288,0.100550601264853,0.678997443691006,0.497139481669187,0.81811471379134
"YFL051C",791.608853045742,-0.11271533939885,0.166162979077957,-0.678342071286342,0.497554829347536,0.81811471379134
"YOR154W",997.381298936381,-0.0486214626390616,0.0716769353620041,-0.678341817957186,0.497554989932698,0.81811471379134
"YMR119W",33.158271637866,-0.189791432600029,0.279793915148767,-0.67832580454481,0.49756514087879,0.81811471379134
"YJL165C",1328.69575751303,0.081560660809113,0.120332107533985,0.67779632951312,0.49790083864343,0.818427234038045
"YIL097W",227.37598620865,-0.107049962411496,0.158253329545309,-0.676446825599626,0.498756995945432,0.81945919169239
"YAL010C",111.49627883375,-0.13196965806869,0.195141515594717,-0.676276689081236,0.498864990110383,0.81945919169239
"YGR121C",330.574923367434,0.102948152394962,0.152263711157641,0.676117451835771,0.498966077219103,0.81945919169239
"YOR109W",418.732324900617,0.0778248065609446,0.115244113670153,0.67530396202006,0.499482667238209,0.820067949131971
"YPL149W",500.144783424013,0.089950958378393,0.133331539783803,0.674641262856849,0.499903710572426,0.820519524946564
"YGR216C",228.049902388177,0.0680125370155876,0.100872110491644,0.674245206966517,0.500155433035537,0.820687068764082
"YLR318W",111.24173840964,-0.0998006319399676,0.148067500679657,-0.674021182783963,0.500297846545506,0.820687068764082
"YGR258C",291.59064158131,0.0726882952893757,0.107992503405127,0.673086492093716,0.500892266999215,0.821307958107923
"YBR236C",661.646492167337,0.0654960974138842,0.0973244595481815,0.672966464113367,0.500968626404619,0.821307958107923
"YOR206W",14556.8248716643,-0.0647076161905867,0.096233819069346,-0.672399961015352,0.50132910761593,0.821428092771563
"YDR421W",189.402685024393,-0.0862546439290281,0.128313684341916,-0.67221703103144,0.501445540239556,0.821428092771563
"YPR157W",131.813749643604,0.100780346716438,0.149934545813437,0.6721622836797,0.501480389021216,0.821428092771563
"YOR283W",675.73527292518,0.0677320426118761,0.100856938093475,0.671565525309737,0.50186033169283,0.821590037707528
"YPR100W",931.325581768946,0.0960363463291671,0.143026114779167,0.671460218837989,0.50192739377271,0.821590037707528
"YMR303C",204.346892266289,0.122188346891093,0.182036304793451,0.671230648357398,0.502073607054202,0.821590037707528
"YIL128W",911.054293620622,-0.0584414693709526,0.0870946336074369,-0.671011139840909,0.50221343295042,0.821590037707528
"YDR177W",4427.34506433894,-0.0966039742152758,0.144023870066716,-0.670749745653454,0.502379966689547,0.821590037707528
"YKL207W",1185.39608300266,0.0647331722895193,0.0965259417802464,0.670629792319381,0.502456398505476,0.821590037707528
"YHR118C",477.321628058688,-0.0677044177869074,0.101016633131085,-0.6702303936328,0.502710931512555,0.821767142263106
"YGR200C",1037.67945937464,0.0620693041426875,0.092675590218233,0.66974813968302,0.50301835820964,0.82182436627503
"YMR168C",163.071054671993,0.0757904062407997,0.113182301248972,0.669631253335983,0.503092885738504,0.82182436627503
"YPL273W",3194.74012657649,0.0537530338037844,0.0802898398800077,0.669487370807038,0.503184634226402,0.82182436627503
"YOR252W",1750.19827870507,0.0791966805825161,0.118352251278555,0.669160744531325,0.503392944345679,0.821925725515025
"YDR022C",530.982048654358,0.0856130304094073,0.128006572358171,0.668817458605611,0.503611928448694,0.82204444899264
"YOL014W",3916.45873019672,0.0411399729809539,0.061555160306414,0.66834320268462,0.503914541795237,0.822093584968045
"YER167W",725.567780919153,0.0712960281458059,0.1066807880865,0.668311787198244,0.503934590785572,0.822093584968045
"YKR070W",351.083225175964,-0.0751034559221479,0.112434155574688,-0.66797723110268,0.504148126621309,0.822203270926221
"YGL137W",2126.01780888609,0.0540677333623047,0.081078261662181,0.666858566696733,0.504862478773116,0.822776887771276
"YIL006W",132.172533920407,0.109721452237059,0.164543777442073,0.666822252064108,0.50488567735948,0.822776887771276
"YPL272C",25.2766856919889,0.210610457432783,0.31589807201372,0.666703839280271,0.504961325953573,0.822776887771276
"YDR404C",1646.0807536895,-0.0602164568663129,0.0903764680944609,-0.666284688215245,0.505229150672714,0.822776887771276
"YGR059W",26.0596591831905,-0.182685112050025,0.274198079382647,-0.66625234013797,0.505249823215099,0.822776887771276
"YLR316C",509.463682460994,0.0584600728819492,0.087771737873946,0.666046660325981,0.505381276523176,0.822776887771276
"YKR065C",1003.94902154387,0.0646187906978117,0.097102019586732,0.665473189670313,0.505747886030562,0.822776887771276
"YDL185W",4654.31723448919,-0.0804502196711952,0.121005472979348,-0.664847776636726,0.50614786088823,0.822776887771276
"YER080W",1494.41502135833,-0.0527232009190292,0.0793044019594237,-0.664820610412082,0.506165238467986,0.822776887771276
"YGR166W",515.367669960151,0.0719265930855177,0.10829850853933,0.664151280157256,0.506593492025369,0.822776887771276
"YJR067C",193.803101081145,-0.116335494504752,0.175200672770374,-0.664012829775068,0.5066820996729,0.822776887771276
"YJR130C",240.067199082039,-0.0706202730295439,0.106382920887923,-0.663830927371737,0.506798528808983,0.822776887771276
"YOR140W",1785.17146598316,0.0570475317908999,0.0859865254380511,0.663447342479255,0.507044093679807,0.822776887771276
"YLR206W",394.471411422224,-0.0821600955654378,0.123840747461465,-0.663433459903846,0.507052982253085,0.822776887771276
"YJL030W",974.681952118807,-0.0506270446220505,0.076323271949258,-0.663323824163472,0.507123181420823,0.822776887771276
"YBR264C",223.230210748677,-0.0881385479604476,0.132988623664204,-0.662752538766,0.507489054951805,0.822776887771276
"YIL112W",973.073581653269,-0.0599911202626788,0.0905198452072346,-0.662739978458162,0.507497100621462,0.822776887771276
"YDR194C",8703.22179210105,0.0607167113869812,0.0916374185584774,0.662575532376389,0.507602444890806,0.822776887771276
"YIL140W",168.297395562846,-0.128869445964353,0.194549791139575,-0.662398274547101,0.507716009229074,0.822776887771276
"YLL022C",637.572802299814,0.0737264190098463,0.111313177131718,0.662333255680996,0.507757668416028,0.822776887771276
"YGR005C",1386.40883161564,0.0471904436610928,0.0712625696602168,0.662205192516899,0.507839726882265,0.822776887771276
"YCR033W",2375.56451113117,0.0529559196688722,0.0799726407529828,0.66217545363346,0.507858783530541,0.822776887771276
"YKL203C",392.038859439023,0.0620192699625472,0.09370572103173,0.661851478006841,0.508066411115277,0.822776887771276
"YNL001W",1954.39335398424,-0.0836431742653007,0.126424786768687,-0.661604234447618,0.508224893062404,0.822776887771276
"YNL012W",44.7965224068547,0.121036223988092,0.182973606276007,0.661495537260791,0.508294575647749,0.822776887771276
"YGL224C",592.401615474308,0.0808243457970239,0.12219527739353,0.66143592061033,0.508332796265328,0.822776887771276
"YLR263W",234.080505982644,0.101030946596664,0.152788070143388,0.661248921475667,0.508452692389616,0.822776887771276
"YLR401C",1666.8802628607,0.0520342102346196,0.078739724027235,0.660838107797046,0.508716141219278,0.822917795453616
"YGR012W",491.411083874536,-0.0546069472376757,0.0826555808427763,-0.660656505959913,0.508832622633686,0.822917795453616
"YLR044C",118774.406176763,0.068381161707408,0.103568598906198,0.660249944766956,0.509093446116083,0.823102752351089
"YLR142W",136.387866134056,-0.0759364558432031,0.115068527552591,-0.659923764197789,0.509302753192394,0.823204335042063
"YAL039C",621.355717936103,-0.0633629847913882,0.0960534871026099,-0.6596635551992,0.5094697592288,0.823237506286905
"YAL034W-A",237.950405504548,0.0819584530649587,0.12428794635486,0.659423986546175,0.509623543330289,0.823249299659736
"YJR105W",7915.12395180361,-0.0774301035728227,0.117519180293972,-0.658872052877945,0.509977933491681,0.823585053512427
"YDR332W",220.600352239914,0.0733789678981323,0.111429266246306,0.658525092823763,0.510200778476693,0.823708237586618
"YOR090C",93.554861782457,0.119319835714321,0.181359671370136,0.657918239556147,0.51059066970008,0.82390163645597
"YIL024C",26.576097853058,-0.248586575185311,0.378051318663958,-0.657547171277756,0.510829150444928,0.82390163645597
"YIL114C",370.804721837737,0.0970111501143291,0.14754250934705,0.657513218011896,0.510850974672614,0.82390163645597
"YDR286C",276.448602603611,0.0822142805766461,0.125054786994374,0.657426097413968,0.510906975631505,0.82390163645597
"YMR139W",440.333639084611,0.0902184873374282,0.137330258602971,0.65694544126837,0.511215998170083,0.824163485288544
"YHR076W",554.560946407238,-0.0587970327965744,0.089538807095847,-0.656665357777605,0.511396113923564,0.824217424792207
"YGL202W",2091.3821525296,0.0650322743684574,0.0991174590208018,0.656113211647295,0.511751284415673,0.824359979649782
"YMR262W",68.3048939062845,0.104793848626905,0.159756456417618,0.655960021753133,0.511849847314948,0.824359979649782
"YNR019W",290.305351551441,-0.110400378992742,0.168333335411895,-0.655843827502161,0.511924613697107,0.824359979649782
"YKL014C",1616.49313058614,-0.0548013204894076,0.0836708445506824,-0.654963156923946,0.51249147541948,0.825036405573611
"YMR053C",12.8635086363362,0.356668582643427,0.544914378730207,0.654540596771474,0.512763581078287,0.825187495232168
"YEL034C-A",9.41577351300912,-0.228472308622428,0.349153089841553,-0.654361411282683,0.512878989474371,0.825187495232168
"YLR451W",614.630203114014,-0.0539278965197804,0.0824814326947245,-0.653818620238754,0.513228668685311,0.825513771611749
"YGR070W",170.752283144061,0.089060288541989,0.136766439146922,0.6511852549317,0.514926907469626,0.828008360509098
"YER014W",117.224602002603,0.103935116952666,0.159782034632979,0.650480619998404,0.515381816162026,0.828275262255132
"YDR256C",56.0088739361741,-0.122593484145356,0.188522084631263,-0.650287123575684,0.515506772962477,0.828275262255132
"YDR077W",4040.39897879705,0.0617562860692061,0.0949741109491749,0.65024337108304,0.515535029780863,0.828275262255132
"YDL224C",317.499413952891,-0.0616227832602237,0.0948507170505349,-0.649681786036389,0.515897791496884,0.828552569166289
"YDR119W",445.319687649309,-0.0983422955709924,0.15140770804403,-0.649519742696284,0.516002489694308,0.828552569166289
"YPR058W",813.274179949504,0.0581734546576391,0.089639604940163,0.648970448904494,0.516357477160063,0.828743011143028
"YEL062W",147.143844508647,-0.088769568407138,0.136804315799721,-0.648879882832756,0.516416018687346,0.828743011143028
"YGR077C",583.70639487868,-0.0565140604290289,0.0871441513892297,-0.648512373212617,0.516653610661094,0.828887608311547
"YFR032C",60.1085855699291,-0.142879137937049,0.220456396057037,-0.648106113011496,0.516916320473939,0.828940896894117
"YIL144W",1337.773602198,-0.0637895797884635,0.0984715360432381,-0.647797143739628,0.517116163026007,0.828940896894117
"YNR016C",4343.00350601817,0.0514352770670204,0.0794230406570862,0.647611532390146,0.517236236418562,0.828940896894117
"YJR090C",672.111483299861,-0.0504762188658133,0.07794967513144,-0.647548803515852,0.517276819467557,0.828940896894117
"YBR103W",490.701134514963,0.0648590116787466,0.100252850260376,0.646954291177707,0.517661526783083,0.829249107776093
"YNL247W",3027.94455720706,0.056131074576497,0.0867865311561251,0.646771726312228,0.517779693715667,0.829249107776093
"YIL091C",1958.46958333352,0.0562473981745192,0.0870225455151483,0.646354319349668,0.518049916959716,0.829249107776093
"YKL138C",119.585454541251,0.157019391083299,0.243048389472902,0.646041685048092,0.518252359654516,0.829249107776093
"YMR054W",370.876900929638,-0.0724789611713548,0.112206069846596,-0.645945101458819,0.518314909499495,0.829249107776093
"YGL227W",194.379048709835,0.0889848020840851,0.13782875844014,0.645618542103693,0.51852642605846,0.829249107776093
"YOR071C",202.731699497007,0.0783814987532845,0.12140868556535,0.645600422970516,0.518538163352615,0.829249107776093
"YPL269W",153.712507303609,-0.100166286267063,0.155314184065034,-0.644926842130022,0.518974596006896,0.829249107776093
"YHR180W-A",42.0872309127961,0.189425554470715,0.293737366514674,0.64488068616647,0.51900450874426,0.829249107776093
"YGR199W",554.660821209343,0.062515312861349,0.0969606078161813,0.644749597484641,0.519089469497057,0.829249107776093
"YHR158C",565.18605347712,0.0634858057473854,0.0985529707353699,0.644179523698526,0.519459027297251,0.829249107776093
"YPL081W",2143.36702292087,0.212889586252002,0.330570436048771,0.644006732110168,0.519571068517847,0.829249107776093
"YIL023C",54.2042976496106,0.14390676556555,0.223456629718561,0.644003114818287,0.519573414169195,0.829249107776093
"YGR249W",49.3941071419122,0.168999412936621,0.262478887827944,0.643859071238526,0.519666824403252,0.829249107776093
"YMR125W",1163.24472794435,0.0646626222795106,0.100433533857803,0.643834980167702,0.519682447969288,0.829249107776093
"YPL171C",19.673620478545,-0.205867495175017,0.320192082895153,-0.64294998587591,0.520256553298388,0.829929557064133
"YCR061W",8.11304410573679,-0.290189585409627,0.451844465596411,-0.642233351307274,0.520721681305596,0.830311586836598
"YDL057W",95.1295100939011,0.0928088019073619,0.144533680474788,0.64212577720631,0.520791520213346,0.830311586836598
"YFR038W",710.956256220676,0.0597893467881477,0.0932389405225887,0.641248671993036,0.521361131591788,0.830983993064619
"YNL029C",217.916190830996,0.118260015147183,0.184747229406411,0.640117935880015,0.522095929271079,0.831919229516151
"YPR072W",2451.8931317145,-0.0534685123110785,0.0836015822624466,-0.639563401362756,0.522456482519652,0.832155226589394
"YOR015W",398.118116285701,0.0830327948296728,0.129853437695725,0.639434706566931,0.522540176981134,0.832155226589394
"YGL061C",598.969451893895,-0.0484961215387115,0.0758936314412892,-0.639001199675466,0.522822151452646,0.832368411094581
"YOL015W",63.5537649214725,0.134298140400476,0.210386167381037,0.638341113735127,0.523251654249197,0.832816283455249
"YBR030W",706.804323688313,0.0549475121280596,0.0861180917855357,0.63804841687503,0.523442163324396,0.832867433249197
"YLR192C",6422.42445723244,0.0466497463117746,0.0731374795860793,0.637836394907075,0.523580185350429,0.832867433249197
"YPR173C",1925.94864108447,-0.0490933645703976,0.0770707997984899,-0.636990464595639,0.524131054703054,0.833507789312723
"YML110C",796.624621952595,-0.0586052129629966,0.0921202407017072,-0.636181717683142,0.524657987875825,0.833676969002962
"YGL105W",4508.10054061378,-0.061921699141212,0.0973351479569359,-0.636169980124838,0.524665637393554,0.833676969002962
"YPL018W",184.053305558833,-0.0798999126652107,0.125600323370377,-0.636144163654718,0.524682462520192,0.833676969002962
"YGR124W",4444.73964335034,-0.0776796973679058,0.122290692380556,-0.635205311669795,0.525294519434645,0.834027726995881
"YPR037C",269.564016648361,0.13541635769004,0.213229228607576,0.635074087048629,0.525380096553841,0.834027726995881
"YGR274C",1218.77871224829,0.0484606457958643,0.0763327997691906,0.634860059402981,0.525519688325472,0.834027726995881
"YNL004W",2214.67396719014,0.0532909295497008,0.0839452175069405,0.634829846563859,0.525539395082253,0.834027726995881
"YGR098C",210.959522722107,-0.0676536439535199,0.106596972278378,-0.634667594280652,0.525645232921603,0.834027726995881
"YMR165C",534.077399697772,-0.056915660210615,0.0897847948141,-0.633912015152,0.526138243863337,0.834138223255774
"YPL011C",654.900235023315,0.0612567174834556,0.0966636234411924,0.633710131099344,0.526270012014014,0.834138223255774
"YCR038C",208.285495553766,-0.078978215542093,0.124637599648432,-0.633662841428818,0.526300880051265,0.834138223255774
"YMR103C",262.67349032602,-0.0929992784070992,0.14676733493746,-0.633651067158286,0.526308565776686,0.834138223255774
"YDR337W",1597.74315063355,-0.0537628783047854,0.084887714168925,-0.633341100430602,0.526510919032769,0.834223672107179
"YER117W",40756.4837897358,-0.0930636426774891,0.147016726690888,-0.633013975839372,0.526724516416498,0.834326883388027
"YBL018C",510.56588232175,-0.0718722065687707,0.113621645018461,-0.632557349060496,0.527022746766848,0.834513591854192
"YBR188C",766.637721512216,-0.0647280967751588,0.102391408658652,-0.632163358460539,0.527280137652693,0.834513591854192
"YDR135C",1427.80470337713,-0.0493914040891294,0.0781330353358124,-0.632144954779337,0.527292162196983,0.834513591854192
"YIL071W-A",7.82482337879081,0.373825082769453,0.591566247582849,0.631924293005068,0.527436348445923,0.834513591854192
"YFR002W",1058.59353911776,0.0835163464102919,0.13226862242258,0.631414653608993,0.52776943716835,0.834805583137102
"YHL006W-A",8.52346606113774,-0.287149276678834,0.454937915433676,-0.631183436107112,0.527920591025276,0.834809713438956
"YEL026W",2876.9553129645,0.0832104588292715,0.131911321614153,0.630806043113314,0.528167351599512,0.8348400262924
"YJL089W",15.1374922862725,0.229379243399465,0.363690076018652,0.630699759285432,0.52823685649391,0.8348400262924
"YMR037C",983.955566334693,0.0502157050995618,0.079660509270956,0.630371379233328,0.528451631871298,0.834944664356675
"YBR285W",60.8742868230678,-0.146668920681606,0.232964004118652,-0.629577608937838,0.528970977087716,0.835269542866745
"YER078C",99.8771537340528,-0.117767700529878,0.187086646591911,-0.629482128603023,0.529033465118279,0.835269542866745
"YGL246C",1697.98363500013,-0.0580819764141765,0.0922961815324568,-0.629299884890162,0.529152746708213,0.835269542866745
"YPR046W",173.329504705972,-0.113682347470708,0.180692352729739,-0.629148637190764,0.529251751271971,0.835269542866745
"YML123C",4271.2158530665,0.166700380366244,0.265154413433928,0.628691705362782,0.529550909480222,0.835339301550502
"YDR036C",454.954220590741,0.0571792832442017,0.0909899987805082,0.628412836691351,0.529733530052698,0.835339301550502
"YPR145C-A",253.777943527276,0.0978512655335604,0.155714907617008,0.628400112943793,0.529741863118503,0.835339301550502
"YJL110C",957.925003424312,-0.0503301777998631,0.0801830093091108,-0.627691305596139,0.530206182061751,0.835674552093726
"YDR052C",1675.83338619963,-0.0463450854091136,0.0738424011027857,-0.627621592973434,0.530251859922816,0.835674552093726
"YKL008C",1010.06932414123,-0.0582161868274439,0.0928077527507647,-0.627277195082867,0.530477549368673,0.835790315815681
"YOL159C-A",328.499461836158,-0.0686387593739558,0.109500785714642,-0.626833487321522,0.53076839003897,0.835790315815681
"YFL007W",687.510778388016,0.0697923267902765,0.111345827424783,0.626806844984135,0.530785856079746,0.835790315815681
"YNL321W",205.765909297175,-0.0881637585070044,0.140771514966639,-0.626289761305035,0.531124900783795,0.835790315815681
"YGR210C",27.8905268786378,0.214473490636398,0.34251020512546,0.626181314970857,0.531196021496135,0.835790315815681
"YOL019W",1510.78824640302,0.0734354550925077,0.117281233356736,0.626148387006965,0.531217617098507,0.835790315815681
"YDL239C",246.471629940958,0.0785818308432979,0.125632381191824,0.625490260534931,0.53164933865832,0.836030427040635
"YJR136C",195.579217094917,0.0787611285203008,0.12592468135821,0.625462202252902,0.531667748441856,0.836030427040635
"YOR023C",936.328206076348,-0.0733414615077301,0.117320910005715,-0.625135463952312,0.531882153897673,0.836133623749629
"YLR105C",630.84267957314,0.0566664700737529,0.0908036886604878,0.624054715283947,0.532591652407365,0.836864629012845
"YCR017C",414.699026953123,-0.0866293642665201,0.13884788482668,-0.623915620858446,0.532683001004395,0.836864629012845
"YLR075W",16610.7430706397,-0.211266072015092,0.338760290792096,-0.623644735695277,0.532860924341841,0.836864629012845
"YFR031C",1232.31704904304,0.0369547244234457,0.0592730123879372,0.623466278069013,0.532978155664149,0.836864629012845
"YOL011W",1281.89008459539,0.114047765754881,0.183036454221651,0.623087713536961,0.533226883206384,0.836864629012845
"YLR447C",1536.42168769291,0.078446154688874,0.125903277086485,0.623066821644271,0.533240611475978,0.836864629012845
"YNR032W",243.800240260053,0.0681779020213512,0.109552610515499,0.622330236591722,0.533724743001014,0.83737669581242
"YMR011W",7736.00462411715,-0.170676241499172,0.274347467059445,-0.622117066829673,0.533864893433434,0.83737669581242
"YBR015C",2137.63897554857,0.0452278184110272,0.0728799420203222,0.620579780351852,0.534876146771175,0.838707087245789
"YMR288W",483.351118669315,-0.0533921878977972,0.0860670121102917,-0.62035600619407,0.535023429749932,0.838707087245789
"YPL254W",486.751280469953,0.0801546258412511,0.129322822838732,0.619802630980346,0.535387736319081,0.838707087245789
"YBR228W",169.561308751932,0.0959853357401,0.154900782249862,0.619656881946997,0.535483708882629,0.838707087245789
"YDR081C",687.427848172662,0.046335503435577,0.0748136141025767,0.61934587696895,0.535688527866577,0.838707087245789
"YOL024W",20.11083290562,0.200877873934479,0.324558379636837,0.618926783401031,0.535964593310317,0.838707087245789
"YJL057C",217.730737360903,0.0854711492706922,0.138115960975438,0.618836148024138,0.536024306093618,0.838707087245789
"YNR022C",2698.08204349876,0.0726316536720674,0.117377571101242,0.618786476757301,0.53605703214899,0.838707087245789
"YKL025C",625.96077920761,-0.0482274616775969,0.0780494429799849,-0.617909107819826,0.536635254923019,0.838707087245789
"YMR163C",220.58825522616,-0.0674444301244057,0.109229216222531,-0.617457786999059,0.536932816344479,0.838707087245789
"YOR326W",2592.44992081916,0.0463921771093494,0.0751508326728535,0.617320866041548,0.537023106430359,0.838707087245789
"YOR099W",1226.53660879242,-0.0803398109641107,0.130183710117192,-0.617126450704073,0.537151323272465,0.838707087245789
"YPR201W",22.5246317486764,0.174406049323576,0.282655770762741,0.617026317392866,0.537217367156156,0.838707087245789
"YFL031W",3565.61529581982,0.0984456959375983,0.159564085644934,0.616966503080536,0.53725682020512,0.838707087245789
"YGR203W",121.234425630037,-0.0913247864018563,0.148041598099396,-0.616885980523799,0.537309934548204,0.838707087245789
"YGR232W",1284.03652186932,-0.0530515762875394,0.0860105374660158,-0.616803217960369,0.537364529195553,0.838707087245789
"YCL048W",10.5031854116297,-0.23092778607793,0.374411825448999,-0.616774819547964,0.537383262961156,0.838707087245789
"YNL093W",23.0382197638643,0.164273347097123,0.266417944742514,0.616600159031662,0.537498489615944,0.838707087245789
"YHR034C",272.634382635872,-0.0794787006098922,0.12895516310383,-0.616328177150215,0.537677945617629,0.838707087245789
"YPL129W",1169.47074038177,0.0476665844012414,0.0773654050439512,0.616122727906124,0.537813522755041,0.838707087245789
"YJR069C",722.158616129601,-0.0516409860531478,0.083822979289372,-0.616071946988115,0.537847036020253,0.838707087245789
"YGL176C",276.688775233792,0.0906694801579274,0.147276830623775,0.61563981091871,0.538132270028471,0.83891910057143
"YER188C-A",25.0772147729021,0.185465016001732,0.30152720037557,0.615085523862274,0.538498241629713,0.839256826943701
"YML009C",4360.25738272334,-0.0520742220922079,0.0847912159209688,-0.614146424562948,0.539118572780925,0.839990678965567
"YGR236C",49.4375675335324,0.180928082581185,0.294769133315484,0.613795890180746,0.539350213408012,0.840118680530218
"YKL167C",784.982966592302,0.0632603014281348,0.103109677732379,0.613524383155644,0.539529665321025,0.840165341951831
"YGR028W",971.888805074375,0.0429123007835416,0.070013308090736,0.612916343389003,0.539931656166642,0.840533678610621
"YLR114C",538.227580195822,0.0575034647599432,0.0938503848863324,0.612714213474872,0.540065322680241,0.840533678610621
"YER017C",371.458045148284,-0.11708176751401,0.191210861295548,-0.6123175572806,0.540327675617082,0.84056575395492
"YPL067C",22.7156037113111,0.201308500212801,0.328843058837304,0.612171961070336,0.540423990603726,0.84056575395492
"YOR229W",348.171136352377,0.0552432568149763,0.0902973748644957,0.611792501142772,0.540675051749105,0.84056575395492
"YDR372C",1401.07290869316,0.0440193227938235,0.0719763638515718,0.611580252714618,0.540815506580711,0.84056575395492
"YER126C",3571.88553892435,-0.05276302742835,0.0863243820136684,-0.611218130933107,0.541055181793387,0.84056575395492
"YLR029C",20674.8435945812,-0.0952347864435148,0.155867711608695,-0.610997527715049,0.541201217031719,0.84056575395492
"YOL038C-A",92.2812632844497,-0.121230723534833,0.198553831251198,-0.610568543406544,0.541485253041643,0.84056575395492
"YBR243C",537.164870230929,0.0572798458175181,0.0938514260194389,0.610324725440549,0.541646721207036,0.84056575395492
"YGR133W",28.0969357076751,-0.168329870152696,0.275839068666583,-0.610246659280025,0.541698425510285,0.84056575395492
"YLL062C",320.332362314603,-0.0913059998488523,0.149639757726867,-0.610172064134922,0.541747833213161,0.84056575395492
"YHR200W",1625.41992455975,-0.0795515133303891,0.130450050703307,-0.609823552397995,0.541978697928061,0.84056575395492
"YDR348C",1982.80506965994,-0.0592933671035008,0.0972376711913057,-0.609777737136946,0.54200905099244,0.84056575395492
"YOR032C",233.534404099802,-0.101086005792478,0.165786339635304,-0.609736640635453,0.54203627855334,0.84056575395492
"YEL053C",277.537685870994,-0.0925489653364121,0.151874777407504,-0.6093767965703,0.542274714267724,0.84056575395492
"YEL027W",12.5590841705055,-0.21629401816826,0.3549910857611,-0.609294224119815,0.542329434847071,0.84056575395492
"YHR131C",73.2276434214547,0.108442656730718,0.178182788076826,0.608603434154151,0.542787327656917,0.841026933690208
"YDL083C",23188.7941007044,-0.066553284503989,0.109472714781885,-0.60794404008881,0.543224589192999,0.841026933690208
"YLR261C",624.647930153014,0.0526832910755713,0.0866888713062497,0.60772842328809,0.543367608404196,0.841026933690208
"YEL011W",205.042844840483,-0.091989223538948,0.151382931976921,-0.607659148476343,0.543413562553806,0.841026933690208
"YIL104C",586.545472845158,-0.0741292032334583,0.122042469883727,-0.607404973892145,0.54358218841358,0.841026933690208
"YBL029C-A",762.760791731665,-0.0505781236694863,0.0832945942386626,-0.607219761759877,0.543705079233648,0.841026933690208
"YBR006W",171.784319425755,-0.103308112048031,0.170154330860871,-0.607143594437818,0.543755621319804,0.841026933690208
"YFR050C",1004.72501168292,-0.106035302778752,0.174675891058898,-0.607040285502243,0.543824177407512,0.841026933690208
"YJL167W",6596.53104490613,-0.0489490667580261,0.0807629678253401,-0.60608306103714,0.544459598556762,0.841653446736762
"YHL026C",548.745561117513,-0.0658827725735717,0.108805375158236,-0.605510274448832,0.544839999967216,0.841653446736762
"YGR255C",245.227448731065,0.0824699022450725,0.136205606875844,0.605480964673112,0.544859468846906,0.841653446736762
"YJL208C",2260.21887664784,-0.0716734658029372,0.118431862985855,-0.605187354111767,0.545054517336218,0.841653446736762
"YDR192C",161.69029861664,-0.0922105441522064,0.152376253867223,-0.605150355202699,0.545079098548028,0.841653446736762
"YJL184W",1071.56676723261,-0.0636607872744171,0.105211898313691,-0.605072128673234,0.545131072240737,0.841653446736762
"YKL140W",922.046597531638,-0.0614122898651285,0.101545421855453,-0.604776549675936,0.545327477083338,0.841653446736762
"YBR256C",640.872035329098,-0.0722768163698002,0.119539664509328,-0.604626227340301,0.545427375981368,0.841653446736762
"YHR188C",918.989499662222,-0.0427878002490813,0.0707949629349401,-0.604390460496503,0.54558407656026,0.841664153244211
"YKL031W",14.9774062162392,-0.197178373618642,0.3265973192891,-0.603735431900781,0.546019553353299,0.841999008346825
"YBL083C",12.2099539268331,0.203575821673081,0.33726199834962,0.603613281867722,0.546100780324587,0.841999008346825
"YBR234C",947.470643959232,-0.156265662297445,0.25911414819027,-0.603076533600543,0.546457776585921,0.842247330097047
"YGR168C",261.098317300288,0.0569573888673002,0.0944825109378302,0.602835258101664,0.546618288820747,0.842247330097047
"YDR229W",361.344071501517,0.0682062970181151,0.113187575455591,0.602595264927077,0.546777971131933,0.842247330097047
"YDR476C",490.965330828919,-0.088684852600246,0.147202095920142,-0.602470039885562,0.546861300271197,0.842247330097047
"YGR217W",419.150796572641,0.046797282236044,0.0777895005166699,0.601588671031711,0.547447971848043,0.842468277268729
"YEL036C",1106.57981014453,-0.0911436164980764,0.151636913248573,-0.601064836690969,0.5477968027204,0.842468277268729
"YDL208W",16039.0859358302,-0.0615966184485805,0.102495700236275,-0.600967828958548,0.547861414001266,0.842468277268729
"YOR324C",197.942132200378,-0.0683600872403012,0.113767744445797,-0.600874066487892,0.547923867379538,0.842468277268729
"YDR315C",86.3951360839674,0.0999140100055262,0.166296979721625,0.60081674467437,0.547962050070151,0.842468277268729
"YDR384C",384.062448871233,-0.0915795116943116,0.152440780104201,-0.600754677532564,0.548003395158968,0.842468277268729
"YDL074C",2401.91306944014,-0.0516510031846108,0.0860207824088933,-0.600447958483936,0.548207734050962,0.842468277268729
"YOL095C",206.348123665536,0.0757757071819667,0.126262688258318,0.600143306207284,0.548410733298322,0.842468277268729
"YMR013W-A",2553.24622816383,0.0947350919012234,0.157917447736689,0.599902627980565,0.548571130900743,0.842468277268729
"YNL027W",273.286672677848,-0.0846421065723982,0.141099867770666,-0.599873748357934,0.548590378993444,0.842468277268729
"YOR056C",4953.60042450784,-0.0594365887486482,0.0991255229118619,-0.599609333728273,0.548766625236497,0.842468277268729
"YEL018W",759.724827151246,-0.0539406746602128,0.0899680257944234,-0.599553832418943,0.548803623323989,0.842468277268729
"YER053C",1306.80590161495,0.153593810457564,0.25638042606395,0.599085557410113,0.54911583217002,0.842662851219845
"YOR216C",184.272715920325,-0.102112515766794,0.170496132089763,-0.598913972506035,0.549230253384038,0.842662851219845
"YFR028C",504.054501989649,0.056256669411287,0.0940842961193328,0.597938994409154,0.549880639687834,0.843256613418216
"YKR090W",320.445672500262,0.0592694408556314,0.0991320094818428,0.597883984854431,0.549917346650847,0.843256613418216
"YBR201W",436.686084392057,-0.0957877478239532,0.160384440670238,-0.597238406815906,0.550348220366494,0.843614953649588
"YML102W",11.0925864709081,0.278360358559184,0.466859533726417,0.596240064623602,0.551014864158632,0.843614953649588
"YMR273C",1097.66773205982,0.0673105218294358,0.112914791349927,0.596117842708827,0.55109650522017,0.843614953649588
"YDL218W",13.2841995181384,-0.226219626065076,0.379517885623037,-0.596071053920691,0.551127760488737,0.843614953649588
"YML130C",2775.02024724724,-0.0450932479236921,0.0756540468431752,-0.596045417334604,0.551144886294116,0.843614953649588
"YPL189W",126.055798293257,-0.0878511292738,0.147484599905735,-0.595663068075924,0.551400335090697,0.843614953649588
"YBR153W",502.576646888442,-0.073654860664362,0.123732489680412,-0.595275023194029,0.551659648643762,0.843614953649588
"YCR066W",343.621626312449,-0.058453071947994,0.0982019386307108,-0.595233380960098,0.551687479901156,0.843614953649588
"YDR298C",2598.71136967106,-0.075063587178506,0.126123382520989,-0.595159959066385,0.551736552523022,0.843614953649588
"YMR078C",317.672103032481,0.0590163795693278,0.0991922575404959,0.594969617918354,0.55186377986408,0.843614953649588
"YDL002C",2800.88740480639,0.0581271659206601,0.0977127299618235,0.594878128401186,0.551924938179627,0.843614953649588
"YJL176C",1269.4287628727,0.0552877556517737,0.092988707007361,0.594564194202605,0.552134820169576,0.843614953649588
"YGL187C",584.134901580618,-0.0798622793294115,0.134334664341411,-0.594502392371652,0.552176142651978,0.843614953649588
"YPR180W",817.16994846135,-0.0533449529502853,0.0897476797071306,-0.59438810144578,0.552252564853529,0.843614953649588
"YPL210C",3368.00441476146,0.0374982693804679,0.0631833006632421,0.593483863407647,0.552857379046584,0.844309364766507
"YML124C",1345.89168191714,0.0826685856355948,0.139346456319815,0.593259332306676,0.553007610623756,0.844309364766507
"YKR017C",118.125406555244,-0.0830814176844511,0.140113866892538,-0.5929564255633,0.553210314291421,0.844389453100974
"YER124C",659.787914232333,-0.0774677129846849,0.130698859585555,-0.59271911958784,0.55336914369261,0.844390869893116
"YGR218W",1133.17434944577,0.047391573394503,0.0799849544671611,0.592506099556014,0.553511737488654,0.844390869893116
"YDR319C",301.288650611049,0.0616844315081509,0.104153325433823,0.59224639492998,0.553685605901984,0.844426894211438
"YKR063C",728.88693208134,0.0390813559623457,0.0660246141325096,0.591921005155902,0.553903487297867,0.844435554979494
"YNL253W",408.152977717248,-0.0602789661389946,0.101858858085277,-0.591789141092948,0.55399179558886,0.844435554979494
"YIL134C-A",17.6517927504703,-0.202379288654706,0.342480275113461,-0.59092246579065,0.554572372441823,0.845091305076748
"YKL214C",1395.93745593767,-0.0447539025496878,0.0758988956422483,-0.589651564373698,0.555424273957505,0.846160048696443
"YNL119W",701.425619107458,0.0621021801588751,0.105377068028915,0.589332967034481,0.555637933991342,0.846256148788982
"YDR205W",525.160061877852,0.0523223214869296,0.0889608302352231,0.588150103237381,0.556431545482415,0.847140953421824
"YBR180W",8.03913895976043,-0.287183808966115,0.488393066864568,-0.588017784138102,0.556520355877825,0.847140953421824
"YDR009W",268.238961021734,-0.0691494845124237,0.117790298864568,-0.587055854166139,0.557166195053663,0.847343795867051
"YLR340W",107147.613670703,-0.0833464832864347,0.141974273860794,-0.587053421862584,0.557167828563292,0.847343795867051
"YOR292C",122.856095621996,-0.108575571716894,0.185080328781495,-0.586640257404547,0.557445339336077,0.847343795867051
"YOL133W",1259.93137758937,0.0570018641332054,0.0971748465053586,0.586590729835237,0.557478610106581,0.847343795867051
"YGL139W",273.975911144849,-0.0825826815983627,0.140786199738746,-0.586582220072775,0.557484326744353,0.847343795867051
"YIR007W",86.0987262914165,-0.126704528322452,0.216045247750478,-0.586472184145375,0.557558248597216,0.847343795867051
"YML032C",293.422718959676,-0.0773163560455172,0.131991021397608,-0.585769813937648,0.558030211481526,0.847831789274446
"YLR026C",975.520159579952,-0.0517852812537115,0.0885835302016038,-0.584592656624267,0.558821646538104,0.848703399927067
"YGR178C",913.007141233918,0.0696345637759634,0.119141921557331,0.584467355115263,0.558905922265138,0.848703399927067
"YDR213W",273.47692557146,0.069690694198281,0.119405510136006,0.583647221295747,0.559457683105628,0.849174137277366
"YIL038C",2016.93793121554,-0.0582409342153357,0.0998135013096537,-0.583497557456215,0.559558400849479,0.849174137277366
"YER107C",1194.20797840613,0.0558289919804282,0.0957239893156666,0.583228847643639,0.559739253816815,0.849174137277366
"YBL016W",13.7939064959753,0.217764516362169,0.373534405153835,0.582983825204765,0.559904188896415,0.849174137277366
"YDL237W",653.598085850622,-0.0688336104442293,0.118118042911443,-0.582752717091971,0.560059779240984,0.849174137277366
"YDR516C",424.418376973082,0.159362021170004,0.273544041890706,0.58258268053843,0.560174267383372,0.849174137277366
"YMR304W",582.430273270755,0.0602720199455981,0.103500398947211,0.582336112311402,0.560340305587911,0.849174137277366
"YPL126W",627.03435347762,-0.079429830528794,0.136468226652521,-0.58203900261004,0.560540409922677,0.849174137277366
"YER101C",102.168664338153,0.0858338019868405,0.147484284897204,0.581986087851097,0.560576051813082,0.849174137277366
"YLR353W",742.327035217462,-0.0571053851661291,0.0981915565120369,-0.58157123885829,0.560855520433899,0.849174137277366
"YDL112W",1111.45278972895,0.0595267009287365,0.102360834260474,0.581537864152819,0.560878006685691,0.849174137277366
"YLR431C",552.38142266979,-0.0617746631056096,0.106552567624386,-0.579757620889761,0.562078080034558,0.850268328064462
"YCL026C-A",8.1797935208175,-0.342175598637213,0.590260514099782,-0.579702674435325,0.562115139517934,0.850268328064462
"YGL248W",194.607999867197,0.0692719645524264,0.119571454676438,0.579335299883046,0.562362951276873,0.850268328064462
"YDR405W",2113.95135083232,-0.0679959973058983,0.11738746065789,-0.579244128161727,0.562424459147019,0.850268328064462
"YDL025W-A",213.158671382132,-0.0824410119697943,0.142409151251784,-0.578902487973095,0.562654971349285,0.850268328064462
"YAL007C",2843.45283281257,-0.0443821479952673,0.0767515359190996,-0.578257457180382,0.563090312204641,0.850268328064462
"YIR001C",783.23220668746,-0.0515411803046357,0.0891329599081241,-0.578250518750448,0.563094995937093,0.850268328064462
"YIL169C",10.9481703647035,0.213707515835785,0.36961035266351,0.578196780192308,0.563131272363695,0.850268328064462
"YDL033C",154.104075137805,0.0950851141391881,0.164453541886903,0.578188301986098,0.563136995713337,0.850268328064462
"YGL160W",386.191632478741,0.0609038312812598,0.105369019077788,0.578005108278536,0.563260670428062,0.850268328064462
"YHL029C",494.246780718678,-0.0535022359555369,0.0926269266222462,-0.577609966200555,0.563527476816732,0.850268328064462
"YLR280C",19.9391243869578,-0.224949101625639,0.389456528744315,-0.577597459595605,0.563535922475242,0.850268328064462
"YER048C",4679.77996805677,-0.0414677437070599,0.071810638852545,-0.577459612804855,0.563629013883806,0.850268328064462
"YER110C",5035.45599734236,0.0533635511246181,0.0924438177262797,0.577253865505903,0.563767973999668,0.850268328064462
"YOL025W",175.934775299805,0.0675884601300349,0.117125567853881,0.577059828767311,0.563899040017416,0.850268328064462
"YCR048W",171.241653495961,-0.149502015853494,0.25923686790985,-0.576700440253286,0.56414183498055,0.850268328064462
"YPL089C",376.302852398501,-0.0851997231937823,0.147748237105585,-0.576654753131818,0.564172703799356,0.850268328064462
"YNR046W",4419.64660982777,-0.0704455739026479,0.122234279962561,-0.576316021366711,0.564401595617964,0.85031040713908
"YDR320W-B",27.0508009662807,0.157206657412099,0.27299404794016,0.57586111711329,0.56470905918116,0.85031040713908
"YLR117C",506.243555233848,0.0520664039592048,0.0904397601564854,0.575702587767988,0.564816225927225,0.85031040713908
"YJL006C",506.762905527818,-0.0658038909023285,0.114343079605214,-0.575495177578966,0.564956451173444,0.85031040713908
"YDR182W",331.6845771643,0.0740496196576459,0.128686166005778,0.575427972998441,0.565001890231404,0.85031040713908
"YOR008C",640.120055172096,0.0633484710139448,0.110171553845454,0.57499843473941,0.565292355596136,0.85031040713908
"YML016C",448.490430231612,-0.0716445211925675,0.124638384789033,-0.574819076112348,0.565413663977845,0.85031040713908
"YLL038C",50.0455429407901,0.136558923342402,0.237729339779871,0.574430246888545,0.565676689777838,0.85031040713908
"YDR100W",550.154897597612,-0.0743069411357963,0.129371495819544,-0.574368725236388,0.565718311843154,0.85031040713908
"YLR403W",160.983235986093,0.0772601103521857,0.134538399056403,0.574260663825767,0.565791423633561,0.85031040713908
"YER078W-A",14.7910124115225,-0.219874791337551,0.383277628183633,-0.573669776604353,0.566191284148275,0.85031040713908
"YCL001W-A",28.9758336509246,-0.156064845221963,0.272201199380226,-0.573343708908362,0.566411996144827,0.85031040713908
"YGL249W",7.05314467917344,0.312390408837072,0.544987046554154,0.573207034574959,0.566504521922981,0.85031040713908
"YBR172C",4349.87492243155,-0.0563867625072105,0.0984223491997876,-0.572906082466605,0.566708286008032,0.85031040713908
"YPR198W",365.748411421797,0.0755050751533517,0.131800254742472,0.572875032001138,0.566729311185596,0.85031040713908
"YER015W",157.137899155432,-0.0930176707612698,0.162377273345206,-0.572849074534704,0.566746888031695,0.85031040713908
"YJL022W",55.4864985213539,-0.109034539921072,0.190394703073945,-0.572676330594793,0.566863866568484,0.85031040713908
"YJL080C",4500.31025709749,0.0647237012876859,0.113037227447832,0.572587480682472,0.566924038354116,0.85031040713908
"YGL180W",390.770423488999,-0.0754749350723789,0.131949491386118,-0.571998681309956,0.567322868032317,0.850681568394242
"YPR041W",424.276806288062,0.0865001456350672,0.151368623451743,0.571453605526404,0.567692200813953,0.851008313836867
"YER039C",42.9128978678074,0.130225811009235,0.227996012516759,0.571175827031898,0.567880462399164,0.85106351964888
"YGL258W",25.4411868895515,-0.170228917181557,0.298587609725604,-0.570113801232388,0.568600515066595,0.851651750962211
"YGL095C",370.021220158428,0.0666781766186137,0.117015089005383,0.569825457429223,0.568796087240053,0.851651750962211
"YHR062C",1283.1873330796,-0.0628307101199178,0.110282269558138,-0.56972630660992,0.568863344736757,0.851651750962211
"YDR441C",758.428308272883,-0.0721580064954087,0.126658979477391,-0.569703046662311,0.568879123329562,0.851651750962211
"YFL055W",79.6968864041404,0.0897207706937442,0.157636649804153,0.569161871970843,0.569246293018076,0.851974478498426
"YLR419W",697.267870137332,-0.0423447838300646,0.0745276108711814,-0.56817578525704,0.569915612031343,0.852224714965708
"YOL075C",73.974788859532,-0.0981405249363749,0.172750183220095,-0.568106632983061,0.569962564105034,0.852224714965708
"YNL218W",53.4756832744459,0.12522864264408,0.220471396202065,0.568004034996477,0.570032228093845,0.852224714965708
"YIL155C",209.575365102633,0.0918927777836517,0.161891660771823,0.567618970276484,0.570293723081576,0.852224714965708
"YJR035W",275.95819268528,-0.0734742738187006,0.129456027895812,-0.567561627009241,0.570332669418126,0.852224714965708
"YLR457C",293.41120964422,0.0815159869867177,0.143666327631271,0.567398000148887,0.570443808295965,0.852224714965708
"YAL035W",33941.4146433457,0.0375015173356873,0.0660991940105531,0.567352112186119,0.570474978238611,0.852224714965708
"YFL013C",1047.22408165069,-0.0600920499301997,0.106150778752871,-0.566100886269516,0.571325200860744,0.85326803848987
"YDL238C",41.2911983219699,0.125560403395318,0.222050266705055,0.565459367639926,0.571761353941323,0.853499600870424
"YOL116W",239.223348323008,0.066180804663947,0.117046825428766,0.565421611577362,0.571787028311738,0.853499600870424
"YNL138W",1710.87452917657,-0.0610898483112726,0.10808483551115,-0.5652027689395,0.571935853537014,0.853499600870424
"YLR442C",1178.07724989605,-0.0504434303848667,0.0893154435075841,-0.564778367590857,0.572224522638807,0.8537036945129
"YDL213C",8518.15457593164,0.0430276827925447,0.0762420185602795,0.56435655305382,0.572511500813188,0.853905157794617
"YKL101W",2498.8190585871,0.0465707622451585,0.0825598870381888,0.56408461682629,0.572696546692796,0.853954521733488
"YNR020C",237.87066052116,0.11205618136614,0.198887843501286,0.563413929144519,0.573153054403077,0.854116828243078
"YKL145W",5.69378411684026,0.313854130285207,0.557108155628351,0.563363015088547,0.573187716417295,0.854116828243078
"YMR169C",131.61861386976,0.0726652980628943,0.129009617623813,0.563254890614307,0.573261330272756,0.854116828243078
"YNR055C",766.222301286714,0.0481748920284869,0.0856015135716971,0.562780843683764,0.573584126228607,0.854328808601392
"YML011C",254.2139081138,-0.0610524222526864,0.108519088427767,-0.562596158309277,0.573709908596001,0.854328808601392
"YBR033W",82.4445418388245,-0.0957091932292972,0.170187098656613,-0.562376313979062,0.573859653464458,0.854328808601392
"YCR019W",122.021594003655,-0.0917174326474349,0.163336414244025,-0.561524710040524,0.574439890090099,0.854815562338321
"YOR194C",3139.39991055022,-0.0557246866609206,0.0992513809516104,-0.561449988167812,0.574490814760113,0.854815562338321
"YNR050C",55.0009200747596,0.129607518272807,0.231165918682151,0.560668800192016,0.575023340170218,0.85519406883405
"YNL230C",699.071348307887,-0.0768954094830953,0.137158833804052,-0.560630382676989,0.575049534897486,0.85519406883405
"YHR187W",530.33164149724,0.056514561503977,0.100903001203153,0.5600880135388,0.575419405884055,0.855517741023383
"YMR068W",193.273363439828,-0.0814883388535035,0.14559744606803,-0.559682474206508,0.575696038620534,0.855634105071002
"YPL256C",1104.51476118826,0.0581682072898661,0.103993516362646,0.559344556510831,0.575926592208016,0.855634105071002
"YOR381W-A",23.2506157165117,0.174704382378335,0.312405095331192,0.559223857066497,0.576008953268589,0.855634105071002
"YFL027C",215.803571521585,0.0514376427815124,0.0920574998576041,0.558755591462693,0.576328533880865,0.855634105071002
"YER095W",588.606246136168,-0.0543202927766639,0.0972177469945931,-0.55874873113121,0.576333216522582,0.855634105071002
"YPR069C",4187.79955990171,0.0339696415083303,0.0608083441096847,0.558634542770259,0.576411160462423,0.855634105071002
"YNL299W",950.961779784883,-0.0415705201562385,0.0744771937672962,-0.558164426631398,0.576732109842714,0.855884461926605
"YJL209W",791.288472874475,-0.090374200842622,0.162016634523129,-0.557808160307887,0.576975389793914,0.855919545772937
"YHR136C",58.3205877333536,0.135431259767449,0.242845980592935,0.557683760862662,0.577060348564708,0.855919545772937
"YIL002C",208.580208338314,-0.0642273626502724,0.11531650394734,-0.556965919462856,0.577550714440044,0.856310283661901
"YIL063C",1998.46201470054,-0.0587747513065095,0.105548236182847,-0.556852046344865,0.577628520527094,0.856310283661901
"YGR116W",6225.54146781192,-0.0317930611986663,0.0571639990309972,-0.556172796473293,0.578092734064239,0.856360684063638
"YKR002W",1069.31074441447,0.0459317393769605,0.0825872507346972,0.556160169618811,0.578101365181187,0.856360684063638
"YDR362C",279.134015109931,0.0528601047595653,0.0950708719731212,0.556007362323448,0.578205821782783,0.856360684063638
"YOR059C",240.385659954529,0.0606274035884238,0.109096413062609,0.555723161618801,0.578400120401116,0.856360684063638
"YPL116W",451.050137194243,0.0619259145373154,0.111440150342485,0.555687643519871,0.578424405107752,0.856360684063638
"YBR038W",827.827160718144,0.0554660185799548,0.0998648519358227,0.555410812761227,0.578613698379076,0.85641532391109
"YOR250C",425.882294906004,0.057995894425782,0.104624585043459,0.554323770093728,0.579357285470859,0.857262925415149
"YBR155W",3493.36422415926,-0.0428113031647298,0.0772589076150257,-0.554127730850852,0.579491433034191,0.857262925415149
"YGR123C",527.720492444187,0.0584066381000295,0.105545468339872,0.553378927761743,0.58000396511557,0.857795337881447
"YMR131C",4084.10149629124,-0.0644767903031915,0.116623385916096,-0.552863302644797,0.580357017745645,0.8580916705421
"YLR306W",253.179284960577,0.0569986371899377,0.10326534397875,0.551962885066909,0.580973782169433,0.858777658020046
"YER091C",2835.828359623,0.0702277556899026,0.127342170795654,0.551488601545807,0.581298778301714,0.85903211518686
"YHR139C",30.5741282585607,0.148696961822334,0.269915116647729,0.550902682551126,0.581700388461038,0.859307903066021
"YDR410C",425.727869680615,-0.0590670491938944,0.107244450837439,-0.55077021452073,0.581791204833845,0.859307903066021
"YGR120C",556.691787528123,-0.0623539691958249,0.113282391061496,-0.550429494041801,0.582024823691853,0.85937831946165
"YNL066W",1517.40348386993,0.0744132944508584,0.135296280812926,0.550002513031008,0.5823176499208,0.85937831946165
"YBR101C",2337.48891924252,0.0464079120399776,0.0843995611856883,0.549859636567009,0.582415650846253,0.85937831946165
"YDL116W",1476.52122242145,-0.0381029875464333,0.0693022539062416,-0.549808778196196,0.58245053715826,0.85937831946165
"YNL232W",3170.96237982485,0.0466681394511922,0.085103766342693,0.548367498369819,0.583439588715818,0.860407690009656
"YLR448W",30923.3277113025,-0.0609988438275855,0.111241536765073,-0.548345929060713,0.583454396196939,0.860407690009656
"YKL211C",291.358598802653,0.0717165518125387,0.130873480291525,0.547983836395178,0.58370300148132,0.860548496412649
"Q0130",3087.38005984659,-0.341428115918145,0.623451840846811,-0.547641523448541,0.583938071787611,0.860669279686959
"YPR195C",5.23803896147346,-0.316243380015411,0.579039400819268,-0.546151746440685,0.584961632115873,0.861298147168096
"YAL047W-A",9.25960503785343,-0.29525780462487,0.541052520004615,-0.545710062716927,0.585265253790249,0.861298147168096
"YPL234C",7798.77013029769,-0.0406650651437304,0.074518339435737,-0.545705465951763,0.585268414077723,0.861298147168096
"YIL146C",82.5664777985085,-0.0831399629752402,0.152370462050843,-0.545643570651496,0.585310968022481,0.861298147168096
"YDL220C",11.0235137725401,-0.258776381379834,0.474426381232577,-0.545451078642641,0.58544331834228,0.861298147168096
"YHR031C",411.142759402185,-0.0496227836204315,0.0910371578025807,-0.545082742236323,0.585696611440648,0.861298147168096
"YJL049W",415.877962338391,-0.0665081077146554,0.122024745762556,-0.545037871613939,0.585727471000031,0.861298147168096
"YLR129W",2466.77038087085,0.077386215585903,0.142043837647075,0.544805159222592,0.585887529958211,0.861298147168096
"YDR439W",366.26890292198,0.0664999252125477,0.122085318125296,0.544700429451303,0.585959569435868,0.861298147168096
"YOR151C",2144.70423943963,-0.0415513610902701,0.076295322533913,-0.544612169006832,0.586020283504521,0.861298147168096
"YPL169C",885.377201301773,-0.0559742010181103,0.102817731827039,-0.544402215682706,0.586164721431582,0.861298147168096
"YLR072W",246.476439264296,0.0638385550350419,0.117311020249498,0.544182080245057,0.586316181900153,0.861298147168096
"YIL148W",135347.355491655,-0.0745956888380049,0.137113902092016,-0.54404176162928,0.586412735222541,0.861298147168096
"YHR009C",746.372777159847,-0.144460021574958,0.265600357223658,-0.543899952112303,0.586510321923897,0.861298147168096
"YDR109C",110.68970709204,0.0865118985724071,0.15921945327828,0.543350054224868,0.586888807198773,0.861456875953201
"YLL060C",122.036856614049,0.0880698066740248,0.162221874652162,0.542897231725776,0.587200562070046,0.861456875953201
"YIL062C",1987.43387664625,0.0423790633935249,0.0780733733777378,0.542810712027066,0.587260137041779,0.861456875953201
"YIL149C",5044.602009338,0.043394814092211,0.0799483836843475,0.542785383423667,0.58727757811777,0.861456875953201
"YBR102C",548.497195266095,0.0591693154997784,0.109041806261655,0.542629634709064,0.587384830721115,0.861456875953201
"YKL194C",432.929846001907,0.0511178119666579,0.0943046052109067,0.542050007550913,0.587784056637344,0.861571655474094
"YBR085W",249.725992281619,0.107542110361059,0.19859453490538,0.541515960710085,0.588151999547259,0.861571655474094
"YER115C",146.234196811969,0.0688176492570568,0.127108607826115,0.541408252627546,0.58822622021621,0.861571655474094
"YBL067C",1125.93030113203,0.0442281023074928,0.0816911946893456,0.541405992110692,0.588227777964375,0.861571655474094
"YBL079W",1275.25939308022,0.0495321958350472,0.0915019725066807,0.541323804046201,0.588284415999682,0.861571655474094
"YNR037C",597.322749127904,-0.0782100083100765,0.144608077163889,-0.540841216092228,0.588617031341069,0.861571655474094
"YOR271C",1109.42267180464,-0.107362342268274,0.198547637927077,-0.540738451432531,0.588687871307677,0.861571655474094
"YPL063W",7649.23768222854,0.0552422802232546,0.102165743933394,0.540712357160239,0.58870585980478,0.861571655474094
"YGR054W",2841.3149250055,-0.0333010285932399,0.0616099652350749,-0.54051367284787,0.588842834283985,0.861571655474094
"YOR103C",1949.79441679033,0.0445465526982616,0.0824854611600036,0.54005338724907,0.589160215193067,0.861811663036188
"YAR027W",196.690871169226,0.0721413220449316,0.133643481419304,0.539804270876404,0.589332021414596,0.861816366990744
"YDL079C",34.206662676435,-0.116090444572379,0.215140056632053,-0.539604043941124,0.589470127173028,0.861816366990744
"YKL049C",569.35830198615,0.0472623351682317,0.0876591468973164,0.53916033683963,0.589776225607441,0.861833051867737
"YPL110C",356.621864724014,0.0873981739857772,0.162180993246487,0.538892827305275,0.589960806724423,0.861833051867737
"YBL093C",1450.2132780284,0.0541977207788785,0.100615324798846,0.538662682719878,0.590119627386585,0.861833051867737
"YKR021W",305.297302765883,0.0611766493245472,0.113608746469526,0.538485382733773,0.590241993904568,0.861833051867737
"YML093W",4570.6265121768,-0.0414375235045587,0.0769532977915987,-0.538476253698416,0.590248294775609,0.861833051867737
"YGR198W",1676.91272382768,-0.0462533717670775,0.0859495742632234,-0.538145443576312,0.590476641209072,0.861942525609087
"YPR071W",224.440289203852,0.064110029602353,0.11929444969721,0.537409994891425,0.590984440850059,0.862179763596804
"YOR188W",796.351888755698,-0.0467436362761439,0.0869897757763078,-0.537346324427185,0.59102841235413,0.862179763596804
"YDR179W-A",193.357313356782,0.0582184767738732,0.108410722075797,0.537017701377994,0.591255386867077,0.862179763596804
"YBR170C",549.842020081611,0.0528325642294373,0.0984255544487459,0.536776902353639,0.591421728208542,0.862179763596804
"YDR467C",6.97700809702672,-0.276715908635258,0.515683488101099,-0.536600288782193,0.5915437446078,0.862179763596804
"YPL145C",6689.04446932532,0.0581905094948972,0.108447582858088,0.536577284263162,0.591559638510547,0.862179763596804
"YPL231W",6997.41043911864,0.0664252259044832,0.123879390074128,0.536208854957514,0.591814214335976,0.862311443089924
"YMR039C",2884.51519485828,-0.0399604140871018,0.074552670941024,-0.536002447433615,0.591956858975254,0.862311443089924
"YNR056C",9.3360107816376,0.261490142828818,0.488383769180738,0.535419396241334,0.592359880725867,0.86267492347224
"YHR079C",1230.83829294036,0.0479648885381783,0.0896590932452495,0.53496959206332,0.592670884297399,0.862904240868234
"YHR175W-A",33.2423477323511,-0.125176520048412,0.234274977296206,-0.534314511490253,0.593123953923289,0.863340228191889
"YGL071W",1303.92152085341,0.0507019156653204,0.0949491537686996,0.533990179510526,0.59334832850615,0.863443191663533
"YLR070C",11.2602567953014,-0.230738001455916,0.432707583316088,-0.533242333512248,0.593865840420722,0.863791169561577
"YNL048W",260.551266493857,0.067794354197298,0.127196881376091,0.53298755019666,0.594042198472916,0.863791169561577
"YOR010C",96.9465409269211,-0.0859710048976948,0.161302990439655,-0.53297836985767,0.594048553444038,0.863791169561577
"YPR104C",886.603333619826,0.0354343877982818,0.0666203628550159,0.531885241684989,0.59480547948308,0.864504735254144
"YER185W",53.4686223317894,-0.125005948470839,0.235306668258743,-0.531246944236118,0.59524766599913,0.864504735254144
"YGR089W",1998.0157268084,-0.0592505098129046,0.111557831528846,-0.531119232069189,0.595336157803899,0.864504735254144
"YLR372W",7987.19594264224,0.0476669459924132,0.089753312031464,0.531088434660807,0.59535749823718,0.864504735254144
"YPL105C",4936.1766616582,0.0527988871564873,0.0994805576674394,0.530745789875771,0.595594950463809,0.864504735254144
"YNL024C-A",1047.20041744948,0.0685361922597706,0.129167596131618,0.530598960670709,0.595696716061082,0.864504735254144
"YDR264C",550.315416728429,0.0615957269320074,0.116148077067058,0.530320677598863,0.595889612541644,0.864504735254144
"YMR174C",142.173306893041,-0.0844382978110413,0.159343055634305,-0.529915141108054,0.596170767790187,0.864504735254144
"YJL056C",328.191358045223,0.0679296140541321,0.128220683332259,0.529786710605073,0.596259820244485,0.864504735254144
"YCR104W",6.84133166900498,-0.35778286971401,0.675491613565788,-0.529662933674845,0.59634565169102,0.864504735254144
"YAL056W",300.075631650143,-0.0683846052542494,0.129197578425068,-0.529302530959674,0.596595600147125,0.864504735254144
"YGR154C",2454.89276005848,-0.0564603239953298,0.106673355367812,-0.529282347973901,0.596609598971671,0.864504735254144
"YMR031C",1085.42787984676,0.066643790651416,0.125967652573632,0.529054795336927,0.596767438763073,0.864504735254144
"YDR130C",67.7571403990069,-0.0810378925397562,0.153280900113935,-0.528688783008974,0.597021359707056,0.864504735254144
"YMR122C",35.7432313261673,-0.116282723910554,0.21996471916298,-0.528642613020116,0.597053393613952,0.864504735254144
"YJL035C",220.753172417715,-0.0775124195316504,0.146651264051578,-0.528549276632141,0.597118155150344,0.864504735254144
"YPL246C",1212.56338899529,0.0569509164715021,0.107826061626971,0.52817394618869,0.597378610766545,0.864504735254144
"YGL250W",91.3436792465294,-0.0930216630319065,0.176153113622755,-0.528072772140261,0.597448828001377,0.864504735254144
"YNL156C",1773.23362390701,-0.0669520659584402,0.126803573931492,-0.527998256536622,0.597500546030332,0.864504735254144
"YOR072W-A",7.93714461944768,0.276003879042582,0.522900815883365,0.52783218281332,0.597615817875863,0.864504735254144
"YDR306C",439.485773740401,0.060680925915668,0.115134022819948,0.527045997607186,0.598161646487141,0.864930427890516
"YDL234C",254.409243075211,-0.083022789631762,0.157561329473128,-0.526923642427894,0.598246614958917,0.864930427890516
"YBR258C",233.287718568596,-0.0581828096028713,0.110457597407944,-0.5267433926522,0.598371797800414,0.864930427890516
"YPR093C",2549.63821835535,0.0737985675986821,0.140177594247627,0.526464789146795,0.5985653103477,0.86498766884908
"YCR088W",2876.1461841533,-0.0557976577774145,0.106122071434375,-0.525787491925459,0.599035866114797,0.865013410046763
"YOR230W",4433.06134424916,-0.0544435677529839,0.103598950486661,-0.525522387024506,0.59922009477192,0.865013410046763
"YGL073W",891.191329838971,-0.0569486197324882,0.10839810583628,-0.525365450744139,0.599329166187457,0.865013410046763
"YHR170W",5803.23051396264,0.0376206677658229,0.0716235420785506,0.525255616715573,0.599405506677286,0.865013410046763
"YGR254W",5729.03619263407,-0.0915664948872872,0.174405508288869,-0.525020658955479,0.59956882960091,0.865013410046763
"YDL172C",5.00475606897768,-0.304284875305539,0.579761107737652,-0.524845270309562,0.599690758207685,0.865013410046763
"YLR270W",115.204357362141,0.113468509339109,0.21625598915771,0.524695338062332,0.599794998654323,0.865013410046763
"YJR143C",1406.49544791794,-0.0616406185836339,0.117505483181774,-0.524576529661,0.59987760606037,0.865013410046763
"YDR089W",1157.61968984248,0.07932414465702,0.151253219797203,0.524445990395285,0.599968375865175,0.865013410046763
"YBR126C",677.149278448106,-0.0769193601839285,0.14687490752562,-0.523706611835728,0.600482616180193,0.865532778387454
"YOL051W",674.44386361802,-0.0583686744740825,0.111560881096357,-0.523200192580666,0.600834947436099,0.865818565279712
"YCR034W",2608.29518991041,-0.0517624235332907,0.0989902933375243,-0.522904032184225,0.601041038489101,0.865893523791014
"YLR048W",45271.2814831824,-0.0569342178192819,0.108960594669243,-0.522521173751938,0.601307507965677,0.866055406142261
"YPL065W",248.765238338496,-0.0682500595028394,0.13102848955443,-0.5208795410443,0.602450688401781,0.867479597442482
"YML017W",361.156871352673,-0.0486964207367981,0.0935323974828945,-0.520636934872795,0.602619714564101,0.867500716150165
"YGR215W",1343.91100991206,-0.0443413101169935,0.0852486777996089,-0.520140737211492,0.602965486954566,0.867575721887255
"YCL018W",2871.02258289421,-0.0682423766938014,0.131205287744376,-0.520119103940049,0.602980564002067,0.867575721887255
"YCL002C",619.539519268126,-0.0422429859016306,0.0813105246501303,-0.519526667468907,0.603393521371529,0.867904986838513
"YIL047C-A",627.813857420638,0.0700812590568273,0.134941014035984,0.519347357491616,0.60351853431332,0.867904986838513
"YML098W",1295.66598390267,0.0337741219069096,0.0650615534361582,0.51911029053511,0.603683832655884,0.867904986838513
"YHR203C",22070.8236536944,-0.0810690159044166,0.156231002181768,-0.518904793365508,0.603827134971279,0.867904986838513
"YER098W",212.814759148579,0.082755212300406,0.159558782643567,0.518650311373144,0.604004617761467,0.867938110922896
"YGL083W",476.943620203101,0.0587889928595528,0.113490771921236,0.518006811164813,0.604453517128976,0.868361136570768
"YKL174C",469.864151703922,0.0508175554191425,0.0983167317144157,0.516875963358446,0.605242747861874,0.86914388011918
"YBR123C",262.936808194438,-0.0595366060680209,0.115206210011477,-0.516782958679828,0.605307677364141,0.86914388011918
"YPL214C",191.660282657094,0.0664638200298678,0.128743360236354,0.516250468434643,0.60567948568669,0.86939565312588
"YDL195W",1467.54725293258,-0.0683089414952097,0.132450030708406,-0.515733678050965,0.606040429416913,0.86939565312588
"YCR076C",124.442232244345,0.0871170299285413,0.169139096683268,0.515061459100007,0.606510073629722,0.86939565312588
"YKR007W",890.806549903803,-0.04458215737917,0.0865893250110613,-0.514868979212794,0.606644579214946,0.86939565312588
"YCL052C",298.567203045739,-0.0651259109378553,0.126526605548241,-0.514721079062099,0.60674794138907,0.86939565312588
"YLR330W",4804.18033687377,0.030600986693877,0.0594604702636661,0.514644209138992,0.606801666162116,0.86939565312588
"YHR197W",1199.72839212733,-0.0527828242537096,0.102576319679919,-0.51457124235315,0.606852664979333,0.86939565312588
"YBL097W",159.230504513863,0.0649947311524489,0.126348789102293,0.514407234246059,0.60696730247275,0.86939565312588
"YLR289W",135.635568904647,-0.0678036508519046,0.131818602852534,-0.514370880775886,0.606992713932945,0.86939565312588
"YLR079W",798.470311099484,0.0503811157971476,0.0979989500947818,0.514098526039518,0.607183107888231,0.86939565312588
"YDL007W",2711.85400996226,-0.0441633386204743,0.0859048030022056,-0.514096267927422,0.607184686569231,0.86939565312588
"YOL114C",77.5524578032998,-0.0859329662690188,0.167315794822999,-0.51359745420285,0.607533459844496,0.869497348041006
"YGR046W",132.818443346257,0.0945632412768293,0.184135614868533,0.513552152006793,0.607565139814418,0.869497348041006
"YDL021W",63.9502227308177,-0.125866178209302,0.245348641769711,-0.513009476235219,0.607944691991758,0.869593208466164
"YDR406W",65.2574715186086,0.0966986306113128,0.188643244061631,0.512600549743094,0.608230768579873,0.869593208466164
"YJL127C-B",1526.59226035791,0.0565292588695573,0.110282399208377,0.512586407942994,0.608240662966293,0.869593208466164
"YNL145W",15.086916150755,-0.165741141381238,0.32348218042531,-0.512365599747485,0.608395161908484,0.869593208466164
"YER159C",2956.8190816368,0.066918516207402,0.13061083448115,0.512350422330849,0.60840578215106,0.869593208466164
"YJL071W",261.588403110405,-0.0712379885807477,0.139179066857693,-0.511844131370607,0.608760101404739,0.86987840577031
"YPR018W",1410.28717278454,-0.0522790377183168,0.102186805737019,-0.511602621701071,0.608929150258776,0.869898786083966
"YDR129C",1257.18777585901,-0.053957401964116,0.105529545681806,-0.511301376458199,0.609140041332998,0.869978915448907
"YGR117C",662.394746823533,-0.0777382810485679,0.152221727954092,-0.510691095767964,0.609567376678937,0.870194543085447
"YGL068W",2772.12302706939,0.0471205262099358,0.0922858146847701,0.510593381776929,0.60963581108097,0.870194543085447
"YBR126W-B",1296.85465155537,-0.037940537179217,0.0743316395360813,-0.510422444816387,0.609755535706493,0.870194543085447
"YDR058C",126.149147222028,0.0793972721706243,0.155867256494168,0.509390323256219,0.610478657804082,0.870787637749735
"YFR004W",2569.77409706093,-0.0453494148012905,0.0890527355562215,-0.509242243015209,0.610582436572266,0.870787637749735
"YNL195C",70.4664019467759,0.0932673005104172,0.183176650827794,0.509165879433502,0.610635957361513,0.870787637749735
"YGR017W",2645.91391139046,-0.0566671090908692,0.111448614464111,-0.508459520679974,0.611131120216277,0.871073638119312
"YGL023C",216.478524233624,0.0854848615044124,0.168317931341881,0.507877329663579,0.611539374270874,0.871073638119312
"YHL018W",13.5600653344621,0.214529877209574,0.422466762957244,0.507802970600282,0.611591526316374,0.871073638119312
"YNR048W",296.266136749464,0.0558621559804193,0.110103395864765,0.507360881484822,0.611901628049783,0.871073638119312
"YBR060C",632.977161198333,0.0455917668742322,0.0898773478154507,0.507266491305995,0.611967846696038,0.871073638119312
"YDL187C",121.251983081879,-0.0725200681232885,0.142968270996235,-0.507245891818881,0.611982298516692,0.871073638119312
"YNL297C",452.167583117826,0.0582020403707913,0.114748233668345,0.507215130988521,0.612003879432367,0.871073638119312
"YKL161C",131.171120512969,0.0692742069544027,0.136607368935907,0.5071044665746,0.612081521193405,0.871073638119312
"YGL067W",752.070521614573,-0.0466244506313832,0.092002303237921,-0.506774819656534,0.612312826122524,0.871073638119312
"YBL017C",1274.62467728784,0.0422126987436906,0.0833140084200198,0.506669881142667,0.612386466941175,0.871073638119312
"YFR042W",318.850192248293,-0.0626015369750146,0.12367784202727,-0.50616614867206,0.612740016740849,0.871355995466491
"YEL031W",2201.51624202508,-0.0558797880484419,0.110509319144366,-0.505656794206128,0.613097604067174,0.871643950128388
"YHR071C-A",24.8000157514234,-0.141575385568261,0.280466658173603,-0.504785083867717,0.613709793468031,0.872293636643989
"YKL157W",723.578517941871,-0.0624982670539953,0.123953118640201,-0.504208911720965,0.614114578648822,0.872648276107807
"YGL099W",1780.22519211414,0.0523367571246032,0.103877937551183,0.50382938243085,0.614381278205045,0.872738221574857
"YOL035C",7.43268485413952,0.278149322107461,0.552406026870327,0.503523329901603,0.614596381952918,0.872738221574857
"YOR319W",615.263419307702,-0.0404447802737098,0.0803589108791115,-0.503301747513144,0.61475213800756,0.872738221574857
"YPL235W",2338.05648812196,0.038136216975142,0.0757821198789866,0.503235024779463,0.614799042564921,0.872738221574857
"YKL164C",1746.36787475606,-0.097271342919168,0.193385250735085,-0.502992563028596,0.614969500895304,0.872759746220103
"YOR318C",83.311432745702,0.0849141623720273,0.169078231519862,0.502218183906496,0.615514053268426,0.872908102475062
"YOL148C",564.154446073486,-0.0552199421185168,0.109953278241451,-0.502212785300108,0.615517850374795,0.872908102475062
"YDR197W",773.970213726065,-0.0439468947489773,0.0875120111045336,-0.502181291394189,0.615540001798696,0.872908102475062
"YNL016W",8320.79775507277,0.0644144211505768,0.128342678089302,0.501894008365298,0.615742080177704,0.872974392179288
"YGL205W",23.3928593264172,0.150433228806644,0.299868017121556,0.501664799903162,0.615903329098834,0.87298277667981
"YNL330C",978.753520798518,0.0455097878619752,0.0908781445093353,0.500778136566161,0.616527274271728,0.873357194838902
"YDR483W",2384.35422830318,-0.0669524940444429,0.133726849982006,-0.50066605213128,0.616606167848058,0.873357194838902
"YLR082C",489.694528546275,0.0464019433975925,0.0927911836841789,0.500068449989007,0.617026880541292,0.873357194838902
"YGL155W",634.678210013353,0.0414846091494546,0.0830342099567944,0.49960864529259,0.617350669253487,0.873357194838902
"YDR458C",1457.38278055687,-0.0362663285413076,0.0725918447118579,-0.499592325904669,0.617362162529487,0.873357194838902
"YDR354W",608.756167271486,-0.0420971377426286,0.0842917229580352,-0.499421962979529,0.617482149837188,0.873357194838902
"YCR045C",5.20510900976562,0.332064639062065,0.664909482852805,0.499413300043995,0.617488251451048,0.873357194838902
"YHR163W",3152.55716789689,-0.0373849317932725,0.0748687046459814,-0.499339904036647,0.617539947930846,0.873357194838902
"YDL051W",7255.83749249059,0.0558901137354189,0.111963834555617,0.499180060751276,0.61765254010932,0.873357194838902
"YKL186C",1166.46994582173,-0.0541945676369004,0.108588468493937,-0.499082162116748,0.617721503467017,0.873357194838902
"YKR066C",158.774528021605,-0.0860912856020069,0.172694432375066,-0.498518014842712,0.618118974959639,0.873699355954017
"YGR076C",1450.27097702183,-0.0510191456452136,0.102506671579126,-0.497715366807434,0.618684675475338,0.873971258262395
"YML080W",28.1672781076387,-0.13560466764748,0.272464543896455,-0.49769656524195,0.618697929392848,0.873971258262395
"YIR032C",99.0874685960334,-0.0888141933881932,0.178491153730038,-0.497583166068396,0.618777871285778,0.873971258262395
"YPR089W",985.417025499712,-0.0306156453746212,0.0615996409897697,-0.49701012672632,0.619181910134675,0.874322194712782
"YNL022C",856.089873889017,-0.0508817543742365,0.102484980143181,-0.496480111555374,0.619555715935119,0.874460838635849
"YOR177C",22.9613690574204,-0.160630096867132,0.32357069798961,-0.496429676312314,0.619591291716717,0.874460838635849
"YJR047C",73.0688028917233,-0.218383088558244,0.44022054436262,-0.496076549254267,0.619840403817088,0.874592786706511
"YLR238W",469.653498246374,0.0407806084733327,0.0822984549026906,0.495520948984419,0.620232438194886,0.874926280786962
"YJR112W-A",269.944491304327,-0.0613955262148724,0.124119287292675,-0.49464936154605,0.620847652185064,0.875412940685118
"YDR321W",3345.10624996718,0.0400472534327997,0.0809704702445931,0.494590846660841,0.620888964692328,0.875412940685118
"YGR165W",625.488482570346,0.0424805512221152,0.0860024438179977,0.493945861724749,0.621344414260431,0.875835366978586
"YDR456W",475.144333598304,-0.0672520174160016,0.136275262435272,-0.493501287131587,0.621658430596944,0.876023926581081
"YHR184W",45.2500528829084,0.112557289739984,0.228498512209479,0.492595284982841,0.622298580257094,0.876023926581081
"YDL169C",52.3957071116755,0.153782851170124,0.312343276738433,0.492352045403262,0.622470493572894,0.876023926581081
"YMR301C",533.589398395013,-0.0484603895153098,0.0984304277305091,-0.492331392158415,0.622485091519943,0.876023926581081
"YPR169W-A",57.2856504929367,0.140246002905386,0.284897407734332,0.492268441544284,0.622529586641689,0.876023926581081
"YCR067C",1365.63649149985,-0.0456964678091671,0.0928316461543608,-0.492250969385836,0.622541936659518,0.876023926581081
"YGL007C-A",39.107486966447,0.113793362881265,0.231244653018472,0.492090785217746,0.6226551661631,0.876023926581081
"YHL038C",236.997912190699,-0.0541109459640562,0.109983447298758,-0.491991725055407,0.622725193361462,0.876023926581081
"YOR243C",4400.55674962313,0.038876508308078,0.0791127810096826,0.491406164868859,0.623139204833289,0.876386969760532
"YDR378C",2849.88373173136,-0.0612840898038869,0.124905718562855,-0.490642786487375,0.623679118868189,0.87692685715267
"YOL004W",1645.19519224263,0.0392938401972987,0.0801734509581389,0.490110376037265,0.62405579613224,0.876952823825235
"YLR441C",41869.1927272015,0.0443997990772858,0.0905970946388999,0.490079723353752,0.624077485719171,0.876952823825235
"YGR145W",6067.73928415364,0.0392216137534696,0.0800514541178613,0.48995504436088,0.62416571090764,0.876952823825235
"YLR175W",18407.7952785909,0.0517241969646313,0.105682337131424,0.48943085825504,0.624536693755908,0.877026232812576
"YDL189W",1030.84145885642,0.0453605005402651,0.0926936034592972,0.48935955500083,0.624587164648234,0.877026232812576
"YLL007C",127.675608643007,0.070376552387633,0.143854681284196,0.489219758157183,0.62468612276668,0.877026232812576
"YDR415C",314.631604251435,0.0619347659360927,0.126803308216702,0.488431783106545,0.62524403392676,0.877590277389708
"YDR202C",220.301512875769,0.0460758785239635,0.094550959450114,0.487312649093462,0.626036785121563,0.878483578622517
"YOL128C",295.423521727776,-0.0640215667815316,0.131481096743243,-0.486926017255191,0.626310760690559,0.878648645801533
"YJL047C-A",488.199625557275,0.133247579149342,0.274147015319683,0.486044245252722,0.626935796068693,0.879306007962579
"YBR294W",16.2749680976771,-0.149750474428154,0.308435610282363,-0.485516164268652,0.627310249364983,0.879611677003793
"YCR095W-A",137.907145123764,0.0720429447265002,0.148727638988906,0.48439513473265,0.628105470622239,0.880056828335755
"YNL271C",1713.710659336,0.0365540324492226,0.0755470511476431,0.48385783288595,0.628486767945464,0.880056828335755
"YJR073C",1068.19389787498,0.0878255247195305,0.181547118920099,0.483761599974405,0.628555070293292,0.880056828335755
"YLR240W",321.821803527352,0.0492613795968281,0.10189258539656,0.483463830121747,0.628766435800619,0.880056828335755
"YGL164C",857.503133254416,0.0523980406743349,0.108401509406587,0.483370028343454,0.628833025273321,0.880056828335755
"YBR034C",7620.29630786512,-0.070301702046924,0.145480288679763,-0.483238675733418,0.628926276991628,0.880056828335755
"YNR065C",312.042486531808,0.0630239692901652,0.130465857150694,0.483068679166916,0.629046972166152,0.880056828335755
"YDR222W",201.171267538705,0.0564005492786374,0.116799795411554,0.48288226087987,0.629179337925894,0.880056828335755
"YLR095C",1694.21878100388,-0.0529757158559382,0.10971161134115,-0.482863346990769,0.629192768343434,0.880056828335755
"YBR140C",897.486328134025,0.0435172538830655,0.0901235651424225,0.482862099544055,0.629193654137556,0.880056828335755
"YKL078W",602.345354941854,0.0535986313230051,0.111163511291095,0.482160294331208,0.629692080567162,0.88053483274134
"YPL123C",107.790554648247,0.0984131202104237,0.204425022611554,0.48141425620594,0.630222106452385,0.88053893001799
"YBR045C",198.254245982517,0.0808149685122203,0.167879881993191,0.481385664278093,0.630242423496012,0.88053893001799
"YML055W",1813.40888382881,-0.0302676625732637,0.0629151935871004,-0.48108669539991,0.630454883551333,0.88053893001799
"YAL027W",227.053475435008,-0.0552649351343221,0.114878450951213,-0.481073122737283,0.630464529590447,0.88053893001799
"YDR451C",540.053705208496,-0.0616696600147538,0.128279734132672,-0.480743590807356,0.630698745990252,0.88053893001799
"YGR031W",535.032585119455,0.0494000636017279,0.102784621957913,0.480617262200525,0.630788544494025,0.88053893001799
"YCR026C",121.179316397979,0.085152339139951,0.177174540107167,0.480612728490477,0.630791767304703,0.88053893001799
"YPL013C",4888.69663879651,0.0417624068471321,0.0871093012556515,0.479425345458418,0.63163606613474,0.881051742366642
"YOL110W",176.421670684536,0.066318101559056,0.138391393865121,0.479206832931322,0.631791493735664,0.881051742366642
"YGR141W",8.58175846279778,0.20622895940251,0.43069347317308,0.478830008458554,0.632059566595512,0.881051742366642
"YAR029W",188.629731399423,0.059367211744872,0.124005687198349,0.478745879210469,0.632119422733535,0.881051742366642
"YIL014C-A",27.0527182256784,0.145671000789447,0.30432569995202,0.478668087553608,0.632174771957932,0.881051742366642
"YDL197C",418.223600996232,-0.0424675028610036,0.0887518739837767,-0.478496970878231,0.632296529738224,0.881051742366642
"YOR016C",627.279729519929,0.0547049323276001,0.114342510951678,0.478430391918878,0.632343906578238,0.881051742366642
"YNR039C",885.332372355251,0.054850295784619,0.114669716330674,0.478332881076002,0.63241329692296,0.881051742366642
"YMR255W",2225.9834359808,-0.0364553837040086,0.076349586551291,-0.477479778878936,0.633020516667641,0.881325571250766
"YER173W",308.823290575437,0.0632136001418725,0.132404076510711,0.477429410088887,0.633056375823951,0.881325571250766
"YCR030C",1664.33106761572,-0.0529304230885582,0.110873249520914,-0.477395794903385,0.633080308031912,0.881325571250766
"YER132C",791.636882000016,0.0483887006494725,0.101466620070499,0.476892800961065,0.633438458580796,0.881561118410156
"YIR012W",1171.20100980612,-0.0693053393055466,0.145427739744304,-0.476562032989039,0.633674024613428,0.881561118410156
"YER180C-A",14.6268521218656,-0.195106336940157,0.40945943445773,-0.476497353635404,0.633720092237906,0.881561118410156
"YDL075W",41230.8376422151,-0.0621147828108883,0.130600248237583,-0.475609990402863,0.634352256632251,0.881984465392015
"YNL115C",197.433892365534,0.0879932499401612,0.185086257189821,0.475417523030448,0.634489407099628,0.881984465392015
"YJL004C",302.353721493093,0.0561670148045308,0.118168342427741,0.475313553956945,0.634563499719774,0.881984465392015
"YGL163C",610.767173017058,-0.0542653323742715,0.11420861612408,-0.475142193434126,0.634685626237524,0.881984465392015
"YDL127W",579.464567909575,-0.0412743716300885,0.0870197824838526,-0.474310213746482,0.635278709126015,0.881984465392015
"YNL049C",856.984139158299,0.0500438956378202,0.10552810260209,0.474223400249303,0.635340608263899,0.881984465392015
"YLR390W",1307.24622175748,-0.0842976181445762,0.177804194240494,-0.474103653767341,0.635425993224455,0.881984465392015
"YKL156W",11926.3753415399,-0.0612193300936131,0.129188688800245,-0.47387531108294,0.635588825898392,0.881984465392015
"YGL063W",165.822000074868,0.05323940294897,0.112374035161606,0.473769611213176,0.635664207138972,0.881984465392015
"YPL051W",173.260071530578,-0.0623509186368203,0.131705417856866,-0.473411949572048,0.635919306196992,0.881984465392015
"YOR347C",67.0004969646852,0.126524569850399,0.267443412216755,0.473089124916843,0.636149595169187,0.881984465392015
"YCR077C",760.562851559152,0.057071727529384,0.120678675193871,0.472923053204702,0.636268077158753,0.881984465392015
"YBR130C",2267.23260058855,-0.0429045580141365,0.0907395629897128,-0.47283187840568,0.636333128747662,0.881984465392015
"YJR040W",321.162569839299,-0.0498404791578113,0.105408520564267,-0.472831597398466,0.636333329245621,0.881984465392015
"YOR021C",2934.741274534,0.0377367133068139,0.0798207301729898,0.472768330044461,0.636378471025733,0.881984465392015
"YCR027C",334.392316823494,0.0453686460738922,0.096264270466154,0.47129268059891,0.637431741828618,0.883205233442612
"YMR075W",821.552213913907,-0.0678834329748403,0.144143252399471,-0.470944229749388,0.637680561775474,0.883205233442612
"YHR005C-A",12319.3084678452,0.0511410008654905,0.108624532865928,0.4708052547265,0.637779811720019,0.883205233442612
"YAL003W",93985.9055532097,-0.030775643461722,0.0654070941986355,-0.470524548426798,0.637980299810514,0.883205233442612
"YAL068C",18.5393875158335,0.12774872962736,0.271637606428031,0.47029102968188,0.638147105442372,0.883205233442612
"YGL078C",5345.06598495032,0.0397226106107016,0.084490390230734,0.470143533509829,0.638252473414896,0.883205233442612
"YOR106W",817.67891474556,0.06172153885449,0.13132412519656,0.469993908294518,0.638359369794286,0.883205233442612
"YPR074C",6150.8305826659,-0.0658883640542938,0.140276676930764,-0.469702914952955,0.638567284986192,0.883236788507503
"YGL122C",2028.85002851034,-0.0282876733214229,0.060284738584003,-0.4692344030323,0.638902097185313,0.883236788507503
"YNL015W",463.076748516709,0.0721660539584072,0.153799662630199,0.469221146030246,0.638911572094486,0.883236788507503
"YPL219W",102.114561346905,0.064209260609354,0.136882720961464,0.469082292917237,0.639010815315214,0.883236788507503
"YHR007C-A",27.4022205077606,-0.117552429495373,0.25092321863583,-0.468479681292384,0.639441597997834,0.883365040754217
"YOR176W",349.777827013842,-0.0621130620733959,0.132682116440471,-0.468134393238017,0.639688485286615,0.883365040754217
"YAL046C",1061.09188853573,-0.0617208859220122,0.131932001123877,-0.467823465089867,0.639910838763925,0.883365040754217
"YLR220W",546.83592589733,0.0665473028125942,0.14234878653269,0.46749469688884,0.640145985348098,0.883365040754217
"YDL174C",5138.39276488929,-0.0359618986219076,0.0769270313196338,-0.467480650234441,0.640156032814779,0.883365040754217
"YML078W",2909.45210119665,-0.0447897457699641,0.0958297130593699,-0.467388916652764,0.64022165078097,0.883365040754217
"YBR002C",902.758821749065,0.037910326557375,0.0811115472872892,0.467385074323639,0.640224399299558,0.883365040754217
"YGL221C",1123.30077667082,0.0541284661173543,0.115858642129442,0.467194031644872,0.640361063351011,0.883365040754217
"YML096W",281.993598894191,0.0543824027128733,0.116516576497457,0.466735329406629,0.640689249808623,0.883600879490665
"YDL191W",39722.311307521,-0.0515738060234925,0.110847753824863,-0.465267037390563,0.641740236949833,0.884833202075088
"YCL038C",54.8420675416978,0.0835050541438305,0.179603930411886,0.464940015245368,0.641974413633693,0.884938975869845
"YLR344W",26196.6514078935,-0.0605409384070804,0.130356908403176,-0.464424472386499,0.64234366007554,0.885185194017307
"YLR413W",5046.91183176429,-0.0748769539969079,0.161337987279519,-0.464099963433802,0.642576127955644,0.885185194017307
"YGR100W",491.60921329367,0.0510247553233255,0.109959803414002,0.46403097985921,0.642625550105091,0.885185194017307
"YEL034W",38277.8980310618,-0.0483282102367155,0.104259178121448,-0.463539144538619,0.64297796328497,0.885453602955533
"YKR047W",251.242190052893,0.0779620344073547,0.168354554978042,0.463082418040444,0.643305292009577,0.885455415855441
"YOR095C",2542.05651371172,0.0578699133246269,0.124978578938335,0.463038656833986,0.643336658616218,0.885455415855441
"YGR167W",7225.21642720085,0.0438873205578416,0.0948140484256731,0.462877825454799,0.643451942767548,0.885455415855441
"YJR031C",463.425181768711,0.0490119239195228,0.106099483899741,0.461943094519073,0.644122128991914,0.886160676850565
"YJR079W",34.8095213605354,-0.0955477789669533,0.206961112169837,-0.461670204441811,0.644317841154356,0.886212987588713
"YHR026W",1340.1968118726,-0.0872510111230661,0.189245506226433,-0.461046673513452,0.644765119544863,0.886611199374145
"YER023W",5245.30321730493,0.0542867662827923,0.117897116094328,0.460458814271233,0.645186927288223,0.886974200430483
"YLR342W",6559.36279858042,-0.0443032781357383,0.0963260428075072,-0.459930428412507,0.645566158434297,0.887040393298091
"YDR275W",771.800631995097,-0.0435808082993113,0.0948237468233853,-0.459598041200408,0.645804765389368,0.887040393298091
"YER094C",3270.43821781983,-0.0446998198077625,0.0973079868815216,-0.459364346548318,0.645972546886309,0.887040393298091
"YGR180C",5226.50279463952,-0.0516822021829238,0.112517875713562,-0.459324368285194,0.646001251156891,0.887040393298091
"YBR005W",816.217151025271,-0.0637236008315877,0.138808368646709,-0.459076073387011,0.646179537935432,0.887040393298091
"YIR024C",742.095134521518,0.0476525280479454,0.103912125640935,0.458584864413297,0.646532307688122,0.887040393298091
"YER089C",613.604418946442,-0.0504652232785525,0.110116012140541,-0.458291417365748,0.646743089406046,0.887040393298091
"YOL071W",641.292390198683,0.0448958193378077,0.0979946973501131,0.458145395126892,0.646847987099151,0.887040393298091
"YPL024W",334.542103001196,0.0594960243276339,0.129895734597374,0.458029083957594,0.646931546334103,0.887040393298091
"YGR153W",85.8154867577467,0.0814184535445833,0.177876654470689,0.457724223489933,0.647150582600947,0.887040393298091
"YBL084C",136.826981726155,0.0785281309961084,0.171568672375953,0.457706700813259,0.647163173229571,0.887040393298091
"YJL100W",837.654662537304,0.0496562655523405,0.108538627922403,0.457498556070204,0.647312739904703,0.887040393298091
"YML107C",271.68128719589,-0.0470549593063761,0.102937244032043,-0.457122781446613,0.647582796534542,0.887040393298091
"YGR146C-A",6.41357750882148,-0.224531299693996,0.491708179981153,-0.456635274407276,0.647933220638469,0.887040393298091
"YMR091C",2092.68831421571,-0.0367334871808368,0.0804453164111425,-0.456626797178572,0.64793931483109,0.887040393298091
"YOR084W",415.876655096598,0.0492204587305168,0.107821656621744,0.456498817331201,0.6480313210947,0.887040393298091
"YHL023C",476.978296505592,-0.0361618328219334,0.0792880899918996,-0.45608152278139,0.64833135653706,0.887040393298091
"YBR071W",912.287525380095,0.0516014192947389,0.113269435839619,0.455563488175243,0.648703903687252,0.887040393298091
"YMR115W",1051.16902605491,-0.035149412176103,0.0772308957358231,-0.455121125311501,0.649022100734625,0.887040393298091
"YLR053C",36.5639226213943,0.114298071538595,0.251187676979903,0.455030568827384,0.649087247029006,0.887040393298091
"YOR244W",811.451713411741,-0.0500226544198257,0.109955724172474,-0.4549345183827,0.649156348609874,0.887040393298091
"YPL270W",1617.949004388,0.0689298118957254,0.151536449176597,0.454872819511539,0.649200738227656,0.887040393298091
"YNL151C",2331.02990635627,0.0509359829719495,0.111986345676045,0.454841013558006,0.649223621695699,0.887040393298091
"YKR040C",52.0097199396734,-0.111578683980203,0.245319502494841,-0.454830059760736,0.649231502714173,0.887040393298091
"YLL019C",21.4850104107821,-0.169097453404486,0.371988563406796,-0.454577022088622,0.649413568734336,0.887040393298091
"YER176W",1204.46723461362,-0.0370827665678884,0.0815971189815138,-0.454461714221671,0.649496542159197,0.887040393298091
"YGL128C",245.585585374037,-0.0727976593882193,0.160184417993404,-0.454461553128202,0.649496658082143,0.887040393298091
"YOR081C",356.0207282166,-0.0623966305947258,0.137540337441492,-0.453660589725312,0.650073136645321,0.887532444995051
"YDL048C",2266.45329658777,0.118433966518274,0.261142622520818,0.453522161089702,0.650172789331784,0.887532444995051
"YAR033W",390.444957774363,-0.0367302500623899,0.0810929495936608,-0.452940116821958,0.65059186265893,0.88765545189169
"YMR117C",83.2838795347922,0.0815157517596596,0.180161820421634,0.452458526278696,0.650938692594132,0.88765545189169
"YCR024C-B",4293.01409000821,-0.113640294687981,0.251163017790623,-0.452456319754508,0.650940281853814,0.88765545189169
"YJR013W",33.5382563633367,-0.101269113555264,0.223852145159185,-0.452392866207513,0.650985985255756,0.88765545189169
"YPR045C",407.370642140334,-0.0389505422959673,0.0861165437175011,-0.452300343401399,0.651052628593869,0.88765545189169
"YGL080W",1418.51672686774,-0.0361340654828319,0.0799560483996594,-0.451924103380099,0.651323659593913,0.887790965019801
"YHR032W",127.142281942736,0.0714126382633549,0.158089160145174,0.45172381330748,0.651467960808125,0.887790965019801
"YAL032C",474.478685509888,0.0578551094683631,0.128156803623649,0.451440015921924,0.651672448151767,0.887854341481923
"YMR033W",1963.53821922905,-0.038398716311357,0.0851469258935145,-0.450970083868663,0.652011110557612,0.888084773057022
"YOL082W",87.7975157864798,-0.0854731641128041,0.189911979298098,-0.4500672597311,0.65266194341671,0.888084773057022
"YML023C",362.191521773324,0.0434624828318132,0.0965894893090283,0.44997114223018,0.652731248719137,0.888084773057022
"YDL205C",732.791773062677,0.0695507992273234,0.154620810019661,0.449815255905591,0.652843656566831,0.888084773057022
"YDR103W",144.455172943501,-0.0539910643174698,0.120183816476877,-0.449237392356046,0.653260416120488,0.888084773057022
"YDL009C",17.2603063375346,-0.126319139785178,0.281221021138762,-0.449181001027833,0.653301091768631,0.888084773057022
"YOR134W",55.7472952043983,0.121950122077422,0.271617379384496,0.448977610909028,0.653447807723362,0.888084773057022
"YGL156W",46.4024047808067,0.109329939809336,0.243524255163747,0.448948872611568,0.653468539244257,0.888084773057022
"YGR234W",3827.93196641592,-0.0388616210466524,0.0865807125159596,-0.448848478112131,0.653540964933186,0.888084773057022
"YER083C",1216.64219722445,-0.0430687456426473,0.0959883243605665,-0.448687337023049,0.653657220698809,0.888084773057022
"YHR092C",2525.02034273552,0.0775700489423475,0.172942914039709,0.448529790151083,0.653770891531439,0.888084773057022
"YNL137C",2288.81672643329,-0.0410555003961267,0.0915346951413481,-0.448523921259896,0.653775126120113,0.888084773057022
"YOL042W",134.464120362176,0.0490978813836218,0.109506324195337,0.448356583461252,0.653895870268676,0.888084773057022
"YER041W",141.312408549274,-0.0608048071118849,0.13573579201624,-0.447964433025962,0.654178865557807,0.888254463502024
"YML077W",841.54642985819,0.0536745503074851,0.120041544555873,0.447133119671769,0.654778947055427,0.88866715384268
"YMR060C",384.728869997735,0.0587549124235911,0.131411809164381,0.44710527004537,0.654799054103655,0.88866715384268
"YPR030W",72.5336337688997,0.0821271908024576,0.184071986927909,0.446168872152297,0.655475266192041,0.889341623554765
"YDR152W",4424.338749596,-0.0380629596908746,0.0853756110187517,-0.445829426421493,0.655720463961401,0.889341623554765
"YNL061W",8336.86286038538,-0.0337522421756239,0.0757752433361347,-0.4454257180792,0.656012129977616,0.889341623554765
"YER092W",1419.28008908697,0.0440715221396928,0.0989638511357317,0.445329497932002,0.656081653615367,0.889341623554765
"YGR192C",152958.988634002,-0.0453766720644095,0.101896375916942,-0.445321746294459,0.656087254672252,0.889341623554765
"YCR084C",933.544564711465,-0.0467212685630162,0.105114471457632,-0.444479888593149,0.656695666045632,0.889951686321788
"YFL025C",124.845008684613,-0.0624663259016729,0.140715392184033,-0.443919637590017,0.657100686198194,0.890285886314814
"YGL114W",296.23324126692,-0.066599460574184,0.150117384423603,-0.443649220441072,0.657296213906139,0.890336158629188
"YDR153C",2203.98630131235,-0.0323859830736516,0.0730972115517539,-0.443053604729119,0.657726962270607,0.890625516326683
"YGL131C",333.534617402909,0.0520319606290785,0.117476016912481,0.442915600959147,0.657826782610687,0.890625516326683
"YOR363C",126.4315467555,0.062202192691643,0.140975340691018,0.441227468483117,0.659048329264758,0.892064453388233
"YDR423C",692.997678210857,0.0407962354197423,0.0925561521636652,0.440772811596609,0.659377478456248,0.892197284278026
"YLR407W",475.338420900803,-0.0494160593993453,0.112142705894669,-0.440653353288618,0.659463971332904,0.892197284278026
"YNL283C",1168.03392024989,0.0392402798135703,0.0891466483252887,0.440176726222906,0.659809114838333,0.892449392392643
"YGL134W",289.105016245305,0.0499361988891715,0.11366210933445,0.439339012636431,0.66041591007148,0.893055200818508
"YOR197W",1084.83760980151,0.0381679921010056,0.0870461527285441,0.438479943163411,0.661038406351825,0.893304073522164
"YJL191W",9977.51328626982,-0.065697101492944,0.149902700268809,-0.438264963707356,0.661194220807422,0.893304073522164
"YOR373W",553.160602637525,-0.0431374733412705,0.0984400505972154,-0.438210597003602,0.661233627449167,0.893304073522164
"YJR147W",92.5144807642134,0.0662257049996334,0.151230414209101,0.437912607367888,0.661449636080579,0.893304073522164
"YDL226C",1289.21494310984,0.0284656655677286,0.0650688723284568,0.437469784692728,0.66177068427727,0.893304073522164
"YDR484W",364.55108158249,0.0457151546972002,0.104516342214796,0.437397192902608,0.661823319548478,0.893304073522164
"YGL213C",887.956062478923,-0.0401163805172854,0.0917305143219718,-0.437328633920856,0.661873032222467,0.893304073522164
"YNL175C",10818.0401130796,-0.0491562026779239,0.11247839082681,-0.437027968808807,0.662091064534367,0.893304073522164
"YDL006W",671.386843903341,0.0460256328801734,0.105395992043172,0.436692439512507,0.662334413016403,0.893304073522164
"YKL072W",161.158674087213,-0.0625719092739184,0.143347271657081,-0.436505756618825,0.6624698234861,0.893304073522164
"YPR112C",4310.58279494339,-0.0366967554347904,0.0840845686293863,-0.436426755027265,0.662527130627602,0.893304073522164
"YDL101C",854.064774668456,-0.0314926559301462,0.0721709637549444,-0.436361859280127,0.66257420697722,0.893304073522164
"YNL131W",3364.36395650926,-0.033455690972355,0.076691918643127,-0.436234893640299,0.662666313614573,0.893304073522164
"YOR361C",4397.17684639873,0.0462259677692379,0.106214445424178,0.435213568028624,0.6634074150392,0.89396585235752
"YLR132C",56.6574582400082,-0.11100337215432,0.255234727156022,-0.434907010465174,0.663629925799927,0.89396585235752
"YKL191W",1241.14313133543,-0.116607296683684,0.268223968500392,-0.434738540838172,0.66375221988796,0.89396585235752
"YNL165W",219.638748254178,0.0521794130982377,0.120085930055202,0.4345172916948,0.663912840854615,0.89396585235752
"YDR523C",21.7594460804098,0.137437027241611,0.316345034603902,0.434452930211775,0.663959568471409,0.89396585235752
"YOR040W",55.2485201042009,0.0886391774377232,0.204165560028457,0.434153426392622,0.664177030920598,0.89396585235752
"YPR029C",1698.2483949197,-0.0413388633744707,0.0952454791526121,-0.434024415040564,0.664270711645019,0.89396585235752
"YKR054C",375.914708836315,0.05691247184318,0.131300442923557,0.433452245673798,0.664686251782459,0.894310925309413
"YOR257W",367.636339361279,0.043947206091156,0.101710013358175,0.432083377438903,0.665680815499869,0.89483575970302
"YNL258C",244.520195790283,-0.0527798806874967,0.122204066813466,-0.431899543638436,0.665814426477592,0.89483575970302
"YLR102C",18.0605705901938,-0.182983532123248,0.423897936225338,-0.431668844044518,0.66598211466969,0.89483575970302
"YLR180W",9475.83221575851,-0.0493478816788003,0.114346578615708,-0.431564129650497,0.666058233740715,0.89483575970302
"YFR019W",390.401487228423,0.0419571742775101,0.0972551098799092,0.431413571269611,0.666167683787824,0.89483575970302
"YPL191C",114.156871742867,0.0622898349018116,0.144392547927713,0.431392310723651,0.666183139945072,0.89483575970302
"YLR425W",284.944601268577,0.0495996886066666,0.114978671544044,0.431381646183544,0.666190892988867,0.89483575970302
"YPL188W",168.236179642204,0.0720869633160566,0.167252698155404,0.431006280383451,0.666463803936553,0.894951993537222
"YOR047C",1033.61565475171,-0.0442455810818595,0.102699756922464,-0.430824594017919,0.666595915470963,0.894951993537222
"YMR233W",1635.16636331469,0.0569402815114807,0.132448957478106,0.429903583959074,0.667265778295458,0.895637371392519
"YKL112W",427.052792799753,-0.0641253466709623,0.149305137538707,-0.429491896448224,0.66756528989916,0.895825436779675
"YOR149C",246.012053939854,-0.0520862693278379,0.121359228578456,-0.429190840597387,0.667784348096853,0.895905475365078
"YDR046C",1149.36834684396,0.0519537348451248,0.121247498948895,0.428493249720745,0.668292047057748,0.896205062922689
"YIR015W",79.9053025505089,0.0736026682888165,0.171793552550455,0.428436732322651,0.66833318644725,0.896205062922689
"YJL112W",618.17859593207,0.035825562555501,0.083684268503305,0.428103910044767,0.668575470196547,0.896205062922689
"YKL116C",237.496870085956,-0.0645476342866929,0.150809519744031,-0.428007690736298,0.668645521144988,0.896205062922689
"YER127W",3867.64107748271,-0.03629331492614,0.0850849389295484,-0.426553928142223,0.669704260823611,0.897410096764114
"YDR043C",245.493779276141,0.0597517179840519,0.140503247863431,0.425269300835881,0.670640370046393,0.89845026928742
"YJL204C",66.0850439288748,-0.0699218987652305,0.164882899930464,-0.424070044830111,0.671514730825335,0.899378669340656
"YJR001W",695.304454872547,0.0590371389457113,0.139293206503186,0.423833584047483,0.671687183602799,0.899378669340656
"YER104W",268.520716595826,-0.0593979711714111,0.140266873255346,-0.423463999680676,0.671956759112233,0.899378669340656
"YMR274C",243.972898386172,-0.0452226103404513,0.106797886881511,-0.423441059190848,0.67197349333833,0.899378669340656
"YOR129C",257.988928808315,-0.0592086037678043,0.140007831657263,-0.422894941425462,0.672371913726258,0.899402587618853
"YNL182C",1612.0814134816,-0.0511185540788927,0.12090868312515,-0.42278645964559,0.672451067601778,0.899402587618853
"YOR304W",1505.06459619334,0.0322008117178915,0.0761683373433167,0.422758495734933,0.672471472095092,0.899402587618853
"YCL005W",309.223690867302,-0.0485632643162908,0.115124306974332,-0.421833282584871,0.6731467105213,0.900023013016367
"YER087W",278.801183313729,0.0517312122179485,0.12267765963422,0.421684048849581,0.673255648882706,0.900023013016367
"YAL062W",55.9445770642212,-0.0872181200186646,0.206951598290394,-0.421442118539623,0.6734322689014,0.900045030018042
"YDR001C",1198.09854888565,-0.0428008847887555,0.101764356969918,-0.420588171174783,0.674055832837962,0.900521275875155
"YKL212W",1346.76803084167,-0.0597042360487428,0.142251883525914,-0.419707877104254,0.674698869964658,0.900521275875155
"YKL068W-A",428.720257335378,-0.0627516767834879,0.149525681151947,-0.419671566115255,0.674725399518179,0.900521275875155
"YAL018C",6.95953515957042,-0.217581940340368,0.518750666397331,-0.419434526901819,0.674898595163097,0.900521275875155
"YNL222W",591.197448052317,-0.0560642000101116,0.133672095855961,-0.419415882208682,0.674912218870295,0.900521275875155
"YJL023C",297.299761057281,0.0533931334061266,0.127306762741805,0.419405318745045,0.674919937657408,0.900521275875155
"YJR154W",79.3465738415153,0.0907286300102808,0.216403729833603,0.419256313558198,0.675028820296468,0.900521275875155
"YDR276C",13397.6213066744,-0.0577733928885813,0.137818439738082,-0.419199295815401,0.675070486701429,0.900521275875155
"YIL001W",302.643288735555,0.0503931790197113,0.120339940388072,0.418756888670573,0.675393814905813,0.900738784947952
"YMR041C",418.79602227552,-0.0502421425371608,0.120118661918821,-0.418270914232424,0.675749052811718,0.90099873708229
"YIL075C",4934.84353662129,-0.0310554709245851,0.0744021582655457,-0.417400135272236,0.676385755956372,0.901633763869736
"YBR261C",1407.08948967717,0.0352661305986645,0.0846403904870038,0.416658410904656,0.676928278490982,0.901953866877071
"YER134C",890.943199509256,-0.0297773181086634,0.0714713388905301,-0.416632996819497,0.676946870193503,0.901953866877071
"YJL092W",679.940120152626,0.0427612927531605,0.102700336605957,0.416369548205359,0.677139607918364,0.901996823062624
"YMR211W",303.659053965923,0.0613902471841016,0.147650187147798,0.415781709254794,0.677569744240997,0.902158744125404
"YJL061W",1780.71867227362,0.0406501919358645,0.0977830701236624,0.415718098076239,0.677616296422876,0.902158744125404
"YKR096W",1308.58367006706,-0.0381381821762581,0.0917786340972836,-0.41554532328115,0.677742743362536,0.902158744125404
"YPR103W",1929.48160399037,0.0389358704346637,0.0937896376532114,0.415140429251147,0.678039104618002,0.902339514078421
"YER156C",3426.26807339279,0.0433274523455201,0.104424154158676,0.414917915252467,0.678201994443288,0.902342615712898
"YGR019W",345.203239769769,-0.056843340459434,0.137143772519173,-0.414479924354473,0.678522666564869,0.90236592956596
"YBL102W",495.974088402164,0.055337362928104,0.133518266651394,0.414455372406726,0.678540643833763,0.90236592956596
"YMR001C",1785.19201585251,0.0374140585725917,0.0903521926472263,0.414091318388611,0.678807230581599,0.902506892800706
"YMR285C",691.259245777622,0.0364160718799781,0.087991267806807,0.413860065750308,0.678976591405889,0.902518553382473
"YMR010W",1415.96314735449,-0.0405003243812465,0.0979613783116174,-0.413431549037765,0.679290463937667,0.902722252856394
"YOR308C",1071.62357575092,-0.0320254559148328,0.0776115482126638,-0.412637766574115,0.679872026910435,0.903083500608089
"YLR152C",182.936086778507,0.0729041453751639,0.176685125486226,0.412621861486847,0.679883681685556,0.903083500608089
"YHR211W",25.0923349573679,0.162171585145646,0.393330124305372,0.412304004001839,0.680116614236421,0.90317943572984
"YBR142W",6264.39570190718,-0.0378574692240782,0.0918734708879404,-0.412060944886403,0.68029475359126,0.903202578592695
"YLR020C",337.532865455882,0.04917117143307,0.119479471950932,0.411544934290165,0.680672999716321,0.903414779690155
"YMR113W",358.005405143618,0.0307019633526414,0.0746508294849939,0.411274242556314,0.680871454320578,0.903414779690155
"YOR123C",4195.18585782874,0.0382527267026014,0.0930304365536769,0.41118507146347,0.680936833944395,0.903414779690155
"YDL058W",4480.90299001102,-0.0333474721449647,0.0812371464424732,-0.410495365794012,0.681442602279578,0.903727491905196
"YLL040C",1022.91985482849,-0.0407363838138663,0.0992541276896783,-0.410425085203812,0.68149414781036,0.903727491905196
"YHR065C",1848.17066414152,0.0407598593736238,0.0994087669560102,0.410022783922676,0.681789234172638,0.903746758862062
"YGL195W",3916.16064666262,0.0404214097193863,0.0985967858105968,0.409966809638554,0.681830294942197,0.903746758862062
"YAR042W",1134.54075938532,-0.0334554220202401,0.0816572322419932,-0.409705559467092,0.682021951355616,0.903787636552361
"YIR023W",330.451802801612,-0.0704323257877243,0.172138843654377,-0.409159979772721,0.682422261628803,0.904033379461707
"YDL173W",1267.68625223387,0.0321994541893685,0.0787536174510491,0.408863176467833,0.682640073792092,0.904033379461707
"YNL289W",449.664609788567,-0.0659174279120304,0.161248054574651,-0.408795182589403,0.682689975522328,0.904033379461707
"YOR337W",309.436917099962,0.0518137368784884,0.12696781350595,0.408085604120925,0.683210828567922,0.904509977986271
"YGL226W",455.84452575468,-0.0357029670691447,0.0876043201922554,-0.40754801807481,0.683605534177409,0.904740794217193
"YKL178C",30.7633999591094,-0.104889635623571,0.257507239498607,-0.407326938954423,0.68376787965536,0.904740794217193
"YGL035C",59.5328145955324,-0.103864008042536,0.255074777404196,-0.40719042901663,0.683868130575558,0.904740794217193
"YCR102C",61.7622163744928,0.0771774101200141,0.189663879607745,0.406916753361944,0.684069130794012,0.904793719713426
"YOL084W",21.7177721112528,-0.133005382698442,0.327087470090495,-0.406635517593025,0.684275706835702,0.904853993509799
"YLR352W",191.967303586824,0.053673651156684,0.132228887554358,0.405914714624059,0.684805265907119,0.90534123603811
"YLR014C",144.861733865466,0.0561333246400449,0.138577157328679,0.405069101734473,0.685426717770871,0.905662355194958
"YGL240W",13.9999162654338,0.167442461053268,0.413486811395774,0.404952362296747,0.685512527828693,0.905662355194958
"YGR071C",123.406867862529,0.0581253685561277,0.143611554781186,0.404740194092952,0.685668493786697,0.905662355194958
"YAL042W",1032.11648224965,-0.0548943912319612,0.135677619723621,-0.404594297451434,0.685775750944275,0.905662355194958
"YKL204W",3055.10982106599,0.0270096472306684,0.066811394987032,0.404267075038785,0.686016334307551,0.905662355194958
"YIL022W",73.0228666290277,-0.0953735123986236,0.236001709943892,-0.404122124459599,0.686122916330848,0.905662355194958
"YPR155C",197.234408794484,-0.0608857781082272,0.150833723369464,-0.403661573473783,0.686461600458131,0.905662355194958
"YCR044C",173.347048361264,-0.0717695910492799,0.17781497359703,-0.403619501763256,0.68649254267092,0.905662355194958
"YDL024C",11.0998064526612,0.155513473852779,0.385304971726099,0.40361138647162,0.686498511233189,0.905662355194958
"YJL033W",4752.15267039551,-0.0377394367809941,0.0935714352738872,-0.403322196250697,0.686711215034563,0.90573035167666
"YGR137W",3372.55071876368,0.0358403033248619,0.0890434027543874,0.402503747792768,0.687313330732385,0.906311806362273
"YHR138C",471.614258333141,-0.0793936091256205,0.197436039272636,-0.402123185909272,0.68759336987288,0.906468388150501
"YBR196C",6839.1061570454,-0.0669567778330002,0.166642213094732,-0.40179961961341,0.687831502121329,0.906569662739651
"YDL073W",441.383160304472,0.0437124258565283,0.108864764482443,0.401529604774719,0.688030246273501,0.906618988055587
"YNL163C",351.317584225236,-0.0598352351535176,0.14919985472985,-0.401040840568236,0.688390055477436,0.906702276664383
"YBR207W",921.172010481645,-0.0271803674461708,0.0677835949682238,-0.400987399073665,0.688429401306808,0.906702276664383
"YFR006W",1225.4619030655,0.0498287424238059,0.124327456079955,0.400786310561691,0.688577458505976,0.906702276664383
"YGR119C",1117.34994970072,-0.0412770814758712,0.103072732124831,-0.400465580226212,0.68881363013052,0.906800796751821
"YPR024W",689.624611170041,-0.0376620216532362,0.0943655131231718,-0.399107898709536,0.689813702475266,0.907266327226888
"YJR149W",114.411666444197,0.0527085059233696,0.132157887123605,0.398829816899782,0.690018605316171,0.907266327226888
"YKL216W",24509.5314751448,0.0385069517587638,0.0965535794155345,0.398814336991513,0.690030012257575,0.907266327226888
"YGL026C",2684.75708271125,0.035939808688907,0.09012870267936,0.398760967599476,0.690069340002607,0.907266327226888
"YKL088W",466.96216215273,0.0428387725018589,0.107487762602058,0.398545578257657,0.690228068267183,0.907266327226888
"YGL108C",1093.30383870678,-0.031751156074116,0.0796688757845764,-0.398539024950857,0.690232897851695,0.907266327226888
"YKL120W",1246.3257803094,-0.0479996401700444,0.120465409577719,-0.398451641332584,0.690297298082237,0.907266327226888
"YOR053W",95.3268991470686,0.0737533369201544,0.185310264101462,0.397999200302108,0.690630775227328,0.907492391110026
"YBL063W",245.370196301218,-0.0456614489661054,0.11483835897373,-0.397614955265522,0.690914034850029,0.907499021041111
"YMR251W-A",13962.4031686022,-0.0650467812552484,0.163699659208747,-0.39735440849209,0.691106130611703,0.907499021041111
"YLR196W",4405.20000887541,0.0417337753701583,0.105055252608101,0.397255485414348,0.6911790697661,0.907499021041111
"YKL218C",323.299223002779,-0.045765938414985,0.115245691631962,-0.39711626323645,0.691281727593771,0.907499021041111
"YBR238C",329.547014140918,-0.05105209916338,0.12863035648356,-0.396889976511141,0.69144859604723,0.907506097567827
"YJL098W",1548.45593745943,-0.0429656984614773,0.108420462024696,-0.396287727049996,0.691892780105728,0.907697333178254
"YDR148C",1922.37445972387,-0.0476893593097445,0.120350343917912,-0.396254449777661,0.691917326572178,0.907697333178254
"YDR245W",1627.53011696756,-0.0393299943376595,0.0993155825930513,-0.396010306849987,0.692097424732548,0.907718610369961
"YKL163W",199.557692516376,0.0430680542162283,0.108814159264591,0.39579457772131,0.692256577232323,0.907718610369961
"YDR160W",67.1868777990064,0.0809000797151248,0.205038865890743,0.394559730730432,0.693167837407551,0.908701480342999
"YGL121C",21.5898888152464,0.127773086203754,0.324347075266715,0.393939381444042,0.693625794255915,0.908722031723064
"YOR115C",1698.97791742356,-0.032200902238276,0.0817563693106148,-0.393864141837512,0.693681345567302,0.908722031723064
"YOL066C",345.794665427404,-0.0341134311066048,0.0866150780470479,-0.393850953849802,0.693691082762966,0.908722031723064
"YAL026C",164.104309493774,0.0597377951528423,0.151748788843854,0.393662418052715,0.69383029148108,0.908722031723064
"YJR033C",225.042921617521,0.0443457619437133,0.112761684435315,0.393269772137466,0.694120241652249,0.908889971594977
"YLL034C",1736.87452459736,0.0373488142329533,0.0950425771600461,0.392969291752896,0.694342162247058,0.90896877517551
"YJR011C",111.392700371457,-0.0582043738075734,0.148530307736215,-0.391868667712872,0.695155254750841,0.909821269608693
"YDR443C",340.768743952393,-0.0564463871700503,0.144305520283103,-0.3911588902442,0.695679793134465,0.910204766530716
"YKL012W",1631.09913268743,-0.0334943889996024,0.0857047817502101,-0.390811204644603,0.695936792241781,0.910204766530716
"YOR279C",320.616736769583,-0.0389488518993686,0.0996751507602973,-0.390757893038299,0.695976201722991,0.910204766530716
"YML010W",487.505757222519,0.0423911958617547,0.108529600586473,0.390595705067379,0.696096100809434,0.910204766530716
"YMR129W",787.865790522736,-0.0516570192006882,0.132404758334473,-0.390144733848577,0.696429525727614,0.910428921746729
"YLR189C",376.44182613142,0.0465233953949801,0.119315366147968,0.389919562726602,0.696596027634556,0.910434808210745
"YJR093C",674.666092639986,-0.0503457712062619,0.129244591754346,-0.38953870736776,0.696877682914135,0.910591159725049
"YPR042C",52.0720724821361,-0.0680860898567414,0.174988000817007,-0.389090049253962,0.697209534207213,0.910813013074043
"YNL102W",1325.2580024644,0.0294331480847866,0.0757484708543416,0.388564254206322,0.697598513789346,0.91103889222782
"YLR222C",2845.22818859445,-0.0345962071018701,0.0890695034454114,-0.388418097818108,0.697706653407213,0.91103889222782
"YPR161C",749.870707130989,0.0313419084511254,0.0811132193306009,0.386397047358978,0.699202636524979,0.912709426056708
"YDR143C",947.765220894558,0.0455042455585443,0.11781005193451,0.386250959161277,0.699310816476901,0.912709426056708
"YMR150C",5.7296077838537,-0.27493026948135,0.714180712742227,-0.384958967073901,0.7002678166328,0.913746257134046
"YNL282W",10.083451607483,0.171931507413121,0.44757685673569,0.384138511242668,0.700875789244628,0.914327283090717
"YFR016C",3158.89260275545,-0.0255756288115435,0.0667363954404303,-0.383233596042396,0.701546570014665,0.914591972674824
"YCL063W",467.754513759464,-0.0408085106308907,0.106490010864814,-0.383214447059228,0.701560766975812,0.914591972674824
"YKL168C",6.32905810777179,0.241384482989577,0.630071262535799,0.383106637839814,0.701640698140624,0.914591972674824
"YNL098C",3280.65563644954,0.0395922150216395,0.103409634330888,0.38286775964175,0.701817817320501,0.914591972674824
"YLR165C",109.419920332067,0.0678371305778901,0.177331002424791,0.38254523828489,0.70205698044977,0.914591972674824
"YMR275C",54.791654311865,0.0777799886095981,0.203405987148706,0.382387901653725,0.702173662879119,0.914591972674824
"YDR263C",56.9067417123681,0.0816543319047757,0.213691013991337,0.382114017710103,0.70237679471373,0.914591972674824
"YOL151W",86.0646340855094,-0.0989189129169398,0.258876239451297,-0.382108891594702,0.702380596808637,0.914591972674824
"YNL193W",350.027950144646,0.0376597612376044,0.0987688980987002,0.381291701765983,0.702986810458645,0.915169301546812
"YPL043W",6351.84892164551,0.0349867930531701,0.0918261161677772,0.381011356172846,0.703194821987186,0.915228091609074
"YLR248W",1245.1932027227,0.0329125451056555,0.0865653083414723,0.380204792615375,0.703793401920418,0.915408328066623
"YPL085W",2453.09232776187,0.0373820182064692,0.098407982176357,0.379867744259575,0.704043592080668,0.915408328066623
"YNL267W",703.123539325768,0.0285893536833129,0.0753279048047154,0.379532044033744,0.704292813370315,0.915408328066623
"YPL014W",1087.08118009172,0.119068629270293,0.313758946426075,0.379490786243912,0.704323445030772,0.915408328066623
"YER064C",1942.4747820629,0.0535775514768049,0.141307758859127,0.379155057792812,0.70457272293509,0.915408328066623
"YML057W",704.331308154696,0.0335410133187037,0.088474527573713,0.379103615905254,0.704610921268776,0.915408328066623
"YBR263W",2590.12194464334,-0.0492413854632884,0.129896185233605,-0.379082614125525,0.704626516419822,0.915408328066623
"YER076C",125.190133057552,0.0488265052735515,0.128855407746628,0.378924766351757,0.704743732358014,0.915408328066623
"YJR056C",555.68301351332,0.0504610950298343,0.13324170945737,0.378718460122873,0.704896943556447,0.915408328066623
"YKR093W",1491.31306554787,0.0399816887468402,0.105620529326917,0.37854088595872,0.705028826769247,0.915408328066623
"YHL027W",787.467359640554,0.0300166422886303,0.0793227822925706,0.3784113645676,0.705125027081924,0.915408328066623
"YER035W",487.036009794792,0.0442691204858134,0.1171816380702,0.377782058817894,0.705592502749158,0.915508820626578
"YGR097W",1029.41733045955,0.0429227770249687,0.113641758971227,0.377702504902588,0.705651606772747,0.915508820626578
"YDR322W",1021.79371617045,-0.044269339131063,0.117223413052894,-0.377649293585128,0.705691140739206,0.915508820626578
"YOR299W",114.252585895166,-0.0550267360549585,0.145798008289411,-0.37741761153369,0.705863280869359,0.915520802789245
"YBR265W",722.076467218887,0.0494621774554799,0.131309559112401,0.376683752423082,0.706408638663628,0.91588144763502
"YPR005C",109.416988145632,-0.056755979444518,0.150805319561144,-0.376352635369115,0.706654753346662,0.91588144763502
"YFL052W",13.3678884024788,-0.176449078910609,0.469704355332717,-0.375659873934148,0.70716977243703,0.91588144763502
"YAL066W",73.6095751099653,0.0814018762008583,0.216789194192753,0.375488623886308,0.707297105397869,0.91588144763502
"YGL228W",2344.02040788187,-0.0337622454001646,0.0899162064805968,-0.37548565182685,0.707299315344761,0.91588144763502
"YHR116W",307.934056836939,0.0460807462718376,0.122808976140073,0.375222949658655,0.707494663654601,0.91588144763502
"YFL009W",239.203622063099,0.0500677707419179,0.133494623323162,0.375054586436148,0.707619870581397,0.91588144763502
"YML103C",1135.06573408144,0.0358761761980411,0.09569823279596,0.37488859668426,0.707743320165887,0.91588144763502
"YDL117W",1045.81099029111,-0.0366930955655221,0.0978774844610307,-0.374888011962866,0.707743755047357,0.91588144763502
"YOR006C",683.720132314318,0.0416604642803783,0.111138625489662,0.37485135430484,0.707771019053184,0.91588144763502
"YFL034C-A",2024.91093383243,0.0912088176267056,0.243463993215547,0.374629596853589,0.707935958374429,0.915883997712774
"YDL027C",404.534559279494,0.0525008232402472,0.140256158225072,0.374320984580215,0.70816552159961,0.91597013380663
"YFL003C",33.2861346212851,-0.089425958817274,0.239583809721627,-0.373255433750629,0.70895834218596,0.916784602642682
"YBR012C",104.616838336348,0.0592618749354252,0.159007965840609,0.372697522555756,0.709373580543265,0.917107870340251
"YFL041W-A",75.2561688931583,-0.0575961743954079,0.154628459025791,-0.372481073395431,0.709534701110215,0.917107870340251
"YKL182W",7119.49167690549,0.0314018183530086,0.0843808933256129,0.372143705943404,0.709785856814842,0.917136081697642
"YBR129C",705.01482062429,0.0314410081676003,0.0845158062853596,0.372013349330689,0.709882910210808,0.917136081697642
"YLR092W",24.834432512397,-0.0929673447180095,0.250447158018121,-0.371205428936362,0.710484529831726,0.917702380522708
"YJR118C",964.08614335531,-0.0386839113313247,0.104340359526441,-0.370747345580325,0.710825722752542,0.917930243317597
"YLR386W",420.204289836096,0.0447181566703613,0.120686997595232,0.370530028597944,0.710987606612366,0.917930243317597
"YNL225C",558.626260911889,0.0304675923200311,0.0823041247352553,0.370183054835163,0.711246101476174,0.918053075401033
"YIL098C",839.525611560307,0.0374169706501552,0.101151486692993,0.369910239319767,0.711449371890555,0.91810458553959
"YKL183C-A",6.57178095639262,-0.178912634577238,0.484307147465278,-0.369419769073437,0.711814864898291,0.918365367476675
"YJR016C",291.474341762774,-0.142617262412797,0.386437520068705,-0.369056458046416,0.712085642964505,0.918375293105668
"YHL007C",1323.1992468093,0.0319809227941513,0.0866759924493074,0.368970944438339,0.712149382091549,0.918375293105668
"YPL157W",365.397097329623,0.0404711176881983,0.109861157809685,0.368384226919466,0.712586756907277,0.918728509708396
"YHR001W",318.475996283042,-0.0579651865583739,0.157603007248457,-0.367792389056341,0.713028044522252,0.918995569012668
"YOL164W",36.9682861966096,0.112057232911368,0.304778463245625,0.367667819169559,0.713120938872642,0.918995569012668
"YPR116W",101.610559113672,-0.0574187588420576,0.156263781004416,-0.367447648284122,0.713285135276964,0.918996437472842
"YKR031C",530.744081705263,-0.0318838275328266,0.0868322789512948,-0.367188652859274,0.713478302785032,0.91903462334446
"YDR060W",10797.5064193749,-0.0273982605096771,0.0747432102293122,-0.366565209409914,0.713943363215131,0.919246755012463
"YMR204C",146.900609417361,-0.0559606466229335,0.152677126302173,-0.366529341875209,0.713970121998114,0.919246755012463
"YIL139C",106.97328577204,0.0686514865000062,0.187673024053149,0.365803699526706,0.714511559113039,0.919733156714448
"YIL121W",27.7936250916311,0.10925101299087,0.299073514371837,0.365298188374645,0.714888830576848,0.920008066828919
"YGR243W",93.6713736348436,-0.0858934248565795,0.235397273930579,-0.364887083959648,0.715195696082139,0.920163015605934
"YJR041C",1710.69913975412,-0.0323012775376622,0.0885814324176571,-0.364650657096662,0.715372195820424,0.920163015605934
"YHR108W",1852.71539732302,0.0258244140879526,0.0708529731261948,0.36447890537998,0.715500423166892,0.920163015605934
"YDR104C",348.080873387205,0.0335942889888559,0.0923854597264644,0.363631778077656,0.716132993527674,0.920765825583512
"YBL025W",182.0161807891,-0.0441829636180153,0.121628429012686,-0.363261812856327,0.716409316635256,0.920910420743398
"YCR037C",505.120880145088,-0.0502068393786601,0.1383790388192,-0.362821131054814,0.716738505670722,0.921122890891712
"YIR028W",50.1892790552092,-0.0865922427771432,0.238842017542112,-0.362550290222178,0.716940849726963,0.921172285200167
"YAL061W",81.1751194229338,0.0978997557258389,0.270359470604286,0.362109585090625,0.717270141157028,0.921192277138038
"YDR170C",2411.10264768056,0.0300989479957831,0.0831254325503547,0.362090723287968,0.717284235721718,0.921192277138038
"YER123W",694.571820279562,-0.0246239584466494,0.068068627116609,-0.361751947846192,0.717537403542197,0.921226670038687
"YDR163W",979.963497454994,-0.0319180769634516,0.0882650629348349,-0.361616203537025,0.717638854346863,0.921226670038687
"YBR255W",311.830033022392,0.0479265264261919,0.132715442587345,0.361122454869183,0.718007907751157,0.921340428741445
"YMR266W",1144.75552794538,-0.0377309821473924,0.104500880847331,-0.361058986694235,0.718055351937282,0.921340428741445
"YLR081W",54.2334769489682,-0.068477136156056,0.189968751677173,-0.360465263636748,0.718499228697381,0.921689525920703
"YNL141W",3527.31819631805,0.0382479275153867,0.106168637866761,0.360256364628006,0.718655427506143,0.921689525920703
"YPL162C",9.49167600560357,0.14235837185814,0.395875615364911,0.359603790516162,0.71914344854418,0.921859642927428
"YMR119W-A",20.9502509509507,0.101022156906032,0.281055258490714,0.359438771750892,0.719266874331976,0.921859642927428
"YDL106C",509.091986336909,-0.0454919554334696,0.126654331100671,-0.359181995894877,0.719458944395138,0.921859642927428
"YCR014C",277.421593500352,0.0403767606754691,0.112477983334553,0.358974792029948,0.71961394719225,0.921859642927428
"YDR328C",2080.60706718985,0.029585423531346,0.0824419239639299,0.358863817204099,0.719696968765668,0.921859642927428
"YBR074W",513.806279411619,0.0432861705805849,0.120653883724527,0.358763176487668,0.719772262129102,0.921859642927428
"YOL061W",1194.13265312602,-0.053857012682482,0.150224651417335,-0.358509819622501,0.719961820614176,0.921892328970534
"YPL128C",344.786234049245,0.0474879324899524,0.132693539789811,0.357876747919863,0.720435552305122,0.922201820068853
"YER061C",226.979712464989,-0.0500359735797782,0.13989067059704,-0.357679131612061,0.720583451870356,0.922201820068853
"YIL161W",1180.75748117173,0.0364596862150982,0.102044166479336,0.357293194437346,0.720872324268003,0.922201820068853
"YLR436C",420.433841078418,-0.0377108277653805,0.105645772026017,-0.356955390094493,0.721125202132646,0.922201820068853
"YEL063C",1471.30509792751,0.0269400954326173,0.0754740095685625,0.356945332394779,0.72113273172082,0.922201820068853
"YDL217C",365.690917866216,0.0422071766807049,0.118388754769968,0.356513393207946,0.721456123823942,0.922201820068853
"YBR149W",2474.69893539558,-0.0394491606161313,0.110665407769435,-0.356472373899542,0.72148683749761,0.922201820068853
"YAL004W",91.9571881241081,0.0697177639086284,0.19560606241622,0.356419238992089,0.721526623531518,0.922201820068853
"YDR075W",161.379336564212,-0.0477543174492544,0.13406077843535,-0.356213935250896,0.721680356701569,0.922201820068853
"YJL074C",871.117663210336,0.028973921320174,0.0814552312904438,0.35570362837547,0.722062527479743,0.922457878333981
"YLR212C",545.148986066404,-0.038535353257927,0.108395163564598,-0.355508050273495,0.72220901506575,0.922457878333981
"YOL069W",115.170025444671,0.0404787577443164,0.113946334950581,0.355244052051978,0.722406765329895,0.922500800080438
"YOR362C",2696.68536967031,0.0329529470757916,0.0928544020799968,0.354888366492325,0.722673224151846,0.922631422020303
"YPR022C",522.077274853098,0.034167926527593,0.0963732528956796,0.354537441675632,0.722936149468241,0.922652432956717
"YOR030W",629.643009739017,-0.0398060554379388,0.112310642840459,-0.354428168437113,0.723018027534054,0.922652432956717
"YPR182W",2094.61169805739,0.0560348235399801,0.158212069665496,0.354175403042595,0.723207435934265,0.922684628819653
"YOL009C",203.739926714185,0.0379142889018004,0.107258146848172,0.353486331956392,0.723723873771442,0.923127299636975
"YDR301W",545.600548025038,0.0269275270734385,0.0762357022608945,0.353214127696849,0.723927917268272,0.923127299636975
"YPL247C",279.973520437579,0.0594886784532692,0.168601270420653,0.352836478069516,0.724211034784706,0.923127299636975
"YOR352W",189.127056236311,-0.0430618041728144,0.122073049430242,-0.352754390701297,0.724272579284312,0.923127299636975
"YGR170W",689.96983702784,-0.0288074391320516,0.0817558410890147,-0.352359400237671,0.72456874586875,0.923127299636975
"YGL120C",3319.39625865703,-0.0268419205834023,0.0762114068232468,-0.352203452242463,0.724685688108137,0.923127299636975
"YJR018W",40.4465817997908,-0.0730037551358778,0.207322123494522,-0.352127182113329,0.724742883870503,0.923127299636975
"YJR148W",3326.46634463824,-0.0423574681093328,0.120424161224793,-0.351735629117359,0.725036537710117,0.923127299636975
"YER133W",4505.89517223186,0.0242324232929314,0.0689332438596181,0.351534643317823,0.72518728717228,0.923127299636975
"YPL034W",358.172818160212,0.0328293679961557,0.093488106726155,0.351160903197231,0.725467639381995,0.923127299636975
"YPL252C",178.041964348972,-0.147806985703748,0.421119619037002,-0.350985750893645,0.725599038357254,0.923127299636975
"YGR239C",340.272519154218,0.039168577202796,0.111805189058964,0.350328795402681,0.726091957248791,0.923127299636975
"YPR099C",5.16976946997254,0.243920899666957,0.696622312097383,0.350147986119712,0.726227639799521,0.923127299636975
"YDR536W",20.7422400117231,-0.103017160349852,0.294326691595469,-0.350009575385169,0.726331511519099,0.923127299636975
"YOL157C",66.639073473526,0.064576229455484,0.184570126324481,0.349873680759999,0.726433499895061,0.923127299636975
"YLR166C",287.46705412703,0.0308949181044473,0.0883168532696677,0.349819054468714,0.726474498076025,0.923127299636975
"YPR137W",2066.43876686933,-0.0375474447696394,0.107386914455373,-0.349646369486135,0.726604106941242,0.923127299636975
"YLR355C",12695.2671173279,0.0575486958164264,0.164608866637145,0.349608723953392,0.726632362867978,0.923127299636975
"YBR262C",813.26314634852,0.0441295739447418,0.126246264455212,0.349551522456314,0.726675297792523,0.923127299636975
"YMR297W",1342.24659970638,0.0386898924104734,0.110768223496732,0.349286927144905,0.726873911799845,0.923170934308504
"YIL068C",1020.23974852343,-0.034330303508296,0.0983550779458045,-0.34904454579572,0.727055867381122,0.923193396900566
"YBR195C",327.333834338743,0.0429089087422082,0.123164177180633,0.348387897556267,0.727548890270078,0.923610743916385
"YMR105C",108.107365932684,0.0830511742619428,0.238549011408093,0.348151408264965,0.727726478169924,0.923627553594167
"YLR381W",58.2100042958717,0.066282306590594,0.190805436159665,0.347381646585422,0.728304619761447,0.923888191329449
"YMR309C",3305.0560172244,-0.0338259979626791,0.0974130855253593,-0.34724285531304,0.728408877586032,0.923888191329449
"YGR042W",404.459652746603,0.041188291538054,0.11862256896641,0.34722137529931,0.728425013484126,0.923888191329449
"YML063W",55351.8257963641,0.0441693534889179,0.12733715738708,0.346869322319263,0.728689494660389,0.923932990411565
"YDR037W",7540.80303881968,0.0223316715791549,0.0644052723754776,0.346736699582031,0.728789136386916,0.923932990411565
"YGL081W",47.1392517513914,0.0829133091526077,0.239503279106559,0.346188617800586,0.729200968165447,0.924246603764054
"YDR305C",124.328912300925,0.0451736096011017,0.130645202137792,0.34577319994849,0.729513167579913,0.924433822277139
"YOR335C",4324.10656320365,-0.0374246983082592,0.108431187033682,-0.345146994440207,0.729983865203072,0.924803897434622
"YDR471W",17010.2509826734,0.0480694981241776,0.139362197156465,0.344924944532905,0.73015079709554,0.924803897434622
"YFL059W",8.84066071914681,-0.198806455773213,0.576705301769031,-0.344727983535749,0.730298878436807,0.924803897434622
"YOL140W",268.277564651257,-0.0427036712298475,0.124061670527389,-0.344213253362728,0.730685915888062,0.925022532184081
"YPL021W",6.55964282822336,0.193046146008389,0.561081829848376,0.344060591055955,0.730800719376748,0.925022532184081
"YBR087W",859.778628126018,0.0337974633023204,0.098323175597269,0.343738524483328,0.731042936241956,0.92502848802955
"YML076C",374.301332279644,0.0352467611196975,0.102575830206574,0.343616630240431,0.73113461633937,0.92502848802955
"YDR017C",692.007677571692,0.0296030095745415,0.0862829435179414,0.343092254014097,0.731529058263926,0.925125297751859
"YLL035W",446.89045612458,0.0381739632776175,0.111272785864644,0.343066482797094,0.731548445504938,0.925125297751859
"YPR147C",12.194815169271,-0.157352630355106,0.459017689821411,-0.34280297653959,0.731746686541311,0.925125297751859
"YPR095C",282.130420195582,0.0390252307254734,0.114219579968951,0.341668483950667,0.73260039241496,0.925125297751859
"YLR138W",2805.6662226369,0.033607421726615,0.0983866469643321,0.341585192336096,0.732663082423249,0.925125297751859
"YOL040C",47639.9525508003,0.0402477748717389,0.117906225007908,0.341354113144066,0.732837015108491,0.925125297751859
"YKL042W",713.89455921616,0.0364118500508118,0.106696144426822,0.341266783785098,0.732902751254516,0.925125297751859
"YGR191W",1259.79311761039,0.0339551603836145,0.0995438887176942,0.341107433324321,0.733022705484996,0.925125297751859
"YBR031W",28771.1149122847,0.0600413011438004,0.176077298473707,0.340993993344158,0.733108103660826,0.925125297751859
"YGR184C",1101.02962400084,-0.0285412977269922,0.083782280872272,-0.340660309433495,0.733359321698819,0.925125297751859
"YPR111W",222.351232875788,0.0379279634172328,0.111356253984415,0.340600209329429,0.733404571837436,0.925125297751859
"YMR264W",2191.30422644228,-0.0290934333869629,0.0854193952285472,-0.340595169388882,0.733408366515366,0.925125297751859
"YOR017W",1354.80350907645,0.024712495653954,0.0725933513766756,0.340423677723938,0.733537490101401,0.925125297751859
"YEL061C",709.750254343492,-0.0324646250034516,0.0953983229882666,-0.340306034598161,0.733626073123335,0.925125297751859
"YLR115W",986.448329410705,0.0237018387999831,0.0696633496226937,0.340233981402783,0.733680329551608,0.925125297751859
"YCL036W",336.264297257853,-0.0535791915379486,0.157921654210345,-0.339277040921719,0.734401036718475,0.925826340591707
"YJR049C",480.819211091181,0.0410277021172609,0.121182396012747,0.338561568901025,0.734940038014032,0.926298051948611
"YPL257W",65.7449982829214,0.0564249217478656,0.167048376422331,0.337775936266584,0.735532045256631,0.926483234547018
"YGR057C",515.255138650978,-0.0382483779039009,0.113253288666386,-0.33772421405413,0.735571025635793,0.926483234547018
"YBL021C",470.189351734726,0.0398933634826412,0.118143201209211,0.337669566037887,0.735612211783007,0.926483234547018
"YOR133W",10325.1629654497,-0.0470534801766138,0.13942121114438,-0.33749154659033,0.735746383591342,0.926483234547018
"YLR091W",270.503306890017,-0.0396662017819356,0.11769620666823,-0.337021921987251,0.736100374505118,0.926499574352731
"YDR461C-A",47.0804525756808,0.0872222891227349,0.259081586253772,0.336659545681877,0.736373562720708,0.926499574352731
"YOR209C",1915.13334629697,-0.0194113493013848,0.0576631801102595,-0.336633346691385,0.736393314905579,0.926499574352731
"YBL026W",1326.41501135538,-0.0377655477967098,0.112197259178841,-0.336599557539208,0.736418789792464,0.926499574352731
"YML094W",2008.3590143369,-0.0371032974054646,0.110673687542521,-0.335249490907309,0.737436891564018,0.927170931015948
"YLR450W",751.600814476784,-0.0335777180570167,0.1001694791098,-0.335209071220293,0.737467379659047,0.927170931015948
"YOR064C",486.473741287436,0.0344423435118223,0.102849404181606,0.334881312982678,0.737714619098895,0.927170931015948
"YLR335W",3409.01446704863,0.0227820353032728,0.0680436268043085,0.334815123373615,0.737764551517858,0.927170931015948
"YDR503C",330.901809278487,-0.0311960221036959,0.0932050486306098,-0.334703136386227,0.737849035291657,0.927170931015948
"YER042W",927.76773351469,-0.031313144400537,0.0935895345474296,-0.334579550501644,0.737942273031021,0.927170931015948
"YGR068C",327.202658197041,0.0398560966442311,0.119333090242191,0.333990317047363,0.738386865422484,0.927430185084815
"YJR092W",989.67343490198,0.0277313681282905,0.083060707838865,0.333868670877311,0.738478661611129,0.927430185084815
"YJR074W",769.113739059339,0.0291218895183069,0.0875925882001824,0.332469791299605,0.739534546656881,0.92854873820636
"YNL298W",426.657661014372,-0.0293629816430812,0.0884151418446991,-0.332103540529937,0.739811076760814,0.928564553697316
"YDR115W",1052.43952886174,0.0304479874358768,0.0917634971173251,0.331809362027116,0.740033214544575,0.928564553697316
"YJL090C",375.181112566054,0.0384890964709438,0.116002066469775,0.331796645027633,0.740042817795423,0.928564553697316
"YPL220W",48048.3549666201,-0.0340191743200442,0.102707236437976,-0.331224707234608,0.740474758881034,0.928703999733844
"YKL043W",377.143337916281,-0.0547614371020611,0.165539088073609,-0.330806685836705,0.740790510398637,0.928703999733844
"YER001W",2056.01568969473,0.0295187957470088,0.089248172912869,0.330749580451662,0.740833648213255,0.928703999733844
"YHL015W",6383.43841788678,0.0390498699264939,0.118102574368738,0.33064368101387,0.740913647559274,0.928703999733844
"YPL266W",2347.59671909991,-0.0440950825896093,0.13339687773448,-0.330555582248173,0.740980201922875,0.928703999733844
"YBR043C",333.670162128338,0.0350818175085211,0.106392169475083,0.329740597278988,0.741595975553019,0.929061200987806
"YLR023C",411.713537476547,0.0269325129401792,0.0817270481734656,0.329542220624621,0.741745886950341,0.929061200987806
"YPL255W",361.615307348783,0.025911826589481,0.0786345789038472,0.329522036624186,0.741761140361617,0.929061200987806
"YNL136W",1427.32652190231,-0.032970269038148,0.10032031486739,-0.328649975647806,0.74242026929663,0.929520763928878
"YPL007C",217.760861681695,0.0375260918131113,0.114261723582132,0.328422245321177,0.74259242560065,0.929520763928878
"YOL001W",291.642115315848,-0.0329547494598382,0.100355481934933,-0.328380162442992,0.742624240220758,0.929520763928878
"YAL059W",1893.30440016401,-0.0380976258972522,0.116141821486405,-0.328026764258314,0.74289142629132,0.929525198203897
"YOR298W",93.0518469607597,-0.061723873657159,0.188280701647659,-0.327828997433133,0.743040961067819,0.929525198203897
"YGL098W",365.395159359781,0.0319116006672676,0.0974811949140483,0.327361607491629,0.743394400877043,0.929525198203897
"YOR051C",1604.87214761431,-0.0352392406082363,0.107657024354845,-0.327328762980532,0.743419239898272,0.929525198203897
"YLR141W",185.395865373182,0.0330133959990329,0.100931942097152,0.327085710559853,0.74360305925166,0.929525198203897
"YOR072W-B",78.3472876419572,-0.0817713130871614,0.250027100747169,-0.32704979917297,0.743630220096759,0.929525198203897
"YLR135W",232.445097859004,0.0335723700742703,0.102726651011722,0.326812660041253,0.743809583449752,0.929525198203897
"YER186C",269.956024240821,0.0336733147481105,0.103094482733628,0.32662576944214,0.7439509504486,0.929525198203897
"YCR068W",14.5729100033847,-0.115714019780699,0.354682762323815,-0.326246528087699,0.744237841113286,0.929676965338223
"YLR311C",167.731917371707,0.0618580484475796,0.190240363770599,0.325157328453026,0.745062002324557,0.930499656236446
"YDL031W",6959.60167025452,-0.0292127540899814,0.0899630582775932,-0.324719442060779,0.745393418747958,0.930575854956514
"YDL142C",224.676776188849,0.0354093994480417,0.109081449535236,0.324614309755792,0.745472995656833,0.930575854956514
"YMR318C",2121.1162317477,0.0437598474865768,0.134915476742168,0.324350093430754,0.745672998678708,0.930575854956514
"YKL135C",1146.10037479349,-0.0253796136272276,0.0782834108111907,-0.324201684165754,0.745785347103939,0.930575854956514
"YPR141C",637.877707517022,0.0342061794251561,0.105778941185865,0.32337419000113,0.746411873786385,0.930962988426595
"YFR014C",355.751517130183,0.031778132859646,0.0983040779285152,0.323263627809565,0.746495597250215,0.930962988426595
"YJL109C",5160.29739366986,-0.0250761724511952,0.07760263329676,-0.323135586846667,0.746592560291578,0.930962988426595
"YDR531W",1197.22596292368,0.0444259183248138,0.137721205325571,0.322578634276336,0.747014376782215,0.931013581194249
"YBR069C",1105.13965737581,0.0403089102470312,0.125008816214573,0.322448539772126,0.747112916755069,0.931013581194249
"YDR409W",41.9119565043814,-0.0806635027064744,0.250187437774142,-0.322412281864024,0.747140381013734,0.931013581194249
"YLR343W",23.1736032609628,0.104933181111234,0.325909491034111,0.32197031383861,0.747475184101947,0.931013581194249
"YNL063W",94.1494391960841,-0.0647181019844854,0.201128495489871,-0.321774902292474,0.747623228984106,0.931013581194249
"YER040W",386.069175918854,0.0352494672914495,0.109562514703554,0.321729264674373,0.747657805640388,0.931013581194249
"YBR159W",461.844779069923,0.0859113979342059,0.267283070326208,0.321424764499131,0.74788851861837,0.931013581194249
"YMR155W",158.981828378916,-0.0415537802648488,0.129351543920914,-0.321246882760479,0.74802330608684,0.931013581194249
"YBR018C",12.8040219151384,-0.153345822515004,0.477703966666446,-0.321005964394841,0.748205870981965,0.931013581194249
"YGL082W",578.671248651852,0.0280268416875796,0.0873395226572633,0.320895292702277,0.74828974132641,0.931013581194249
"YEL058W",979.461150672697,0.032168312134534,0.10055640017116,0.319903179507017,0.749041727535048,0.931157479189075
"YMR049C",4875.52400359628,0.0239332517070472,0.074844001361667,0.319775149265405,0.7491387872687,0.931157479189075
"YOR346W",216.761216234413,0.0300660171617903,0.0940512806487068,0.319676850271615,0.749213310438459,0.931157479189075
"YPR135W",32.4826878020135,-0.0961926862148971,0.300980573493666,-0.319597657411339,0.749273350426455,0.931157479189075
"YHR017W",348.696474996325,-0.0365710463499009,0.114447535547162,-0.319544201411227,0.749313878898699,0.931157479189075
"YNL277W-A",16.8836610148689,0.102219203254261,0.320003765192103,0.319431251669483,0.749399515724588,0.931157479189075
"YLR410W",606.686062362958,-0.0436354650006483,0.136769744410729,-0.319043259082271,0.749693709503872,0.931310765638833
"YGL173C",2011.02806620138,0.0267398391548491,0.083868253858576,0.31883147585187,0.74985430863269,0.931310765638833
"YPL253C",397.179211760279,-0.047412547234158,0.149284871107533,-0.317597803999884,0.750790040116189,0.931837662726233
"YML061C",606.170338204062,0.0217633967731741,0.0685409696139205,0.317523911549013,0.750846098676679,0.931837662726233
"YNR040W",206.455028356934,-0.0417305566939854,0.131644556149091,-0.316994169107338,0.751248026656072,0.931837662726233
"YOR367W",19.6839460586145,-0.0920078518714138,0.290289345923051,-0.316952217377633,0.751279859300236,0.931837662726233
"YDL131W",2472.10819980576,0.0320153611881709,0.101153054897796,0.316504145332227,0.751619879254371,0.931837662726233
"YBR184W",29.671632095775,-0.0915116946058331,0.28914755226703,-0.316487875786413,0.7516322263244,0.931837662726233
"YHR121W",1262.8932834672,0.0299094348902201,0.0945901197063973,0.31620041271813,0.751850394503537,0.931837662726233
"YDL104C",238.696854556957,-0.0298866380993009,0.0946064186443582,-0.315904972702221,0.752074637398344,0.931837662726233
"YHR095W",6.62536763596955,-0.151323907499818,0.479330177553906,-0.315698686596465,0.752231223701533,0.931837662726233
"YDL136W",21342.6481573014,-0.0372645022845929,0.118096345282457,-0.315543230363864,0.752349233136824,0.931837662726233
"YBR017C",1558.17355849853,0.0244159517333612,0.0773795699556835,0.315534859489974,0.75235558777196,0.931837662726233
"YKL019W",851.275260597422,0.0227783972391898,0.0722322307062848,0.31534949172223,0.752496311493781,0.931837662726233
"YER013W",695.944836659144,0.0221681534803128,0.0703408931339028,0.315153141972663,0.752645381264336,0.931837662726233
"YER088C",1955.24166401121,0.0366292626790797,0.116241648458605,0.3151130697542,0.752675805438583,0.931837662726233
"YMR279C",11.4310020458901,0.115541248122801,0.367546605254343,0.314358088120133,0.753249084609214,0.931837662726233
"YDR079W",1595.15670913957,-0.0230026816683763,0.0732432099984577,-0.314058895955826,0.753476307449837,0.931837662726233
"YGL153W",1183.72482090062,-0.0256971783544811,0.081875044858918,-0.313858494963402,0.753628514830286,0.931837662726233
"YIR020C",121.363965583331,0.0445225082945661,0.141864603092859,0.313838035168106,0.753644054872105,0.931837662726233
"YPR036W",4744.37049978164,-0.0283323326586118,0.0903000733808892,-0.313757581780747,0.753705163440534,0.931837662726233
"YHR047C",733.809172035749,0.03311993308187,0.105639513105538,0.313518418518098,0.753886829592664,0.931837662726233
"YOR155C",179.49814756114,-0.0545508530592373,0.174085813334429,-0.313356108774021,0.754010126299024,0.931837662726233
"YGR252W",950.384279303159,-0.0278194599721372,0.0888089554864704,-0.313250615546034,0.754090266363498,0.931837662726233
"YOL125W",1407.05107890297,0.0394553928086109,0.12605664561602,0.312997324463127,0.7542826948695,0.931837662726233
"YGL242C",578.896577325497,0.0386542951230714,0.123540089113528,0.312888677678951,0.754365239910362,0.931837662726233
"YDR349C",730.106442880689,0.0322236346342769,0.103012883672315,0.312811693892394,0.754423730498997,0.931837662726233
"YMR017W",28.3153053354486,-0.0812411022653733,0.259898714070347,-0.312587549946029,0.754594038161679,0.931843220054634
"YGL129C",723.760140118765,0.0222097734906203,0.0711222615153417,0.312275974039851,0.754830797654781,0.931892293371324
"YMR009W",1934.14343990104,-0.0342397003807488,0.109736327781221,-0.312017916701311,0.755026907039671,0.931892293371324
"YLR218C",922.001104196198,-0.0538691070531698,0.172885540520267,-0.31158827332269,0.755353447403837,0.931892293371324
"YDL067C",2298.00412483343,-0.0543074679405575,0.174371540514947,-0.311446855261924,0.75546093844689,0.931892293371324
"YPL109C",173.619421589512,0.0407759509876091,0.131017215363315,0.311225901684264,0.755628893448986,0.931892293371324
"YGR018C",9.56526943446434,-0.151719011900942,0.48800062607459,-0.310899215686153,0.755877240742783,0.931892293371324
"YBR084C-A",54526.1899049606,-0.0304451001631784,0.0979924685915166,-0.310688164108707,0.756037695951999,0.931892293371324
"YOL068C",1235.73839627085,-0.0315534738993793,0.101570863194273,-0.310654777433834,0.756063079649325,0.931892293371324
"YNL026W",348.894296816999,0.0326595073657563,0.105285794005227,0.310198613918748,0.756409924513885,0.931892293371324
"YNL042W-B",21.1713232427575,0.128629226695385,0.414725356841896,0.31015520168549,0.756442935653344,0.931892293371324
"YLL010C",746.285529126605,-0.024846785470937,0.0801158509593998,-0.310135699407705,0.75645776554448,0.931892293371324
"YDL139C",103.621658068483,-0.052911761403828,0.171231788245435,-0.30900665084445,0.757316467607974,0.932745682217141
"YNL152W",334.556896741806,-0.0363313811785449,0.117781089323772,-0.308465318050102,0.7577282866023,0.933048416017731
"YBL047C",2090.53373786797,-0.0315691938107757,0.102732458149382,-0.30729522469784,0.758618670110349,0.933388625465923
"YJR126C",427.46212555012,0.0344753262461762,0.112237337148929,0.307164506232276,0.758718160339941,0.933388625465923
"YJL024C",770.381942067786,0.0351323250143271,0.114499136793435,0.306834846080181,0.758969083441612,0.933388625465923
"YLR195C",1982.66022430802,-0.0366278800533602,0.11955059283586,-0.306379744211301,0.759315529075083,0.933388625465923
"YIR021W",799.61798808084,-0.0315114620117952,0.102851482879741,-0.306378295475233,0.759316632000472,0.933388625465923
"YKR056W",1775.52143279969,-0.0312940634766192,0.102159600828472,-0.306325232507148,0.759357029271385,0.933388625465923
"YLR292C",2708.86622818099,-0.029437774968592,0.0961337948854106,-0.306216716022511,0.759439645801722,0.933388625465923
"YFL012W",7.6528387133441,-0.19096823911648,0.623662845069354,-0.30620429070974,0.759449105703078,0.933388625465923
"YDR358W",258.768645837811,-0.0443654358139033,0.144919569785734,-0.306138335074403,0.759499321041934,0.933388625465923
"YLR319C",96.7168960158522,-0.0485279211961997,0.158995967523944,-0.305214792248689,0.760202567004456,0.933835306426653
"YNL125C",626.927366451915,-0.026370473726585,0.0865152265824426,-0.304807312750385,0.760512911634719,0.933835306426653
"YDL087C",332.90984694452,0.033131506998455,0.108727343051161,0.304721021122214,0.760578638032223,0.933835306426653
"YPL104W",765.311552520372,0.0233852483579436,0.0768159845066413,0.304432059396723,0.760798746277945,0.933835306426653
"YPR114W",1606.28083978796,-0.0235672154218816,0.0774257932806182,-0.304384552270143,0.76083493531293,0.933835306426653
"YHR100C",393.967940335909,-0.0509298883585073,0.167650035609901,-0.30378692240194,0.761290230594459,0.933835306426653
"YBR150C",310.219999864201,-0.0430347414095465,0.141819176790992,-0.303447970742134,0.761548492541082,0.933835306426653
"YML038C",885.427957139222,0.0254040984560447,0.0839584599883908,0.302579376271997,0.762210433475691,0.933835306426653
"YLR412W",1565.66910790461,-0.0345185054026222,0.114081102524745,-0.30257864482976,0.762210990968649,0.933835306426653
"YGL174W",604.665646186626,0.0269040523138427,0.0889295878972863,0.302532070034068,0.76224648974777,0.933835306426653
"YLL051C",342.958094854257,-0.0459394707962012,0.151937951875975,-0.30235678597077,0.762380093748596,0.933835306426653
"YOL143C",12066.5449681101,-0.0429272268746002,0.142046754926656,-0.30220491060683,0.762495861032322,0.933835306426653
"YMR142C",60882.1945425691,-0.0293206928540703,0.0971789698672469,-0.301718498293657,0.762866665487313,0.933835306426653
"YPL137C",474.172000371375,-0.0340146771782354,0.112761734676851,-0.301650886053798,0.762918212324284,0.933835306426653
"YBR016W",3791.34489561227,0.0228714841863792,0.0758601343424243,0.301495434784493,0.763036730669759,0.933835306426653
"YKR072C",1379.85004582602,0.0393445641109569,0.130552984484066,0.301368553667641,0.763133470826096,0.933835306426653
"YOR094W",763.927088990425,-0.0305910345878056,0.101512844435629,-0.301351368468487,0.763146573918102,0.933835306426653
"YHR090C",1501.86814855159,-0.0296511899188933,0.0984714299059278,-0.301114647641654,0.763327071879519,0.933835306426653
"YMR214W",1355.35881027552,-0.0236586997683055,0.0786662158943535,-0.300747906827989,0.76360673456835,0.933835306426653
"YHL014C",222.875472296578,-0.0442834319487491,0.14730984726898,-0.300614200406371,0.763708701709081,0.933835306426653
"YPL185W",23.9675888245205,-0.0829169264927523,0.275911367387406,-0.300520153547458,0.763780426144489,0.933835306426653
"YKR060W",697.31706653162,-0.0358372077393133,0.119326903692771,-0.300327978270371,0.763926994101802,0.933835306426653
"YNR058W",22.1919330003153,-0.0933709377661922,0.311077078967007,-0.300153704915351,0.764059915961842,0.933835306426653
"YOR126C",219.055431776187,0.0418536591387628,0.139550170865497,0.299918365410692,0.76423942525989,0.933835306426653
"YBR283C",8314.6609785867,0.02356593927204,0.0785839554479036,0.29988232505887,0.764266916783738,0.933835306426653
"YJL215C",59.3867461691653,-0.0558302787878991,0.186297561129598,-0.29968335843678,0.764418693558181,0.933835306426653
"YOR124C",898.359549951571,0.0277398283318728,0.0925891268699403,0.299601360004602,0.764481246671106,0.933835306426653
"YMR123W",2932.16816109818,-0.0237386201073933,0.0792458428562328,-0.299556661293385,0.764515346062105,0.933835306426653
"YIL053W",8554.44785669229,-0.0541618112265701,0.181592427675368,-0.298260295982138,0.765504505131631,0.934840356114682
"YJR017C",2275.05957834621,-0.0331298725231257,0.111473128792985,-0.297200526098543,0.766313420240766,0.935377084916525
"YLR143W",489.592953737095,0.0254791923218347,0.085857505719749,0.296761385137398,0.766648688254704,0.935377084916525
"YDL166C",1568.76997060607,0.028079447978688,0.0946352947121646,0.296712215712883,0.766686230027726,0.935377084916525
"YLR163C",981.517668256118,0.0234423227224272,0.0791380551264108,0.296220606950496,0.767061612590518,0.935377084916525
"YLR406C-A",10.8371809592283,0.152734777509464,0.515643033351526,0.296202542516153,0.767075407271071,0.935377084916525
"YFR024C-A",1059.23838845405,-0.039651971734331,0.13393070970629,-0.296063328726383,0.767181718625678,0.935377084916525
"YER154W",847.28757585574,0.0384098117865413,0.129766738220224,0.295991193994235,0.767236806423011,0.935377084916525
"YMR024W",1176.35012067308,0.0236435722462147,0.0798929886217137,0.295940515608509,0.767275509157505,0.935377084916525
"YKL040C",732.085004710048,0.0206831514800362,0.070124144198292,0.294950501236064,0.768031692638532,0.936012626753793
"YIL096C",1467.09709884479,-0.0363165397753248,0.123181282107525,-0.294821901136117,0.768129934980159,0.936012626753793
"YFL046W",386.0335645848,-0.035454717028817,0.120542945515946,-0.294125192287814,0.768662241184742,0.936210731085781
"YPL016W",605.894951955147,-0.0288729003740007,0.098315268575915,-0.29367666683132,0.769004985660386,0.936210731085781
"YDL227C",9.10284763983213,-0.115669183022225,0.394064719184096,-0.293528391127518,0.769118301711633,0.936210731085781
"YOR390W",78.7811807334,-0.0567166404172524,0.193295152386788,-0.293419879996583,0.769201231793843,0.936210731085781
"YLR019W",562.895552610595,-0.0263068500941275,0.0897190685725051,-0.293213588958161,0.769358897856984,0.936210731085781
"YER088W-B",9.05540503554179,0.127933408974605,0.436588744992876,0.293029562584561,0.769499555320655,0.936210731085781
"YOL029C",186.49923034593,-0.0379152756566486,0.129476578162599,-0.292835014600355,0.769648263048447,0.936210731085781
"YCL032W",258.137552793849,-0.0344882337498365,0.117787928397823,-0.292799391405835,0.769675493466175,0.936210731085781
"YMR086W",118.091692701782,0.0585814891282492,0.200475484692375,0.292212732235771,0.770123977354382,0.936210731085781
"YPR034W",939.898188869127,-0.0232170921358749,0.0795250921004108,-0.29194674941791,0.770327338831168,0.936210731085781
"YJL103C",92.0080956265871,0.0573969045758222,0.19660193529766,0.2919447587783,0.770328860866518,0.936210731085781
"YDL160C",257.335293012641,-0.0393280477145586,0.134772715954987,-0.291810159318106,0.770431777145045,0.936210731085781
"YOR003W",249.789023647698,0.0288670431214341,0.0990749272513352,0.291365776612721,0.770771585911757,0.936210731085781
"YDL230W",253.728184177453,0.0336695414442435,0.115564220793916,0.291349184141397,0.770784274628009,0.936210731085781
"YER140W",150.869995425079,-0.0335400962117875,0.115123550090254,-0.291340009802451,0.770791290522048,0.936210731085781
"YMR027W",1182.92534725102,0.0327153516222914,0.112413140457799,0.291027823696226,0.771030039837285,0.936298362983047
"YJR097W",236.987079287937,0.0421262363770693,0.145142128443563,0.290241274734025,0.771631661858869,0.936571841998799
"YOL115W",2405.79238083656,0.02510318650046,0.0865162075688246,0.290155881838558,0.771696986149073,0.936571841998799
"YJL116C",162.789539505182,0.0452690165063949,0.156057119087078,0.290079791112479,0.771755195782284,0.936571841998799
"YFR009W",44.4330832513441,0.0779285588096511,0.269074799206865,0.289616712673785,0.772109479866245,0.936799498456023
"YDR262W",432.062200610666,-0.0308226453924274,0.106617387141521,-0.289095861555061,0.772508020454991,0.936953287305803
"YKL165C",688.332806055412,0.0225383591825176,0.0780254961020913,0.28885890264674,0.772689354598312,0.936953287305803
"YIL015W",43.3282004223114,-0.0623727048246225,0.215990259055283,-0.288775545237242,0.77275314727856,0.936953287305803
"YLR071C",797.678448936364,-0.0425503034725773,0.147642692105289,-0.288197829949032,0.773195309802852,0.936953287305803
"YBL059W",309.721133937973,-0.034078537307127,0.11828147541187,-0.288113901086046,0.773259552067151,0.936953287305803
"YNR053C",2438.96957127748,0.0368381257275923,0.127944693438093,0.28792226342249,0.773406244464334,0.936953287305803
"YGL178W",1152.78467420475,0.0352565661554895,0.122504718881993,0.287797616918346,0.77350166165314,0.936953287305803
"YDR282C",85.8035753208037,-0.0424372599398568,0.147500951325325,-0.287708381258221,0.773569973861019,0.936953287305803
"YHL021C",173.119588278401,-0.0559740365595998,0.194919619552712,-0.287164712757214,0.773986204047345,0.937052300611656
"YPR138C",437.6703845741,0.0411420894716917,0.14329202198109,0.287120587056278,0.774019989340599,0.937052300611656
"YIL123W",1267.24224786656,-0.0312308162335505,0.10883779119108,-0.286948273129877,0.774151927355857,0.937052300611656
"YDR331W",335.56771768184,0.0414233509473665,0.14448142755898,0.286703638296049,0.774339251537042,0.93707134186095
"YIL095W",573.552750939174,-0.0312032108426014,0.108914680531746,-0.286492240442339,0.77450113575518,0.93707134186095
"YBR062C",555.291656703999,-0.0304408591391499,0.106483599254319,-0.285873687143564,0.774974867702954,0.93744269403586
"YLR039C",147.24427512261,0.0347639754704891,0.122244283731664,0.28438119484424,0.776118268686421,0.938424066715985
"YPR035W",15527.4986826874,-0.0252665846464909,0.0888483469032451,-0.28437878167847,0.776120117810658,0.938424066715985
"YPR196W",175.002395626286,-0.0364670883939641,0.128332765185146,-0.284160388357197,0.776287470200859,0.938424517644402
"YDL059C",313.815054573624,-0.0329442671224323,0.116380781192766,-0.283073088054509,0.77712081084186,0.938735357233928
"YER019C-A",9192.81698765123,-0.0306960687746761,0.10848783063855,-0.282944811358119,0.777219143011683,0.938735357233928
"YMR154C",12.8324929648691,0.116615982268001,0.412210429575773,0.282904007033536,0.777250422845632,0.938735357233928
"YFR049W",601.962152555373,-0.03912939809468,0.138389607841344,-0.282748095793,0.777369944819133,0.938735357233928
"YPL041C",35.5918200458003,0.0581332985586903,0.205766657042804,0.282520498676311,0.777544430836064,0.938735357233928
"YDL170W",573.723798943052,-0.0185434203295826,0.0656363851186301,-0.282517391779994,0.777546812797853,0.938735357233928
"YMR296C",5357.02116206738,0.0199125873066948,0.0705421839966452,0.282279143889872,0.777729476348769,0.93875422188146
"YDR189W",289.069671486061,0.0472650442289157,0.167892089317185,0.281520376696377,0.778311301450601,0.938853061546815
"YBR169C",580.850724906413,0.027067597696536,0.0961553159729159,0.281498713021338,0.778327915052178,0.938853061546815
"YDR018C",77.807990780256,0.0582932706936824,0.207600435904728,0.280795512011518,0.778867246094642,0.938853061546815
"YDL153C",5699.10307165103,-0.0190952766432584,0.0680199476769118,-0.280730540016865,0.778917082763442,0.938853061546815
"YBL042C",4395.29182093018,-0.0345031003280171,0.123002754886238,-0.280506728161723,0.779088764261214,0.938853061546815
"YGL252C",452.38845368304,0.0346854461962042,0.123708879339522,0.280379600731886,0.77918628591373,0.938853061546815
"YBR091C",1097.83806577791,-0.0236727901306094,0.0844442262671732,-0.280336396898363,0.779219429113943,0.938853061546815
"YGR110W",46.7883882066358,-0.0559458881814271,0.199659010415056,-0.280207179556412,0.779318558736952,0.938853061546815
"YHR206W",57.4518770113354,-0.0513980625738052,0.183467701500537,-0.280147743463472,0.779364156588915,0.938853061546815
"YBL044W",5.87235314207128,0.207123506887967,0.742170740813186,0.279077974242186,0.780184985872887,0.938853061546815
"YDR440W",672.637467561984,-0.0281299406225631,0.100798423564619,-0.279071235717588,0.780190157091289,0.938853061546815
"YDL134C",2299.83326871703,-0.0185039386382648,0.0663140697615894,-0.27903488211159,0.780218055418869,0.938853061546815
"YBR138C",257.930588175392,-0.037440145143815,0.13424684392044,-0.278890319134829,0.780328998115142,0.938853061546815
"YER033C",200.234519459308,-0.0412383280547443,0.147957959419407,-0.278716523373026,0.780462380996474,0.938853061546815
"YAL002W",242.402665138451,0.0416628430542821,0.149560825983285,0.27856788554336,0.780576461067713,0.938853061546815
"YMR200W",1177.63682358264,0.0227489020809109,0.081692542217306,0.278469753339267,0.780651780477788,0.938853061546815
"YJR080C",640.080283648032,-0.0215091791946164,0.0772735841232629,-0.27835099715714,0.780742932162141,0.938853061546815
"YHL002C-A",12.3295040527309,0.161475992968909,0.580321338626457,0.278252723484373,0.780818364709931,0.938853061546815
"YER188W",15.2106544365488,0.107034643470231,0.385597162829347,0.277581511971863,0.781333625919439,0.939102097505687
"YMR014W",5229.48436461508,-0.0246359228771063,0.0887628830931176,-0.277547574150579,0.781359681127508,0.939102097505687
"YDL029W",3046.1567286971,-0.0214874879383467,0.0776788759635758,-0.276619449905819,0.782072328397966,0.939469521847368
"YLR041W",22.9227385801071,-0.0667618228533634,0.241590828616955,-0.276342538479451,0.782284986446342,0.939469521847368
"YBR215W",1398.32211680186,-0.0212643830191341,0.0769951741369816,-0.276178127492807,0.782411255890528,0.939469521847368
"YMR019W",582.019954846071,-0.0265202368619897,0.096063428045895,-0.276070065387626,0.782494251897545,0.939469521847368
"YFL017W-A",346.507736414583,-0.0407328226353394,0.147622662125338,-0.275925268172954,0.782605465815404,0.939469521847368
"YGL198W",1165.33675067155,0.02951209622768,0.106988605948654,0.27584335701919,0.782668381012345,0.939469521847368
"YOR025W",35.2494075002808,-0.0630807982676288,0.229355224927698,-0.275035366155336,0.783289067406245,0.939999280080241
"YLR219W",960.941539916601,-0.0246605692725275,0.0898066272874776,-0.274596318973066,0.783626394697684,0.939999280080241
"YNL311C",255.419680314957,-0.0293286836581481,0.106834045047258,-0.274525631273951,0.783680709041642,0.939999280080241
"YBR231C",380.666256249051,0.0325337138300077,0.118563949597642,0.274398026891091,0.783778759155874,0.939999280080241
"YLR099W-A",840.114695345313,-0.026339483727968,0.0961411339360208,-0.273966851124267,0.784110096311457,0.940196019046381
"YLR446W",52.5132170097066,0.0521651022643903,0.190986857553424,0.273134512670844,0.784749817722249,0.940762366808669
"YLR266C",99.9776725308976,-0.0415532803411637,0.152792440086402,-0.271959007380639,0.785653539092572,0.941480466102475
"YNL238W",567.068304781252,0.0297375030674646,0.109438818128779,0.271727194938013,0.785831789245495,0.941480466102475
"YOR107W",1579.23868436309,-0.0367299623637295,0.135220798467584,-0.271629533178171,0.785906888764858,0.941480466102475
"YKL057C",849.781668978424,-0.0273052345512306,0.100577750865521,-0.271483845246643,0.78601892294534,0.941480466102475
"YDR173C",44.0162530556355,0.0597067410738566,0.220543298372764,0.270725710163905,0.786602001141233,0.94156271643262
"YIL087C",389.87119244933,-0.0312407895344035,0.115650395634634,-0.270131281116412,0.787059257506936,0.94156271643262
"YBR214W",590.23794577195,0.04169102641509,0.154368032752638,0.270075518043923,0.787102156252774,0.94156271643262
"YHL044W",26.23168945275,-0.0704418643135141,0.261004701596897,-0.269887338743447,0.787246928079528,0.94156271643262
"YGR002C",908.636299434085,-0.0251479607491042,0.0932490634823435,-0.269685933670164,0.787401883025157,0.94156271643262
"YLR333C",28887.0930862931,-0.0380677096450942,0.141320178272467,-0.269372074890107,0.787643373212748,0.94156271643262
"YBL104C",563.567363401581,0.0211274268427518,0.0784442725308331,0.269330394190953,0.787675444840709,0.94156271643262
"YEL056W",541.940803335051,-0.0291491301768588,0.108268064171712,-0.269231101524348,0.787751848019599,0.94156271643262
"YHR176W",151.383818474307,-0.0349894981295673,0.129987142946756,-0.269176607288764,0.787793780814553,0.94156271643262
"YLR185W",38069.4189392235,-0.0315437842248841,0.117204364766015,-0.269134893464571,0.787825879620374,0.94156271643262
"YDL014W",13278.4868707814,0.0210949896780653,0.0784203486710948,0.268998927389885,0.787930508075197,0.94156271643262
"YLR310C",946.608441927605,-0.0231646454822426,0.0865314386777351,-0.267702072636439,0.788928654294986,0.942464039139124
"YOL077C",10050.9515558998,-0.0284888310437705,0.106519346177981,-0.267452177148825,0.78912103046363,0.942464039139124
"YIL009W",811.126043393087,-0.0286095925720551,0.107085882639873,-0.267164932171949,0.789342175142336,0.942464039139124
"YLR021W",724.426861451622,0.0268312301878534,0.100482419742683,0.267024124782855,0.789450586387871,0.942464039139124
"YGR222W",371.128774263777,-0.032523901896427,0.121844428119789,-0.266929743102012,0.789523255563522,0.942464039139124
"YJR075W",942.32596349525,0.0237784364530347,0.0891591795196824,0.26669644764716,0.789702889254666,0.942478283629481
"YLR089C",1931.03687508741,0.0256486458086783,0.0963915050342785,0.266088238787818,0.790171252675311,0.942643762519831
"YPL161C",272.143807332245,-0.0222159837507953,0.0834933833619538,-0.26608077019093,0.790177004489488,0.942643762519831
"YIL109C",856.29405968386,-0.02897405589908,0.109002666707002,-0.265810523488952,0.79038513812542,0.942691951669113
"YLR168C",1322.78624141128,-0.0373196252288421,0.140577047019644,-0.265474528168365,0.790643929672537,0.942800527214017
"YJL099W",175.433808332539,0.036951956794517,0.139457484570514,0.264969333903573,0.79103308569109,0.942872631352255
"YPR051W",162.440114479347,-0.0531120701171877,0.200452831994602,-0.264960437768313,0.791039938936989,0.942872631352255
"YDR118W-A",45.6991782557071,0.0573470979973846,0.216748154606966,0.264579405999434,0.791333486546911,0.942878123692934
"YLR369W",434.065247357388,0.0251383708113809,0.0950393718430957,0.264504808100824,0.791390960377383,0.942878123692934
"YGR279C",9273.2030854235,-0.0303676674548179,0.115046243361319,-0.263960530718453,0.791810332310642,0.942878123692934
"YCL051W",354.108701377247,0.0338727544411923,0.128435193326006,0.263734211503956,0.791984731590807,0.942878123692934
"YBR273C",594.18736957014,0.0208010213266917,0.0788731559456357,0.26372751384551,0.79198989289678,0.942878123692934
"YIL042C",147.15392181465,0.0449822266157104,0.170618054031386,0.26364283001045,0.792055152189043,0.942878123692934
"YGR205W",60.2036543122172,0.0505049015053099,0.191901887784334,0.263180847715625,0.792411191912763,0.942878123692934
"YCR091W",71.2750378446103,-0.0373838988527402,0.142144889832285,-0.262998542521288,0.79255170248411,0.942878123692934
"YBR162C",2881.38573866233,0.0264381196672142,0.100601891339545,0.262799429664616,0.792705175151767,0.942878123692934
"YJL108C",74.9160434299957,-0.0364635361379813,0.138773729448031,-0.262755323237432,0.792739172692325,0.942878123692934
"YAL011W",875.666061894168,0.0233001800780812,0.0887424400613981,0.262559605775551,0.792890037824342,0.942878123692934
"YLR037C",75.6294591347571,-0.0412530514886824,0.157538990720801,-0.261859310510585,0.793429910745978,0.942970512168437
"YMR212C",2252.90117088244,0.0305253137459345,0.11659390129601,0.261808837397391,0.793468825399955,0.942970512168437
"YOR334W",239.808155828893,-0.04095670465714,0.156524816042082,-0.261662691532112,0.793581506425183,0.942970512168437
"YNL128W",7.81425337906342,0.125746341565817,0.480703275485789,0.26158827696512,0.793638883017208,0.942970512168437
"YGL112C",476.109001932198,-0.0240516080546421,0.0922917914925448,-0.260603978595269,0.794397921204108,0.943474896131058
"YGR213C",74.7946077137966,0.0594009927918557,0.228003115885064,0.260527109733884,0.794457206559454,0.943474896131058
"YBL050W",1260.36214686861,-0.0279900666449011,0.107509850126012,-0.26034885744975,0.794594688772339,0.943474896131058
"YBR095C",689.749010707859,0.0196359509814567,0.0754743900834903,0.260167070707497,0.794734903609329,0.943474896131058
"YKR088C",682.049080091247,-0.0289895211353514,0.111992564159754,-0.258852195704696,0.795749283582038,0.94444208582899
"YPR049C",405.46424804778,-0.0237956128912546,0.0919902491212417,-0.258675382647267,0.795885715033113,0.94444208582899
"YNL047C",198.168372987769,0.0341147002732571,0.132072567806579,0.2583026955546,0.79617330608842,0.94458390969325
"YBR066C",364.420929232179,0.0425945957804574,0.165093021536718,0.258003611442681,0.796404120035742,0.944658327269073
"YML043C",864.353254690058,-0.0272667339197887,0.106004005195427,-0.257223619706823,0.797006151410083,0.945172941743969
"YIR014W",217.446760270655,-0.0445878218918839,0.174174225346064,-0.255995522892628,0.797954294374404,0.945957710814213
"YDR498C",720.994886783233,0.0291752619938445,0.11412885486534,0.255634405762401,0.798233148935765,0.945957710814213
"YBR135W",772.75081701715,0.0273276747472262,0.106910472136394,0.255612702863776,0.798249908729288,0.945957710814213
"YJR140C",330.070806510486,0.0228107105333433,0.0892806266519922,0.255494516433643,0.798341178361532,0.945957710814213
"YDR361C",4247.39969805269,0.0352995879884457,0.138389136202347,0.255074848771598,0.798665289547377,0.946142269657728
"YJL187C",468.274815568796,0.0208938535998848,0.082118084425163,0.254436690116975,0.79915820876796,0.946526687729385
"YLR055C",342.380561012574,0.0285330566554884,0.112512425265403,0.253599161054279,0.799805244830853,0.946595557678186
"YOR191W",796.77509872146,0.022373504224342,0.0882491545539037,0.253526556004295,0.799861342601003,0.946595557678186
"YGR090W",1225.9884205981,-0.036611757310497,0.144432970405017,-0.253486147988446,0.799892564011378,0.946595557678186
"YJR070C",6677.72581432837,-0.0240440706790781,0.0948765786434766,-0.253424723180944,0.799940024739981,0.946595557678186
"YNL096C",16646.77461058,0.0322754929022997,0.127503458141337,0.253134255123673,0.800164468913674,0.946595557678186
"YCR002C",1572.03697990768,-0.0197920720260091,0.07847191032359,-0.252218557499029,0.800872134847578,0.946595557678186
"YJL179W",1797.92099455864,0.0275287116665979,0.109204868216576,0.252083191126633,0.800976762050823,0.946595557678186
"YPR064W",5.62361720198157,0.179019617778916,0.710317576356717,0.252027577153762,0.801019748166366,0.946595557678186
"YLR210W",267.247121561324,0.028793392842264,0.114332809744522,0.251838408472626,0.801165968210593,0.946595557678186
"YKL026C",146.48062897601,0.0382294345553263,0.151833110893503,0.251785887349306,0.801206566235019,0.946595557678186
"YCL034W",228.758405552222,0.050111788377779,0.199194650168112,0.251571959063593,0.801371935071328,0.946595557678186
"YGL253W",8725.55206358157,-0.026025064321902,0.103514518213362,-0.2514146302479,0.801493557596277,0.946595557678186
"YBL032W",1940.42786031875,0.0217355639486812,0.0864869705683775,0.25131605149121,0.801569766032541,0.946595557678186
"YDR391C",753.405452644537,-0.0357776978602466,0.14236478448524,-0.251310027192547,0.801574423307916,0.946595557678186
"YOR275C",617.001055741565,0.0306482229868858,0.12225273923717,0.250695593228617,0.802049467999611,0.946957565159204
"YPL099C",335.272374828041,-0.030296435907311,0.121103127153722,-0.250170549839347,0.802455459076127,0.947178431508987
"YMR059W",484.893040378188,-0.023165220102229,0.0926542964541859,-0.250017764839252,0.802573610470782,0.947178431508987
"YKL004W",2998.90056307153,-0.0198298093241605,0.0794594404511568,-0.24955888452738,0.802928498011708,0.947305477465121
"YMR153W",65.1324914233444,0.0448003431673284,0.179617503270699,0.249420810063318,0.803035289602865,0.947305477465121
"YDR438W",24.2112347841971,0.0806427586340625,0.323574445471726,0.249224744916109,0.803186939523363,0.947305477465121
"YPR174C",337.722406406945,0.0285471464975079,0.114778731739801,0.248714601257515,0.803581553517748,0.947572037509388
"YJR002W",3911.48206041723,0.0185827672585218,0.0749303239534258,0.248000626156004,0.804133922332138,0.947603371291184
"YBL105C",708.102968913692,0.0204537826675671,0.0825175407516854,0.247871937060234,0.804233493419199,0.947603371291184
"YER056C",5753.40760381717,-0.03083710777016,0.124409405194381,-0.247867978485864,0.804236556351858,0.947603371291184
"YKR074W",67.1919428956923,-0.0456051728553733,0.184033931651489,-0.247808501650322,0.804282576700881,0.947603371291184
"YJR153W",38.8995332907211,0.0496911735678314,0.201036362776796,0.247175052719203,0.804772751433354,0.947734923786371
"YMR079W",1833.08794321448,0.0232684655606622,0.0941808926218954,0.24706142523067,0.804860686651713,0.947734923786371
"YDR373W",88.4463271998431,0.0598418449949735,0.242344522252036,0.246928812084882,0.804963317808996,0.947734923786371
"YOL002C",965.609917594347,-0.0381633837914719,0.154637503783036,-0.246792549400028,0.80506877689611,0.947734923786371
"YNL237W",10.26222263284,-0.115422014979304,0.468381773955539,-0.246427212580352,0.805351543022407,0.947788549909546
"YNL203C",8.97467024106335,0.125558751036421,0.51010104711249,0.246144860409848,0.80557009751156,0.947788549909546
"YOR366W",62.5753013934428,-0.0461970541316932,0.18773181511963,-0.246080048297912,0.805620267423114,0.947788549909546
"YPR056W",154.866891025373,0.0318205921434406,0.129626149176991,0.245479730328122,0.806085000968534,0.94779509798812
"YHR078W",591.814584207205,-0.0194480471882964,0.0792389240576783,-0.24543552830349,0.806119222482771,0.94779509798812
"YHR056W-A",166.277417720109,-0.0392580724183542,0.159963253711075,-0.245419316671702,0.806131773733668,0.94779509798812
"YBR268W",2910.36587680354,0.0283119235534987,0.115485525573399,0.245155602080233,0.806335951925346,0.947836864635107
"YDR215C",19.3430932710465,0.0701726936691213,0.289413789894153,0.242464927793473,0.808419929717364,0.95003860219218
"YKL171W",119.15365173529,-0.0380193526883718,0.156909723275069,-0.242300807718093,0.808547087951103,0.95003860219218
"YMR030W",221.209259728244,0.0366217698346131,0.151486716500021,0.241749050218592,0.808974619993928,0.950338288099094
"YBR171W",2312.72139538608,0.0194232668987313,0.0804595747125605,0.241404046294308,0.809241976987537,0.950338288099094
"YHR155W",507.823080371375,-0.0264229900553832,0.109590256594366,-0.241107110034283,0.809472102305203,0.950338288099094
"YOR147W",785.63289061208,0.0160586327730996,0.0666874148140534,0.240804547872735,0.809706604638303,0.950338288099094
"YIL090W",411.448024224963,-0.0313775324647118,0.130350711258092,-0.240716235161808,0.809775055073722,0.950338288099094
"YDL044C",496.207539121394,-0.0218264367406157,0.0909069028578915,-0.240096582926552,0.81025538317817,0.950338288099094
"YDR042C",444.425894423575,-0.0424842451485358,0.177008559244284,-0.240012377536527,0.810320661141036,0.950338288099094
"YOR220W",1558.90685237083,0.0402790740913518,0.167914804027715,0.239878040084563,0.810424805367112,0.950338288099094
"YLR396C",124.881574091574,0.0429482354609817,0.179145468212032,0.239739446884302,0.810532252351266,0.950338288099094
"YBR143C",8666.26474638224,0.0170390401703322,0.0710965727143273,0.23966050007497,0.810593458945618,0.950338288099094
"YGR267C",2362.077965295,-0.0138785274381363,0.0580350945513083,-0.239140257208789,0.810996826470582,0.950338288099094
"YDR367W",842.482874594108,0.0217781365180491,0.0910990333638106,0.239060017586317,0.811059044302653,0.950338288099094
"YOR280C",146.13075671543,0.0321133161184534,0.134794929135162,0.238238310035035,0.811696265257841,0.950338288099094
"YMR156C",187.558676161028,0.030689156407476,0.128866356467084,0.238147156859477,0.811766960770253,0.950338288099094
"YOL087C",409.864934142777,0.0290037206083503,0.121827671818278,0.238071697303822,0.811825485969833,0.950338288099094
"YGL206C",1287.39829782508,-0.021912515668859,0.0921477959509419,-0.237797501749526,0.812038156414883,0.950338288099094
"YGR248W",100.966069822608,-0.0463252118872117,0.194847087797605,-0.237751625702158,0.81207373996347,0.950338288099094
"YFL016C",1474.41597155945,0.0240639023761634,0.101421716560047,0.23726577691984,0.81245061017982,0.950338288099094
"YOL059W",676.03009281542,0.045205392001372,0.19062323692052,0.237145233349595,0.812544121891524,0.950338288099094
"YCR065W",496.116107627611,0.0289215757627425,0.121958517902715,0.237142729020477,0.812546064653958,0.950338288099094
"YFL037W",2797.20421984872,-0.0243079976838737,0.102530038720238,-0.237081717585225,0.812593395340713,0.950338288099094
"YPR122W",21.5716846412703,0.0686862691570883,0.289785960722589,0.237024143563813,0.81263806002149,0.950338288099094
"YOR237W",12.0260432729792,-0.111004993131944,0.468915126935294,-0.236727259914696,0.81286838560838,0.950338288099094
"YCR094W",750.914024990441,0.025736199921728,0.10875387243919,0.236646285272448,0.812931209433343,0.950338288099094
"YBR053C",288.407511500908,-0.0325735588114971,0.13784083955912,-0.236312829461013,0.813189932360455,0.950338288099094
"YDL035C",823.857541084389,0.0177372323221541,0.0751324586246124,0.236079487439316,0.813370990757368,0.950338288099094
"YCL040W",120.155636170685,-0.0661558181154799,0.28023926596567,-0.236069052948434,0.81337908748405,0.950338288099094
"YDL199C",13.156457009679,-0.0940516798642843,0.399355324937556,-0.235508766232153,0.813813875710207,0.950338288099094
"YNL307C",538.210776069331,0.0275223643849099,0.116968218827059,0.235297798503733,0.813977603702755,0.950338288099094
"YOR026W",256.440591116847,-0.0309184044451479,0.131493550004436,-0.235132479457014,0.814105910312583,0.950338288099094
"YNR049C",475.11806064807,0.0353909373308686,0.150561313957913,0.235059965940265,0.814162190722321,0.950338288099094
"YFR007W",11.6179592088796,-0.0919930538359218,0.391469647507148,-0.234994090657417,0.814213319785968,0.950338288099094
"YLR188W",502.826945773155,-0.0238135043220649,0.101452198935118,-0.234726349670297,0.814421134945858,0.950374989110527
"YOR379C",6.86622831916322,-0.140110773048764,0.597441822638293,-0.234517852181887,0.814582975541888,0.950374989110527
"YMR244C-A",571.504039138109,0.0211443297259101,0.0903713448941386,0.233971617338202,0.815007013229701,0.950378645763064
"YKL076C",234.477583394076,-0.0242170046244056,0.103531300801724,-0.233909981202537,0.815054864267915,0.950378645763064
"YLL003W",293.262344307872,-0.0252762598154469,0.10808272747121,-0.233860306885573,0.815093429284336,0.950378645763064
"YNL240C",469.003959849467,-0.025461803416745,0.109152725551542,-0.23326768331334,0.815553551424168,0.9505585682577
"YDR110W",185.840318701509,-0.037168707463541,0.159397339369421,-0.233182734483406,0.815619512230519,0.9505585682577
"YJR010C-A",97.8581504100327,0.0361271884796099,0.155188435239521,0.23279562310072,0.815920111823986,0.9505585682577
"YGR292W",38.6279194155081,0.0661951489148965,0.284355347870296,0.232790237323373,0.815924294177072,0.9505585682577
"YAL013W",966.520017457611,-0.0255027800494204,0.109719699469312,-0.232435744654526,0.816199588807113,0.950682215356678
"YDR171W",1259.5247980804,-0.0407060601513511,0.175492558913504,-0.231953197351314,0.81657436553476,0.950778635555054
"YJR062C",253.6769268594,0.0259170157614742,0.111861272889101,0.231688904409021,0.816779649919953,0.950778635555054
"YKL127W",1019.41914284258,-0.0226834229507603,0.0979863037776143,-0.231495852749397,0.816929606974563,0.950778635555054
"YOR370C",1207.45742816143,0.0248157733898316,0.107215058417056,0.231457910448555,0.816959080266077,0.950778635555054
"YKL205W",1627.01621097824,-0.0199526249251782,0.086297405066983,-0.231207704445935,0.817153444870613,0.950799819039536
"YDR473C",787.69216078136,0.018934783382958,0.0819691443380058,0.23099891472429,0.817315645156583,0.950799819039536
"YDR204W",406.369155960726,-0.0237450880607006,0.103050405075965,-0.230422073966587,0.817763810042383,0.950955720523017
"YDR123C",131.97493494036,0.0456259494061863,0.198037167052914,0.230390840695047,0.817788077809207,0.950955720523017
"YHR149C",999.194997504069,-0.0204808416715186,0.089025416897627,-0.23005611639056,0.818048164353739,0.950991022308156
"YOR223W",97.5329091064544,0.0338689230354952,0.147309842088851,0.2299162266094,0.818156867056928,0.950991022308156
"YNR051C",7086.8658289007,-0.0192190501761397,0.083916568658754,-0.229025691628238,0.818848947738077,0.951089141947148
"YDR429C",7582.67005655114,0.019339664314515,0.0845063108963371,0.228854674986803,0.818981869767654,0.951089141947148
"YNL186W",3925.29753288054,0.0258721467935418,0.113103341290545,0.228747855707288,0.819064897283364,0.951089141947148
"YDL065C",1751.91296551826,-0.0195849370669746,0.085716486774081,-0.228485065172978,0.819269165347063,0.951089141947148
"YNL305C",617.001565505329,0.0327304629999734,0.143458449039827,0.228152912700783,0.819527366251106,0.951089141947148
"YKR013W",1268.9992239435,-0.0214608682690063,0.0941469795889242,-0.227950682674169,0.819684580674815,0.951089141947148
"YNL333W",6.73137940566948,-0.147689776652116,0.648736383613357,-0.227657613142504,0.819912426949874,0.951089141947148
"YIL083C",891.899430308298,-0.0249391001556102,0.10963294722091,-0.227478151302071,0.820051956676518,0.951089141947148
"YOR035C",13.735059473866,-0.0856833864053993,0.376959259653766,-0.227301450252472,0.820189345482295,0.951089141947148
"YNL294C",646.851226995635,0.026274850897993,0.115693103609246,0.227108186039649,0.820339618816254,0.951089141947148
"YNR018W",3042.15265643157,0.0225523649732507,0.0994005055575712,0.226883805537475,0.820514095015003,0.951089141947148
"YDR131C",168.855017832446,-0.0293163913789412,0.129217659955913,-0.226876043018759,0.820520131236617,0.951089141947148
"YNL117W",10.9661118232391,0.0764004490915109,0.336758297241853,0.226870279714717,0.820524612853355,0.951089141947148
"YKL038W",698.431344483302,0.0233498315509141,0.102971664115702,0.226759776599098,0.820610542580377,0.951089141947148
"YOL119C",279.851561143851,-0.0322221377753003,0.142481670963988,-0.226149353508386,0.82108526018264,0.951274850790136
"YBR247C",4028.26796837676,-0.0200033602095547,0.0884640836355027,-0.226118435725557,0.821109306260311,0.951274850790136
"YMR066W",528.277034850479,0.0203693353661808,0.090211654584041,0.225794942572579,0.821360910752411,0.951370222264747
"YDL114W-A",59.0214432499702,-0.0435707308787005,0.193574829779779,-0.22508469168367,0.821913389708483,0.951813981075968
"YOL105C",299.918615150582,-0.0281593278555943,0.125445247368091,-0.224475047452113,0.822387680775105,0.952027681480844
"YML082W",454.180340756964,0.0237604494402003,0.105935772767032,0.224291085245142,0.822530812463649,0.952027681480844
"YLR077W",309.051310393466,-0.0303389734084553,0.135498900681161,-0.223905679351932,0.8228306964375,0.952027681480844
"YIL036W",1348.00539997955,0.021365567502165,0.0955111903614062,0.223697007872266,0.822993074327411,0.952027681480844
"YOL165C",98.0838119702833,0.0380172886021374,0.169980070495839,0.223657329304779,0.823023951096432,0.952027681480844
"YHR159W",314.60253948683,-0.0310336831271702,0.139009890159208,-0.223248022796273,0.823342478138683,0.952027681480844
"YHR122W",265.735825993735,-0.032562534210803,0.145939555203241,-0.223123430556268,0.823439443036768,0.952027681480844
"YMR207C",564.391154679947,0.0280319640036212,0.125644235003861,0.223105851237502,0.823453124497933,0.952027681480844
"YPL006W",587.029198542755,0.0264124118069693,0.118595071970116,0.222710871271488,0.823760539802524,0.952187213840022
"YOR074C",350.856389697827,-0.0273990899549023,0.123253762160699,-0.222298203921591,0.824081750191628,0.952362623088001
"YDR343C",122.579338471315,-0.0301797754285639,0.1363671288024,-0.221312685055467,0.824848973612932,0.952903071491033
"YJL132W",37.0630002112389,-0.0592944125609553,0.267982929482235,-0.221261901552897,0.824888512954426,0.952903071491033
"YNL244C",6558.69778846914,0.0258482843141852,0.117038221564183,0.220853358575772,0.825206615092068,0.953057962992188
"YPR091C",1031.12867563492,-0.0172443656999446,0.0781511180527013,-0.220654113845381,0.825361762612629,0.953057962992188
"YDL150W",2423.8153862962,-0.0191526664545268,0.0869320268850775,-0.220317725708228,0.825623716185644,0.953120943095448
"YNL162W-A",20.1063633458809,0.0841352216125595,0.382174834187568,0.220148513419036,0.825755493226288,0.953120943095448
"YER155C",887.314673128088,0.0165217110805729,0.075358878251546,0.219240406225579,0.826462781420753,0.953726222235779
"YOL096C",171.244901736952,-0.0313201694043998,0.143332149995298,-0.218514613821305,0.827028173238575,0.953726222235779
"YDL047W",2047.73117941819,-0.018465329210543,0.084526365692365,-0.218456443256391,0.82707349195682,0.953726222235779
"YGR246C",1444.15550570571,0.0155806806937489,0.0714291737531127,0.21812769034123,0.827329623046048,0.953726222235779
"YKR062W",1031.18959706522,0.0159908859888189,0.0733564821137827,0.217988724759395,0.827437896525696,0.953726222235779
"YOL117W",176.9864869163,-0.0333526115723812,0.153057625718573,-0.217908852406391,0.827500129661185,0.953726222235779
"YLR345W",219.964861476882,0.029329416052757,0.134696436845868,0.217744557610819,0.827628144573263,0.953726222235779
"YJL054W",1355.17405530862,0.0160421569401634,0.073678269352194,0.217732542867956,0.827637506377917,0.953726222235779
"YPL144W",287.464616725417,0.0278084433940356,0.128026332449836,0.217208779333984,0.828045643092757,0.95400092541642
"YCR011C",737.049315804533,-0.021861461983324,0.101012827649693,-0.216422631580399,0.828658326816255,0.954511128654919
"YBR068C",1169.78278721512,-0.0211796256642161,0.0983289519530132,-0.2153956209595,0.829458883853243,0.954667496888896
"YIL110W",347.635287791946,0.0284814972459573,0.132239911363579,0.21537746775745,0.829473035909503,0.954667496888896
"YKL044W",10.0622696849359,0.0969223561994925,0.450198175111611,0.215288203190659,0.829542626485282,0.954667496888896
"YMR259C",579.41072252062,-0.0187246610028372,0.0870983805505371,-0.214982883544805,0.829780663512866,0.954667496888896
"YML007W",1171.02806147129,0.0154758364041363,0.0721369170675488,0.214534208464229,0.830130493399211,0.954667496888896
"YDL207W",1817.37418670147,-0.0182209880747372,0.084999611622293,-0.214365545053366,0.830262008193404,0.954667496888896
"YHR101C",152.550421058733,-0.0263583423358978,0.122983708750934,-0.214323853163988,0.830294518053562,0.954667496888896
"YIL117C",85.3540948506494,-0.0418265794721773,0.195215725349471,-0.214258248905411,0.83034567452131,0.954667496888896
"YFR005C",465.317724074702,-0.0206489917949015,0.0964190288224753,-0.214158885928213,0.830423156515263,0.954667496888896
"YPL079W",39687.4713182537,-0.0194074764439051,0.0906596526004186,-0.214069609658039,0.830492774428792,0.954667496888896
"YGR229C",3450.7403433652,-0.0231749554095403,0.108664493603239,-0.213270725708784,0.831115805780898,0.954888883145917
"YOR112W",816.275598053217,0.026996817801431,0.126795540568902,0.212916145791111,0.831392368601506,0.954888883145917
"YIL044C",1033.7798849114,0.0155747954458778,0.073200844732519,0.212767974232936,0.831507944628353,0.954888883145917
"YGR130C",1754.74259244132,0.0229305839594033,0.107781524388768,0.212750599784548,0.831521497196138,0.954888883145917
"YMR020W",388.564630477279,0.0297807690862079,0.140072425763332,0.212609790427459,0.831631334378836,0.954888883145917
"YDR284C",656.077560991983,-0.0194989900144226,0.091920921160648,-0.212127878705052,0.832007270532884,0.954888883145917
"YGL225W",2642.78030245555,0.0332282865302121,0.15669780533305,0.212053298765658,0.832065453287614,0.954888883145917
"YAL031C",430.631062515158,0.0195027234957193,0.0920826293992917,0.211795901387122,0.83226626620942,0.954888883145917
"YNR052C",786.544069984553,0.0169039992311241,0.0798209629719482,0.211773932582908,0.832283406051141,0.954888883145917
"YKL185W",1499.93267725422,0.0212107688793528,0.100218892069653,0.211644415951147,0.832384455254777,0.954888883145917
"YIR039C",15.496961918291,0.072415476256539,0.342928256177103,0.211168006579022,0.832756174872889,0.955120347507273
"YHR156C",349.029134765901,0.0253574271548594,0.120400548765649,0.210608900165528,0.833192466759516,0.955425762739947
"YBR089W",8.64466246793299,-0.0875943716732232,0.417176915831744,-0.209969363953378,0.833691584048738,0.955615516264938
"YDR350C",391.899605752196,0.0279147622035265,0.133033055624387,0.209833278447295,0.833797798775968,0.955615516264938
"YPR085C",172.505432084053,-0.0282973404340047,0.135043685650777,-0.209542121852196,0.834025056660554,0.955615516264938
"YOR273C",1144.25031467156,0.0211073503969703,0.100738854994296,0.209525414976827,0.834038097380697,0.955615516264938
"YOL057W",552.492468012886,0.025382980486249,0.121349625960081,0.2091723009892,0.834313734739986,0.955729197541251
"YJL146W",206.94241994615,0.0225397412402703,0.107864952602358,0.208962602740508,0.834477432799807,0.955729197541251
"YGL193C",47.3735806146263,0.0391825760245087,0.187799405376114,0.208640575544082,0.83472883287477,0.955776070627886
"YHL039W",1688.50521463153,0.0175867730525347,0.0844805874758615,0.208175316696984,0.835092080808395,0.955776070627886
"YJL185C",28.9887065250092,0.0618227866362667,0.297399022749356,0.207878244066626,0.835324036815404,0.955776070627886
"YEL024W",2471.71889278237,-0.0220932807394637,0.10630747449108,-0.207824340153217,0.835366126834973,0.955776070627886
"YER129W",551.28960461993,-0.022722804243935,0.109338317471127,-0.207821052760716,0.83536869375875,0.955776070627886
"YGL094C",626.332587795107,0.0189281364360206,0.0915803708335781,0.206683334689889,0.836257173372627,0.955861902530997
"YLR227C",181.919690107723,-0.0252295009960761,0.122104195842708,-0.206622719407416,0.836304515614401,0.955861902530997
"YIR010W",1255.32384918494,-0.0181992625648137,0.0881444067891884,-0.206470985826023,0.836423026411864,0.955861902530997
"YLL061W",141.017989095286,-0.0318880940973411,0.154497165647201,-0.206399217511592,0.836479082008596,0.955861902530997
"YOR242C",77.76745790722,-0.0348166655243273,0.168703264616131,-0.206378137397338,0.836495547070045,0.955861902530997
"YBR001C",106.505473953163,0.0334692644388662,0.162221914638398,0.206317774719101,0.836542694990899,0.955861902530997
"YFR048W",326.047052750729,-0.0200915420977623,0.0976645184409834,-0.205719973010497,0.837009656042497,0.955861902530997
"YPL237W",55669.93743037,-0.0202132387274674,0.0982811389129029,-0.205667526353967,0.837050626459709,0.955861902530997
"YGL015C",28.7352825682393,-0.043865118978554,0.213717060767108,-0.20524856004058,0.837377931524432,0.955861902530997
"YLR016C",704.188789151055,0.0182364554395241,0.0888546791274985,0.205239111981446,0.837385312866462,0.955861902530997
"YIL013C",49.7282775774377,-0.0551966477929945,0.268944749763205,-0.205234152522378,0.837389187473646,0.955861902530997
"YDR247W",453.411287314163,-0.0221581252486978,0.108154569909734,-0.204874609248513,0.837670093316653,0.955861902530997
"YHL009C",283.378067504003,-0.0250898097024,0.122550532891686,-0.204730319080498,0.83778283091159,0.955861902530997
"YGL093W",249.310420768445,-0.026569672548385,0.129845456349431,-0.204625354597566,0.837864844436666,0.955861902530997
"YBL070C",7.70847788827211,0.100614810667284,0.492915397396827,0.204121865940178,0.838258267502134,0.955861902530997
"YCR008W",1114.82704385031,-0.017595352053316,0.0862091664112952,-0.204100709771052,0.838274799693728,0.955861902530997
"YCR099C",52.3075986703555,0.0362613506755277,0.177781290301303,0.203966067599532,0.838380015602493,0.955861902530997
"YOR369C",135279.737808464,-0.024880741539228,0.122213254910264,-0.20358464028715,0.838678097044821,0.955861902530997
"YKL107W",14.330605296663,0.104704500189554,0.514428354720233,0.203535631791712,0.838716398348803,0.955861902530997
"YGL145W",444.622708685319,0.0298755133448132,0.146967146261659,0.203280216733767,0.838916017469241,0.955861902530997
"YOR254C",2819.73501128372,0.0155917236887267,0.0767809762608988,0.203067536361438,0.839082245291847,0.955861902530997
"YAL054C",204.845861582639,-0.0356651833201579,0.175985322510106,-0.202659987841371,0.839400799220361,0.955861902530997
"YGL150C",2230.41977657067,-0.0175366834374097,0.0865602853239899,-0.20259502809829,0.839451576420339,0.955861902530997
"YDR249C",203.528102794935,-0.0219060947221943,0.108363091875137,-0.202154574432372,0.839795884251121,0.955861902530997
"YLL026W",2008.27701842289,0.0317506777179164,0.15754464166155,0.201534481801836,0.840280669931036,0.955861902530997
"YBR295W",73.3535202810872,-0.0503688694705767,0.250127224426876,-0.201372999624444,0.84040692593477,0.955861902530997
"YGR283C",1188.93427546757,-0.0202851809783181,0.100945638837723,-0.20095153403237,0.840736471178072,0.955861902530997
"YHR077C",3624.38432583398,0.0226864490405864,0.112931302061176,0.200887164378011,0.840786804467266,0.955861902530997
"YMR283C",253.431308118181,-0.0227769922616342,0.11349586648659,-0.200685654612147,0.840944377476358,0.955861902530997
"YGL002W",794.864206682985,-0.017498965893664,0.0873084047056603,-0.200427048835192,0.841146606740541,0.955861902530997
"YGL133W",1315.67293364651,0.014088923755968,0.0703171416411807,0.200362577703484,0.841197024685364,0.955861902530997
"YDR188W",719.779799375871,-0.0219081498648833,0.109484269177275,-0.20010317490826,0.841399890366313,0.955861902530997
"YJR131W",238.539154883109,0.0360837278098462,0.180530922306917,0.199875607728304,0.841577867709776,0.955861902530997
"YPL120W",267.992593151731,0.0197326919325093,0.0988516516336946,0.19961924364836,0.841778376432188,0.955861902530997
"YDR481C",264.886522553984,-0.0402175451929141,0.201864685797824,-0.199230217182185,0.842082663302105,0.955861902530997
"YLR177W",216.185157148746,-0.0277734841571452,0.139404161416312,-0.199229950347059,0.842082872022034,0.955861902530997
"YMR295C",2170.00780753482,0.0214708620431963,0.107834369465039,0.199109635913969,0.842176983774778,0.955861902530997
"YGL092W",1619.09320027334,0.0185855146822074,0.093370927769872,0.199050337467081,0.842223368738155,0.955861902530997
"YOR350C",339.32550270813,0.0164821974558937,0.0829828724288372,0.198621679070319,0.842558694031199,0.955861902530997
"YOR130C",436.306916465457,0.0225701346141092,0.114009060543076,0.197967902784195,0.843070176566631,0.955861902530997
"YDR145W",692.542077436259,-0.0273106999526544,0.137990184142474,-0.197917700613084,0.843109455025409,0.955861902530997
"YKR095W",6002.2231050845,-0.0173014260143173,0.0874806343740696,-0.197774354725595,0.843221611795385,0.955861902530997
"YEL054C",41394.2905087656,-0.0200448844778598,0.101399459632478,-0.19768235995056,0.843293592074312,0.955861902530997
"YLR096W",739.001966205215,-0.0206148014904074,0.104282801728717,-0.197681699653937,0.843294108720724,0.955861902530997
"YML006C",264.048912188707,0.0317988349228552,0.16112700277429,0.197352612382418,0.843551610108143,0.955861902530997
"YLR394W",227.683621463715,0.021462632317895,0.108843430604399,0.197188127925724,0.843680320766199,0.955861902530997
"YOR384W",40.4805018148244,-0.0492046448541537,0.249675570487623,-0.197074326326984,0.843769374047487,0.955861902530997
"YKR023W",1480.81297168765,-0.0130791434345099,0.0665161963917717,-0.196630958232721,0.844116342373293,0.955861902530997
"YBR197C",183.56943709608,0.0222972053683207,0.113492743266745,0.196463709718558,0.844247234566795,0.955861902530997
"YNR011C",309.01593756503,-0.0235159560825232,0.119824551517099,-0.196253236793191,0.8444119612022,0.955861902530997
"YOL163W",12.9721255105961,0.0902863202303467,0.460454054846609,0.196081062334056,0.844546718603028,0.955861902530997
"YJL139C",177.479018488889,0.0258003626381655,0.131894532273529,0.195613587564491,0.84491262440539,0.955861902530997
"YNR041C",362.511494479218,0.022373254814822,0.114404478824072,0.195562752829169,0.844952416217618,0.955861902530997
"YHR075C",81.6831171463063,0.0359652371927884,0.183968486753013,0.195496727877495,0.845004099038093,0.955861902530997
"YNR003C",1016.14965686969,0.0154990601322141,0.0793270477280751,0.195381784348553,0.845094075792311,0.955861902530997
"YDL036C",1435.37952191865,0.0158076977831757,0.0809404169425822,0.195300424439244,0.845157764814436,0.955861902530997
"YGR237C",808.355362521338,0.0259025960996572,0.132903055342885,0.194898424515746,0.845472467597154,0.955861902530997
"YKR069W",212.689203127348,-0.0274645997592449,0.140977103950782,-0.194816030330949,0.845536972345517,0.955861902530997
"YJL164C",114.094955374713,-0.030409980819596,0.156119553454359,-0.194786496289117,0.845560094204344,0.955861902530997
"YER086W",3413.02762520852,-0.0140211159771563,0.0720794705358989,-0.194523015678551,0.845766376003002,0.955861902530997
"YLR364W",509.063639430909,-0.0231552723163228,0.119077088141434,-0.194456151705861,0.845818726207588,0.955861902530997
"YHR132W-A",160.042779613919,-0.0264484043618469,0.136422327339459,-0.193871522921872,0.846276482039712,0.956186937889662
"YGR271W",308.048076420254,0.0234963658352481,0.121437589167001,0.193485114423146,0.846579062762037,0.956247279323821
"YDR108W",303.285564782627,-0.0210396639157253,0.108911120721807,-0.193181961367079,0.846816465384505,0.956247279323821
"YIL153W",406.298314954143,-0.0274414130677666,0.142194112692601,-0.192985578292473,0.846970262636382,0.956247279323821
"YJL181W",140.502169985123,0.0313094332609566,0.16244682155251,0.19273650885706,0.847165329554294,0.956247279323821
"YKR104W",44.1126920358241,-0.0382524371717266,0.198562530934128,-0.192646804972569,0.84723558639522,0.956247279323821
"YGR011W",87.538726301449,-0.0382026353197022,0.198455543370781,-0.192499713894748,0.847350791998688,0.956247279323821
"YDR283C",656.239830829718,0.0150914377289294,0.0787816419249062,0.191560335126226,0.848086615012185,0.95687552979354
"YNL310C",791.415403344181,0.020052278771187,0.104934921675729,0.191092521450132,0.84845310669449,0.95687552979354
"YBR227C",547.486473604381,-0.020792768826419,0.109093877480437,-0.190595194768356,0.848842755200421,0.95687552979354
"YGL097W",925.300965911063,0.0178457020680161,0.0936455490146109,0.19056647385592,0.848865258763008,0.95687552979354
"YKL173W",721.616574320292,0.0165810382697583,0.0872508370841301,0.190038729986857,0.849278781361853,0.95687552979354
"YLR286W-A",20.3468610826656,0.0569925922869372,0.300002246446156,0.189973885069444,0.849329594552634,0.95687552979354
"YBR008C",370.44007107209,0.0169254274712667,0.0890984904894024,0.189963122588254,0.849338028211889,0.95687552979354
"YNL074C",351.58980902546,0.0219737333593526,0.116011588142682,0.189409814236205,0.849771633047226,0.95687552979354
"YHR030C",2159.44925712541,0.0250628991963853,0.132400847335407,0.189295610268221,0.849861135628379,0.95687552979354
"YOR245C",454.109517149215,0.0167322110633859,0.0887897271870484,0.188447600792117,0.850525788021681,0.95687552979354
"Q0275",64.6008895244539,-0.0361753214851444,0.192022278242751,-0.188391273222017,0.850569940180367,0.95687552979354
"YNR033W",301.726269671211,-0.0343362801505214,0.182465689918347,-0.188179378632152,0.850736037170721,0.95687552979354
"YHR022C",236.181553796931,0.0244001864250364,0.129772790698828,0.188022360416549,0.850859122703158,0.95687552979354
"YFL008W",1737.85323960751,0.0123786064452193,0.0658363477022026,0.188020855913992,0.850860302090264,0.95687552979354
"YGL162W",197.193634387156,0.0387878553831127,0.206462921518601,0.187868383813499,0.850979827464804,0.95687552979354
"YDR195W",1087.9170382816,-0.0251928710533279,0.134106053477198,-0.187857821478667,0.850988107578751,0.95687552979354
"YBR280C",48.4129892001449,0.047803028255915,0.25453662994724,0.187804121810773,0.851030204526048,0.95687552979354
"YPR148C",3531.39063791005,0.015071331216667,0.0804753206035642,0.187278921085771,0.851441949123484,0.95687552979354
"YBR286W",6182.09620217686,0.0190463059442155,0.101885608671742,0.186938137706764,0.851709136678502,0.95687552979354
"YNL088W",1713.62918929624,0.0154779584417819,0.0829893402898958,0.186505379940541,0.852048460294784,0.95687552979354
"YLR312C",7.11656300941628,0.106231283379088,0.569869431766692,0.186413373761341,0.852120605500734,0.95687552979354
"YDL018C",560.971244721,-0.0176710230696244,0.0947974948310454,-0.186408122926865,0.852124722897768,0.95687552979354
"YDL022W",458.161955469789,0.0611590263521477,0.328849826788744,0.185978587701786,0.852461552917079,0.95687552979354
"YHL008C",287.849170825382,-0.0189086087190581,0.101794055507593,-0.185753565124907,0.852638020339707,0.95687552979354
"YOR075W",869.631649336148,-0.0163860908844272,0.0882168180813592,-0.185747924724681,0.852642443754621,0.95687552979354
"YLR127C",126.785161782624,0.020350517529393,0.109628960831759,0.185630853152241,0.852734256750072,0.95687552979354
"YPR026W",49.8382837798937,0.032808188947302,0.177207756660396,0.185139688948133,0.853119472392655,0.95687552979354
"YIR003W",444.635466261348,-0.0166099917855592,0.089741265605627,-0.185087558922477,0.853160359558133,0.95687552979354
"YKL041W",443.169772159933,0.0204428518921728,0.110512920620954,0.184981554892475,0.853243502961266,0.95687552979354
"YPL093W",9576.88040877888,-0.0238485174816942,0.128974851304536,-0.184908276617299,0.853300979136539,0.95687552979354
"YGR155W",9922.40575438759,-0.0160398718852799,0.0868686679196087,-0.184645077096425,0.853507427394344,0.95687552979354
"YOR226C",165.610844715501,-0.0398272242771704,0.215734509225506,-0.184612208867981,0.853533209257591,0.95687552979354
"YJL154C",766.358013953193,0.0138587010355964,0.0751577750977999,0.184394775092299,0.853703768414983,0.95687552979354
"YJL093C",99.8310144467695,-0.0321301561541713,0.174329846978095,-0.184306684776753,0.853772870067988,0.95687552979354
"YOR277C",11.7377008696073,-0.066869348230622,0.363051223373281,-0.184187089659986,0.853866687173417,0.95687552979354
"YOR160W",715.221419478062,0.0198656490634376,0.10815617078939,0.183675595377,0.854267955230623,0.956967672884207
"YKR043C",1815.05149324256,0.0236155002633375,0.128885809349445,0.183228086804415,0.854619057323629,0.956967672884207
"YPL156C",1038.2764191961,0.0478757941508525,0.261682423780556,0.182953801249566,0.854834267955597,0.956967672884207
"YBL065W",4.52717830226902,-0.139041833034494,0.761081107717253,-0.182689902067769,0.855041339399407,0.956967672884207
"YLR347W-A",16.5353259316091,0.071773643733683,0.393086816370904,0.182589801398884,0.85511988712094,0.956967672884207
"YML059C",200.974643494699,-0.0285897127670887,0.156597107423137,-0.182568587872043,0.855136533289992,0.956967672884207
"YPR175W",146.996862854521,-0.0290134140917574,0.158922689977256,-0.182563069476798,0.855140863563076,0.956967672884207
"YER077C",384.98815767273,0.018009761382096,0.099178196061743,0.181589926992462,0.855904554514305,0.957631613850368
"YHR016C",176.281319474554,0.0271278794727208,0.149594327101906,0.181342969337607,0.856098380445247,0.9576578220745
"YMR124W",1593.43732181902,-0.0201650176779012,0.112133999597558,-0.179829648012844,0.857286307284328,0.958252851059341
"YFR045W",215.627723823869,-0.0206031915197701,0.114685981718755,-0.179648734840981,0.857428342178393,0.958252851059341
"YKL094W",1250.87954704842,-0.018303541494976,0.101892153391624,-0.179636418367036,0.857438012007444,0.958252851059341
"YDR295C",1148.2804463426,0.0214171863390242,0.119284648740036,0.179546878540087,0.857508311570761,0.958252851059341
"YNL274C",236.637399787671,0.0346009456587507,0.192791101047969,0.179473769643245,0.857565711710402,0.958252851059341
"YNR036C",924.241079565376,0.0184812939697167,0.10303898777551,0.179362146006148,0.857653352460585,0.958252851059341
"YKL065C",2489.03241477196,0.0214881129212337,0.120391622876094,0.17848511721907,0.858342008273034,0.958656546231964
"YOL030W",205.649291329293,-0.0283125702805495,0.158752431947406,-0.178344167287651,0.858452694286481,0.958656546231964
"YMR190C",776.884343699982,-0.0201214662203007,0.11288320830238,-0.178250304211778,0.858526405193145,0.958656546231964
"YMR065W",98.9323391186637,-0.0235383662220703,0.132645988901304,-0.177452529224868,0.859152949595101,0.959130832305882
"YMR210W",235.375534706608,0.0187229147549182,0.105615159212664,0.177274880750955,0.859292480544504,0.959130832305882
"YGR062C",370.786088504001,0.0229050577663103,0.129412733145238,0.176992303690892,0.859514434905971,0.959188070725091
"YOR264W",771.166058809192,-0.0167055762103897,0.0946636634823131,-0.176472952723945,0.859922395798042,0.959452821994242
"YJL058C",128.374572909633,-0.0238355036793288,0.135409979401436,-0.176024719778342,0.860274522084023,0.959597314571857
"YNL243W",935.441995106527,-0.0215175699187976,0.12234691714334,-0.1758734132515,0.860393392905265,0.959597314571857
"YJL032W",13.8627855963774,0.0614604274803204,0.350546174011716,0.175327623111545,0.86082220782664,0.959768955333561
"YDL201W",3857.10145165843,-0.0194656537010703,0.111078184923225,-0.175242814010012,0.860888844099018,0.959768955333561
"YOL020W",483.526819472535,0.0246210942221768,0.140787345845417,0.174881443174662,0.861172791764146,0.959873565536264
"YML026C",16140.7362885581,0.0218969225806105,0.125468617841526,0.174521110994206,0.861455941172628,0.959873565536264
"YJL068C",303.183959819405,-0.0205770625061559,0.118037272358729,-0.174326821477371,0.861608621471787,0.959873565536264
"YNR012W",1163.35799878876,0.0151312061133314,0.0868342043871156,0.174253984592004,0.861665860877305,0.959873565536264
"YGL255W",7207.26719514352,0.0287311662176988,0.166202657792736,0.172868271778952,0.862754971598193,0.960613311747747
"YDR218C",64.0205911159064,-0.0235861257437365,0.136477761500053,-0.172820285770348,0.862792691224697,0.960613311747747
"YNL201C",868.463979988503,-0.0198837158167984,0.115096666583902,-0.172756661048076,0.862842704217549,0.960613311747747
"YPR191W",2300.00491289515,0.0214781265694156,0.125100541312567,0.171686919529404,0.863683669817591,0.961253625695621
"YGL190C",797.137192467885,-0.0140209638896014,0.0818922140381497,-0.171212416885807,0.864056744392822,0.961253625695621
"YJL078C",618.486178907139,0.0254323794761498,0.148706646181367,0.171023825291115,0.864205031712742,0.961253625695621
"YGL040C",2313.51046195929,0.0146413231941192,0.0856140024182418,0.171015520598995,0.864211561703016,0.961253625695621
"YKL132C",37.6132950309266,0.0338019514405113,0.197744719625988,0.170937315061782,0.864273055274016,0.961253625695621
"YGL038C",1362.75826279757,-0.0185423230635348,0.109245556132913,-0.169730684889144,0.86522194114094,0.96198915555415
"YAL016W",1155.88409176611,-0.0159570081507754,0.0940522881581949,-0.169661030722994,0.865276722655912,0.96198915555415
"YDR272W",57.6353934327634,0.0358928784191521,0.212491795752673,0.168914184625411,0.865864141802841,0.962350366144715
"YDR374W-A",296.209175101059,-0.0199038713482789,0.118000097753408,-0.168676736097908,0.86605091846163,0.962350366144715
"YHL035C",399.527946121568,-0.0266237174601093,0.158129364982317,-0.168366688015768,0.866294813082146,0.962350366144715
"YDR450W",36069.1945896055,0.0212261384379399,0.126140531383859,0.168273735690446,0.866367935100562,0.962350366144715
"YMR294W",601.380682055192,0.0176026356254261,0.104840323783098,0.167899477894057,0.866662360878252,0.962350366144715
"YJL131C",701.398673673492,-0.0212339105998561,0.126493887997877,-0.167865111397418,0.866689397669297,0.962350366144715
"YFL024C",1406.5651295378,0.018921789081878,0.112814917943062,0.167724175373932,0.866800276410062,0.962350366144715
"YPR144C",2114.25791788696,-0.0182106961526215,0.108847914008037,-0.167304043615175,0.867130822638969,0.962481265807291
"YER172C",729.571899479553,-0.0120060398629304,0.0718326759246453,-0.167138975520349,0.867260699296819,0.962481265807291
"YML029W",12.6507194786037,0.0727994730017696,0.43640229285817,0.16681734764723,0.867513768503025,0.962572039286673
"YHR004C",168.419679551156,0.0270351635249042,0.16250129418984,0.166368912073529,0.867866637553594,0.962773490535175
"YEL065W",892.331157394288,-0.0320355313646614,0.193953758119491,-0.16517097516061,0.868809409928067,0.963629146200066
"YHR007C",20787.5184477824,0.0135920633938934,0.0825689789661624,0.164614647826317,0.869247301210931,0.963924592108413
"YDR211W",1513.90035036085,-0.0170668683722144,0.10420970264181,-0.163774273791728,0.869908844736874,0.963924926725794
"YBR183W",303.405206432536,-0.0203445735378226,0.124274520382025,-0.163706715385281,0.86996203076203,0.963924926725794
"YMR046W-A",16.5212086639266,0.0530586733155193,0.32431388526765,0.163602841955814,0.870043807296456,0.963924926725794
"YDR406W-A",9.67790263634195,-0.0812221840989188,0.496870491842978,-0.163467514034999,0.870150349122999,0.963924926725794
"YGR277C",465.709178757518,0.0205292241331637,0.125723082521286,0.163289220415733,0.87029072085585,0.963924926725794
"YLR438C-A",2393.46193879839,-0.0147579228025491,0.0904151734524885,-0.163223961631884,0.870342100545195,0.963924926725794
"YPR169W",186.601409045852,0.0231095701711996,0.141987526147372,0.162757749206882,0.87070917584624,0.963924926725794
"YDR057W",248.989568217019,-0.0227144183861215,0.13964708128828,-0.162655876346109,0.870789389798355,0.963924926725794
"YHR006W",477.636652341173,-0.0161187411381241,0.0990986384493702,-0.16265350755913,0.870791254979868,0.963924926725794
"YLL053C",214.089106516639,-0.065742651114121,0.405248810520708,-0.162227869415947,0.871126413866393,0.964106035039214
"YNL085W",1852.34180453732,-0.0196827464850961,0.122233550084803,-0.161025728790832,0.872073136422115,0.964857587505298
"YNL266W",51.4085066260687,0.0360779916626189,0.224184938060452,0.160929596674734,0.872148851339308,0.964857587505298
"YKL096W-A",66.3113049591994,0.0409792680444818,0.255422440734695,0.160437226762885,0.87253666669752,0.965025809225378
"YNL032W",147.578373445479,0.0190525744517293,0.119002319494639,0.160102547014536,0.872800294830775,0.965025809225378
"YOR116C",717.131650196444,0.0250915239646775,0.156797557157492,0.160024967349936,0.872861406557996,0.965025809225378
"YCR073W-A",235.387728364337,-0.0293452532589419,0.183635785178552,-0.15980138746056,0.873037531093029,0.965025809225378
"YNL054W",666.841183795686,-0.017281168161209,0.108331729998831,-0.159520836244335,0.873258543558809,0.965025809225378
"YDR368W",1216.10466253721,-0.0241550886313845,0.151852446581556,-0.159069472867607,0.873614139074993,0.965025809225378
"YHR161C",304.22728648877,0.0242632040110286,0.152575422386664,0.159024327978195,0.873649706769605,0.965025809225378
"YMR052W",525.952429649645,-0.0148750637390282,0.0938511639706629,-0.158496315971937,0.874065723400963,0.965025809225378
"YPL071C",616.654193557478,0.015477231902792,0.0976553946374342,0.158488242869269,0.87407208440749,0.965025809225378
"YLL008W",4464.56659097637,-0.0150492587488739,0.0950248624544812,-0.158371802496245,0.874163831695976,0.965025809225378
"YMR073C",727.314247419651,-0.0172976344894796,0.109244370871915,-0.158338908919714,0.874189749958434,0.965025809225378
"YDR265W",197.398649431782,-0.0190830099455368,0.121401152809547,-0.157189693045783,0.87509535108043,0.96553736299123
"YDR470C",231.622288320933,-0.0178237667786295,0.113484676434472,-0.157058797175328,0.875198509592516,0.96553736299123
"YBR299W",27.3778132698607,-0.051461695408591,0.328025888250791,-0.156883030430958,0.8753370339965,0.96553736299123
"YGR227C-A",10.5236604845291,0.0803311080537852,0.51205840147014,0.156878800978856,0.875340367338134,0.96553736299123
"YDR244W",640.796131470379,0.00933420645748505,0.0596850383102781,0.156391060837732,0.875724782897473,0.965589620911992
"YLR088W",833.103916567477,-0.0145505754359642,0.0931525412582448,-0.156201594067369,0.875874120275707,0.965589620911992
"YNL242W",160.8687113066,0.018501022814311,0.118565938147086,0.156039947926358,0.876001532976462,0.965589620911992
"YNR021W",4847.02234875826,-0.0119892529017231,0.0770633855772855,-0.155576514215033,0.876366838441218,0.965589620911992
"YDR510C-A",6.87755135211194,0.0850803501266746,0.547039844387387,0.155528616424556,0.876404595774747,0.965589620911992
"YHR036W",59.4321129883461,-0.0451403720828112,0.290277388496975,-0.155507710457722,0.876421075820659,0.965589620911992
"YML070W",622.03773635416,-0.0168653072643483,0.108702745353033,-0.155150702124173,0.876702511572299,0.965589620911992
"YGL247W",186.771887365752,-0.0266490966283214,0.171938854931178,-0.154991707016941,0.876827855143525,0.965589620911992
"YIL150C",300.382260241186,-0.0156991685816803,0.101378494868247,-0.154856990154402,0.876934061411888,0.965589620911992
"YER121W",23.745858251746,-0.0518971055561677,0.336027786551226,-0.154442899168567,0.877260530758634,0.965759879111366
"YDR063W",1291.06025521955,-0.0195171844310097,0.126872245969258,-0.153833364278416,0.877741126057566,0.966030442377461
"YNL170W",83.7703699379048,-0.0289603099965144,0.18857338222299,-0.153575810409279,0.877944211135289,0.966030442377461
"YOR091W",6116.74132725031,0.0130000226019933,0.0847463563239618,0.15339919220005,0.878083481878626,0.966030442377461
"YHR067W",152.710418316519,0.0225750386565361,0.147415536308882,0.15313880220355,0.878288817012879,0.966030442377461
"YGL140C",1108.80224779803,-0.0117809063258149,0.0772628635706318,-0.152478251275855,0.878809742822904,0.966030442377461
"YOL013W-A",766.652280318307,0.0253402596397988,0.16645523738725,0.152234679049755,0.879001842792916,0.966030442377461
"YKL193C",563.459889399801,0.0171474183673286,0.112761128663767,0.152068523706064,0.879132889885957,0.966030442377461
"YLR291C",837.106794684052,0.0251090683601253,0.165711032072315,0.151523215118037,0.879562999242223,0.966030442377461
"YBR063C",202.623654693037,0.0210874836056163,0.139206614526382,0.151483344935594,0.879594448040212,0.966030442377461
"YMR185W",573.648411398834,0.0138900052725026,0.0918241073001974,0.151267523103628,0.87976468725602,0.966030442377461
"YBL113C",116.413850903936,-0.0305518563851236,0.202379600722226,-0.150963122153093,0.880004806697373,0.966030442377461
"YBR176W",172.085355948564,0.0209337880707931,0.13899105579424,0.150612483308157,0.880281413475355,0.966030442377461
"YFR012W-A",44.921458344397,-0.0342414694081307,0.227402550304937,-0.15057645291231,0.88030983742854,0.966030442377461
"YPR133W-A",21767.179682599,-0.0206892346820561,0.137458310159464,-0.150512796629427,0.880360055494175,0.966030442377461
"YPL259C",725.544158631137,-0.0112957837252849,0.0750686229692084,-0.150472771159239,0.880391631597621,0.966030442377461
"YDR034C",1374.71927296095,-0.0111430586757174,0.074086768531515,-0.150405516350431,0.88044468936134,0.966030442377461
"YNL200C",101.035996661356,-0.0241543811162068,0.160620903213793,-0.150381305502039,0.880463789591241,0.966030442377461
"YBR245C",3660.5082093781,0.0104361917439205,0.0694894086012022,0.150183919448984,0.880619512419533,0.966030442377461
"YFR039C",860.273942675647,-0.0150092251406419,0.100067947873937,-0.149990336161885,0.880772239633828,0.966030442377461
"YHR040W",412.389029809806,-0.0177838414847782,0.118757481658881,-0.14974923041784,0.8809624658125,0.966050547876342
"YJL136C",26178.4378282778,-0.0151615649895073,0.101543967206098,-0.14931034710053,0.881308750989439,0.966074015282918
"YNL191W",797.510255409996,-0.0197744413980271,0.132459785473939,-0.149286376444552,0.881327664831943,0.966074015282918
"YLL006W",522.077903792761,-0.0195430416698334,0.131182759371098,-0.148975686771071,0.881572817999933,0.966154297418024
"YNL146W",52.6696744637835,-0.0240227574195778,0.161624321148796,-0.148633307467765,0.881842989366833,0.966261961443088
"YCR101C",16.4550301974568,-0.0645171048718211,0.434760814632999,-0.148396779793236,0.882029641289103,0.966278086558433
"YGR157W",1323.1792101982,-0.015090284230557,0.101859515042058,-0.148148007815728,0.882225962670497,0.966304796376573
"YHR041C",466.93499916629,-0.0148696269273696,0.100553823311287,-0.147877290367542,0.882439610803307,0.966350470131446
"YHR199C",748.338513188976,0.0131858806365652,0.0899240192932151,0.146633577326766,0.883421249264698,0.967041394279558
"YER058W",873.620363349132,-0.0168178339814978,0.114852823610031,-0.146429434234902,0.883582392573077,0.967041394279558
"YER125W",1745.19375963944,-0.0114949198310214,0.0785043914009481,-0.146423908597839,0.883586754381767,0.967041394279558
"YJR135W-A",2657.11242634313,-0.0132474108221582,0.0910621259184052,-0.145476625859013,0.884334569277523,0.967671393952429
"YIL165C",82.3946381411098,0.028140140111395,0.194059032957112,0.145008143566366,0.884704442116588,0.967799845598776
"YCR097W",1211.99982340176,0.0160079195877012,0.110584490173372,0.144757366630748,0.884902444086503,0.967799845598776
"YDL126C",4655.17373764929,0.0163952973441092,0.113326110909079,0.144673607984863,0.884968577674753,0.967799845598776
"YDR243C",320.93869043517,0.0141582030569904,0.0980579021166839,0.144386150951331,0.885195552157745,0.967859728234733
"YJR048W",15091.4146073238,-0.016415365644764,0.114075164737615,-0.143899556774878,0.885579785687823,0.968047411721784
"YGL161C",688.423033815834,0.0133040965484354,0.092717741128209,0.14349030063231,0.885902970957695,0.968047411721784
"YHR059W",774.642819281981,-0.0160081404229276,0.111589865431613,-0.143455145868404,0.885930733190809,0.968047411721784
"YKL090W",217.128427911789,-0.0225247613228161,0.157426595783374,-0.143081041743488,0.886226177375829,0.968047411721784
"YJL157C",14.624310091243,0.0414140523670517,0.289860556341336,0.142875777545542,0.886388289002696,0.968047411721784
"YMR290C",5192.15978858281,-0.0106953239090326,0.0749772723129198,-0.14264754610431,0.886568545064649,0.968047411721784
"YIL048W",437.605981831989,-0.0153607951827586,0.107840700366597,-0.142439683074578,0.886732719362698,0.968047411721784
"YPL012W",4898.98719953757,0.0125014379473806,0.0878536497966069,0.142298447205359,0.886844272996432,0.968047411721784
"YDL122W",4971.26858275487,0.0138963364175258,0.097840062598046,0.142031148064732,0.887055402485545,0.968047411721784
"YML046W",165.428361036107,-0.0193867420238996,0.136538165547132,-0.141987714176572,0.887089710029749,0.968047411721784
"YMR012W",5399.09920343776,0.00995209825857909,0.0703116370050911,0.14154269026418,0.887441237538573,0.968059298920073
"YPR015C",56.6087730640588,0.0299852502966636,0.211853316607,0.141537790282925,0.887445108191497,0.968059298920073
"YBR237W",654.105859004219,0.0107279046046749,0.076066407669295,0.141033406642724,0.88784355140848,0.968214300908127
"YFR010W",2457.8375759868,0.0127772050482321,0.0906687960864517,0.140921745956008,0.887931762790122,0.968214300908127
"YPL042C",646.671048501339,0.0168771061294403,0.120666890941354,0.139865260451956,0.888766449577988,0.968936459093752
"YHR166C",412.247655037961,-0.0190286979185383,0.137737535357546,-0.138151868836208,0.890120393346966,0.969904359709095
"YJR077C",2267.96528566351,0.0183772284556656,0.133050501255091,0.138122203842222,0.890143837835199,0.969904359709095
"YMR064W",178.806858218018,-0.0210554817039647,0.152480312837255,-0.138086558928021,0.890172008430519,0.969904359709095
"YMR178W",450.099785228887,0.0117280135253571,0.0853556093535241,0.137401790159827,0.890713216126261,0.970059059466013
"YEL048C",598.012999246444,0.0149700309939736,0.109339552071365,0.136913227742169,0.891099383074329,0.970059059466013
"YDL233W",646.968800524392,-0.0121467293166152,0.0887280715716172,-0.13689838065297,0.891111118837727,0.970059059466013
"YPL222W",87.7395816295213,-0.0269156382245869,0.196743441609469,-0.136805771030547,0.891184321914447,0.970059059466013
"YPL103C",164.030769258575,-0.0165931267275974,0.121525377537723,-0.136540425249423,0.891394069049514,0.970059059466013
"YPL001W",314.058033946666,0.0166477080242649,0.122060651429421,0.136388818421889,0.891513912685376,0.970059059466013
"YEL072W",162.657542824787,0.0172154955852802,0.126558910652546,0.136027526600189,0.891799520134081,0.970059059466013
"YNL261W",403.738023436651,-0.0129278704150498,0.0951032585850248,-0.135935094205967,0.891872591800596,0.970059059466013
"YGR241C",818.373863989473,0.015831761977793,0.116570681386535,0.135812554147271,0.89196946624815,0.970059059466013
"YGR014W",2305.38096228973,0.0124449088810438,0.0916932785613155,0.135723240310595,0.892040074612163,0.970059059466013
"YAL019W",1778.49394882938,-0.0142487725499325,0.105267288610474,-0.135358027531781,0.892328807832731,0.970185316312623
"YGR220C",1091.81077393923,0.0147217896733519,0.109203582960269,0.134810500482462,0.892761703446209,0.970431311311498
"YOR143C",575.580485071217,-0.0135183048102627,0.100407008967136,-0.134635071289568,0.89290041117291,0.970431311311498
"YCL029C",494.334849224536,0.0119144001637896,0.0888569215966982,0.134085223184598,0.893335184312865,0.970716112884435
"YML014W",266.815518954548,0.015247348828107,0.114093458155023,0.133639115464358,0.893687951935407,0.970911712715443
"YAL020C",155.804069479209,-0.0191662851675307,0.143845816073411,-0.133241867512847,0.894002100530655,0.97094107168783
"YMR061W",1064.76622301444,0.0122206322496846,0.0917685250042886,0.133168014295898,0.894060506402939,0.97094107168783
"YNL130C-A",10.6262665805898,-0.0592406938061153,0.446726512043963,-0.132610651503677,0.894501308144031,0.970953582538571
"YDR034W-B",96.6624160616527,0.0212406240225649,0.160249299203054,0.132547375421908,0.894551353386836,0.970953582538571
"YCL054W",6630.81192188452,-0.0125714026516083,0.0951462805690814,-0.132127105509718,0.894883756763198,0.970953582538571
"YPR190C",1740.95373386941,-0.0126525298786586,0.0957718086898989,-0.132111213641442,0.894896326454454,0.970953582538571
"YIR013C",7.08064354989092,-0.0616435939957021,0.466780415556019,-0.132061226095516,0.894935864332704,0.970953582538571
"YJL183W",1948.58858292114,0.0150592232318715,0.114713870025314,0.131276394289098,0.895556664798902,0.97103442841701
"YNL206C",1104.71772847563,-0.0129242060009409,0.0984661827188404,-0.131255276116924,0.895573370118339,0.97103442841701
"YOL158C",1411.79099341825,-0.0191634578402809,0.14645563783864,-0.130848208529838,0.895895385912419,0.97103442841701
"YER036C",14233.2427546824,0.0113665847485843,0.087591667622788,0.129767876980426,0.89675007842492,0.97103442841701
"YNL154C",2742.29970997752,0.00935555960077014,0.0721603200406897,0.129649641180842,0.896843626679765,0.97103442841701
"YLR086W",1385.28672588197,0.00921414430061429,0.071262198766278,0.129299186106148,0.897120915421935,0.97103442841701
"YPL215W",801.478613471218,-0.012076725194463,0.0937350714931259,-0.128838918049458,0.89748511000012,0.97103442841701
"YHR063C",1436.37714889231,-0.0100965324798613,0.0783794457917616,-0.128816073880974,0.897503186382796,0.97103442841701
"YBR110W",378.767626906229,-0.0130420423484434,0.101559805989576,-0.128417361783677,0.897818692195807,0.97103442841701
"YMR224C",242.258512102321,0.0169991098087751,0.132433269276417,0.128359813977666,0.89786423182161,0.97103442841701
"YLR299W",257.064430272608,0.0188775733906368,0.147194043068643,0.128249574487423,0.897951469190617,0.97103442841701
"YLR045C",1051.65073024616,0.00923606027171097,0.0722156630202513,0.12789552689035,0.898231651000147,0.97103442841701
"YMR321C",578.090184173313,-0.0148043794031534,0.115808870673137,-0.127834589156281,0.898279876431365,0.97103442841701
"YMR062C",1160.90325706826,0.0130834160860928,0.102459721790415,0.127693261873728,0.898391722684653,0.97103442841701
"YGR095C",1384.3414903611,-0.0115677150846172,0.0906263728311478,-0.127641819078093,0.898432434956751,0.97103442841701
"YJR100C",594.763654363275,0.0114495104811973,0.0900492403149678,0.127147219023171,0.898823879331014,0.97103442841701
"YAL038W",28517.9524732283,-0.0375087717681416,0.295066186421887,-0.127119858168063,0.898845534420894,0.97103442841701
"YGL207W",2705.14726401177,0.0109585205085874,0.086251530055661,0.127053056351759,0.89889840586762,0.97103442841701
"YOR294W",2597.99987486359,0.0180769359553085,0.142287456682436,0.127045182876896,0.898904637494317,0.97103442841701
"YPL082C",1699.05889642599,0.0114726628300948,0.090389935129928,0.126924118416545,0.899000457283366,0.97103442841701
"YDR338C",162.837740185177,0.0182901831457989,0.144182014112734,0.12685481790744,0.899055307735575,0.97103442841701
"YBL060W",205.105326417023,-0.0158876333741048,0.125586358636763,-0.12650763623187,0.899330104772994,0.97103442841701
"YOR371C",28.8113050890257,0.0296696887104773,0.235133708625587,0.126182200263432,0.899587700871504,0.97103442841701
"YMR311C",3445.49945110328,0.0105250320400633,0.0835319866548716,0.126000020609464,0.89973190826151,0.97103442841701
"YNL213C",794.279012517651,-0.015574732935193,0.123713466219734,-0.125893594376621,0.899816153280316,0.97103442841701
"YOR276W",9629.99738927338,0.00858366402552842,0.0682663803050613,0.12573779343757,0.899939484430136,0.97103442841701
"YGR004W",514.960708574169,0.012972103108548,0.103666487031059,0.125133044246609,0.900418223362231,0.97103442841701
"YMR282C",836.690933095733,0.0115904749507689,0.0926326559835826,0.125122990674295,0.900426182400424,0.97103442841701
"YOR113W",159.449877780051,-0.0203268409520641,0.162494288117188,-0.125092649025329,0.900450202812835,0.97103442841701
"YIL076W",1937.65314405498,0.00688950037873199,0.0551344103898533,0.124958267078882,0.90055658935187,0.97103442841701
"YBR167C",660.967564424776,-0.01503537156311,0.120324388782502,-0.124956974352788,0.900557612776704,0.97103442841701
"YPL236C",153.384614437786,-0.0191644545301026,0.153392321032398,-0.124937509264593,0.900573022909283,0.97103442841701
"YML083C",113.938692296444,0.0276497947777052,0.221620799757332,0.124761731786821,0.900712184223821,0.97103442841701
"YNL207W",864.421143872079,0.0137444524853757,0.11059217778658,0.12428051206207,0.901093176787475,0.971198169933083
"YOR166C",234.271329428682,0.0114446351376134,0.092196293493789,0.124133353998492,0.901209689715485,0.971198169933083
"Q0140",5.45011234260429,-0.0706607075396253,0.57033937723847,-0.123892388215869,0.901400479838493,0.971210806310234
"YHR162W",28385.8671432358,-0.0110735781096247,0.0895326370539752,-0.123682027850346,0.901567042085496,0.971210806310234
"YKR036C",230.490110346008,-0.0127385148291642,0.103265933141688,-0.123356410401929,0.901824872836412,0.971302373580038
"YKL010C",237.189589298201,0.014258228276831,0.116427103363234,0.122464854530887,0.9025308784644,0.971729590487572
"YBR097W",114.613563661713,0.0178592317644254,0.146214852690876,0.122143759240266,0.902785166444825,0.971729590487572
"YGR185C",10031.2075193938,0.0093953481062763,0.0769989807165277,0.122019123095478,0.902883873394736,0.971729590487572
"YMR114C",348.671883335486,-0.0134106761048044,0.110152694354203,-0.121746237651542,0.903099993228166,0.971729590487572
"YOR330C",805.437606660663,0.0120550593250798,0.0991887033221663,0.121536615776948,0.903266014452518,0.971729590487572
"YCR047C",173.607612663939,0.0160893918023046,0.132384548821939,0.121535269376075,0.903267080820182,0.971729590487572
"YML048W",1010.34963100333,0.0134393197286646,0.110769215955901,0.121327208220152,0.903431870159709,0.971729590487572
"YJL053W",500.850232250754,-0.0125086893264673,0.103378109325883,-0.120999401208197,0.903691509477015,0.971774431565295
"YDR238C",2796.9940829396,0.00900284178915136,0.0745284513116996,0.120797381814616,0.903851523928953,0.971774431565295
"YLR107W",536.089561941093,-0.0142314373891482,0.117986056561564,-0.120619654592171,0.903992300395616,0.971774431565295
"YGR072W",1489.30983887414,0.0116125351477252,0.0968110484382449,0.119950515308517,0.904522347889371,0.971803124944673
"YJL127C",24.5592378812719,-0.0369640929362792,0.308642337651793,-0.119763520512152,0.904670480306352,0.971803124944673
"YLR120C",851.071277482016,0.0181610035664159,0.151700918675889,0.119715844339856,0.904708248661704,0.971803124944673
"YNR031C",373.679719136067,0.0115613176802151,0.0965754582327656,0.119712791342393,0.904710667208279,0.971803124944673
"YAL058W",299.459039675552,0.013458049423066,0.113317595131063,0.118763987247527,0.905462340710965,0.972424680832338
"YMR245W",6.95796370199508,-0.0679322326885717,0.575105942529926,-0.118121249781794,0.905971586429868,0.972785692727523
"YOR340C",933.819649189072,-0.0128057390925758,0.10887274206471,-0.117621168069457,0.906367831679131,0.972845852331396
"YBR056W-A",1630.96084772282,-0.0186194452535887,0.158546528827314,-0.117438365830568,0.906512682867688,0.972845852331396
"YLR429W",1989.97209234452,0.00870295451457555,0.0742337951394235,0.117237095291032,0.906672171802418,0.972845852331396
"YER139C",376.284278169002,-0.0136376414855133,0.116747457473567,-0.116813177611178,0.907008101022677,0.972845852331396
"YJL175W",5.86558177327313,-0.069010532100684,0.591462606501661,-0.116677760085058,0.907115414761863,0.972845852331396
"YPL153C",157.361454624511,-0.0170678784791887,0.146408429408368,-0.116577157122438,0.90719514025287,0.972845852331396
"YDL129W",71.3044728793639,0.0241126503857088,0.206937565140635,0.116521378655064,0.907239343784492,0.972845852331396
"YPL155C",134.822099849831,-0.0199973801619209,0.172626382690335,-0.115841969519764,0.907777787537256,0.972949279214787
"YKL007W",801.653064158662,-0.0131476974963384,0.11355300271067,-0.115784674843328,0.907823196522438,0.972949279214787
"YIL092W",415.413718578435,0.0108539313999602,0.0937750506984739,0.115744340516116,0.907855163737072,0.972949279214787
"YHR035W",164.554336100009,0.0124169474687802,0.108229896545113,0.11472751859838,0.908661101256645,0.973627338238769
"YLL027W",1463.45558946596,0.0108742459432591,0.0955671644015614,0.113786424566987,0.909407100320145,0.974240927144342
"YIL115C",3412.65987921297,-0.0111993331549491,0.0987958435332157,-0.113358343371843,0.90974646394849,0.974263107886755
"YDR393W",619.581449901186,-0.00851154258176566,0.0753338273453662,-0.112984337603673,0.910042972478094,0.974263107886755
"YER050C",1278.53103560653,0.0103761413242889,0.0921648029802888,0.112582471711115,0.910361582236136,0.974263107886755
"YJR059W",606.605644745776,0.0137440887290923,0.122236410499351,0.112438582521738,0.910475664844675,0.974263107886755
"YIR029W",86.975616329139,0.0188516137576961,0.167900992448188,0.112278155613127,0.910602861567362,0.974263107886755
"YER090W",1917.7835698677,0.0105951722536337,0.0944137585638165,0.112220638334954,0.910648465505537,0.974263107886755
"YOR321W",241.120040513778,0.0148421122600606,0.133137491509405,0.111479584689426,0.91123605373928,0.974263107886755
"YLR027C",3280.44211194137,0.0127620265722667,0.114653366080277,0.111309654557643,0.911370799753272,0.974263107886755
"YDR304C",4006.02436377913,-0.00994473997643319,0.0893568970837255,-0.111292360198175,0.911384513450024,0.974263107886755
"YDR150W",2782.45555182688,-0.00718916099936911,0.06465920017544,-0.111185430377467,0.911469304868377,0.974263107886755
"YJR151C",25.52750188675,-0.0259569098648728,0.233621473237133,-0.111106695395785,0.911531739459966,0.974263107886755
"YDR167W",1667.03990763269,-0.00978867816276154,0.0882707042548242,-0.110893849158642,0.911700523179448,0.974263107886755
"YDR527W",3351.99335009512,-0.00917783698050854,0.0828329779658157,-0.110799312132616,0.911775490832834,0.974263107886755
"YOR348C",42.0570643624817,0.0322687485994216,0.291499100122601,0.110699307770932,0.911854794926038,0.974263107886755
"YPL119C-A",36.4416920907455,0.0252451971499411,0.228577268883907,0.110444915512413,0.912056533556184,0.974293426836296
"YJL216C",180.955686753854,0.0193710723552507,0.175833744636862,0.110166978444647,0.912276950214436,0.974343683049246
"YML118W",85.3046079087482,0.0217913906389873,0.198695347655698,0.109672374799372,0.912669209943621,0.974384482855809
"YDL156W",74.5477125227129,-0.0171455145525118,0.156615574353155,-0.109475156754526,0.912825625358517,0.974384482855809
"YDR051C",876.717104130784,-0.0106345656793654,0.0971521690759266,-0.109462977311956,0.912835285095344,0.974384482855809
"YKR103W",67.0467685610412,-0.0176449703389093,0.161522663945914,-0.109241451991021,0.913010983091568,0.974386958787431
"YOR174W",836.151173308041,0.0121737433934264,0.112306877179981,0.108397132028851,0.913680676041528,0.974699760675238
"YMR189W",4232.42802678136,0.0100878214649262,0.0931638962908158,0.108280373262155,0.913773290937036,0.974699760675238
"YPR168W",69.7965661259509,-0.0237802635261848,0.22029826211094,-0.107945760889431,0.914038717231181,0.974699760675238
"YHR198C",297.450886764275,-0.011238229246792,0.104290908797875,-0.107758474600818,0.914187283484278,0.974699760675238
"YDL025C",433.412710125537,0.0118093700334205,0.109721567882658,0.107630343434848,0.914288926220335,0.974699760675238
"YBR292C",98.6899150042795,-0.0180883711455345,0.168346534872901,-0.107447243622751,0.914434176420727,0.974699760675238
"YMR240C",498.942603553411,0.00928553161017138,0.0865816724256669,0.107245925725716,0.914593882039361,0.974699760675238
"YLR456W",195.107690663701,-0.0149818873395025,0.13985712204079,-0.10712280590997,0.914691554768898,0.974699760675238
"YBR126W-A",124.3486323453,-0.017580146684899,0.165045421481326,-0.106517021357591,0.915172151145519,0.974941065459241
"YHR027C",3650.46079325804,-0.00981159222202276,0.0922141737891527,-0.106400044796334,0.915264957537892,0.974941065459241
"YHR115C",96.4367555819251,0.01541991067493,0.145571889168015,0.105926431009855,0.915640723126599,0.975156502552869
"YNL134C",2095.88831014628,-0.0167418757615441,0.158677013611807,-0.105509143261935,0.915971815212467,0.975324289786674
"YMR130W",661.801361640193,0.00996782775612358,0.0947287289964665,0.105224970943032,0.916197296764522,0.975379580946507
"YJL205C",786.643029640187,-0.00795548323322792,0.0760389289727906,-0.104623820202342,0.916674312647324,0.975702582779916
"YNL139C",24.471691352509,-0.0335135156461128,0.322037330974402,-0.104067176139827,0.917116039032684,0.975987907472768
"YGL233W",565.25955410451,-0.00817229475454902,0.0791017804385342,-0.103313663854877,0.917714031462162,0.976207940130629
"YDL144C",332.507857493828,-0.014541197911542,0.141049510787238,-0.103092863139924,0.917889269232775,0.976207940130629
"YPL083C",597.811620063149,0.00989616260860235,0.0959978995265664,0.103087282715636,0.917893698170113,0.976207940130629
"YGL089C",18.139731697311,-0.0368958758165299,0.359168207226048,-0.102725895762007,0.918180520520781,0.976207940130629
"YBL002W",9011.1321767278,-0.0122358054307839,0.119157538258521,-0.102685953483173,0.91821222220396,0.976207940130629
"YER071C",399.636170925016,0.0102801001519131,0.10030007255263,0.102493446816989,0.918365014140682,0.976207940130629
"YDR030C",80.3969897693996,0.020323032243556,0.199805460635541,0.10171409819788,0.918983611442951,0.976463833595916
"YOR212W",175.604056407759,-0.0106084371339527,0.104536498715285,-0.101480700657918,0.919168877105563,0.976463833595916
"YKR012C",24.4218238835515,0.0332949447370717,0.329819301137768,0.100949048834362,0.919590906606214,0.976463833595916
"YFL036W",882.767065464357,0.00911921359639755,0.0903783302225102,0.100900443435347,0.91962949109538,0.976463833595916
"YDL178W",1454.25779209456,0.00879346118582018,0.0872736994796323,0.100757286997698,0.919743134261591,0.976463833595916
"YCR092C",206.032258023126,-0.0125337601019158,0.12449907279892,-0.100673521658745,0.919809631216538,0.976463833595916
"YMR035W",126.032117256108,-0.0135335020378565,0.134450384624473,-0.100657964465154,0.919821981326829,0.976463833595916
"YLL058W",83.7784119751729,-0.0210282294410816,0.209490636357654,-0.100377896629141,0.920044317062485,0.976515403567737
"YJR024C",46.8296495938896,0.0269422542090485,0.269935364684238,0.0998100202267484,0.92049515278766,0.976630604144503
"YNL260C",39.9858661470339,0.0228098367635613,0.229603364130117,0.0993445233260385,0.920864728735184,0.976630604144503
"YIL116W",630.420927775697,-0.0279057874770417,0.280953903483629,-0.0993251459795705,0.920880113529177,0.976630604144503
"YDL168W",1193.26676357625,0.0119380407779608,0.120323300450052,0.0992163673478724,0.920966479714066,0.976630604144503
"YER168C",659.894765580743,-0.0101556629235607,0.102725027799435,-0.0988625960110622,0.921247367428281,0.976630604144503
"YKR084C",635.491241698175,0.0116336017447279,0.117775436166227,0.0987778277323325,0.921314673289997,0.976630604144503
"YML035C",804.583634622008,0.00936605762888499,0.0949222480819699,0.0986708365861389,0.92139962487323,0.976630604144503
"YKR067W",964.82220444138,-0.014288173384035,0.145072075505757,-0.0984901700359835,0.921543077184751,0.976630604144503
"YDR414C",445.343745286505,-0.0110525296520871,0.112706690411045,-0.0980645391305359,0.921881045440186,0.976804576805024
"YNL264C",646.054362906698,-0.0082187522825002,0.0842285057519005,-0.0975768501308686,0.922268307685621,0.976994152556422
"YMR234W",500.22098699633,0.00779952013051818,0.0800760717658524,0.0974013829415169,0.922407646523911,0.976994152556422
"YBL058W",1270.6338991856,0.00800535989183909,0.082825828965609,0.0966529401735668,0.92300201308058,0.977439478709791
"YBR293W",39.6696718787793,-0.0197625492871178,0.206380870266896,-0.0957576603953673,0.923713044881,0.977551114038546
"YDL049C",589.406707424244,0.0176429495933781,0.18434860387571,0.095704275608581,0.92375544504592,0.977551114038546
"YMR305C",44.3963122382369,-0.0254079664992214,0.265504317613969,-0.095696999308928,0.923761224168018,0.977551114038546
"YGR270W",2051.86467732451,0.0077317261945466,0.0809409943009746,0.0955229950079018,0.923899426395328,0.977551114038546
"YCR072C",1147.89552964026,-0.0130626666245579,0.136889135371794,-0.0954251525446443,0.923977138393729,0.977551114038546
"YJL186W",1166.73604168509,0.00940703059037615,0.0995792923979204,0.0944677388626695,0.924737608469896,0.977991992500598
"YDL091C",665.373401614858,-0.0101733250081983,0.108128686567213,-0.0940853471097563,0.925041360057808,0.977991992500598
"YDR501W",65.0729971747826,0.0223617674745547,0.237712704179464,0.0940705611496154,0.925053105454677,0.977991992500598
"YBR132C",34.5972916585021,0.0209151792097727,0.222718535465043,0.0939085701425844,0.925181785936741,0.977991992500598
"YOR163W",635.907286152495,0.00972375123962861,0.103659053337345,0.0938051325626513,0.925263954470762,0.977991992500598
"YOL113W",195.322276484576,-0.0142224012330396,0.152517080558759,-0.0932512029533652,0.925703997490922,0.978220926616724
"YKL217W",93.8284413751128,0.0198696553150575,0.214204654452003,0.0927601473735002,0.926094112241563,0.978220926616724
"YOR048C",1637.17994470041,0.00786939599510132,0.0848388160088456,0.0927570228500221,0.926096594548525,0.978220926616724
"YBR235W",223.607044489184,0.0116192393870389,0.125401799189656,0.0926560819870381,0.926176788350105,0.978220926616724
"YDL063C",960.103285654166,-0.0101503352430767,0.110683746557612,-0.0917057432438231,0.926931834174947,0.978660656999476
"YNL204C",36.3473597939297,0.0248345087111387,0.274164329009114,0.0905825670352363,0.927824284467919,0.978660656999476
"YNL178W",60281.9398124091,0.0130371020820818,0.143997209185221,0.0905371857958192,0.927860345285582,0.978660656999476
"YHR123W",656.806545353203,0.0111855415975016,0.123865654593558,0.0903038185541011,0.9280457857843,0.978660656999476
"YPL134C",78.0901268493952,-0.0230008650647106,0.255008942094425,-0.0901963079247387,0.928131218219366,0.978660656999476
"YJL085W",481.940797302249,0.00891827874036282,0.0992833144219763,0.0898265614145207,0.928425040552571,0.978660656999476
"YMR181C",315.497476857448,-0.0105627447429429,0.117646862399075,-0.0897834802182196,0.928459276041622,0.978660656999476
"YGR190C",319.350790213586,0.0151546448722706,0.168866812505998,0.0897431807196121,0.928491301108847,0.978660656999476
"YOR336W",933.906361474993,-0.00856554319073054,0.0955172552212847,-0.089675348929225,0.928545205704717,0.978660656999476
"YLR323C",686.471607773759,0.0108981251222575,0.121556588118151,0.0896547467395568,0.928561577926445,0.978660656999476
"YIR009W",348.036607462625,0.0108533354778254,0.12138202899948,0.0894146816236846,0.928752355958256,0.978660656999476
"YOL124C",1147.38099007255,0.0109193644870033,0.122164783556368,0.0893822603300811,0.928778121242681,0.978660656999476
"YGR041W",48.4574832953849,-0.0215553186143296,0.241648176425863,-0.0892012467594297,0.928921974558722,0.978660656999476
"YBR189W",117792.19934605,0.0104495901831928,0.11732679070472,0.0890639735428516,0.929031068521745,0.978660656999476
"YKL048C",315.089148366848,-0.00877950098093728,0.0990080333658458,-0.0886746325775004,0.929340493368723,0.978803143315634
"YCR090C",858.006494795609,0.00807880626261637,0.092353937699901,0.0874765761354757,0.93029270358238,0.979622445968329
"YJL128C",1077.85354050007,0.00724065441975415,0.0834528724501169,0.0867633936037634,0.930859585528018,0.980035756962806
"YIL099W",21.9287226092904,-0.023062742101844,0.269065888225659,-0.0857141061393178,0.931693688321498,0.980547068807469
"YCR105W",92.8111592450105,0.015193492644465,0.177555100352432,0.0855705784531515,0.931807787640983,0.980547068807469
"YPL260W",3597.46590845471,-0.00681836351554251,0.0798346900207552,-0.0854060247966127,0.931938603570638,0.980547068807469
"YBR244W",542.079018771417,-0.0122889004495874,0.14410985675392,-0.085274531016791,0.932043139069306,0.980547068807469
"YPR176C",268.574921127223,-0.0101580689071248,0.119952005776905,-0.0846844439268278,0.932512263485229,0.980856994345309
"YJL166W",3605.07487596442,0.00957387978104063,0.114170543538736,0.0838559534210535,0.933170960236123,0.981056184191759
"YOL098C",496.860740885903,-0.0113439615957013,0.135289569212823,-0.0838494915883437,0.933176097938579,0.981056184191759
"YMR092C",765.394688783768,0.00808907129241391,0.0965426173151466,0.0837875698564141,0.933225331083478,0.981056184191759
"YKL187C",15.9497192300922,-0.0329062681741384,0.39593822454354,-0.0831096017871844,0.933764391139772,0.981319290950529
"YKR078W",369.483415836445,-0.0075466586937082,0.0913850244818307,-0.0825809123157661,0.934184779191092,0.981319290950529
"YNL035C",219.910965416054,0.0095609024989373,0.115932063418353,0.0824698725876707,0.93427307489691,0.981319290950529
"YBR181C",42078.8441566402,0.00878583812959556,0.10675979722787,0.0822953804496547,0.934411827828891,0.981319290950529
"YPL086C",1015.08986557499,-0.00916403325073261,0.111814117831834,-0.0819577476300011,0.934680312877895,0.981319290950529
"YBR202W",661.302900273209,-0.00758689036274129,0.0926122892928709,-0.0819209893273345,0.934709543467212,0.981319290950529
"YPR121W",169.267949261732,-0.0119606873145207,0.146486396656636,-0.0816504985275628,0.934924643303709,0.981319290950529
"YBR036C",711.137624847404,0.0106382606045242,0.130750079944493,0.0813633200762899,0.935153018702243,0.981319290950529
"YMR293C",195.753988196685,0.00994084978766511,0.122348203270927,0.0812504762791829,0.935242757910413,0.981319290950529
"YER178W",7165.11573703513,-0.00613422678743285,0.0756229671829381,-0.0811159230580527,0.93534976264774,0.981319290950529
"YCR018C-A",12.4482836888777,0.0329832083358882,0.407228140191767,0.0809944232251633,0.935446387556591,0.981319290950529
"YDR128W",213.311110550052,0.0124744587395203,0.154667127241537,0.0806535878825722,0.935717448011535,0.981319290950529
"YER088C-A",38.9265538510488,-0.0207461935262907,0.257338729139207,-0.0806182326138251,0.935745565872577,0.981319290950529
"YPL175W",425.463764743749,0.00672906688223823,0.0844977739898185,0.0796360254774172,0.936526742006755,0.98195527799962
"YOR235W",12.978862940776,-0.0272098308250186,0.346279008366642,-0.0785777658119221,0.93736847315623,0.982260925119985
"YGL194C-A",240.157422234727,0.0110391530738105,0.140942882307501,0.0783235938777377,0.937570649910182,0.982260925119985
"YPL056C",20.4438443649386,-0.0226749422821767,0.2896681553062,-0.078279030217207,0.937606097733163,0.982260925119985
"YBL036C",493.126058101087,0.0114058350367697,0.146123848913517,0.078055944471598,0.937783551441051,0.982260925119985
"YLR080W",51.0603468428239,0.015535616219088,0.199271409049745,0.0779620934742815,0.937858206204557,0.982260925119985
"YDR185C",110.933940423212,-0.0136079495350636,0.17457026297582,-0.0779511315564008,0.937866926013138,0.982260925119985
"YHR117W",1305.39161890433,-0.0075143252922938,0.0966729539881729,-0.0777293439612191,0.938043351609902,0.982262648788457
"YOL013C",387.147763571054,-0.00997571539095077,0.129718193334609,-0.0769029781753,0.938700728324584,0.982630853722057
"YGL241W",603.386995848567,-0.00656531248660109,0.0856303197446446,-0.0766704189144604,0.938885737537699,0.982630853722057
"YDR003W-A",564.755767485919,0.00726870546281247,0.0951991873487955,0.0763525999038313,0.939138579265062,0.982630853722057
"YPL028W",4880.68513356981,0.0131457508321894,0.172768712622128,0.0760887236622591,0.939348511347436,0.982630853722057
"YBR146W",4439.14741352926,0.00942099635440703,0.124085564108942,0.0759233873985197,0.939480050105736,0.982630853722057
"YDR125C",34.4147412956116,-0.0216972624089206,0.286378494637159,-0.0757642868275111,0.939606629410494,0.982630853722057
"YOL141W",27.5631778741534,-0.0252260568584131,0.333243757723053,-0.0756985127966825,0.93965895921669,0.982630853722057
"YOL026C",1014.03150141889,-0.0076521751518783,0.101374741046907,-0.075484041417552,0.939829594413163,0.982630853722057
"YLR099C",231.203657687678,0.0114150465758808,0.151575439391733,0.075309341814802,0.939968588898537,0.982630853722057
"YMR126C",232.032235516248,0.00829331885190542,0.11136013098151,0.0744729624400533,0.940634054257435,0.982697691975855
"YLL063C",127.796817836628,-0.0105765474124367,0.142198078874735,-0.0743789754132599,0.940708837646909,0.982697691975855
"YPL194W",102.202825265909,-0.0126204660799848,0.16969166429026,-0.0743729288811579,0.940713648756096,0.982697691975855
"YBR157C",16.1552958512042,0.0266010247055641,0.357781470237075,0.0743499228395969,0.940731954240232,0.982697691975855
"YNL239W",1580.06269233903,-0.00758051572857025,0.10279812082909,-0.073741773365424,0.941215858915623,0.983020465918194
"YJL197W",935.365499457845,0.00725123867620262,0.098990780265475,0.0732516569397285,0.941605860468236,0.983245064257058
"YJL084C",1083.31870586601,0.00568808138513355,0.0787009460454589,0.0722746252865629,0.942383357961759,0.983712677265492
"YGR001C",8398.29255041474,-0.00988510936689394,0.136820006110569,-0.0722490054481171,0.942403746334058,0.983712677265492
"YJR064W",1605.52493312185,-0.0104324997197692,0.145261188868885,-0.0718189063507233,0.942746026580475,0.983887218083987
"Q0250",782.183857447278,-0.0134886734720266,0.188681245662588,-0.0714892114722837,0.943008410587592,0.983978326680703
"YGR257C",354.661201907668,-0.00793553520518586,0.111350527298409,-0.0712662561886158,0.94318585058066,0.983980783416245
"YNL046W",42.8132209757955,-0.0151705908375223,0.217463448730471,-0.069761566488928,0.944383438114728,0.984963308297619
"YGL007W",49.3402386711804,0.0181172278292918,0.260154118469601,0.069640365241455,0.944479908097509,0.984963308297619
"YDR266C",953.760358731046,0.00508563213889894,0.0732563873995172,0.0694223714740875,0.944653422014976,0.984963308297619
"YER158W-A",9.49697904771949,0.0358666062094979,0.520166897499599,0.0689521120661577,0.945027737758467,0.985003728566159
"YPL048W",3470.70458549464,0.00489640297778597,0.0710310398480897,0.0689332859022991,0.945042723207959,0.985003728566159
"YJR155W",153.98076021323,-0.00997128089912271,0.145515494398135,-0.0685238430475383,0.945368640673901,0.985160719560045
"YCL039W",359.271595895064,0.0102547513729912,0.151051113801945,0.0678892800912211,0.945873772313259,0.98535970055178
"YCR023C",495.651838390142,-0.00774860248896187,0.114954476639273,-0.0674058350356985,0.946258624069353,0.98535970055178
"YPL064C",1198.5378484902,0.00565058177416933,0.0839495075455,0.067309290302945,0.94633548107141,0.98535970055178
"YDL154W",57.8983572852598,-0.0142231553570926,0.21164799681672,-0.0672019370417636,0.946420943076385,0.98535970055178
"YOL018C",265.974793372369,-0.00753215669233848,0.112114489448367,-0.0671827230307042,0.946436239070909,0.98535970055178
"YDR381W",3960.80226985026,0.00894291329246933,0.134326253870888,0.0665760641331148,0.946919201512813,0.985679924523432
"YPR084W",636.132862465664,0.00548144067838292,0.083123891743936,0.065943022678348,0.947423187959667,0.985791304085687
"YLR215C",394.500348566256,0.00808754236003738,0.123286831015015,0.0655994017645922,0.947696765411952,0.985791304085687
"YKL016C",6888.86908810868,-0.0051709014224587,0.0788345696088234,-0.0655918012632868,0.94770281670189,0.985791304085687
"YIL159W",693.461682428637,0.00565717237101921,0.0862894971368737,0.0655603817234642,0.947727832024015,0.985791304085687
"YEL028W",219.683846388792,0.00880953235285227,0.134901333979176,0.0653035229007607,0.94793233746479,0.985821564869008
"YCR006C",17.6052312185027,-0.0214051424330035,0.331214943805419,-0.0646261372964456,0.94847167365313,0.986199964094466
"YHR045W",387.153456533197,0.00787462129450946,0.122793534031117,0.0641289572504197,0.94886754474352,0.986268559782606
"YOR041C",368.0587674358,-0.00705295476109349,0.110026245582339,-0.0641024759480263,0.948888630381593,0.986268559782606
"YLR085C",378.190614868305,0.0057467046048271,0.0908740251745202,0.0632381430644319,0.949576871774884,0.986637948844485
"YJR135C",73.9355500259616,0.0108841576058118,0.172176257173664,0.0632152062338863,0.949595136174345,0.986637948844485
"YBR278W",1099.88815589527,-0.00558701999375487,0.0891776049194639,-0.0626504826946238,0.950044828965371,0.986686550485145
"YGL257C",363.470656633994,0.0061046616788547,0.097610119460441,0.0625412786358567,0.950131790662215,0.986686550485145
"YIL033C",36.0370589921325,-0.0148500382493746,0.237776682344671,-0.0624537196117853,0.950201516350515,0.986686550485145
"YGL136C",657.010915422583,-0.0065089675128949,0.104587547779694,-0.0622346316657655,0.950375983850265,0.986686550485145
"YOR284W",83.9818664721387,0.0108846713920767,0.175406155351644,0.0620541016377435,0.950519748100814,0.986686550485145
"YNL325C",247.344851937593,0.00760322178815117,0.12361411089407,0.0615077173079915,0.95095486852211,0.986955930026641
"YOR262W",1486.64568563634,0.00724087015827449,0.118528228070945,0.0610898372153214,0.951287662762339,0.987119029675839
"YKL017C",310.43706914616,0.00830341158982922,0.136843009577827,0.0606783760123807,0.951615353384039,0.987276774232656
"YCR003W",1874.56336650412,-0.00475685091434293,0.0795220096393388,-0.0598180420227932,0.952300555851224,0.987718897503616
"YDR505C",5.34886438524715,-0.0318173190413671,0.532935892378806,-0.0597019632124002,0.952393008108914,0.987718897503616
"YHR003C",844.443152928194,0.00496367789142457,0.0838025443582269,0.0592306346953687,0.952768409510247,0.987865585073965
"YOR289W",35.4579136477848,-0.0132236925840445,0.223815542434992,-0.0590829950421579,0.952886002969033,0.987865585073965
"YGR150C",844.947467780737,-0.00610014849609782,0.104402558066299,-0.0584291094881414,0.953406828355607,0.988223234112599
"YGR235C",846.819925525707,0.0065798795898639,0.114159311117848,0.0576376952999604,0.954037223061308,0.988677217688908
"YDR482C",854.089983167567,-0.00511577005924472,0.0891022953236407,-0.0574145709789297,0.954214956186193,0.988677217688908
"YEL032W",381.191337674037,-0.00615958906331207,0.107653706953846,-0.0572166926490774,0.954372581132086,0.988677217688908
"YJL048C",99.8257856640424,0.0121063025341395,0.213600336640885,0.05667735699543,0.954802211515071,0.988797446768781
"YER162C",328.954608266435,-0.00630757153918284,0.111383607201501,-0.056629262578756,0.954840523774765,0.988797446768781
"YIR016W",92.705324935441,-0.0157153131010323,0.28018970202934,-0.0560881181114453,0.955271609412128,0.989047262846199
"YPL174C",268.677250022889,-0.00541511686764133,0.0969130739559276,-0.055876020093057,0.9554405741714,0.989047262846199
"YNR063W",88.3371620334401,-0.00789910705821597,0.142442346907105,-0.0554547662947973,0.955776165729709,0.989047262846199
"YAR018C",242.208992410868,0.00581404438084188,0.105365722479462,0.055179656571663,0.955995335943221,0.989047262846199
"YIR026C",1397.72576078731,-0.00434832653984507,0.0792071708934903,-0.0548981423120422,0.95621961186915,0.989047262846199
"YCR071C",1053.9453653027,0.00506709330045161,0.0925646866898343,0.0547411057245882,0.956344720808187,0.989047262846199
"YDR068W",1462.27867096525,-0.00503556644025437,0.0921450192884382,-0.0546482759365617,0.956418677558887,0.989047262846199
"YDR076W",74.6725424494414,-0.0075005189203676,0.13747491168366,-0.0545591834066921,0.9564896572187,0.989047262846199
"YLR009W",7120.2592065042,0.00732048394132227,0.137184525963079,0.0533623153918429,0.957443230371888,0.989627621456406
"YLR383W",1016.03939750626,-0.00461944411421962,0.0868898330973786,-0.0531643801069631,0.957600936016527,0.989627621456406
"YDL042C",499.499421086622,0.00584926461361395,0.110188685399078,0.0530840765767306,0.957664918614409,0.989627621456406
"YLR273C",52.7984014166123,0.014817881098786,0.279737441066247,0.0529706750812695,0.957755272793842,0.989627621456406
"YGR202C",2143.38864028401,-0.00518682811861101,0.100018946445838,-0.0518584558518595,0.958641477134444,0.990145764314394
"YKL053C-A",1350.32129939372,-0.00531459157749398,0.102518336328704,-0.0518404001451395,0.958655864152302,0.990145764314394
"YIR018C-A",144.501530363142,0.00883971911528889,0.171162501241319,0.0516451854301072,0.958811414590899,0.990145764314394
"YHR025W",8247.8392383941,0.00480645573058848,0.0942959850931829,0.0509720082550574,0.959347825720053,0.990145764314394
"YDR157W",24.0883362508047,0.0151530728003675,0.298196515930535,0.0508157271827328,0.959472358588565,0.990145764314394
"YFR031C-A",68489.8254116395,-0.00385781804313749,0.0764690063216631,-0.0504494334202509,0.959764244337195,0.990145764314394
"YMR018W",11.9710527622492,0.0239795569808046,0.47766571682868,0.050201545005176,0.95996178037213,0.990145764314394
"YOR305W",978.85320441892,-0.00463272938959357,0.0924398703680858,-0.0501161389684617,0.960029838861833,0.990145764314394
"YNL059C",2451.09290767773,-0.00455492899590423,0.0911067312896779,-0.0499955264712728,0.960125953224246,0.990145764314394
"YKL045W",440.108421118684,-0.00608382468747838,0.122303170503734,-0.0497438019179776,0.960326550761839,0.990145764314394
"YBL007C",2107.35947698773,0.00487781537980483,0.0981323807883438,0.0497064815978073,0.96035629127832,0.990145764314394
"YLR176C",389.574838734205,-0.00586116466234517,0.118120641924199,-0.0496201558581645,0.960425084363638,0.990145764314394
"YKR001C",3290.1932499801,0.00404667330680202,0.081805441769953,0.0494670430138592,0.960547100897167,0.990145764314394
"YPR133C",2180.02812128013,-0.00363657311206359,0.074739832037268,-0.0486564260707766,0.961193101675752,0.990495401220334
"YGR169C",123.636724707138,0.00738298488170775,0.152312969027347,0.0484724638279632,0.961339709319425,0.990495401220334
"YCR041W",9.65344869115882,0.0194384291790587,0.401803367102512,0.048377964871806,0.961415020223652,0.990495401220334
"YHR210C",253.977940929215,-0.00533718098317257,0.111865942587324,-0.0477105083078016,0.961946959223063,0.990667943046254
"YKL188C",129.848993345747,-0.00729239471500608,0.153091513654245,-0.0476342191734797,0.96200776001662,0.990667943046254
"YJL213W",584.921131198088,-0.0060657305221165,0.128282427365209,-0.0472841888534575,0.962286729454341,0.990667943046254
"YLL009C",4575.14164799169,0.00533091089212529,0.112783545972401,0.0472667430888352,0.962300633614212,0.990667943046254
"YOL111C",1942.25321105034,-0.00483381444114674,0.102771800792565,-0.0470344433382396,0.962485776081478,0.990667943046254
"YEL001C",2980.92371897032,-0.00357983894040415,0.0764257351860818,-0.0468407524204764,0.962640148928042,0.990667943046254
"YLR214W",2351.60630990491,-0.00735989836876771,0.160208740646203,-0.0459394308892355,0.963358526033473,0.990761298466441
"YNL196C",13.285709553651,-0.0168555493059423,0.36874846195187,-0.0457101548755539,0.963541269850853,0.990761298466441
"YGR140W",341.164579644207,0.0034690079356748,0.0765256716302701,0.0453312968285353,0.963843241809815,0.990761298466441
"YNL251C",1051.55991629709,0.00661870351402517,0.14606255425949,0.0453141706824229,0.963856892469928,0.990761298466441
"YOR343C",13.7455388607366,0.0199505222307559,0.440657345210555,0.0452744574613256,0.963888546548883,0.990761298466441
"YDR453C",496.213126847282,0.00554981692956599,0.122785560622664,0.0451992636709237,0.963948481157616,0.990761298466441
"YDR176W",932.634449404502,0.00490251136169261,0.10985868921885,0.0446256131085478,0.964405726684558,0.990761298466441
"YJR103W",584.023506164848,-0.0078552263409041,0.177439340307121,-0.0442699253012769,0.964689244295296,0.990761298466441
"YOR281C",1447.89751131546,0.00332359297237803,0.0755617185341773,0.0439851426999339,0.964916246813592,0.990761298466441
"YPL029W",382.228650907706,0.00453821333858923,0.103241086845084,0.0439574347507493,0.964938333196407,0.990761298466441
"YLR392C",199.422084269666,-0.00555678412213748,0.126563067858123,-0.0439052577989546,0.96497992422672,0.990761298466441
"YIL088C",492.246872039456,0.00473952094923747,0.108024982001014,0.043874304456658,0.965004597644832,0.990761298466441
"YHR154W",1514.7461605465,-0.00346789065858952,0.0796086437829642,-0.0435617351809682,0.965253753627682,0.990761298466441
"YKL198C",263.785809448433,-0.0049735890845815,0.115806573323702,-0.0429473814986248,0.965743478596516,0.990761298466441
"YLR362W",145.007223743921,-0.00818189010950306,0.191423337476295,-0.0427423856326623,0.965906891576557,0.990761298466441
"YBL006C",405.378247281429,-0.0042636131257359,0.100163281099677,-0.0425666279990667,0.966046998365042,0.990761298466441
"YBL030C",6116.79746246926,-0.00569441992046037,0.133853937811442,-0.0425420425694313,0.966066596946476,0.990761298466441
"YNR026C",211.522393090405,-0.00444292166861886,0.104628574410203,-0.0424637504014928,0.966129008659762,0.990761298466441
"YDR506C",65.4989418829848,-0.0103252234790984,0.243891227319932,-0.042335362335743,0.966231355478203,0.990761298466441
"YJR021C",279.617531627262,0.00498835658944742,0.118549127835618,0.042078391300899,0.966436206155038,0.990761298466441
"YKL210W",722.188261919726,0.00414497819630831,0.0985182786024855,0.0420731894132358,0.966440352988548,0.990761298466441
"YDR399W",7743.46168808537,-0.0109576336722303,0.261760634997426,-0.0418612740312846,0.966609288165747,0.990761298466441
"YBR194W",347.307492041039,0.00462665635296348,0.111734264834183,0.0414076770436497,0.966970892652101,0.990804482778681
"YKL106W",420.833982501093,0.00436256374277703,0.105462232785665,0.0413661234694628,0.967004019224389,0.990804482778681
"YLR221C",4954.48677933707,0.00364548993649159,0.0901858626116448,0.0404219667132272,0.96775671765461,0.991068141177678
"YDR472W",765.602854286973,-0.0047293876944485,0.117027882602454,-0.0404124862321429,0.967764275808255,0.991068141177678
"YOL052C-A",34.0078384368157,-0.0117886972301854,0.291945860246639,-0.040379737600068,0.967790384125106,0.991068141177678
"YBR300C",24.3323081449216,0.011698785171251,0.29324124084709,0.0398947471967331,0.968177038900729,0.991283468504663
"YGR295C",150.960083173968,0.00591205492451368,0.149315695341262,0.0395943300602233,0.968416547852562,0.991348087237049
"YKL086W",13.2278609896395,0.0137079571466367,0.356586912142166,0.0384421207842073,0.96933517825619,0.991965948752208
"YER051W",44.7759324570288,-0.00896508099124377,0.233949185815788,-0.0383206334314961,0.969432039768105,0.991965948752208
"YFL050C",28.1894881805982,-0.00909865942292834,0.238352396531766,-0.0381731400872059,0.969549636387167,0.991965948752208
"YOR333C",7.47153800787408,-0.0204890428643447,0.543863145203964,-0.0376731592221803,0.969948276637546,0.992193177048236
"YJL147C",226.706971921199,-0.00539890765787073,0.145326131035652,-0.037150288247516,0.970365175455146,0.992438996552852
"YPR139C",788.628133686668,0.00380522359386783,0.103995454874336,0.0365902875127179,0.970811687788,0.992715008254833
"YNL116W",7.96139123150854,0.0229079290844237,0.629965469951203,0.0363637852820698,0.970992290227987,0.992719059683698
"YFR008W",111.216603183783,0.00500283779064991,0.139134263709826,0.035956907071314,0.971316719891538,0.992796690864308
"YDL070W",4530.6738577716,-0.00446946137154941,0.124756561134468,-0.0358254614499355,0.971421530794097,0.992796690864308
"YDR154C",37.6615923771145,0.0105410355517898,0.298096452693355,0.0353611572917075,0.971791757318879,0.992804030886624
"YCL014W",620.893379649067,-0.00241642991440947,0.0684307464270295,-0.0353120496352646,0.97183091510445,0.992804030886624
"YCL027W",17.3530063817845,0.00957411226883273,0.272364613370252,0.0351518214879761,0.971958679348435,0.992804030886624
"YHR140W",43.8468197208274,-0.00923899571831394,0.266562785627013,-0.034659735778878,0.972351067815851,0.993024350558801
"YLR424W",137.998349695578,-0.005147833226827,0.149658596257657,-0.0343971770118994,0.972560434559507,0.993057711159962
"YGL019W",1967.44345604114,-0.00200008411852852,0.0592541183029883,-0.0337543478126085,0.973073040349574,0.993125320598768
"YOR233W",575.626404574332,-0.00325029106296567,0.0972677632239462,-0.0334159124794749,0.973342920425399,0.993125320598768
"YER161C",2374.3089649527,-0.00275430167869637,0.0834052257566226,-0.0330231307895917,0.973656141996086,0.993125320598768
"YDR206W",78.7045945921425,-0.00628047046902455,0.191585939165381,-0.0327814791439527,0.973848847776584,0.993125320598768
"YDL068W",16.8002307032981,0.0106681148624095,0.326921963316247,0.0326319919108334,0.973968057553591,0.993125320598768
"YDR255C",404.977975486292,-0.0044818588191302,0.138843708451648,-0.0322798841165424,0.974248850993783,0.993125320598768
"YMR146C",13540.2149580203,-0.00230404329112799,0.0719522474753886,-0.03202183909427,0.974454634747926,0.993125320598768
"YBL096C",25.6121977028605,0.0113848761002481,0.35563212113323,0.0320130703153864,0.97446162763603,0.993125320598768
"YGR009C",1309.76743287592,0.002797033149175,0.0882625815731693,0.0316899086716183,0.974719342559819,0.993125320598768
"YLR405W",435.348955654922,0.003721472261373,0.117623436490065,0.0316388669845346,0.974760047522701,0.993125320598768
"YBR076C-A",273.142338055816,-0.00387606235652323,0.123436123425911,-0.0314013616836382,0.974949455221634,0.993125320598768
"YPL267W",637.536971861732,-0.00429080023010949,0.138217835946287,-0.0310437520652322,0.975234647370046,0.993125320598768
"YOL080C",1163.37585965669,-0.00301908225194655,0.0979773741381609,-0.0308140759895162,0.975417814734747,0.993125320598768
"YGR169C-A",4064.35818494117,-0.00321601045266132,0.10458047647004,-0.0307515375834288,0.975467689527606,0.993125320598768
"YDR120C",1378.19428034185,0.0026139414281329,0.0850184576316644,0.0307455757367135,0.97547244414484,0.993125320598768
"YOR187W",2920.04643804812,-0.00374456367220606,0.122037432165741,-0.0306837304403496,0.975521766281468,0.993125320598768
"YHR182W",424.349417855192,-0.00290189027166841,0.0949973741531536,-0.0305470577217221,0.975630764239466,0.993125320598768
"YKL220C",18.8197853435889,-0.0100116197174982,0.333608158732417,-0.0300101165257423,0.976058984984802,0.993381292215608
"YPR118W",683.514780219686,0.00325196395519713,0.109820457040436,0.0296116410624639,0.976376781160429,0.993524807192035
"YDR452W",3599.38106594548,0.00251783797471162,0.0864949243017778,0.0291096615788341,0.976777130238831,0.993609811607565
"YOR073W",733.387941152072,-0.00254414744730729,0.0875374317710107,-0.0290635376870837,0.976813916215623,0.993609811607565
"YNL092W",34.930613257919,-0.0082636245890615,0.29402917681128,-0.0281047774873221,0.977578583696095,0.994079817017544
"YMR194C-B",82.845100365845,0.0065421691948198,0.233310307391036,0.0280406351008527,0.97762974175373,0.994079817017544
"YBR046C",84.490753767233,-0.0050209612985082,0.181120320886704,-0.0277216895041223,0.977884124627367,0.994100646911114
"YPR097W",825.12944638028,-0.00232232182451131,0.0842294028438537,-0.0275713912968905,0.978003999425542,0.994100646911114
"YHR082C",2343.76915300585,0.00214206134717397,0.0794315377424379,0.0269673911402766,0.978485742667722,0.994410465423616
"YPL172C",309.51713899244,0.00379178700085926,0.141784360090088,0.0267433375475971,0.978664447116349,0.9944122568783
"YIL029C",37.4203366406062,-0.00788418202093909,0.297887508217571,-0.0264669776457381,0.978884872388463,0.994456432180615
"YPL190C",3856.69569371372,0.00237627588514102,0.0924265017811295,0.0257098974790602,0.979488729420826,0.994890052294423
"YNR043W",3454.08996380531,-0.00271882724082797,0.107723808601145,-0.0252388703679669,0.97986443275198,0.995060123404813
"YBR094W",582.580842503259,-0.00283107130761595,0.113680252290752,-0.0249038091538988,0.980131688912279,0.995060123404813
"YKR006C",1495.56498038754,-0.00176821175661237,0.0712011290213379,-0.024834040989469,0.980187338642179,0.995060123404813
"YBR160W",1145.78567120915,-0.00191569115872353,0.0802142725093312,-0.0238821733189774,0.980946593858664,0.995651048850586
"YPL167C",340.624997963164,0.0023762334441634,0.103320415885137,0.0229986825334219,0.98165132385832,0.996120339407355
"YNL315C",650.332247632246,0.00297638995464419,0.13269858426766,0.0224297039118418,0.982105186013094,0.996120339407355
"YJL141C",7.85334020488191,-0.0112047006702222,0.501742279886738,-0.0223315855956,0.982183453498441,0.996120339407355
"YOR164C",2021.92381136857,-0.00191212985954857,0.0858519110071176,-0.0222724204635357,0.982230648705426,0.996120339407355
"YMR261C",351.203227794002,-0.00247956213594278,0.111734666751752,-0.0221915203940402,0.982295181671808,0.996120339407355
"YOR306C",706.891877085237,-0.00300112545773189,0.137941572848298,-0.0217564973036257,0.982642196087211,0.996130870004555
"YBR246W",1258.84098749341,0.00260728380272038,0.121517446999964,0.0214560449309074,0.982881866446458,0.996130870004555
"YDL105W",265.21957854194,-0.00310854554690209,0.144996039208998,-0.0214388307698627,0.982895598201167,0.996130870004555
"YBR070C",640.349209490837,0.00228855704334707,0.108030565819327,0.0211843474667579,0.983098600393757,0.996130870004555
"YHL043W",9.34507286821414,-0.0135261852938049,0.642040099236761,-0.0210675085713251,0.983191803543642,0.996130870004555
"YPR006C",83.1607407285103,-0.00374093911647635,0.182013670445254,-0.0205530667412234,0.983602179862725,0.996286566491793
"YNL221C",560.443972693009,0.00233102842158052,0.11433083636201,0.0203884489587716,0.983733498332117,0.996286566491793
"YNL214W",217.65873899215,0.00265545938344878,0.131405178316778,0.0202081791407586,0.983877303208088,0.996286566491793
"YEL020W-A",6156.3636638858,0.00172600684731257,0.087466053653299,0.0197334482947427,0.984256008089497,0.99649049999333
"YOR192C",111.895639189348,-0.00341477605788549,0.176356742514824,-0.0193628891597295,0.984551615014831,0.996610244305358
"YPR164W",149.728786718843,-0.00272426242711801,0.144661989142019,-0.0188319159944878,0.984975193051821,0.996797397408546
"YCR024C",417.006904266063,0.00203122460111099,0.10978652492112,0.0185015838926533,0.985238714018996,0.996797397408546
"YNL164C",273.633050758173,-0.00208890304558101,0.11446093276358,-0.0182499215683979,0.985439477602916,0.996797397408546
"YPL242C",1005.4477360994,0.00122897927741384,0.0683668059247567,0.0179762570561865,0.985657794475294,0.996797397408546
"YLR226W",1044.11030959188,0.00124846778769947,0.069556030238469,0.0179490949011777,0.985679463243333,0.996797397408546
"YIL108W",559.796682794346,0.00199168493243671,0.113100133019116,0.0176099256408485,0.985950038389084,0.996797397408546
"YOR046C",3047.47938132287,0.00139871168219256,0.0795862415243617,0.0175747925194383,0.98597806622671,0.996797397408546
"YDL045C",388.49154967667,-0.00181935841703398,0.105962916118733,-0.0171697654582795,0.986301182302047,0.996944720240558
"YER180C",235.818388792751,-0.00178480320101381,0.106604877448361,-0.016742228345775,0.986642258526461,0.997110140787396
"YNL292W",1449.26957833461,0.00143614786114924,0.08730407473227,0.0164499522565629,0.986875428991399,0.9971664708615
"YGR225W",15.5554216829289,0.00548101526950398,0.343131196773734,0.0159735265141696,0.987255511781974,0.997371198312906
"YNL091W",2780.81955274667,0.00118334572141858,0.0766408273991848,0.0154401480460943,0.987681033729295,0.997621748662588
"YER029C",2524.71205667981,-0.00110333102981355,0.0740671732293391,-0.0148963566679835,0.988114866558737,0.997739257255612
"YBR003W",505.734995769585,0.00150009483209788,0.102551115110537,0.0146277768942928,0.98832913886463,0.997739257255612
"YBR164C",2294.8778431364,0.00110502759848778,0.0759285881692092,0.0145535117290103,0.988388387586427,0.997739257255612
"YJL013C",248.736273486441,0.0016136299118016,0.112024934427152,0.0144042031361413,0.988507506120863,0.997739257255612
"YJL044C",1104.11276382825,-0.00131780264548303,0.0950360310845988,-0.0138663476414535,0.988936609839953,0.997886287927674
"YOR228C",170.725999804408,-0.00210337946903891,0.159302054666353,-0.0132037183917325,0.98946526305208,0.997886287927674
"YJL011C",803.287742735612,-0.00240531673049185,0.185196898265512,-0.0129878888524548,0.989637455342773,0.997886287927674
"YMR106C",171.788882547139,-0.00173273690222498,0.135240516613753,-0.0128122617807922,0.989777573812353,0.997886287927674
"YOR161C",29.0395984656274,-0.00355057516487617,0.284692548770925,-0.0124716125525755,0.990049350852505,0.997886287927674
"YHR015W",76.6829333107556,0.00264311859927102,0.215391308769354,0.0122712407217012,0.990209212208478,0.997886287927674
"YER073W",1878.63091011419,0.0010875340360172,0.0891797430134406,0.0121948550115613,0.99027015462714,0.997886287927674
"YLR346C",32.7204829634488,0.00285112801987199,0.236105768607094,0.0120756389676213,0.990365268264268,0.997886287927674
"YJR042W",598.131041987271,-0.00127765656642496,0.105841680309605,-0.0120713934499867,0.990368655450358,0.997886287927674
"YJL046W",402.907962942228,-0.00118836652433778,0.101023572903309,-0.0117632597044967,0.99061449314969,0.997886287927674
"YNL084C",2113.01722624681,0.000932450584269408,0.0802053065161219,0.0116257966557609,0.990724165294125,0.997886287927674
"YDR191W",34.8566720866674,-0.00430359471899918,0.372575530494077,-0.0115509322721547,0.990783894419292,0.997886287927674
"YER105C",1307.01743463012,0.000829115343057426,0.0737367133964583,0.0112442676770735,0.991028561471805,0.99791293902702
"YML127W",249.682222723125,0.00199758186898293,0.180406865884029,0.0110726488107556,0.991165484990894,0.99791293902702
"YLR373C",356.47424576853,-0.000954556594400221,0.0957721476771555,-0.00996695404198303,0.992047652916477,0.998162912809425
"YLR002C",2029.27727839236,0.00088553896082978,0.0889069323750534,0.00996029147754349,0.992052968609918,0.998162912809425
"YKL050C",160.606910980172,-0.00158073532065539,0.159124336396211,-0.00993396331733596,0.992073974403223,0.998162912809425
"YKR092C",4860.98311413196,-0.00104937772932505,0.106309098977001,-0.00987100576924344,0.992124204795987,0.998162912809425
"YER118C",822.1607726234,-0.00081841796780626,0.0925689197938893,-0.00884117444201057,0.99294585531295,0.998810758342362
"YHL040C",474.542141817817,0.001376671371802,0.166255590338472,0.00828045161669027,0.993393230998475,0.999081953867471
"YBR125C",295.871949670594,-0.000817753186545069,0.107118331804674,-0.00763411054642085,0.993908920223933,0.99914065090693
"YBR223C",26.6384854360266,0.00203835297539793,0.267720736484724,0.00761372840282112,0.993925182349009,0.99914065090693
"YLR439W",1152.22428440965,0.00102333532378476,0.13574197395705,0.00753882748241565,0.993984942921823,0.99914065090693
"YKL195W",2924.33893296719,0.000723342160854888,0.100413300283841,0.00720364890716863,0.994252369465443,0.999148441331598
"YOL162W",23.7020840840816,0.00222494495717526,0.325413973448623,0.00683727540522021,0.994544686020725,0.999148441331598
"YPL113C",26.3701065238309,0.0020119661526593,0.294560121341052,0.00683040916570566,0.9945501643593,0.999148441331598
"YAR007C",589.521971722491,-0.000656740806589546,0.100979110160705,-0.00650372939060725,0.9948108113141,0.999148441331598
"YDR317W",32.6929614861279,0.00178126929013492,0.282045472215036,0.00631553939209084,0.994960962123807,0.999148441331598
"YKL081W",38641.3519066423,0.000481134357150576,0.0800404282400299,0.00601114171588041,0.995203831716102,0.999148441331598
"YER163C",366.573246355477,-0.000664739604518318,0.111358979086684,-0.00596933996674728,0.995237184087951,0.999148441331598
"YDR389W",946.388778316374,0.000580760026943204,0.110756643792891,0.00524356830484314,0.995816256978068,0.999193601756977
"YJL042W",372.824569375444,-0.000543160351579807,0.122984926897072,-0.0044164790375847,0.996476171018355,0.999193601756977
"YPL111W",2893.75208942805,0.000530724366835784,0.121166492038449,0.00438012488359712,0.996505177155977,0.999193601756977
"YKR016W",1676.81006638069,0.00034401863721045,0.0870117306041073,0.00395370411347974,0.996845408748518,0.999193601756977
"YJL126W",93.6364818071887,0.00062978112585565,0.17383158495701,0.00362293840910097,0.997109319702332,0.999193601756977
"YOR205C",845.67531329404,-0.000257426672461695,0.0793466702014958,-0.00324432861275686,0.997411404830827,0.999193601756977
"YKR051W",283.289301263343,0.000290703405709521,0.100796041962472,0.0028840756050496,0.997698843792671,0.999193601756977
"YBR259W",102.207640930741,0.00039932368404935,0.138464127743618,0.00288395045385865,0.997698943648459,0.999193601756977
"YCL017C",754.704370590528,-0.000382600784829395,0.13293520623504,-0.00287809975750839,0.997703611809373,0.999193601756977
"YKL074C",829.415747467811,0.000260116662620004,0.0936356933109342,0.002777964827539,0.997783507604465,0.999193601756977
"YPL124W",338.118879096874,0.000366766332100232,0.133095384599567,0.00275566529375675,0.99780129999008,0.999193601756977
"YGL057C",309.890359609345,0.000298129983500907,0.109594938799588,0.0027202897028492,0.997829525522096,0.999193601756977
"YFR026C",75.5633597285891,0.000364561815663408,0.136079596686329,0.00267903362841192,0.997862442986972,0.999193601756977
"YLR015W",342.162017498195,-0.00025973669835854,0.0987399830362757,-0.00263051187949988,0.997901157604861,0.999193601756977
"YKL119C",1610.3140188023,-0.000271009927023822,0.105431570682893,-0.00257048173776088,0.997949054566177,0.999193601756977
"YNR071C",66.7126697262592,-0.000463276477848998,0.201754073192761,-0.00229624349346529,0.998167864378781,0.999234662951327
"YDR520C",349.981459976655,0.000183630967660645,0.0994992203890357,0.00184555182385007,0.998527463529513,0.999249765330444
"YNL323W",201.464581570825,0.000359047468677649,0.226634387105394,0.00158425856403988,0.998735945080203,0.999249765330444
"YBL072C",20308.4781951913,-0.000125259849835443,0.0861540229207343,-0.00145390598824025,0.998839951267818,0.999249765330444
"YPR128C",409.664323921423,-0.000206137912237421,0.148732428858746,-0.00138596480820732,0.99889416043175,0.999249765330444
"YDL077C",315.126707027693,-0.000109558894068505,0.101685320088594,-0.00107743078325417,0.999140334779033,0.999318149396363
"YDR172W",4151.31964584066,-3.00381095320565e-05,0.0716181078818613,-0.000419420596556478,0.999665350791336,0.999665350791336
