"","Gene_ID","n_SNPs","n_in_exons","n_introns","n_upstream","n_downstream","n_nonsynonymous","n_synonymous","n_modifer","n_low_impact","n_mod_impact","n_high_impact","effects","max_upstream_dist","min_upstream_dist","CHROM","n_in_gene","gene_length","gene_length_kb","n_in_gene_per_kb","up_to_in_ratio","up_to_in_per_kb_ratio","In_sigs","n_in_gene_per_kb_tf"
"1","15S_rRNA",5,0,0,5,0,0,0,5,0,0,0,"upstream_gene_variant",988,533,"Mito",0,NA,NA,NA,NA,NA,FALSE,NA
"2","21S_rRNA",10,0,0,10,0,0,0,10,0,0,0,"upstream_gene_variant",936,169,"Mito",0,NA,NA,NA,NA,NA,FALSE,NA
"3","ICR1",1,1,0,0,0,0,0,0,1,0,0,"splice_region_variant&non_coding_transcript_exon_variant",NA,NA,"IX",1,NA,NA,NA,0,NA,FALSE,NA
"4","Q0010",13,2,0,11,0,1,0,11,0,1,1,"upstream_gene_variant;stop_gained;missense_variant",931,2,"Mito",2,NA,NA,NA,5.5,NA,FALSE,NA
"5","Q0017",1,1,0,0,0,0,1,0,1,0,0,"synonymous_variant",NA,NA,"Mito",1,NA,NA,NA,0,NA,FALSE,NA
"6","Q0032",19,6,0,13,0,6,0,13,0,6,0,"upstream_gene_variant;missense_variant",859,38,"Mito",6,NA,NA,NA,2.16666666666667,NA,FALSE,NA
"7","Q0045",11,9,2,0,0,3,2,0,4,3,4,"splice_region_variant&intron_variant;missense_variant;synonymous_variant;splice_donor_variant&intron_variant;stop_gained;stop_retained_variant;stop_lost",NA,NA,"Mito",11,12884,12.884,0.853772120459485,0,0,FALSE,0.923997900679154
"8","Q0050",24,10,0,14,0,5,5,14,5,5,0,"upstream_gene_variant;synonymous_variant;missense_variant",871,69,"Mito",10,2505,2.505,3.99201596806387,1.4,3.507,FALSE,1.99800299500873
"9","Q0055",3,3,0,0,0,2,1,0,1,2,0,"synonymous_variant;missense_variant",NA,NA,"Mito",3,5013,5.013,0.598444045481747,0,0,FALSE,0.77359165292921
"10","Q0060",85,85,0,0,0,46,17,0,21,46,18,"missense_variant;stop_gained;synonymous_variant;stop_lost;stop_retained_variant",NA,NA,"Mito",85,6179,6.179,13.7562712413012,0,0,FALSE,3.70894476115528
"11","Q0065",3,2,1,0,0,2,0,0,0,2,1,"splice_donor_variant&intron_variant;missense_variant",NA,NA,"Mito",3,8118,8.118,0.369549150036955,0,0,FALSE,0.607905543680065
"12","Q0070",3,3,0,0,0,3,0,0,0,3,0,"missense_variant",NA,NA,"Mito",3,9350,9.35,0.320855614973262,0,0,FALSE,0.566441184037021
"13","Q0075",7,7,0,0,0,5,2,0,2,5,0,"missense_variant;synonymous_variant",NA,NA,"Mito",7,1100,1.1,6.36363636363636,0,0,FALSE,2.52262489554756
"14","Q0080",18,0,0,18,0,0,0,18,0,0,0,"upstream_gene_variant",957,110,"Mito",0,147,0.147,0,NA,NA,FALSE,0
"15","Q0085",14,9,0,5,0,3,6,5,6,3,0,"upstream_gene_variant;synonymous_variant;missense_variant",544,120,"Mito",9,780,0.78,11.5384615384615,0.555555555555556,0.433333333333333,FALSE,3.39683110243379
"16","Q0092",14,4,0,10,0,4,0,10,0,4,0,"upstream_gene_variant;missense_variant",982,352,"Mito",4,NA,NA,NA,2.5,NA,FALSE,NA
"17","Q0105",1,1,0,0,0,0,1,0,1,0,0,"synonymous_variant",NA,NA,"Mito",1,7108,7.108,0.140686550365785,0,0,FALSE,0.375082058176321
"18","Q0110",8,6,0,2,0,3,2,2,2,3,1,"upstream_gene_variant;missense_variant;stop_lost;synonymous_variant",719,528,"Mito",6,2040,2.04,2.94117647058824,0.333333333333333,0.68,FALSE,1.71498585142509
"19","Q0115",18,18,0,0,0,16,2,0,2,16,0,"synonymous_variant;missense_variant",NA,NA,"Mito",18,3726,3.726,4.83091787439614,0,0,FALSE,2.19793491131929
"20","Q0120",13,13,0,0,0,8,1,0,1,8,4,"missense_variant;stop_lost;stop_gained;synonymous_variant",NA,NA,"Mito",13,5712,5.712,2.27591036414566,0,0,FALSE,1.50861206549121
"21","Q0130",9,1,0,8,0,0,1,8,1,0,0,"upstream_gene_variant;synonymous_variant",712,112,"Mito",1,231,0.231,4.32900432900433,8,1.848,FALSE,2.0806259464412
"22","Q0140",9,2,0,7,0,2,0,7,0,2,0,"upstream_gene_variant;missense_variant",444,12,"Mito",2,1197,1.197,1.67084377610693,3.5,4.1895,FALSE,1.29261122388247
"23","Q0142",7,0,0,7,0,0,0,7,0,0,0,"upstream_gene_variant",557,6,"Mito",0,NA,NA,NA,NA,NA,FALSE,NA
"24","Q0143",1,1,0,0,0,1,0,0,0,1,0,"missense_variant",NA,NA,"Mito",1,NA,NA,NA,0,NA,FALSE,NA
"25","Q0144",16,3,0,13,0,2,1,13,1,2,0,"upstream_gene_variant;missense_variant;synonymous_variant",881,59,"Mito",3,NA,NA,NA,4.33333333333333,NA,FALSE,NA
"26","Q0160",3,0,0,3,0,0,0,3,0,0,0,"upstream_gene_variant",790,495,"Mito",0,708,0.708,0,NA,NA,FALSE,0
"27","Q0182",11,5,0,6,0,3,2,6,2,3,0,"upstream_gene_variant;missense_variant;synonymous_variant",669,34,"Mito",5,NA,NA,NA,1.2,NA,FALSE,NA
"28","Q0250",21,6,0,15,0,0,6,15,6,0,0,"upstream_gene_variant;synonymous_variant",996,129,"Mito",6,756,0.756,7.93650793650794,2.5,1.89,FALSE,2.81718084909506
"29","Q0255",5,5,0,0,0,2,2,0,2,3,0,"synonymous_variant;missense_variant;missense_variant&splice_region_variant",NA,NA,"Mito",5,1490,1.49,3.35570469798658,0,0,FALSE,1.83185826361828
"30","Q0275",4,4,0,0,0,0,4,0,4,0,0,"synonymous_variant",NA,NA,"Mito",4,810,0.81,4.93827160493827,0,0,FALSE,2.22222222222222
"31","Q0297",4,0,0,4,0,0,0,4,0,0,0,"upstream_gene_variant",134,71,"Mito",0,NA,NA,NA,NA,NA,FALSE,NA
"32","RPM1",1,0,0,1,0,0,0,1,0,0,0,"upstream_gene_variant",166,166,"Mito",0,NA,NA,NA,NA,NA,FALSE,NA
"33","RUF20",2,0,0,2,0,0,0,2,0,0,0,"upstream_gene_variant",143,96,"VI",0,NA,NA,NA,NA,NA,FALSE,NA
"34","RUF22",2,0,0,2,0,0,0,2,0,0,0,"upstream_gene_variant",59,15,"VI",0,NA,NA,NA,NA,NA,FALSE,NA
"35","YAL001C",32,19,1,12,0,15,3,12,5,15,0,"synonymous_variant;missense_variant;stop_retained_variant;splice_region_variant&intron_variant;upstream_gene_variant",989,141,"I",20,3573,3.573,5.59753708368318,0.6,2.25663157894737,FALSE,2.36591146995892
"36","YAL002W",12,12,0,0,0,4,8,0,8,4,0,"synonymous_variant;missense_variant",NA,NA,"I",12,3825,3.825,3.13725490196078,0,0,FALSE,1.77122977108019
"37","YAL003W",2,2,0,0,0,2,0,0,0,2,0,"missense_variant",NA,NA,"I",2,987,0.987,2.02634245187437,0,0,FALSE,1.42349655843432
"38","YAL004W",3,3,0,0,0,3,0,0,0,3,0,"missense_variant",NA,NA,"I",3,NA,NA,NA,0,NA,FALSE,NA
"39","YAL005C",2,2,0,0,0,1,1,0,1,1,0,"synonymous_variant;missense_variant",NA,NA,"I",2,1929,1.929,1.03680663556247,0,0,TRUE,1.01823702327232
"40","YAL007C",1,1,0,0,0,0,1,0,1,0,0,"synonymous_variant",NA,NA,"I",1,648,0.648,1.54320987654321,0,0,FALSE,1.24225998749988
"41","YAL008W",10,10,0,0,0,3,7,0,7,3,0,"synonymous_variant;missense_variant",NA,NA,"I",10,597,0.597,16.750418760469,0,0,FALSE,4.09272754535029
"42","YAL009W",3,3,0,0,0,2,1,0,1,2,0,"synonymous_variant;missense_variant",NA,NA,"I",3,780,0.78,3.84615384615385,0,0,FALSE,1.96116135138184
"43","YAL010C",13,12,0,1,0,4,8,1,8,4,0,"synonymous_variant;missense_variant;upstream_gene_variant",162,162,"I",12,1482,1.482,8.09716599190283,0.0833333333333333,0.1235,FALSE,2.84555196612236
"44","YAL011W",14,14,0,0,0,5,9,0,9,5,0,"synonymous_variant;missense_variant",NA,NA,"I",14,1878,1.878,7.45473908413206,0,0,FALSE,2.73033680781915
"45","YAL012W",6,6,0,0,0,1,5,0,5,1,0,"synonymous_variant;missense_variant",NA,NA,"I",6,1185,1.185,5.06329113924051,0,0,FALSE,2.25017580185205
"46","YAL013W",7,7,0,0,0,3,4,0,4,3,0,"synonymous_variant;missense_variant",NA,NA,"I",7,1218,1.218,5.74712643678161,0,0,FALSE,2.39731650742692
"47","YAL014C",6,6,0,0,0,2,4,0,4,2,0,"synonymous_variant;missense_variant",NA,NA,"I",6,768,0.768,7.8125,0,0,FALSE,2.79508497187474
"48","YAL015C",10,10,0,0,0,2,8,0,8,2,0,"synonymous_variant;missense_variant",NA,NA,"I",10,1200,1.2,8.33333333333333,0,0,FALSE,2.88675134594813
"49","YAL016C-A",2,2,0,0,0,2,0,0,0,2,0,"missense_variant",NA,NA,"I",2,NA,NA,NA,0,NA,FALSE,NA
"50","YAL016C-B",12,6,0,6,0,4,2,6,2,4,0,"synonymous_variant;missense_variant;upstream_gene_variant",227,75,"I",6,NA,NA,NA,1,NA,FALSE,NA
"51","YAL016W",14,14,0,0,0,1,13,0,13,1,0,"synonymous_variant;missense_variant",NA,NA,"I",14,1908,1.908,7.33752620545073,0,0,FALSE,2.70878685124
"52","YAL017W",29,29,0,0,0,6,23,0,23,6,0,"missense_variant;synonymous_variant",NA,NA,"I",29,4071,4.071,7.12355686563498,0,0,FALSE,2.66899922548415
"53","YAL018C",10,10,0,0,0,2,8,0,8,2,0,"synonymous_variant;missense_variant",NA,NA,"I",10,978,0.978,10.2249488752556,0,0,FALSE,3.1976473969554
"54","YAL019W",34,34,0,0,0,3,31,0,31,3,0,"missense_variant;synonymous_variant",NA,NA,"I",34,3396,3.396,10.0117785630153,0,0,FALSE,3.16413946642927
"55","YAL019W-A",3,3,0,0,0,2,0,0,0,2,1,"stop_gained;missense_variant",NA,NA,"I",3,NA,NA,NA,0,NA,FALSE,NA
"56","YAL020C",13,13,0,0,0,5,8,0,8,5,0,"synonymous_variant;missense_variant",NA,NA,"I",13,1002,1.002,12.9740518962076,0,0,FALSE,3.60195112351731
"57","YAL021C",27,27,0,0,0,6,21,0,21,6,0,"missense_variant;synonymous_variant",NA,NA,"I",27,2514,2.514,10.7398568019093,0,0,FALSE,3.27717207389379
"58","YAL022C",17,17,0,0,0,3,14,0,14,3,0,"synonymous_variant;missense_variant",NA,NA,"I",17,1554,1.554,10.9395109395109,0,0,FALSE,3.3074931503347
"59","YAL023C",13,13,0,0,0,0,13,0,13,0,0,"synonymous_variant",NA,NA,"I",13,2280,2.28,5.70175438596491,0,0,FALSE,2.3878346647046
"60","YAL024C",29,28,0,1,0,8,20,1,20,8,0,"missense_variant;synonymous_variant;upstream_gene_variant",284,284,"I",28,4308,4.308,6.49953574744661,0.0357142857142857,0.153857142857143,FALSE,2.54941870775411
"61","YAL025C",2,2,0,0,0,0,2,0,2,0,0,"synonymous_variant",NA,NA,"I",2,921,0.921,2.17155266015201,0,0,FALSE,1.47361889922463
"62","YAL026C",20,20,0,0,0,4,16,0,16,4,0,"synonymous_variant;missense_variant",NA,NA,"I",20,4068,4.068,4.91642084562439,0,0,FALSE,2.21730035079246
"63","YAL026C-A",5,5,0,0,0,4,0,0,0,4,1,"stop_lost&splice_region_variant;missense_variant",NA,NA,"I",5,NA,NA,NA,0,NA,FALSE,NA
"64","YAL027W",18,18,0,0,0,5,13,0,13,5,0,"missense_variant;synonymous_variant",NA,NA,"I",18,786,0.786,22.9007633587786,0,0,FALSE,4.78547420417022
"65","YAL028W",21,21,0,0,0,8,13,0,13,8,0,"missense_variant;synonymous_variant",NA,NA,"I",21,1587,1.587,13.2325141776938,0,0,FALSE,3.63765228927859
"66","YAL029C",46,38,0,8,0,13,25,8,25,13,0,"missense_variant;synonymous_variant;upstream_gene_variant",621,40,"I",38,4416,4.416,8.60507246376812,0.210526315789474,0.929684210526316,FALSE,2.93344038012844
"67","YAL030W",3,3,0,0,0,0,3,0,3,0,0,"synonymous_variant",NA,NA,"I",3,467,0.467,6.42398286937901,0,0,FALSE,2.53455772658249
"68","YAL031C",16,16,0,0,0,6,10,0,10,6,0,"synonymous_variant;missense_variant",NA,NA,"I",16,2283,2.283,7.00832238282961,0,0,FALSE,2.64732362638753
"69","YAL031W-A",2,2,0,0,0,2,0,0,0,2,0,"missense_variant",NA,NA,"I",2,NA,NA,NA,0,NA,FALSE,NA
"70","YAL032C",11,11,0,0,0,6,4,0,4,6,1,"stop_lost&splice_region_variant;synonymous_variant;missense_variant",NA,NA,"I",11,1140,1.14,9.64912280701754,0,0,FALSE,3.10630372098698
"71","YAL033W",3,3,0,0,0,0,3,0,3,0,0,"synonymous_variant",NA,NA,"I",3,522,0.522,5.74712643678161,0,0,FALSE,2.39731650742692
"72","YAL034C",6,6,0,0,0,1,5,0,5,1,0,"synonymous_variant;missense_variant",NA,NA,"I",6,1242,1.242,4.83091787439614,0,0,FALSE,2.19793491131929
"73","YAL034C-B",3,3,0,0,0,2,1,0,1,2,0,"missense_variant;synonymous_variant",NA,NA,"I",3,NA,NA,NA,0,NA,FALSE,NA
"74","YAL034W-A",3,3,0,0,0,0,3,0,3,0,0,"synonymous_variant",NA,NA,"I",3,870,0.87,3.44827586206897,0,0,FALSE,1.85695338177052
"75","YAL035W",26,26,0,0,0,7,19,0,19,7,0,"missense_variant;synonymous_variant",NA,NA,"I",26,3009,3.009,8.64074443336657,0,0,FALSE,2.93951431929946
"76","YAL036C",10,10,0,0,0,0,10,0,10,0,0,"synonymous_variant",NA,NA,"I",10,1110,1.11,9.00900900900901,0,0,FALSE,3.00150112593832
"77","YAL037C-A",1,1,0,0,0,1,0,0,0,1,0,"missense_variant",NA,NA,"I",1,93,0.093,10.752688172043,0,0,FALSE,3.27912917891976
"78","YAL037C-B",3,3,0,0,0,3,0,0,0,3,0,"missense_variant",NA,NA,"I",3,NA,NA,NA,0,NA,FALSE,NA
"79","YAL037W",7,7,0,0,0,4,3,0,3,4,0,"synonymous_variant;missense_variant",NA,NA,"I",7,804,0.804,8.70646766169154,0,0,FALSE,2.95067240839974
"80","YAL038W",1,1,0,0,0,0,1,0,1,0,0,"synonymous_variant",NA,NA,"I",1,1503,1.503,0.665335994677312,0,0,FALSE,0.815681307053994
"81","YAL039C",7,7,0,0,0,2,5,0,5,2,0,"synonymous_variant;missense_variant",NA,NA,"I",7,810,0.81,8.64197530864197,0,0,FALSE,2.93972367896066
"82","YAL040C",12,11,0,1,0,3,8,1,8,3,0,"synonymous_variant;missense_variant;upstream_gene_variant",195,195,"I",11,1743,1.743,6.31095811818703,0.0909090909090909,0.158454545454545,FALSE,2.51216204059114
"83","YAL041W",20,20,0,0,0,3,17,0,17,3,0,"synonymous_variant;missense_variant",NA,NA,"I",20,2565,2.565,7.79727095516569,0,0,FALSE,2.7923593886113
"84","YAL042C-A",3,3,0,0,0,1,2,0,2,1,0,"synonymous_variant;missense_variant",NA,NA,"I",3,NA,NA,NA,0,NA,FALSE,NA
"85","YAL042W",7,7,0,0,0,1,6,0,6,1,0,"synonymous_variant;missense_variant",NA,NA,"I",7,1248,1.248,5.60897435897436,0,0,FALSE,2.36832733357835
"86","YAL043C",16,16,0,0,0,3,13,0,13,3,0,"synonymous_variant;missense_variant",NA,NA,"I",16,2358,2.358,6.78541136556404,0,0,FALSE,2.60488221721521
"87","YAL045C",1,1,0,0,0,1,0,0,0,1,0,"missense_variant",NA,NA,"I",1,NA,NA,NA,0,NA,FALSE,NA
"88","YAL046C",2,2,0,0,0,1,1,0,1,1,0,"synonymous_variant;missense_variant",NA,NA,"I",2,357,0.357,5.60224089635854,0,0,FALSE,2.36690534165575
"89","YAL047C",23,23,0,0,0,10,13,0,13,10,0,"synonymous_variant;missense_variant",NA,NA,"I",23,1869,1.869,12.3060460139112,0,0,FALSE,3.50799743641742
"90","YAL047W-A",1,1,0,0,0,0,1,0,1,0,0,"synonymous_variant",NA,NA,"I",1,NA,NA,NA,0,NA,FALSE,NA
"91","YAL048C",13,13,0,0,0,1,12,0,12,1,0,"synonymous_variant;missense_variant",NA,NA,"I",13,1989,1.989,6.5359477124183,0,0,FALSE,2.55654996282457
"92","YAL049C",3,1,0,2,0,0,1,2,1,0,0,"synonymous_variant;upstream_gene_variant",86,75,"I",1,741,0.741,1.34952766531714,2,1.482,FALSE,1.16169172559554
"93","YAL051W",40,40,0,0,0,8,32,0,32,8,0,"missense_variant;synonymous_variant",NA,NA,"I",40,3144,3.144,12.7226463104326,0,0,FALSE,3.56688187503211
"94","YAL053W",23,23,0,0,0,1,22,0,22,1,0,"missense_variant;synonymous_variant",NA,NA,"I",23,2352,2.352,9.77891156462585,0,0,FALSE,3.12712512775326
"95","YAL054C",19,13,0,6,0,1,12,6,12,1,0,"synonymous_variant;missense_variant;upstream_gene_variant",809,2,"I",13,2142,2.142,6.06909430438842,0.461538461538462,0.988615384615385,FALSE,2.46355318683978
"96","YAL055W",8,8,0,0,0,3,5,0,5,3,0,"synonymous_variant;missense_variant",NA,NA,"I",8,543,0.543,14.7329650092081,0,0,FALSE,3.83835446633165
"97","YAL056W",17,17,0,0,0,4,13,0,13,4,0,"synonymous_variant;missense_variant",NA,NA,"I",17,2643,2.643,6.43208475217556,0,0,FALSE,2.53615550630784
"98","YAL058W",13,13,0,0,0,7,6,0,6,7,0,"missense_variant;synonymous_variant",NA,NA,"I",13,1509,1.509,8.61497680583168,0,0,FALSE,2.93512807315655
"99","YAL059C-A",8,7,0,1,0,2,5,1,5,2,0,"synonymous_variant;missense_variant;upstream_gene_variant",376,376,"I",7,NA,NA,NA,0.142857142857143,NA,FALSE,NA
"100","YAL059W",5,4,0,1,0,2,1,1,1,2,1,"upstream_gene_variant;stop_gained;synonymous_variant;missense_variant",75,75,"I",4,639,0.639,6.25978090766823,0.25,0.15975,FALSE,2.50195541680267
"101","YAL060W",25,19,0,6,0,5,14,6,14,5,0,"upstream_gene_variant;synonymous_variant;missense_variant",207,26,"I",19,1149,1.149,16.5361183637946,0.31578947368421,0.362842105263158,FALSE,4.06646263523896
"102","YAL061W",20,11,0,9,0,2,9,9,9,2,0,"upstream_gene_variant;missense_variant;synonymous_variant",459,100,"I",11,1254,1.254,8.7719298245614,0.818181818181818,1.026,FALSE,2.96174438879546
"103","YAL062W",15,15,0,0,0,0,15,0,15,0,0,"synonymous_variant",NA,NA,"I",15,1374,1.374,10.9170305676856,0,0,FALSE,3.30409300227545
"104","YAL063C",132,67,0,65,0,30,37,65,37,30,0,"synonymous_variant;missense_variant;upstream_gene_variant",962,2,"I",67,3969,3.969,16.8808264046359,0.970149253731343,3.8505223880597,FALSE,4.10862828747454
"105","YAL063C-A",12,1,0,11,0,1,0,11,0,1,0,"missense_variant;upstream_gene_variant",996,73,"I",1,291,0.291,3.43642611683849,11,3.201,FALSE,1.85375999440016
"106","YAL064C-A",21,21,0,0,0,12,9,0,9,12,0,"missense_variant;synonymous_variant",NA,NA,"I",21,381,0.381,55.1181102362205,0,0,FALSE,7.4241572071327
"107","YAL064W",21,11,0,6,4,8,3,10,3,8,0,"upstream_gene_variant;missense_variant;synonymous_variant;downstream_gene_variant",612,25,"I",11,285,0.285,38.5964912280702,0.545454545454545,0.155454545454545,FALSE,6.21260744197396
"108","YAL064W-B",9,9,0,0,0,3,6,0,6,3,0,"synonymous_variant;missense_variant",NA,NA,"I",9,381,0.381,23.6220472440945,0,0,FALSE,4.86025176756251
"109","YAL065C",17,17,0,0,0,8,9,0,9,8,0,"missense_variant;synonymous_variant",NA,NA,"I",17,387,0.387,43.9276485788114,0,0,FALSE,6.62779364334854
"110","YAL066W",1,1,0,0,0,0,0,0,0,0,1,"stop_gained",NA,NA,"I",1,NA,NA,NA,0,NA,FALSE,NA
"111","YAL067C",10,2,0,8,0,1,1,8,1,1,0,"missense_variant;synonymous_variant;upstream_gene_variant",894,27,"I",2,1782,1.782,1.12233445566779,4,7.128,FALSE,1.05940287693955
"112","YAL067W-A",25,8,0,17,0,3,5,17,5,3,0,"upstream_gene_variant;missense_variant;synonymous_variant",997,678,"I",8,228,0.228,35.0877192982456,2.125,0.4845,FALSE,5.92348877759092
"113","YAL068C",37,1,0,36,0,0,1,36,1,0,0,"synonymous_variant;upstream_gene_variant",801,38,"I",1,363,0.363,2.75482093663912,36,13.068,FALSE,1.65976532577323
"114","YAL068W-A",7,7,0,0,0,5,2,0,2,5,0,"missense_variant;synonymous_variant",NA,NA,"I",7,NA,NA,NA,0,NA,FALSE,NA
"115","YAL069W",22,10,0,12,0,5,4,12,4,5,1,"upstream_gene_variant;synonymous_variant;missense_variant;stop_gained",224,30,"I",10,NA,NA,NA,1.2,NA,FALSE,NA
"116","YAR002C-A",2,2,0,0,0,0,2,0,2,0,0,"synonymous_variant",NA,NA,"I",2,660,0.66,3.03030303030303,0,0,FALSE,1.74077655955698
"117","YAR002W",5,5,0,0,0,5,0,0,0,5,0,"missense_variant",NA,NA,"I",5,1620,1.62,3.08641975308642,0,0,FALSE,1.75682092231577
"118","YAR003W",3,3,0,0,0,1,2,0,2,1,0,"missense_variant;synonymous_variant",NA,NA,"I",3,1281,1.281,2.34192037470726,0,0,FALSE,1.5303334194571
"119","YAR007C",11,11,0,0,0,1,10,0,10,1,0,"synonymous_variant;missense_variant",NA,NA,"I",11,1866,1.866,5.89496248660236,0,0,FALSE,2.42795438313869
"120","YAR008W",4,4,0,0,0,1,3,0,3,1,0,"missense_variant;synonymous_variant",NA,NA,"I",4,828,0.828,4.83091787439614,0,0,FALSE,2.19793491131929
"121","YAR009C",1,1,0,0,0,1,0,0,0,1,0,"missense_variant",NA,NA,"I",1,3591,3.591,0.278473962684489,0,0,FALSE,0.52770632238442
"122","YAR014C",8,8,0,0,0,4,4,0,4,4,0,"synonymous_variant;missense_variant",NA,NA,"I",8,2130,2.13,3.75586854460094,0,0,FALSE,1.93800633244604
"123","YAR015W",3,3,0,0,0,0,3,0,3,0,0,"synonymous_variant",NA,NA,"I",3,921,0.921,3.25732899022801,0,0,FALSE,1.80480718921108
"124","YAR018C",3,3,0,0,0,0,3,0,3,0,0,"synonymous_variant",NA,NA,"I",3,1308,1.308,2.29357798165138,0,0,FALSE,1.51445633203846
"125","YAR019C",12,12,0,0,0,2,10,0,10,2,0,"synonymous_variant;missense_variant",NA,NA,"I",12,2925,2.925,4.1025641025641,0,0,FALSE,2.02547873416733
"126","YAR019W-A",3,3,0,0,0,3,0,0,0,3,0,"missense_variant",NA,NA,"I",3,NA,NA,NA,0,NA,FALSE,NA
"127","YAR020C",2,2,0,0,0,0,1,0,1,0,1,"stop_lost&splice_region_variant;synonymous_variant",NA,NA,"I",2,168,0.168,11.9047619047619,0,0,FALSE,3.45032779671177
"128","YAR023C",8,8,0,0,0,5,3,0,3,5,0,"synonymous_variant;missense_variant",NA,NA,"I",8,540,0.54,14.8148148148148,0,0,FALSE,3.8490017945975
"129","YAR027W",11,11,0,0,0,7,4,0,4,7,0,"missense_variant;synonymous_variant",NA,NA,"I",11,708,0.708,15.5367231638418,0,0,FALSE,3.94166502430658
"130","YAR028W",3,3,0,0,0,2,1,0,1,2,0,"synonymous_variant;missense_variant",NA,NA,"I",3,705,0.705,4.25531914893617,0,0,FALSE,2.06284249251759
"131","YAR029W",14,14,0,0,0,9,5,0,5,9,0,"synonymous_variant;missense_variant",NA,NA,"I",14,225,0.225,62.2222222222222,0,0,FALSE,7.88810637746615
"132","YAR030C",13,7,0,6,0,4,2,6,2,4,1,"stop_gained;missense_variant;synonymous_variant;upstream_gene_variant",949,933,"I",7,NA,NA,NA,0.857142857142857,NA,FALSE,NA
"133","YAR031W",27,27,0,0,0,17,8,0,8,17,2,"missense_variant;stop_gained;synonymous_variant",NA,NA,"I",27,897,0.897,30.1003344481605,0,0,FALSE,5.48637716969591
"134","YAR033W",17,17,0,0,0,8,9,0,9,8,0,"synonymous_variant;missense_variant",NA,NA,"I",17,705,0.705,24.113475177305,0,0,FALSE,4.91054733989043
"135","YAR035C-A",3,1,0,2,0,0,1,2,1,0,0,"synonymous_variant;upstream_gene_variant",114,12,"I",1,81,0.081,12.3456790123457,2,0.162,FALSE,3.51364184463153
"136","YAR035W",14,14,0,0,0,2,12,0,12,2,0,"synonymous_variant;missense_variant",NA,NA,"I",14,2064,2.064,6.78294573643411,0,0,FALSE,2.60440890346238
"137","YAR042W",33,33,0,0,0,12,21,0,21,12,0,"synonymous_variant;missense_variant",NA,NA,"I",33,3567,3.567,9.25147182506308,0,0,FALSE,3.04162322207454
"138","YAR047C",16,0,0,16,0,0,0,16,0,0,0,"upstream_gene_variant",999,876,"I",0,NA,NA,NA,NA,NA,FALSE,NA
"139","YAR050W",65,65,0,0,0,26,39,0,39,26,0,"missense_variant;synonymous_variant",NA,NA,"I",65,4614,4.614,14.0875596012137,0,0,FALSE,3.75333979293292
"140","YAR070C",1,1,0,0,0,1,0,0,0,1,0,"missense_variant",NA,NA,"I",1,NA,NA,NA,0,NA,FALSE,NA
"141","YAR071W",7,7,0,0,0,0,7,0,7,0,0,"synonymous_variant",NA,NA,"I",7,1404,1.404,4.98575498575499,0,0,FALSE,2.23288042352361
"142","YAR073W",2,2,0,0,0,1,1,0,1,1,0,"synonymous_variant;missense_variant",NA,NA,"I",2,NA,NA,NA,0,NA,FALSE,NA
"143","YAR075W",1,1,0,0,0,0,1,0,1,0,0,"synonymous_variant",NA,NA,"I",1,NA,NA,NA,0,NA,FALSE,NA
"144","YBL001C",2,2,0,0,0,0,2,0,2,0,0,"synonymous_variant",NA,NA,"II",2,315,0.315,6.34920634920635,0,0,FALSE,2.51976315339485
"145","YBL002W",2,2,0,0,0,0,2,0,2,0,0,"synonymous_variant",NA,NA,"II",2,396,0.396,5.05050505050505,0,0,FALSE,2.24733287487747
"146","YBL003C",13,1,0,12,0,0,1,12,1,0,0,"synonymous_variant;upstream_gene_variant",697,53,"II",1,399,0.399,2.5062656641604,12,4.788,FALSE,1.58311896715326
"147","YBL004W",43,38,0,5,0,17,21,5,21,17,0,"upstream_gene_variant;synonymous_variant;missense_variant",435,105,"II",38,7482,7.482,5.07885592087677,0.131578947368421,0.984473684210526,FALSE,2.25363171811119
"148","YBL005W",22,22,0,0,0,4,18,0,18,4,0,"missense_variant;synonymous_variant",NA,NA,"II",22,2931,2.931,7.50597065847833,0,0,FALSE,2.73970265877126
"149","YBL005W-A",3,3,0,0,0,2,1,0,1,2,0,"missense_variant;synonymous_variant",NA,NA,"II",3,1323,1.323,2.26757369614512,0,0,FALSE,1.50584650484209
"150","YBL006C",8,8,0,0,0,3,5,0,5,3,0,"missense_variant;synonymous_variant",NA,NA,"II",8,543,0.543,14.7329650092081,0,0,FALSE,3.83835446633165
"151","YBL007C",36,32,0,4,0,13,19,4,19,13,0,"synonymous_variant;missense_variant;upstream_gene_variant",994,147,"II",32,3735,3.735,8.56760374832664,0.125,0.466875,FALSE,2.92704693305841
"152","YBL008W",13,13,0,0,0,3,10,0,10,3,0,"synonymous_variant;missense_variant",NA,NA,"II",13,2523,2.523,5.15259611573524,0,0,FALSE,2.26993306415305
"153","YBL008W-A",1,1,0,0,0,0,0,0,0,0,1,"stop_gained",NA,NA,"II",1,240,0.24,4.16666666666667,0,0,FALSE,2.04124145231932
"154","YBL009W",13,13,0,0,0,1,12,0,12,1,0,"synonymous_variant;missense_variant",NA,NA,"II",13,2031,2.031,6.40078778926637,0,0,FALSE,2.5299778238685
"155","YBL011W",16,16,0,0,0,3,13,0,13,3,0,"missense_variant;synonymous_variant",NA,NA,"II",16,2280,2.28,7.01754385964912,0,0,FALSE,2.64906471413009
"156","YBL012C",1,1,0,0,0,1,0,0,0,1,0,"missense_variant",NA,NA,"II",1,NA,NA,NA,0,NA,FALSE,NA
"157","YBL013W",9,9,0,0,0,2,7,0,7,2,0,"missense_variant;synonymous_variant",NA,NA,"II",9,1206,1.206,7.46268656716418,0,0,FALSE,2.73179182354077
"158","YBL014C",16,16,0,0,0,7,9,0,9,7,0,"synonymous_variant;missense_variant",NA,NA,"II",16,2685,2.685,5.95903165735568,0,0,FALSE,2.44111279078941
"159","YBL015W",2,2,0,0,0,1,1,0,1,1,0,"synonymous_variant;missense_variant",NA,NA,"II",2,1581,1.581,1.26502213788741,0,0,FALSE,1.12473202936851
"160","YBL016W",4,4,0,0,0,0,4,0,4,0,0,"synonymous_variant",NA,NA,"II",4,1062,1.062,3.76647834274953,0,0,FALSE,1.94074169913194
"161","YBL017C",38,33,0,5,0,15,18,5,18,15,0,"missense_variant;synonymous_variant;upstream_gene_variant",858,30,"II",33,4740,4.74,6.9620253164557,0.151515151515152,0.718181818181818,FALSE,2.63856501084504
"162","YBL019W",8,8,0,0,0,7,1,0,1,7,0,"missense_variant;synonymous_variant",NA,NA,"II",8,1563,1.563,5.11836212412028,0,0,FALSE,2.2623797479911
"163","YBL020W",11,11,0,0,0,0,11,0,11,0,0,"synonymous_variant",NA,NA,"II",11,1725,1.725,6.3768115942029,0,0,FALSE,2.52523495821733
"164","YBL021C",1,1,0,0,0,0,1,0,1,0,0,"synonymous_variant",NA,NA,"II",1,435,0.435,2.29885057471264,0,0,FALSE,1.51619608715781
"165","YBL022C",26,26,0,0,0,3,23,0,23,3,0,"synonymous_variant;missense_variant",NA,NA,"II",26,3402,3.402,7.64256319811875,0,0,FALSE,2.76451861960066
"166","YBL023C",16,14,0,2,0,1,13,2,13,1,0,"synonymous_variant;missense_variant;upstream_gene_variant",267,96,"II",14,2607,2.607,5.37015726889145,0.142857142857143,0.372428571428571,FALSE,2.31735997827084
"167","YBL024W",8,8,0,0,0,4,4,0,4,4,0,"missense_variant;synonymous_variant",NA,NA,"II",8,2055,2.055,3.89294403892944,0,0,FALSE,1.97305449466796
"168","YBL025W",4,4,0,0,0,1,3,0,3,1,0,"synonymous_variant;missense_variant",NA,NA,"II",4,438,0.438,9.1324200913242,0,0,FALSE,3.0219894260775
"169","YBL026W",2,2,0,0,0,0,1,0,2,0,0,"splice_region_variant&synonymous_variant;synonymous_variant",NA,NA,"II",2,416,0.416,4.80769230769231,0,0,FALSE,2.19264504826757
"170","YBL027W",1,0,1,0,0,0,0,0,1,0,0,"splice_region_variant&intron_variant",NA,NA,"II",1,954,0.954,1.0482180293501,0,NA,FALSE,1.02382519472325
"171","YBL028C",6,6,0,0,0,0,6,0,6,0,0,"synonymous_variant",NA,NA,"II",6,321,0.321,18.6915887850467,0,0,FALSE,4.32337701167117
"172","YBL029W",8,8,0,0,0,2,6,0,6,2,0,"synonymous_variant;missense_variant",NA,NA,"II",8,1131,1.131,7.07338638373121,0,0,FALSE,2.65958387416739
"173","YBL030C",8,4,0,4,0,0,4,4,4,0,0,"synonymous_variant;upstream_gene_variant",998,795,"II",4,957,0.957,4.17972831765935,1,0.957,FALSE,2.0444383868582
"174","YBL031W",6,6,0,0,0,4,2,0,2,4,0,"missense_variant;synonymous_variant",NA,NA,"II",6,1017,1.017,5.89970501474926,0,0,FALSE,2.4289308377863
"175","YBL032W",4,4,0,0,0,2,2,0,2,2,0,"missense_variant;synonymous_variant",NA,NA,"II",4,1146,1.146,3.49040139616056,0,0,FALSE,1.86826159735744
"176","YBL033C",10,10,0,0,0,0,10,0,10,0,0,"synonymous_variant",NA,NA,"II",10,1038,1.038,9.63391136801541,0,0,FALSE,3.103854276221
"177","YBL034C",23,23,0,0,0,5,18,0,18,5,0,"synonymous_variant;missense_variant",NA,NA,"II",23,4542,4.542,5.06384852487891,0,0,FALSE,2.25029965224165
"178","YBL035C",11,11,0,0,0,4,7,0,7,4,0,"missense_variant;synonymous_variant",NA,NA,"II",11,2118,2.118,5.19357884796978,0,0,TRUE,2.27894248456818
"179","YBL036C",4,2,0,2,0,0,2,2,2,0,0,"synonymous_variant;upstream_gene_variant",187,177,"II",2,774,0.774,2.58397932816537,1,0.774,FALSE,1.60747607390137
"180","YBL037W",12,12,0,0,0,0,12,0,12,0,0,"synonymous_variant",NA,NA,"II",12,3078,3.078,3.89863547758285,0,0,FALSE,1.97449625919697
"181","YBL038W",8,8,0,0,0,1,7,0,7,1,0,"missense_variant;synonymous_variant",NA,NA,"II",8,699,0.699,11.444921316166,0,0,FALSE,3.38303433564691
"182","YBL039C",4,4,0,0,0,0,4,0,4,0,0,"synonymous_variant",NA,NA,"II",4,1740,1.74,2.29885057471264,0,0,FALSE,1.51619608715781
"183","YBL039C-A",1,1,0,0,0,1,0,0,0,1,0,"missense_variant",NA,NA,"II",1,NA,NA,NA,0,NA,FALSE,NA
"184","YBL039W-B",1,1,0,0,0,0,1,0,1,0,0,"synonymous_variant",NA,NA,"II",1,180,0.18,5.55555555555556,0,0,FALSE,2.35702260395516
"185","YBL040C",4,4,0,0,0,4,0,0,0,4,0,"missense_variant",NA,NA,"II",4,757,0.757,5.28401585204756,0,0,FALSE,2.29869873016182
"186","YBL041W",1,1,0,0,0,0,1,0,1,0,0,"synonymous_variant",NA,NA,"II",1,726,0.726,1.37741046831956,0,0,FALSE,1.17363131703255
"187","YBL042C",16,10,0,6,0,3,7,6,7,3,0,"missense_variant;synonymous_variant;upstream_gene_variant",967,373,"II",10,1920,1.92,5.20833333333333,0.6,1.152,FALSE,2.28217732293819
"188","YBL043W",3,3,0,0,0,1,2,0,2,1,0,"synonymous_variant;missense_variant",NA,NA,"II",3,774,0.774,3.87596899224806,0,0,FALSE,1.96874807739539
"189","YBL045C",2,2,0,0,0,0,2,0,2,0,0,"synonymous_variant",NA,NA,"II",2,1374,1.374,1.45560407569141,0,0,FALSE,1.20648417962749
"190","YBL046W",9,9,0,0,0,3,6,0,6,3,0,"synonymous_variant;missense_variant",NA,NA,"II",9,1326,1.326,6.78733031674208,0,0,FALSE,2.60525052859453
"191","YBL047C",14,14,0,0,0,5,9,0,9,5,0,"synonymous_variant;missense_variant",NA,NA,"II",14,4146,4.146,3.37674867342016,0,0,FALSE,1.83759317407857
"192","YBL048W",1,1,0,0,0,1,0,0,0,1,0,"missense_variant",NA,NA,"II",1,312,0.312,3.2051282051282,0,0,FALSE,1.79028718509858
"193","YBL049W",1,1,0,0,0,0,1,0,1,0,0,"synonymous_variant",NA,NA,"II",1,417,0.417,2.39808153477218,0,0,FALSE,1.54857403270628
"194","YBL050W",4,4,0,0,0,0,4,0,4,0,0,"synonymous_variant",NA,NA,"II",4,995,0.995,4.02010050251256,0,0,FALSE,2.00501882846834
"195","YBL051C",16,16,0,0,0,4,12,0,12,4,0,"synonymous_variant;missense_variant",NA,NA,"II",16,2007,2.007,7.97209765819631,0,0,FALSE,2.82349033258418
"196","YBL052C",14,12,0,2,0,6,6,2,6,6,0,"synonymous_variant;missense_variant;upstream_gene_variant",831,34,"II",12,2496,2.496,4.80769230769231,0.166666666666667,0.416,FALSE,2.19264504826757
"197","YBL053W",2,2,0,0,0,1,1,0,1,1,0,"synonymous_variant;missense_variant",NA,NA,"II",2,NA,NA,NA,0,NA,FALSE,NA
"198","YBL054W",8,8,0,0,0,2,6,0,6,2,0,"synonymous_variant;missense_variant",NA,NA,"II",8,1578,1.578,5.06970849176172,0,0,TRUE,2.25160131723219
"199","YBL055C",3,3,0,0,0,1,2,0,2,1,0,"missense_variant;synonymous_variant",NA,NA,"II",3,1257,1.257,2.38663484486874,0,0,FALSE,1.54487373104365
"200","YBL056W",2,2,0,0,0,0,2,0,2,0,0,"synonymous_variant",NA,NA,"II",2,1407,1.407,1.42146410803127,0,0,FALSE,1.192251696594
"201","YBL057C",1,1,0,0,0,0,1,0,1,0,0,"synonymous_variant",NA,NA,"II",1,627,0.627,1.59489633173844,0,0,FALSE,1.2628920507068
"202","YBL058W",17,17,0,0,0,8,9,0,9,8,0,"missense_variant;synonymous_variant",NA,NA,"II",17,1272,1.272,13.3647798742138,0,0,FALSE,3.65578717572753
"203","YBL059C-A",2,2,0,0,0,1,1,0,1,1,0,"synonymous_variant;missense_variant",NA,NA,"II",2,415,0.415,4.81927710843374,0,0,FALSE,2.19528519979381
"204","YBL059W",3,3,0,0,0,2,1,0,1,2,0,"missense_variant;synonymous_variant",NA,NA,"II",3,651,0.651,4.60829493087558,0,0,FALSE,2.14669395370546
"205","YBL060W",14,14,0,0,0,4,10,0,10,4,0,"synonymous_variant;missense_variant",NA,NA,"II",14,2064,2.064,6.78294573643411,0,0,FALSE,2.60440890346238
"206","YBL061C",18,13,0,5,0,1,11,5,12,1,0,"splice_region_variant&stop_retained_variant;synonymous_variant;missense_variant;upstream_gene_variant",511,12,"II",13,2091,2.091,6.21712099473936,0.384615384615385,0.804230769230769,FALSE,2.49341552789329
"207","YBL062W",7,7,0,0,0,4,3,0,3,4,0,"synonymous_variant;missense_variant",NA,NA,"II",7,NA,NA,NA,0,NA,FALSE,NA
"208","YBL063W",16,16,0,0,0,3,13,0,13,3,0,"synonymous_variant;missense_variant",NA,NA,"II",16,3336,3.336,4.79616306954436,0,0,FALSE,2.19001439939201
"209","YBL064C",3,3,0,0,0,0,3,0,3,0,0,"synonymous_variant",NA,NA,"II",3,786,0.786,3.81679389312977,0,0,FALSE,1.95366166291141
"210","YBL065W",1,1,0,0,0,1,0,0,0,1,0,"missense_variant",NA,NA,"II",1,NA,NA,NA,0,NA,FALSE,NA
"211","YBL066C",16,16,0,0,0,3,13,0,13,3,0,"synonymous_variant;missense_variant",NA,NA,"II",16,3447,3.447,4.64171743545112,0,0,FALSE,2.154464535668
"212","YBL067C",15,11,0,4,0,6,5,4,5,6,0,"synonymous_variant;missense_variant;upstream_gene_variant",782,446,"II",11,2244,2.244,4.90196078431372,0.363636363636364,0.816,FALSE,2.21403721385024
"213","YBL068W",3,3,0,0,0,0,3,0,3,0,0,"synonymous_variant",NA,NA,"II",3,981,0.981,3.05810397553517,0,0,FALSE,1.74874354195667
"214","YBL069W",1,1,0,0,0,0,1,0,1,0,0,"synonymous_variant",NA,NA,"II",1,1290,1.29,0.775193798449612,0,0,FALSE,0.880450906325624
"215","YBL070C",2,2,0,0,0,1,1,0,1,1,0,"synonymous_variant;missense_variant",NA,NA,"II",2,NA,NA,NA,0,NA,FALSE,NA
"216","YBL071C",1,1,0,0,0,0,1,0,1,0,0,"synonymous_variant",NA,NA,"II",1,309,0.309,3.23624595469256,0,0,FALSE,1.79895690740289
"217","YBL071C-B",1,1,0,0,0,1,0,0,0,1,0,"missense_variant",NA,NA,"II",1,99,0.099,10.1010101010101,0,0,FALSE,3.17820863081864
"218","YBL071W-A",3,3,0,0,0,1,2,0,2,1,0,"synonymous_variant;missense_variant",NA,NA,"II",3,249,0.249,12.0481927710843,0,0,FALSE,3.47105067250312
"219","YBL073W",3,3,0,0,0,3,0,0,0,3,0,"missense_variant",NA,NA,"II",3,NA,NA,NA,0,NA,FALSE,NA
"220","YBL074C",8,8,0,0,0,2,6,0,6,2,0,"synonymous_variant;missense_variant",NA,NA,"II",8,1068,1.068,7.49063670411985,0,0,FALSE,2.73690275751987
"221","YBL075C",17,17,0,0,0,1,16,0,16,1,0,"synonymous_variant;missense_variant",NA,NA,"II",17,1950,1.95,8.71794871794872,0,0,FALSE,2.95261726574047
"222","YBL076C",16,16,0,0,0,0,16,0,16,0,0,"synonymous_variant",NA,NA,"II",16,3219,3.219,4.97048772910842,0,0,FALSE,2.22945906647967
"223","YBL077W",1,0,0,1,0,0,0,1,0,0,0,"upstream_gene_variant",570,570,"II",0,NA,NA,NA,NA,NA,FALSE,NA
"224","YBL078C",2,1,0,1,0,0,1,1,1,0,0,"synonymous_variant;upstream_gene_variant",107,107,"II",1,354,0.354,2.82485875706215,1,0.354,FALSE,1.68073161363204
"225","YBL079W",30,30,0,0,0,10,20,0,20,10,0,"synonymous_variant;missense_variant",NA,NA,"II",30,4509,4.509,6.65335994677312,0,0,FALSE,2.57941077511379
"226","YBL080C",7,7,0,0,0,5,2,0,2,5,0,"synonymous_variant;missense_variant",NA,NA,"II",7,1626,1.626,4.3050430504305,0,0,FALSE,2.07485976644941
"227","YBL081W",10,10,0,0,0,5,5,0,5,5,0,"synonymous_variant;missense_variant",NA,NA,"II",10,1107,1.107,9.03342366757001,0,0,FALSE,3.00556544889144
"228","YBL082C",5,5,0,0,0,3,2,0,2,3,0,"missense_variant;synonymous_variant",NA,NA,"II",5,1377,1.377,3.63108206245461,0,0,FALSE,1.90553983491676
"229","YBL083C",2,2,0,0,0,2,0,0,0,2,0,"missense_variant",NA,NA,"II",2,NA,NA,NA,0,NA,FALSE,NA
"230","YBL084C",7,5,0,2,0,0,5,2,5,0,0,"synonymous_variant;upstream_gene_variant",171,39,"II",5,2277,2.277,2.19587176108915,0.4,0.9108,FALSE,1.48184741491462
"231","YBL085W",17,17,0,0,0,8,9,0,9,8,0,"missense_variant;synonymous_variant",NA,NA,"II",17,2943,2.943,5.77641862045532,0,0,FALSE,2.40341811186804
"232","YBL086C",11,11,0,0,0,5,5,0,6,5,0,"splice_region_variant&stop_retained_variant;synonymous_variant;missense_variant",NA,NA,"II",11,1401,1.401,7.85153461812991,0,0,FALSE,2.80205899619011
"233","YBL088C",40,38,0,2,0,17,21,2,21,17,0,"synonymous_variant;missense_variant;upstream_gene_variant",143,1,"II",38,8364,8.364,4.54328072692492,0.0526315789473684,0.44021052631579,FALSE,2.13149729695464
"234","YBL089W",8,8,0,0,0,4,4,0,4,4,0,"synonymous_variant;missense_variant",NA,NA,"II",8,1380,1.38,5.79710144927536,0,0,FALSE,2.40771706171538
"235","YBL090W",4,4,0,0,0,1,3,0,3,1,0,"synonymous_variant;missense_variant",NA,NA,"II",4,534,0.534,7.49063670411985,0,0,FALSE,2.73690275751987
"236","YBL091C",3,3,0,0,0,0,3,0,3,0,0,"synonymous_variant",NA,NA,"II",3,1266,1.266,2.3696682464455,0,0,FALSE,1.5393726795177
"237","YBL091C-A",4,3,1,0,0,3,0,0,1,3,0,"missense_variant;splice_region_variant&intron_variant",NA,NA,"II",4,616,0.616,6.49350649350649,0,0,FALSE,2.54823595718813
"238","YBL093C",1,1,0,0,0,0,1,0,1,0,0,"synonymous_variant",NA,NA,"II",1,663,0.663,1.50829562594268,0,0,FALSE,1.22812687697269
"239","YBL095W",8,8,0,0,0,2,6,0,6,2,0,"missense_variant;synonymous_variant",NA,NA,"II",8,813,0.813,9.84009840098401,0,0,FALSE,3.1368931127764
"240","YBL096C",3,3,0,0,0,0,2,0,2,0,1,"stop_gained;synonymous_variant",NA,NA,"II",3,NA,NA,NA,0,NA,FALSE,NA
"241","YBL097W",17,17,0,0,0,4,13,0,13,4,0,"missense_variant;synonymous_variant",NA,NA,"II",17,2265,2.265,7.50551876379691,0,0,FALSE,2.73962018604713
"242","YBL098W",8,8,0,0,0,1,7,0,7,1,0,"synonymous_variant;missense_variant",NA,NA,"II",8,1383,1.383,5.78452639190166,0,0,FALSE,2.40510423722168
"243","YBL099W",9,4,0,5,0,0,4,5,4,0,0,"upstream_gene_variant;synonymous_variant",561,223,"II",4,1638,1.638,2.44200244200244,1.25,2.0475,FALSE,1.56269076979498
"244","YBL100W-C",1,1,0,0,0,1,0,0,0,1,0,"missense_variant",NA,NA,"II",1,120,0.12,8.33333333333333,0,0,FALSE,2.88675134594813
"245","YBL101C",26,19,0,7,0,6,13,7,13,6,0,"missense_variant;synonymous_variant;upstream_gene_variant",970,287,"II",19,3354,3.354,5.66487775790101,0.368421052631579,1.23568421052632,FALSE,2.38010036719064
"246","YBL102W",1,1,0,0,0,0,1,0,1,0,0,"synonymous_variant",NA,NA,"II",1,648,0.648,1.54320987654321,0,0,FALSE,1.24225998749988
"247","YBL103C",8,8,0,0,0,6,2,0,2,6,0,"missense_variant;synonymous_variant",NA,NA,"II",8,1461,1.461,5.4757015742642,0,0,FALSE,2.34002170380195
"248","YBL104C",10,10,0,0,0,2,8,0,8,2,0,"synonymous_variant;missense_variant",NA,NA,"II",10,3117,3.117,3.20821302534488,0,0,FALSE,1.79114852129713
"249","YBL105C",16,16,0,0,0,5,11,0,11,5,0,"synonymous_variant;missense_variant",NA,NA,"II",16,3456,3.456,4.62962962962963,0,0,FALSE,2.15165741455968
"250","YBL106C",29,29,0,0,0,10,19,0,19,10,0,"synonymous_variant;missense_variant",NA,NA,"II",29,3033,3.033,9.56149027365645,0,0,FALSE,3.09216595182995
"251","YBL107C",4,4,0,0,0,2,2,0,2,2,0,"missense_variant;synonymous_variant",NA,NA,"II",4,591,0.591,6.76818950930626,0,0,FALSE,2.60157442893842
"252","YBL108C-A",1,1,0,0,0,1,0,0,0,1,0,"missense_variant",NA,NA,"II",1,129,0.129,7.75193798449612,0,0,FALSE,2.78423023194852
"253","YBL108W",4,4,0,0,0,3,1,0,1,3,0,"missense_variant;synonymous_variant",NA,NA,"II",4,NA,NA,NA,0,NA,FALSE,NA
"254","YBL109W",2,2,0,0,0,1,1,0,1,1,0,"missense_variant;synonymous_variant",NA,NA,"II",2,NA,NA,NA,0,NA,FALSE,NA
"255","YBL113C",3,3,0,0,0,3,0,0,0,3,0,"missense_variant",NA,NA,"II",3,2379,2.379,1.26103404791929,0,0,FALSE,1.12295772312198
"256","YBL113W-A",4,0,0,4,0,0,0,4,0,0,0,"upstream_gene_variant",544,446,"II",0,NA,NA,NA,NA,NA,FALSE,NA
"257","YBR001C",19,19,0,0,0,8,11,0,11,8,0,"synonymous_variant;missense_variant",NA,NA,"II",19,2343,2.343,8.10926163038839,0,0,FALSE,2.84767653190955
"258","YBR002C",5,5,0,0,0,2,3,0,3,2,0,"missense_variant;synonymous_variant",NA,NA,"II",5,861,0.861,5.80720092915215,0,0,FALSE,2.4098134635594
"259","YBR003W",11,11,0,0,0,3,8,0,8,3,0,"synonymous_variant;missense_variant",NA,NA,"II",11,1422,1.422,7.73558368495077,0,0,FALSE,2.78129172956574
"260","YBR004C",5,5,0,0,0,2,3,0,3,2,0,"synonymous_variant;missense_variant",NA,NA,"II",5,1302,1.302,3.84024577572965,0,0,FALSE,1.95965450417405
"261","YBR005W",5,5,0,0,0,2,3,0,3,2,0,"missense_variant;synonymous_variant",NA,NA,"II",5,642,0.642,7.78816199376947,0,0,FALSE,2.79072786092974
"262","YBR006W",15,15,0,0,0,1,14,0,14,1,0,"synonymous_variant;missense_variant",NA,NA,"II",15,1494,1.494,10.0401606425703,0,0,FALSE,3.16862125262239
"263","YBR007C",25,15,0,10,0,8,7,10,7,8,0,"missense_variant;synonymous_variant;upstream_gene_variant",997,89,"II",15,2211,2.211,6.7842605156038,0.666666666666667,1.474,FALSE,2.60466130535312
"264","YBR008C",13,13,0,0,0,6,7,0,7,6,0,"synonymous_variant;missense_variant",NA,NA,"II",13,1647,1.647,7.89313904068002,0,0,FALSE,2.80947308950985
"265","YBR009C",1,1,0,0,0,0,1,0,1,0,0,"synonymous_variant",NA,NA,"II",1,312,0.312,3.2051282051282,0,0,FALSE,1.79028718509858
"266","YBR010W",1,1,0,0,0,0,1,0,1,0,0,"synonymous_variant",NA,NA,"II",1,411,0.411,2.4330900243309,0,0,FALSE,1.55983653769583
"267","YBR011C",3,3,0,0,0,0,3,0,3,0,0,"synonymous_variant",NA,NA,"II",3,864,0.864,3.47222222222222,0,0,FALSE,1.86338998124982
"268","YBR012C",9,9,0,0,0,8,1,0,1,8,0,"missense_variant;synonymous_variant",NA,NA,"II",9,NA,NA,NA,0,NA,FALSE,NA
"269","YBR012W-B",1,1,0,0,0,1,0,0,0,1,0,"missense_variant",NA,NA,"II",1,5272,5.272,0.189681335356601,0,0,FALSE,0.435524207543738
"270","YBR013C",14,4,0,10,0,2,2,10,2,2,0,"synonymous_variant;missense_variant;upstream_gene_variant",741,226,"II",4,390,0.39,10.2564102564103,2.5,0.975,FALSE,3.20256307610174
"271","YBR014C",3,3,0,0,0,2,1,0,1,2,0,"synonymous_variant;missense_variant",NA,NA,"II",3,612,0.612,4.90196078431373,0,0,FALSE,2.21403721385024
"272","YBR015C",20,20,0,0,0,10,10,0,10,10,0,"synonymous_variant;missense_variant",NA,NA,"II",20,1794,1.794,11.1482720178372,0,0,FALSE,3.33890281647089
"273","YBR017C",5,5,0,0,0,1,4,0,4,1,0,"missense_variant;synonymous_variant",NA,NA,"II",5,2757,2.757,1.81356546971346,0,0,FALSE,1.34668684916481
"274","YBR018C",7,7,0,0,0,0,7,0,7,0,0,"synonymous_variant",NA,NA,"II",7,1101,1.101,6.35785649409628,0,0,FALSE,2.5214790290812
"275","YBR019C",12,12,0,0,0,6,6,0,6,6,0,"missense_variant;synonymous_variant",NA,NA,"II",12,2100,2.1,5.71428571428571,0,0,FALSE,2.39045721866879
"276","YBR020W",10,10,0,0,0,2,8,0,8,2,0,"synonymous_variant;missense_variant",NA,NA,"II",10,1587,1.587,6.30119722747322,0,0,FALSE,2.51021856169403
"277","YBR021W",8,8,0,0,0,2,6,0,6,2,0,"missense_variant;synonymous_variant",NA,NA,"II",8,1902,1.902,4.20609884332282,0,0,FALSE,2.05087757882396
"278","YBR022W",12,6,0,6,0,3,3,6,3,3,0,"upstream_gene_variant;synonymous_variant;missense_variant",314,9,"II",6,534,0.534,11.2359550561798,1,0.534,FALSE,3.35200761576995
"279","YBR023C",38,19,0,19,0,4,15,19,15,4,0,"missense_variant;synonymous_variant;upstream_gene_variant",968,72,"II",19,3498,3.498,5.431675242996,1,3.498,FALSE,2.3305954696163
"280","YBR024W",6,6,0,0,0,2,4,0,4,2,0,"missense_variant;synonymous_variant",NA,NA,"II",6,906,0.906,6.62251655629139,0,0,FALSE,2.57342506327489
"281","YBR025C",1,1,0,0,0,0,1,0,1,0,0,"synonymous_variant",NA,NA,"II",1,1185,1.185,0.843881856540084,0,0,FALSE,0.918630424349251
"282","YBR026C",15,15,0,0,0,3,12,0,12,3,0,"synonymous_variant;missense_variant",NA,NA,"II",15,1143,1.143,13.1233595800525,0,0,FALSE,3.62261778001109
"283","YBR027C",1,1,0,0,0,1,0,0,0,1,0,"missense_variant",NA,NA,"II",1,333,0.333,3.003003003003,0,0,FALSE,1.73291748303345
"284","YBR028C",5,5,0,0,0,3,2,0,2,3,0,"synonymous_variant;missense_variant",NA,NA,"II",5,1578,1.578,3.16856780735108,0,0,FALSE,1.78004713627226
"285","YBR029C",5,5,0,0,0,0,5,0,5,0,0,"synonymous_variant",NA,NA,"II",5,1374,1.374,3.63901018922853,0,0,FALSE,1.90761898429129
"286","YBR030W",17,17,0,0,0,6,11,0,11,6,0,"synonymous_variant;missense_variant",NA,NA,"II",17,1659,1.659,10.2471368294153,0,0,FALSE,3.20111493536476
"287","YBR032W",5,5,0,0,0,1,4,0,4,1,0,"synonymous_variant;missense_variant",NA,NA,"II",5,303,0.303,16.5016501650165,0,0,FALSE,4.06222231851194
"288","YBR033W",46,46,0,0,0,27,19,0,19,27,0,"missense_variant;synonymous_variant",NA,NA,"II",46,2760,2.76,16.6666666666667,0,0,FALSE,4.08248290463863
"289","YBR034C",7,6,0,1,0,1,5,1,5,1,0,"synonymous_variant;missense_variant;upstream_gene_variant",266,266,"II",6,1047,1.047,5.73065902578797,0.166666666666667,0.1745,FALSE,2.39387949274561
"290","YBR035C",2,2,0,0,0,0,2,0,2,0,0,"synonymous_variant",NA,NA,"II",2,687,0.687,2.91120815138282,0,0,FALSE,1.70622628961777
"291","YBR036C",11,11,0,0,0,5,6,0,6,5,0,"missense_variant;synonymous_variant",NA,NA,"II",11,1233,1.233,8.9213300892133,0,0,FALSE,2.98685956971755
"292","YBR037C",8,8,0,0,0,1,7,0,7,1,0,"synonymous_variant;missense_variant",NA,NA,"II",8,888,0.888,9.00900900900901,0,0,FALSE,3.00150112593832
"293","YBR038W",14,14,0,0,0,0,14,0,14,0,0,"synonymous_variant",NA,NA,"II",14,2892,2.892,4.84094052558783,0,0,FALSE,2.20021374543198
"294","YBR039W",5,5,0,0,0,0,5,0,5,0,0,"synonymous_variant",NA,NA,"II",5,936,0.936,5.34188034188034,0,0,FALSE,2.31125081760512
"295","YBR040W",6,3,0,3,0,1,2,3,2,1,0,"upstream_gene_variant;missense_variant;synonymous_variant",229,45,"II",3,897,0.897,3.34448160535117,1,0.897,FALSE,1.82879238989864
"296","YBR041W",13,10,0,3,0,1,9,3,9,1,0,"upstream_gene_variant;synonymous_variant;missense_variant",374,41,"II",10,2010,2.01,4.97512437810945,0.3,0.603,FALSE,2.23049868372735
"297","YBR042C",18,16,0,2,0,5,11,2,11,5,0,"synonymous_variant;missense_variant;upstream_gene_variant",248,164,"II",16,1194,1.194,13.4003350083752,0.125,0.14925,FALSE,3.66064680191564
"298","YBR043C",17,17,0,0,0,3,14,0,14,3,0,"synonymous_variant;missense_variant",NA,NA,"II",17,2070,2.07,8.21256038647343,0,0,FALSE,2.86575651207032
"299","YBR044C",16,16,0,0,0,4,12,0,12,4,0,"synonymous_variant;missense_variant",NA,NA,"II",16,1719,1.719,9.30773705642816,0,0,FALSE,3.05085841304184
"300","YBR045C",19,19,0,0,0,9,10,0,10,9,0,"synonymous_variant;missense_variant",NA,NA,"II",19,1920,1.92,9.89583333333333,0,0,FALSE,3.14576434802948
"301","YBR046C",6,6,0,0,0,3,3,0,3,3,0,"missense_variant;synonymous_variant",NA,NA,"II",6,1005,1.005,5.97014925373134,0,0,FALSE,2.4433888871261
"302","YBR047W",2,2,0,0,0,0,2,0,2,0,0,"synonymous_variant",NA,NA,"II",2,528,0.528,3.78787878787879,0,0,FALSE,1.94624736040381
"303","YBR048W",2,1,1,0,0,0,1,0,2,0,0,"splice_region_variant&intron_variant;synonymous_variant",NA,NA,"II",2,982,0.982,2.03665987780041,0,0,FALSE,1.42711593004928
"304","YBR049C",14,10,0,4,0,2,8,4,8,2,0,"synonymous_variant;missense_variant;upstream_gene_variant",363,256,"II",10,2433,2.433,4.1101520756268,0.4,0.9732,FALSE,2.02735099961176
"305","YBR050C",9,9,0,0,0,4,5,0,5,4,0,"missense_variant;synonymous_variant",NA,NA,"II",9,1017,1.017,8.8495575221239,0,0,FALSE,2.97482058654365
"306","YBR051W",2,2,0,0,0,2,0,0,0,2,0,"missense_variant",NA,NA,"II",2,NA,NA,NA,0,NA,FALSE,NA
"307","YBR052C",4,4,0,0,0,0,4,0,4,0,0,"synonymous_variant",NA,NA,"II",4,633,0.633,6.31911532385466,0,0,FALSE,2.51378505919951
"308","YBR053C",13,13,0,0,0,7,6,0,6,7,0,"missense_variant;synonymous_variant",NA,NA,"II",13,1077,1.077,12.0705663881151,0,0,FALSE,3.47427206593196
"309","YBR054W",8,8,0,0,0,2,6,0,6,2,0,"missense_variant;synonymous_variant",NA,NA,"II",8,1035,1.035,7.72946859903382,0,0,TRUE,2.78019218742766
"310","YBR055C",25,18,0,7,0,6,12,7,12,6,0,"synonymous_variant;missense_variant;upstream_gene_variant",555,139,"II",18,2700,2.7,6.66666666666667,0.388888888888889,1.05,FALSE,2.58198889747161
"311","YBR056W",11,11,0,0,0,0,11,0,11,0,0,"synonymous_variant",NA,NA,"II",11,1506,1.506,7.30411686586985,0,0,FALSE,2.70261297004766
"312","YBR056W-A",1,1,0,0,0,0,1,0,1,0,0,"synonymous_variant",NA,NA,"II",1,201,0.201,4.97512437810945,0,0,FALSE,2.23049868372735
"313","YBR057C",5,5,0,0,0,0,5,0,5,0,0,"synonymous_variant",NA,NA,"II",5,1101,1.101,4.54132606721163,0,0,FALSE,2.13103872963671
"314","YBR058C",23,23,0,0,0,10,13,0,13,10,0,"synonymous_variant;missense_variant",NA,NA,"II",23,2346,2.346,9.80392156862745,0,0,FALSE,3.13112145542575
"315","YBR058C-A",2,2,0,0,0,0,2,0,2,0,0,"synonymous_variant",NA,NA,"II",2,243,0.243,8.23045267489712,0,0,FALSE,2.86887655274623
"316","YBR059C",20,20,0,0,0,3,17,0,17,3,0,"synonymous_variant;missense_variant",NA,NA,"II",20,3327,3.327,6.01142170123234,0,0,FALSE,2.45182007929463
"317","YBR060C",11,11,0,0,0,3,8,0,8,3,0,"synonymous_variant;missense_variant",NA,NA,"II",11,1863,1.863,5.9044551798175,0,0,FALSE,2.42990847148972
"318","YBR061C",5,5,0,0,0,1,4,0,4,1,0,"synonymous_variant;missense_variant",NA,NA,"II",5,933,0.933,5.35905680600214,0,0,FALSE,2.3149636727176
"319","YBR062C",6,6,0,0,0,4,1,0,1,4,1,"missense_variant;stop_gained;synonymous_variant",NA,NA,"II",6,625,0.625,9.6,0,0,FALSE,3.09838667696593
"320","YBR063C",9,9,0,0,0,5,4,0,4,5,0,"synonymous_variant;missense_variant",NA,NA,"II",9,1215,1.215,7.40740740740741,0,0,FALSE,2.72165526975909
"321","YBR065C",12,12,0,0,0,4,8,0,8,4,0,"missense_variant;synonymous_variant",NA,NA,"II",12,1095,1.095,10.958904109589,0,0,FALSE,3.31042355440947
"322","YBR067C",2,2,0,0,0,0,2,0,2,0,0,"synonymous_variant",NA,NA,"II",2,633,0.633,3.15955766192733,0,0,FALSE,1.7775144618054
"323","YBR068C",5,5,0,0,0,2,3,0,3,2,0,"missense_variant;synonymous_variant",NA,NA,"II",5,1830,1.83,2.73224043715847,0,0,FALSE,1.65294901226822
"324","YBR069C",7,7,0,0,0,2,5,0,5,2,0,"synonymous_variant;missense_variant",NA,NA,"II",7,1860,1.86,3.76344086021505,0,0,FALSE,1.93995898415793
"325","YBR070C",6,6,0,0,0,2,4,0,4,2,0,"synonymous_variant;missense_variant",NA,NA,"II",6,714,0.714,8.40336134453782,0,0,FALSE,2.89885517826224
"326","YBR071W",4,4,0,0,0,1,3,0,3,1,0,"synonymous_variant;missense_variant",NA,NA,"II",4,636,0.636,6.28930817610063,0,0,FALSE,2.5078493128776
"327","YBR072C-A",2,2,0,0,0,1,1,0,1,1,0,"missense_variant;synonymous_variant",NA,NA,"II",2,162,0.162,12.3456790123457,0,0,FALSE,3.51364184463153
"328","YBR072W",3,3,0,0,0,1,2,0,2,1,0,"missense_variant;synonymous_variant",NA,NA,"II",3,645,0.645,4.65116279069767,0,0,FALSE,2.15665546406877
"329","YBR073W",13,13,0,0,0,2,11,0,11,2,0,"missense_variant;synonymous_variant",NA,NA,"II",13,2877,2.877,4.51859575947167,0,0,FALSE,2.12569888730076
"330","YBR074W",5,5,0,0,0,0,5,0,5,0,0,"synonymous_variant",NA,NA,"II",5,2931,2.931,1.70590242238144,0,0,FALSE,1.30610199539754
"331","YBR076C-A",3,2,0,1,0,2,0,1,0,2,0,"missense_variant;upstream_gene_variant",905,905,"II",2,NA,NA,NA,0.5,NA,FALSE,NA
"332","YBR076W",17,2,0,15,0,2,0,15,0,2,0,"upstream_gene_variant;missense_variant",985,292,"II",2,1065,1.065,1.87793427230047,7.5,7.9875,FALSE,1.37037741965506
"333","YBR077C",2,2,0,0,0,1,1,0,1,1,0,"missense_variant;synonymous_variant",NA,NA,"II",2,489,0.489,4.08997955010225,0,0,FALSE,2.02236978569752
"334","YBR078W",6,5,1,0,0,4,0,0,1,4,1,"splice_region_variant&intron_variant;missense_variant;stop_gained",NA,NA,"II",6,1620,1.62,3.7037037037037,0,0,FALSE,1.92450089729875
"335","YBR079C",10,8,0,2,0,1,7,2,7,1,0,"synonymous_variant;missense_variant;upstream_gene_variant",138,15,"II",8,2895,2.895,2.76338514680484,0.25,0.72375,FALSE,1.66234326984677
"336","YBR080C",7,7,0,0,0,1,6,0,6,1,0,"synonymous_variant;missense_variant",NA,NA,"II",7,2277,2.277,3.07422046552481,0,0,FALSE,1.75334550660297
"337","YBR081C",17,14,0,3,0,6,8,3,8,6,0,"missense_variant;synonymous_variant;upstream_gene_variant",864,800,"II",14,3999,3.999,3.5008752188047,0.214285714285714,0.856928571428571,FALSE,1.87106259083033
"338","YBR082C",1,1,0,0,0,1,0,0,0,1,0,"missense_variant",NA,NA,"II",1,542,0.542,1.8450184501845,0,0,FALSE,1.3583145623104
"339","YBR083W",4,4,0,0,0,3,1,0,1,3,0,"missense_variant;synonymous_variant",NA,NA,"II",4,1461,1.461,2.7378507871321,0,0,FALSE,1.65464521488206
"340","YBR084C-A",15,1,0,14,0,1,0,14,0,1,0,"missense_variant;upstream_gene_variant",655,286,"II",1,1076,1.076,0.929368029739777,14,15.064,FALSE,0.964037359099624
"341","YBR084W",7,7,0,0,0,1,6,0,6,1,0,"synonymous_variant;missense_variant",NA,NA,"II",7,2928,2.928,2.39071038251366,0,0,FALSE,1.54619222042851
"342","YBR085C-A",1,1,0,0,0,1,0,0,0,1,0,"missense_variant",NA,NA,"II",1,258,0.258,3.87596899224806,0,0,FALSE,1.96874807739539
"343","YBR085W",5,5,0,0,0,0,5,0,5,0,0,"synonymous_variant",NA,NA,"II",5,924,0.924,5.41125541125541,0,0,FALSE,2.32621052599618
"344","YBR086C",13,13,0,0,0,4,9,0,9,4,0,"synonymous_variant;missense_variant",NA,NA,"II",13,2841,2.841,4.57585357268567,0,0,FALSE,2.13912448742135
"345","YBR087W",6,6,0,0,0,0,6,0,6,0,0,"synonymous_variant",NA,NA,"II",6,1065,1.065,5.63380281690141,0,0,FALSE,2.37356331638771
"346","YBR088C",2,2,0,0,0,0,2,0,2,0,0,"synonymous_variant",NA,NA,"II",2,777,0.777,2.57400257400257,0,0,FALSE,1.60436983703963
"347","YBR089C-A",2,2,0,0,0,1,1,0,1,1,0,"synonymous_variant;missense_variant",NA,NA,"II",2,300,0.3,6.66666666666667,0,0,FALSE,2.58198889747161
"348","YBR089W",2,2,0,0,0,0,0,0,0,0,2,"stop_gained;stop_lost&splice_region_variant",NA,NA,"II",2,NA,NA,NA,0,NA,FALSE,NA
"349","YBR090C",3,2,1,0,0,2,0,0,1,2,0,"missense_variant;splice_region_variant&intron_variant",NA,NA,"II",3,726,0.726,4.13223140495868,0,0,FALSE,2.03278907045435
"350","YBR092C",12,12,0,0,0,2,10,0,10,2,0,"synonymous_variant;missense_variant",NA,NA,"II",12,1404,1.404,8.54700854700855,0,0,FALSE,2.92352673102343
"351","YBR093C",3,3,0,0,0,0,3,0,3,0,0,"synonymous_variant",NA,NA,"II",3,1404,1.404,2.13675213675214,0,0,FALSE,1.46176336551172
"352","YBR094W",11,11,0,0,0,0,11,0,11,0,0,"synonymous_variant",NA,NA,"II",11,2262,2.262,4.86295313881521,0,0,FALSE,2.20521045227325
"353","YBR095C",5,5,0,0,0,2,3,0,3,2,0,"synonymous_variant;missense_variant",NA,NA,"II",5,1293,1.293,3.86697602474865,0,0,FALSE,1.96646282058641
"354","YBR096W",3,3,0,0,0,0,3,0,3,0,0,"synonymous_variant",NA,NA,"II",3,693,0.693,4.32900432900433,0,0,FALSE,2.0806259464412
"355","YBR097W",11,11,0,0,0,3,8,0,8,3,0,"synonymous_variant;missense_variant",NA,NA,"II",11,4365,4.365,2.52004581901489,0,0,FALSE,1.58746521820634
"356","YBR098W",3,3,0,0,0,1,2,0,2,1,0,"missense_variant;synonymous_variant",NA,NA,"II",3,2076,2.076,1.44508670520231,0,0,FALSE,1.20211759208586
"357","YBR099C",1,0,0,1,0,0,0,1,0,0,0,"upstream_gene_variant",452,452,"II",0,NA,NA,NA,NA,NA,FALSE,NA
"358","YBR101C",6,6,0,0,0,0,6,0,6,0,0,"synonymous_variant",NA,NA,"II",6,873,0.873,6.87285223367698,0,0,FALSE,2.62161252546538
"359","YBR102C",15,15,0,0,0,0,15,0,15,0,0,"synonymous_variant",NA,NA,"II",15,2262,2.262,6.63129973474801,0,0,FALSE,2.57513101312302
"360","YBR103C-A",1,1,0,0,0,0,1,0,1,0,0,"synonymous_variant",NA,NA,"II",1,NA,NA,NA,0,NA,FALSE,NA
"361","YBR103W",6,6,0,0,0,3,3,0,3,3,0,"synonymous_variant;missense_variant",NA,NA,"II",6,1608,1.608,3.73134328358209,0,0,FALSE,1.93166852321564
"362","YBR104W",1,1,0,0,0,0,1,0,1,0,0,"synonymous_variant",NA,NA,"II",1,990,0.99,1.01010101010101,0,0,FALSE,1.00503781525921
"363","YBR105C",5,5,0,0,0,0,5,0,5,0,0,"synonymous_variant",NA,NA,"II",5,1089,1.089,4.59136822773186,0,0,TRUE,2.14274782177742
"364","YBR106W",3,3,0,0,0,0,3,0,3,0,0,"synonymous_variant",NA,NA,"II",3,567,0.567,5.29100529100529,0,0,FALSE,2.30021853114118
"365","YBR107C",6,6,0,0,0,3,3,0,3,3,0,"missense_variant;synonymous_variant",NA,NA,"II",6,738,0.738,8.13008130081301,0,0,FALSE,2.85132974256101
"366","YBR108W",9,9,0,0,0,3,6,0,6,3,0,"synonymous_variant;missense_variant",NA,NA,"II",9,2844,2.844,3.16455696202532,0,0,FALSE,1.77892016741205
"367","YBR109C",1,1,0,0,0,0,1,0,1,0,0,"synonymous_variant",NA,NA,"II",1,444,0.444,2.25225225225225,0,0,FALSE,1.50075056296916
"368","YBR109W-A",1,1,0,0,0,0,1,0,1,0,0,"synonymous_variant",NA,NA,"II",1,NA,NA,NA,0,NA,FALSE,NA
"369","YBR110W",2,2,0,0,0,0,2,0,2,0,0,"synonymous_variant",NA,NA,"II",2,1350,1.35,1.48148148148148,0,0,FALSE,1.21716123890037
"370","YBR111C",4,4,0,0,0,1,3,0,3,1,0,"synonymous_variant;missense_variant",NA,NA,"II",4,696,0.696,5.74712643678161,0,0,FALSE,2.39731650742692
"371","YBR111W-A",1,1,0,0,0,1,0,0,0,1,0,"missense_variant",NA,NA,"II",1,441,0.441,2.26757369614512,0,0,FALSE,1.50584650484209
"372","YBR112C",10,10,0,0,0,2,8,0,8,2,0,"synonymous_variant;missense_variant",NA,NA,"II",10,2901,2.901,3.44708721130645,0,0,FALSE,1.8566333001717
"373","YBR113W",1,1,0,0,0,1,0,0,0,1,0,"missense_variant",NA,NA,"II",1,NA,NA,NA,0,NA,FALSE,NA
"374","YBR114W",7,7,0,0,0,0,7,0,7,0,0,"synonymous_variant",NA,NA,"II",7,2373,2.373,2.94985250737463,0,0,FALSE,1.71751346643182
"375","YBR115C",15,13,0,2,0,2,11,2,11,2,0,"synonymous_variant;missense_variant;upstream_gene_variant",105,70,"II",13,4179,4.179,3.11079205551567,0.153846153846154,0.642923076923077,FALSE,1.76374376129745
"376","YBR116C",2,2,0,0,0,2,0,0,0,2,0,"missense_variant",NA,NA,"II",2,NA,NA,NA,0,NA,FALSE,NA
"377","YBR117C",5,5,0,0,0,0,5,0,5,0,0,"synonymous_variant",NA,NA,"II",5,2046,2.046,2.44379276637341,0,0,FALSE,1.56326349870181
"378","YBR119W",4,4,0,0,0,3,1,0,1,3,0,"missense_variant;synonymous_variant",NA,NA,"II",4,986,0.986,4.05679513184584,0,0,FALSE,2.0141487362769
"379","YBR120C",2,2,0,0,0,0,2,0,2,0,0,"synonymous_variant",NA,NA,"II",2,489,0.489,4.08997955010225,0,0,FALSE,2.02236978569752
"380","YBR121C",3,3,0,0,0,1,2,0,2,1,0,"missense_variant;synonymous_variant",NA,NA,"II",3,2004,2.004,1.49700598802395,0,0,FALSE,1.22352196058099
"381","YBR122C",1,1,0,0,0,1,0,0,0,1,0,"missense_variant",NA,NA,"II",1,534,0.534,1.87265917602996,0,0,FALSE,1.36845137875993
"382","YBR123C",1,1,0,0,0,1,0,0,0,1,0,"missense_variant",NA,NA,"II",1,1950,1.95,0.512820512820513,0,0,FALSE,0.716114874039433
"383","YBR124W",1,1,0,0,0,1,0,0,0,1,0,"missense_variant",NA,NA,"II",1,NA,NA,NA,0,NA,FALSE,NA
"384","YBR125C",3,3,0,0,0,1,2,0,2,1,0,"synonymous_variant;missense_variant",NA,NA,"II",3,1182,1.182,2.53807106598985,0,0,FALSE,1.59313246969292
"385","YBR126C",4,4,0,0,0,0,4,0,4,0,0,"synonymous_variant",NA,NA,"II",4,1488,1.488,2.68817204301075,0,0,FALSE,1.63956458945988
"386","YBR127C",2,2,0,0,0,0,2,0,2,0,0,"synonymous_variant",NA,NA,"II",2,1554,1.554,1.28700128700129,0,0,FALSE,1.13446079130188
"387","YBR128C",7,7,0,0,0,3,4,0,4,3,0,"missense_variant;synonymous_variant",NA,NA,"II",7,1035,1.035,6.76328502415459,0,0,FALSE,2.60063165868498
"388","YBR129C",2,2,0,0,0,0,2,0,2,0,0,"synonymous_variant",NA,NA,"II",2,987,0.987,2.02634245187437,0,0,FALSE,1.42349655843432
"389","YBR130C",7,7,0,0,0,2,5,0,5,2,0,"missense_variant;synonymous_variant",NA,NA,"II",7,1278,1.278,5.4773082942097,0,0,FALSE,2.3403649916647
"390","YBR131W",8,8,0,0,0,4,4,0,4,4,0,"missense_variant;synonymous_variant",NA,NA,"II",8,2115,2.115,3.78250591016548,0,0,FALSE,1.94486655330526
"391","YBR132C",5,5,0,0,0,1,4,0,4,1,0,"synonymous_variant;missense_variant",NA,NA,"II",5,1791,1.791,2.79173646007817,0,0,FALSE,1.67084902372362
"392","YBR133C",10,10,0,0,0,3,7,0,7,3,0,"synonymous_variant;missense_variant",NA,NA,"II",10,2484,2.484,4.02576489533011,0,0,FALSE,2.00643088476282
"393","YBR134W",3,3,0,0,0,3,0,0,0,3,0,"missense_variant",NA,NA,"II",3,NA,NA,NA,0,NA,FALSE,NA
"394","YBR135W",4,4,0,0,0,0,4,0,4,0,0,"synonymous_variant",NA,NA,"II",4,453,0.453,8.83002207505519,0,0,FALSE,2.97153530604218
"395","YBR136W",15,15,0,0,0,2,13,0,13,2,0,"synonymous_variant;missense_variant",NA,NA,"II",15,7107,7.107,2.11059518784297,0,0,FALSE,1.45278876229236
"396","YBR137W",6,4,0,2,0,0,4,2,4,0,0,"upstream_gene_variant;synonymous_variant",67,51,"II",4,540,0.54,7.40740740740741,0.5,0.27,FALSE,2.72165526975909
"397","YBR138C",5,4,0,1,0,2,2,1,2,2,0,"synonymous_variant;missense_variant;upstream_gene_variant",206,206,"II",4,1575,1.575,2.53968253968254,0.25,0.39375,FALSE,1.59363814577919
"398","YBR139W",6,6,0,0,0,1,5,0,5,1,0,"synonymous_variant;missense_variant",NA,NA,"II",6,1527,1.527,3.92927308447937,0,0,FALSE,1.98223941149382
"399","YBR140C",21,20,0,1,0,10,10,1,10,10,0,"missense_variant;synonymous_variant;upstream_gene_variant",45,45,"II",20,9279,9.279,2.15540467722815,0.05,0.46395,FALSE,1.46812965273104
"400","YBR141C",8,8,0,0,0,5,3,0,3,5,0,"missense_variant;synonymous_variant",NA,NA,"II",8,1014,1.014,7.88954635108481,0,0,FALSE,2.80883362823162
"401","YBR142W",9,9,0,0,0,2,7,0,7,2,0,"synonymous_variant;missense_variant",NA,NA,"II",9,2322,2.322,3.87596899224806,0,0,FALSE,1.96874807739539
"402","YBR143C",2,2,0,0,0,0,2,0,2,0,0,"synonymous_variant",NA,NA,"II",2,1314,1.314,1.5220700152207,0,0,FALSE,1.23372201699601
"403","YBR144C",2,2,0,0,0,1,1,0,1,1,0,"synonymous_variant;missense_variant",NA,NA,"II",2,315,0.315,6.34920634920635,0,0,FALSE,2.51976315339485
"404","YBR145W",2,2,0,0,0,0,2,0,2,0,0,"synonymous_variant",NA,NA,"II",2,1056,1.056,1.89393939393939,0,0,FALSE,1.37620470640795
"405","YBR146W",4,4,0,0,0,1,3,0,3,1,0,"synonymous_variant;missense_variant",NA,NA,"II",4,837,0.837,4.778972520908,0,0,FALSE,2.18608611927984
"406","YBR147W",10,10,0,0,0,1,9,0,9,1,0,"synonymous_variant;missense_variant",NA,NA,"II",10,891,0.891,11.2233445566779,0,0,FALSE,3.35012605086404
"407","YBR148W",12,12,0,0,0,7,5,0,5,7,0,"missense_variant;synonymous_variant",NA,NA,"II",12,1830,1.83,6.55737704918033,0,0,FALSE,2.56073759865792
"408","YBR149W",6,3,0,3,0,0,3,3,3,0,0,"upstream_gene_variant;synonymous_variant",177,126,"II",3,1035,1.035,2.89855072463768,1,1.035,FALSE,1.7025130615175
"409","YBR150C",18,16,0,2,0,6,10,2,10,6,0,"synonymous_variant;missense_variant;upstream_gene_variant",21,6,"II",16,3285,3.285,4.87062404870624,0.125,0.410625,FALSE,2.20694903627298
"410","YBR151W",1,1,0,0,0,0,1,0,1,0,0,"synonymous_variant",NA,NA,"II",1,951,0.951,1.0515247108307,0,0,FALSE,1.02543878941198
"411","YBR152W",4,4,0,0,0,0,4,0,4,0,0,"synonymous_variant",NA,NA,"II",4,876,0.876,4.5662100456621,0,0,FALSE,2.13686921585344
"412","YBR153W",4,4,0,0,0,1,3,0,3,1,0,"synonymous_variant;missense_variant",NA,NA,"II",4,735,0.735,5.4421768707483,0,0,FALSE,2.33284737407922
"413","YBR154C",5,2,0,3,0,0,2,3,2,0,0,"synonymous_variant;upstream_gene_variant",760,526,"II",2,648,0.648,3.08641975308642,1.5,0.972,FALSE,1.75682092231577
"414","YBR155W",7,7,0,0,0,0,7,0,7,0,0,"synonymous_variant",NA,NA,"II",7,1158,1.158,6.04490500863558,0,0,FALSE,2.45863885282804
"415","YBR156C",4,4,0,0,0,2,2,0,2,2,0,"missense_variant;synonymous_variant",NA,NA,"II",4,2097,2.097,1.90748688602766,0,0,FALSE,1.3811179841084
"416","YBR157C",2,2,0,0,0,1,1,0,1,1,0,"missense_variant;synonymous_variant",NA,NA,"II",2,768,0.768,2.60416666666667,0,0,FALSE,1.61374306091976
"417","YBR158W",6,6,0,0,0,3,3,0,3,3,0,"synonymous_variant;missense_variant",NA,NA,"II",6,1650,1.65,3.63636363636364,0,0,FALSE,1.90692517849118
"418","YBR160W",1,0,0,1,0,0,0,1,0,0,0,"upstream_gene_variant",156,156,"II",0,897,0.897,0,NA,NA,FALSE,0
"419","YBR161W",1,0,0,1,0,0,0,1,0,0,0,"upstream_gene_variant",65,65,"II",0,1131,1.131,0,NA,NA,FALSE,0
"420","YBR162C",4,3,0,1,0,1,2,1,2,1,0,"synonymous_variant;missense_variant;upstream_gene_variant",923,923,"II",3,1368,1.368,2.19298245614035,0.333333333333333,0.456,FALSE,1.48087219439773
"421","YBR163W",9,9,0,0,0,4,4,0,5,4,0,"synonymous_variant;missense_variant;splice_region_variant&stop_retained_variant",NA,NA,"II",9,1758,1.758,5.11945392491468,0,0,FALSE,2.26262102989314
"422","YBR164C",2,2,0,0,0,0,2,0,2,0,0,"synonymous_variant",NA,NA,"II",2,552,0.552,3.6231884057971,0,0,FALSE,1.9034674690672
"423","YBR165W",1,1,0,0,0,1,0,0,0,1,0,"missense_variant",NA,NA,"II",1,834,0.834,1.19904076738609,0,0,FALSE,1.09500719969601
"424","YBR166C",5,5,0,0,0,4,1,0,1,4,0,"missense_variant;synonymous_variant",NA,NA,"II",5,1359,1.359,3.67917586460633,0,0,FALSE,1.91811779216145
"425","YBR167C",2,2,0,0,0,1,1,0,1,1,0,"missense_variant;synonymous_variant",NA,NA,"II",2,423,0.423,4.72813238770686,0,0,FALSE,2.17442691017814
"426","YBR168W",2,2,0,0,0,1,1,0,1,1,0,"synonymous_variant;missense_variant",NA,NA,"II",2,1242,1.242,1.61030595813205,0,0,FALSE,1.26897831271147
"427","YBR169C",4,4,0,0,0,0,4,0,4,0,0,"synonymous_variant",NA,NA,"II",4,2082,2.082,1.92122958693564,0,0,FALSE,1.38608426400982
"428","YBR170C",3,3,0,0,0,0,3,0,3,0,0,"synonymous_variant",NA,NA,"II",3,1743,1.743,1.72117039586919,0,0,FALSE,1.31193383822096
"429","YBR171W",2,2,0,0,0,0,2,0,2,0,0,"synonymous_variant",NA,NA,"II",2,621,0.621,3.22061191626409,0,0,FALSE,1.79460634019388
"430","YBR172C",12,12,0,0,0,3,9,0,9,3,0,"missense_variant;synonymous_variant",NA,NA,"II",12,2223,2.223,5.39811066126856,0,0,FALSE,2.32338345119108
"431","YBR174C",1,1,0,0,0,1,0,0,0,1,0,"missense_variant",NA,NA,"II",1,NA,NA,NA,0,NA,FALSE,NA
"432","YBR175W",1,1,0,0,0,0,1,0,1,0,0,"synonymous_variant",NA,NA,"II",1,948,0.948,1.05485232067511,0,0,FALSE,1.0270600375222
"433","YBR176W",2,2,0,0,0,1,1,0,1,1,0,"missense_variant;synonymous_variant",NA,NA,"II",2,939,0.939,2.12992545260916,0,0,FALSE,1.4594264121939
"434","YBR177C",5,5,0,0,0,3,2,0,2,3,0,"synonymous_variant;missense_variant",NA,NA,"II",5,1356,1.356,3.68731563421829,0,0,FALSE,1.92023843160642
"435","YBR178W",1,1,0,0,0,1,0,0,0,1,0,"missense_variant",NA,NA,"II",1,NA,NA,NA,0,NA,FALSE,NA
"436","YBR179C",9,9,0,0,0,2,7,0,7,2,0,"synonymous_variant;missense_variant",NA,NA,"II",9,2568,2.568,3.50467289719626,0,0,FALSE,1.87207716112244
"437","YBR180W",12,12,0,0,0,6,6,0,6,6,0,"missense_variant;synonymous_variant",NA,NA,"II",12,1719,1.719,6.98080279232112,0,0,FALSE,2.64212088904371
"438","YBR182C",5,5,0,0,0,1,4,0,4,1,0,"synonymous_variant;missense_variant",NA,NA,"II",5,1359,1.359,3.67917586460633,0,0,FALSE,1.91811779216145
"439","YBR182C-A",2,2,0,0,0,1,1,0,1,1,0,"missense_variant;synonymous_variant",NA,NA,"II",2,195,0.195,10.2564102564103,0,0,FALSE,3.20256307610174
"440","YBR183W",3,3,0,0,0,0,3,0,3,0,0,"synonymous_variant",NA,NA,"II",3,951,0.951,3.15457413249211,0,0,FALSE,1.77611208331347
"441","YBR184W",7,7,0,0,0,6,1,0,1,6,0,"missense_variant;synonymous_variant",NA,NA,"II",7,1572,1.572,4.4529262086514,0,0,FALSE,2.11019577495819
"442","YBR185C",4,4,0,0,0,1,3,0,3,1,0,"synonymous_variant;missense_variant",NA,NA,"II",4,837,0.837,4.778972520908,0,0,FALSE,2.18608611927984
"443","YBR186W",6,6,0,0,0,5,1,0,1,5,0,"synonymous_variant;missense_variant",NA,NA,"II",6,1808,1.808,3.31858407079646,0,0,FALSE,1.82169812833973
"444","YBR188C",3,3,0,0,0,2,1,0,1,2,0,"missense_variant;synonymous_variant",NA,NA,"II",3,423,0.423,7.09219858156028,0,0,FALSE,2.66311820645654
"445","YBR189W",1,1,0,0,0,0,1,0,1,0,0,"synonymous_variant",NA,NA,"II",1,1001,1.001,0.999000999000999,0,0,FALSE,0.999500374687773
"446","YBR190W",1,1,0,0,0,1,0,0,0,1,0,"missense_variant",NA,NA,"II",1,NA,NA,NA,0,NA,FALSE,NA
"447","YBR191W",1,1,0,0,0,1,0,0,0,1,0,"missense_variant",NA,NA,"II",1,871,0.871,1.14810562571757,0,0,FALSE,1.07149690886981
"448","YBR192W",4,4,0,0,0,0,4,0,4,0,0,"synonymous_variant",NA,NA,"II",4,1134,1.134,3.52733686067019,0,0,FALSE,1.87812056606337
"449","YBR193C",5,1,0,4,0,0,1,4,1,0,0,"synonymous_variant;upstream_gene_variant",853,684,"II",1,672,0.672,1.48809523809524,4,2.688,FALSE,1.21987509118567
"450","YBR194W",5,5,0,0,0,2,3,0,3,2,0,"missense_variant;synonymous_variant",NA,NA,"II",5,372,0.372,13.4408602150538,0,0,FALSE,3.66617787553383
"451","YBR195C",4,4,0,0,0,1,3,0,3,1,0,"synonymous_variant;missense_variant",NA,NA,"II",4,1269,1.269,3.15208825847124,0,0,FALSE,1.77541213763769
"452","YBR196C",4,4,0,0,0,0,4,0,4,0,0,"synonymous_variant",NA,NA,"II",4,1665,1.665,2.4024024024024,0,0,FALSE,1.54996851658426
"453","YBR196C-A",1,1,0,0,0,1,0,0,0,1,0,"missense_variant",NA,NA,"II",1,150,0.15,6.66666666666667,0,0,FALSE,2.58198889747161
"454","YBR196C-B",1,1,0,0,0,0,1,0,1,0,0,"synonymous_variant",NA,NA,"II",1,105,0.105,9.52380952380952,0,0,FALSE,3.08606699924184
"455","YBR197C",1,1,0,0,0,1,0,0,0,1,0,"missense_variant",NA,NA,"II",1,654,0.654,1.52905198776758,0,0,FALSE,1.23654841707374
"456","YBR198C",4,4,0,0,0,1,3,0,3,1,0,"synonymous_variant;missense_variant",NA,NA,"II",4,2397,2.397,1.66875260742595,0,0,FALSE,1.29180207749715
"457","YBR199W",5,5,0,0,0,2,2,0,3,2,0,"synonymous_variant;missense_variant;splice_region_variant&stop_retained_variant",NA,NA,"II",5,1395,1.395,3.584229390681,0,0,FALSE,1.89320611415688
"458","YBR200W",4,4,0,0,0,0,4,0,4,0,0,"synonymous_variant",NA,NA,"II",4,1656,1.656,2.41545893719807,0,0,FALSE,1.55417468040052
"459","YBR200W-A",1,1,0,0,0,1,0,0,0,1,0,"missense_variant",NA,NA,"II",1,165,0.165,6.06060606060606,0,0,FALSE,2.46182981958665
"460","YBR201C-A",4,1,0,3,0,0,1,3,1,0,0,"synonymous_variant;upstream_gene_variant",602,141,"II",1,204,0.204,4.90196078431373,3,0.612,FALSE,2.21403721385024
"461","YBR201W",2,2,0,0,0,1,1,0,1,1,0,"synonymous_variant;missense_variant",NA,NA,"II",2,636,0.636,3.14465408805031,0,0,FALSE,1.77331725532977
"462","YBR202W",10,10,0,0,0,1,9,0,9,1,0,"synonymous_variant;missense_variant",NA,NA,"II",10,2538,2.538,3.94011032308905,0,0,FALSE,1.98497111391805
"463","YBR203W",20,20,0,0,0,4,16,0,16,4,0,"missense_variant;synonymous_variant",NA,NA,"II",20,2775,2.775,7.20720720720721,0,0,FALSE,2.6846242208561
"464","YBR204C",13,8,0,5,0,1,7,5,7,1,0,"synonymous_variant;missense_variant;upstream_gene_variant",237,21,"II",8,1128,1.128,7.09219858156028,0.625,0.705,FALSE,2.66311820645654
"465","YBR205W",5,5,0,0,0,0,5,0,5,0,0,"synonymous_variant",NA,NA,"II",5,1215,1.215,4.11522633744856,0,0,FALSE,2.02860206483395
"466","YBR207W",6,6,0,0,0,0,6,0,6,0,0,"synonymous_variant",NA,NA,"II",6,1398,1.398,4.29184549356223,0,0,FALSE,2.0716769761626
"467","YBR208C",44,35,0,9,0,4,31,9,31,4,0,"synonymous_variant;missense_variant;upstream_gene_variant",966,145,"II",35,5508,5.508,6.35439360929557,0.257142857142857,1.41634285714286,FALSE,2.52079225825842
"468","YBR209W",2,2,0,0,0,2,0,0,0,2,0,"missense_variant",NA,NA,"II",2,318,0.318,6.28930817610063,0,0,FALSE,2.5078493128776
"469","YBR210W",1,1,0,0,0,0,1,0,1,0,0,"synonymous_variant",NA,NA,"II",1,429,0.429,2.33100233100233,0,0,FALSE,1.52676204138115
"470","YBR211C",6,6,0,0,0,3,3,0,3,3,0,"synonymous_variant;missense_variant",NA,NA,"II",6,975,0.975,6.15384615384615,0,0,FALSE,2.48069469178417
"471","YBR212W",9,9,0,0,0,4,5,0,5,4,0,"synonymous_variant;missense_variant",NA,NA,"II",9,2019,2.019,4.45765230312036,0,0,FALSE,2.1113153016829
"472","YBR213W",5,5,0,0,0,1,4,0,4,1,0,"missense_variant;synonymous_variant",NA,NA,"II",5,825,0.825,6.06060606060606,0,0,FALSE,2.46182981958665
"473","YBR214W",13,13,0,0,0,1,12,0,12,1,0,"missense_variant;synonymous_variant",NA,NA,"II",13,1584,1.584,8.20707070707071,0,0,FALSE,2.8647985456347
"474","YBR215W",32,28,0,4,0,19,4,4,6,19,3,"upstream_gene_variant;missense_variant;stop_gained;stop_retained_variant;synonymous_variant",223,21,"II",28,1962,1.962,14.2711518858308,0.142857142857143,0.280285714285714,FALSE,3.77771781447884
"475","YBR216C",24,17,0,7,0,9,8,7,8,9,0,"missense_variant;synonymous_variant;upstream_gene_variant",970,11,"II",17,2025,2.025,8.39506172839506,0.411764705882353,0.833823529411765,FALSE,2.89742329120118
"476","YBR217W",5,5,0,0,0,4,1,0,1,4,0,"missense_variant;synonymous_variant",NA,NA,"II",5,561,0.561,8.9126559714795,0,0,FALSE,2.98540717013266
"477","YBR218C",27,16,0,11,0,0,16,11,16,0,0,"synonymous_variant;upstream_gene_variant",713,419,"II",16,3543,3.543,4.51594693762348,0.6875,2.4358125,FALSE,2.12507574867897
"478","YBR219C",2,2,0,0,0,1,1,0,1,1,0,"missense_variant;synonymous_variant",NA,NA,"II",2,805,0.805,2.48447204968944,0,0,FALSE,1.5762208124782
"479","YBR220C",6,6,0,0,0,0,6,0,6,0,0,"synonymous_variant",NA,NA,"II",6,1683,1.683,3.5650623885918,0,0,FALSE,1.8881372801234
"480","YBR221C",6,6,0,0,0,2,4,0,4,2,0,"synonymous_variant;missense_variant",NA,NA,"II",6,1101,1.101,5.44959128065395,0,0,FALSE,2.33443596627835
"481","YBR222C",12,12,0,0,0,1,11,0,11,1,0,"synonymous_variant;missense_variant",NA,NA,"II",12,1632,1.632,7.35294117647059,0,0,FALSE,2.7116307227332
"482","YBR223C",22,22,0,0,0,11,11,0,11,11,0,"synonymous_variant;missense_variant",NA,NA,"II",22,1635,1.635,13.4556574923547,0,0,FALSE,3.66819539996914
"483","YBR224W",3,3,0,0,0,3,0,0,0,3,0,"missense_variant",NA,NA,"II",3,NA,NA,NA,0,NA,FALSE,NA
"484","YBR225W",22,22,0,0,0,9,13,0,13,9,0,"missense_variant;synonymous_variant",NA,NA,"II",22,2703,2.703,8.13910469848317,0,0,FALSE,2.85291161771324
"485","YBR226C",5,5,0,0,0,4,1,0,1,4,0,"missense_variant;synonymous_variant",NA,NA,"II",5,NA,NA,NA,0,NA,FALSE,NA
"486","YBR227C",13,13,0,0,0,3,10,0,10,3,0,"missense_variant;synonymous_variant",NA,NA,"II",13,1563,1.563,8.31733845169546,0,0,FALSE,2.88397962054094
"487","YBR228W",6,6,0,0,0,3,3,0,3,3,0,"missense_variant;synonymous_variant",NA,NA,"II",6,915,0.915,6.55737704918033,0,0,FALSE,2.56073759865792
"488","YBR229C",22,21,0,1,0,9,12,1,12,9,0,"synonymous_variant;missense_variant;upstream_gene_variant",979,979,"II",21,2865,2.865,7.32984293193717,0.0476190476190476,0.136428571428571,FALSE,2.70736826677443
"489","YBR230C",3,3,0,0,0,0,3,0,3,0,0,"synonymous_variant",NA,NA,"II",3,502,0.502,5.97609561752988,0,0,FALSE,2.44460541141712
"490","YBR230W-A",1,1,0,0,0,0,1,0,1,0,0,"synonymous_variant",NA,NA,"II",1,201,0.201,4.97512437810945,0,0,FALSE,2.23049868372735
"491","YBR231C",5,5,0,0,0,1,4,0,4,1,0,"synonymous_variant;missense_variant",NA,NA,"II",5,912,0.912,5.48245614035088,0,0,FALSE,2.34146452895423
"492","YBR232C",3,3,0,0,0,1,2,0,2,1,0,"synonymous_variant;missense_variant",NA,NA,"II",3,NA,NA,NA,0,NA,FALSE,NA
"493","YBR233W",2,2,0,0,0,0,2,0,2,0,0,"synonymous_variant",NA,NA,"II",2,1242,1.242,1.61030595813205,0,0,FALSE,1.26897831271147
"494","YBR233W-A",3,3,0,0,0,1,2,0,2,1,0,"synonymous_variant;missense_variant",NA,NA,"II",3,285,0.285,10.5263157894737,0,0,FALSE,3.24442842261525
"495","YBR234C",1,1,0,0,0,0,1,0,1,0,0,"synonymous_variant",NA,NA,"II",1,1155,1.155,0.865800865800866,0,0,FALSE,0.930484210398471
"496","YBR235W",15,15,0,0,0,0,15,0,15,0,0,"synonymous_variant",NA,NA,"II",15,3363,3.363,4.46030330062444,0,0,FALSE,2.11194301547756
"497","YBR236C",4,4,0,0,0,2,2,0,2,2,0,"synonymous_variant;missense_variant",NA,NA,"II",4,1311,1.311,3.0511060259344,0,0,FALSE,1.74674154525917
"498","YBR237W",14,14,0,0,0,4,10,0,10,4,0,"missense_variant;synonymous_variant",NA,NA,"II",14,2550,2.55,5.49019607843137,0,0,FALSE,2.34311674451602
"499","YBR238C",15,11,0,4,0,2,9,4,9,2,0,"synonymous_variant;missense_variant;upstream_gene_variant",975,38,"II",11,2196,2.196,5.00910746812386,0.363636363636364,0.798545454545455,FALSE,2.23810354276201
"500","YBR239C",17,17,0,0,0,3,14,0,14,3,0,"synonymous_variant;missense_variant",NA,NA,"II",17,1590,1.59,10.6918238993711,0,0,FALSE,3.26983545447949
"501","YBR240C",22,22,0,0,0,8,14,0,14,8,0,"synonymous_variant;missense_variant",NA,NA,"II",22,1353,1.353,16.260162601626,0,0,FALSE,4.03238919272756
"502","YBR241C",18,18,0,0,0,6,12,0,12,6,0,"missense_variant;synonymous_variant",NA,NA,"II",18,1467,1.467,12.2699386503067,0,0,FALSE,3.50284722052029
"503","YBR242W",3,3,0,0,0,1,2,0,2,1,0,"missense_variant;synonymous_variant",NA,NA,"II",3,717,0.717,4.18410041841004,0,0,FALSE,2.04550737432307
"504","YBR243C",6,6,0,0,0,0,6,0,6,0,0,"synonymous_variant",NA,NA,"II",6,1347,1.347,4.4543429844098,0,0,FALSE,2.11053144596564
"505","YBR244W",3,3,0,0,0,1,2,0,2,1,0,"synonymous_variant;missense_variant",NA,NA,"II",3,489,0.489,6.13496932515337,0,0,FALSE,2.47688702309035
"506","YBR245C",22,22,0,0,0,10,12,0,12,10,0,"missense_variant;synonymous_variant",NA,NA,"II",22,3390,3.39,6.48967551622419,0,0,FALSE,2.54748415426361
"507","YBR246W",14,14,0,0,0,3,11,0,11,3,0,"synonymous_variant;missense_variant",NA,NA,"II",14,1164,1.164,12.0274914089347,0,0,FALSE,3.46806738817669
"508","YBR247C",6,6,0,0,0,3,3,0,3,3,0,"missense_variant;synonymous_variant",NA,NA,"II",6,1452,1.452,4.13223140495868,0,0,FALSE,2.03278907045435
"509","YBR248C",7,7,0,0,0,1,6,0,6,1,0,"synonymous_variant;missense_variant",NA,NA,"II",7,1659,1.659,4.21940928270042,0,0,FALSE,2.0541200750444
"510","YBR249C",3,3,0,0,0,0,3,0,3,0,0,"synonymous_variant",NA,NA,"II",3,1113,1.113,2.69541778975741,0,0,FALSE,1.6417727582578
"511","YBR250W",13,13,0,0,0,4,9,0,9,4,0,"synonymous_variant;missense_variant",NA,NA,"II",13,1572,1.572,8.26972010178117,0,0,FALSE,2.87571210342433
"512","YBR251W",5,5,0,0,0,0,5,0,5,0,0,"synonymous_variant",NA,NA,"II",5,924,0.924,5.41125541125541,0,0,FALSE,2.32621052599618
"513","YBR252W",5,5,0,0,0,1,4,0,4,1,0,"missense_variant;synonymous_variant",NA,NA,"II",5,444,0.444,11.2612612612613,0,0,FALSE,3.35578027607012
"514","YBR253W",8,5,0,3,0,4,1,3,1,4,0,"upstream_gene_variant;missense_variant;synonymous_variant",168,38,"II",5,366,0.366,13.6612021857923,0.6,0.2196,FALSE,3.69610635477286
"515","YBR254C",6,4,0,2,0,0,4,2,4,0,0,"synonymous_variant;upstream_gene_variant",153,91,"II",4,528,0.528,7.57575757575758,0.5,0.264,FALSE,2.7524094128159
"516","YBR255C-A",1,1,0,0,0,0,1,0,1,0,0,"synonymous_variant",NA,NA,"II",1,457,0.457,2.18818380743982,0,0,FALSE,1.47925109681887
"517","YBR255W",16,16,0,0,0,6,10,0,10,6,0,"missense_variant;synonymous_variant",NA,NA,"II",16,2085,2.085,7.67386091127098,0,0,FALSE,2.77017344425777
"518","YBR256C",5,5,0,0,0,3,2,0,2,3,0,"missense_variant;synonymous_variant",NA,NA,"II",5,717,0.717,6.97350069735007,0,0,FALSE,2.64073866509923
"519","YBR257W",8,8,0,0,0,3,5,0,5,3,0,"missense_variant;synonymous_variant",NA,NA,"II",8,840,0.84,9.52380952380952,0,0,FALSE,3.08606699924184
"520","YBR258C",3,3,0,0,0,2,1,0,1,2,0,"synonymous_variant;missense_variant",NA,NA,"II",3,429,0.429,6.99300699300699,0,0,FALSE,2.64442942673973
"521","YBR259W",31,31,0,0,0,15,16,0,16,15,0,"synonymous_variant;missense_variant",NA,NA,"II",31,2067,2.067,14.9975810353169,0,0,FALSE,3.87267104661846
"522","YBR260C",19,18,0,1,0,1,17,1,17,1,0,"synonymous_variant;missense_variant;upstream_gene_variant",943,943,"II",18,2001,2.001,8.99550224887556,0.0555555555555556,0.111166666666667,FALSE,2.99925028113286
"523","YBR261C",6,6,0,0,0,0,6,0,6,0,0,"synonymous_variant",NA,NA,"II",6,699,0.699,8.58369098712446,0,0,FALSE,2.92979367654524
"524","YBR263W",14,14,0,0,0,3,11,0,11,3,0,"missense_variant;synonymous_variant",NA,NA,"II",14,1473,1.473,9.50441276306857,0,0,FALSE,3.08292276307217
"525","YBR264C",6,6,0,0,0,4,2,0,2,4,0,"missense_variant;synonymous_variant",NA,NA,"II",6,600,0.6,10,0,0,FALSE,3.16227766016838
"526","YBR265W",4,4,0,0,0,1,3,0,3,1,0,"missense_variant;synonymous_variant",NA,NA,"II",4,963,0.963,4.15368639667705,0,0,FALSE,2.03805946838581
"527","YBR267W",12,12,0,0,0,3,9,0,9,3,0,"missense_variant;synonymous_variant",NA,NA,"II",12,1182,1.182,10.1522842639594,0,0,FALSE,3.18626493938583
"528","YBR268W",1,1,0,0,0,1,0,0,0,1,0,"missense_variant",NA,NA,"II",1,318,0.318,3.14465408805031,0,0,FALSE,1.77331725532977
"529","YBR269C",1,1,0,0,0,0,1,0,1,0,0,"synonymous_variant",NA,NA,"II",1,417,0.417,2.39808153477218,0,0,FALSE,1.54857403270628
"530","YBR270C",11,11,0,0,0,3,8,0,8,3,0,"synonymous_variant;missense_variant",NA,NA,"II",11,1638,1.638,6.71550671550672,0,0,FALSE,2.5914294733808
"531","YBR271W",10,10,0,0,0,3,7,0,7,3,0,"synonymous_variant;missense_variant",NA,NA,"II",10,1260,1.26,7.93650793650794,0,0,FALSE,2.81718084909506
"532","YBR272C",10,10,0,0,0,3,7,0,7,3,0,"synonymous_variant;missense_variant",NA,NA,"II",10,1443,1.443,6.93000693000693,0,0,FALSE,2.63249063246328
"533","YBR273C",8,8,0,0,0,6,2,0,2,6,0,"missense_variant;synonymous_variant",NA,NA,"II",8,1311,1.311,6.1022120518688,0,0,FALSE,2.47026558326606
"534","YBR274W",8,8,0,0,0,1,7,0,7,1,0,"synonymous_variant;missense_variant",NA,NA,"II",8,1584,1.584,5.05050505050505,0,0,FALSE,2.24733287487747
"535","YBR275C",82,76,0,6,0,35,41,6,41,35,0,"synonymous_variant;missense_variant;upstream_gene_variant",445,77,"II",76,5751,5.751,13.2150930272996,0.0789473684210526,0.454026315789474,FALSE,3.63525694102901
"536","YBR276C",7,7,0,0,0,5,2,0,2,5,0,"missense_variant;synonymous_variant",NA,NA,"II",7,2424,2.424,2.88778877887789,0,0,FALSE,1.69934951639676
"537","YBR279W",13,13,0,0,0,4,9,0,9,4,0,"missense_variant;synonymous_variant",NA,NA,"II",13,1338,1.338,9.71599402092676,0,0,FALSE,3.11704892822149
"538","YBR280C",12,12,0,0,0,7,5,0,5,7,0,"synonymous_variant;missense_variant",NA,NA,"II",12,1914,1.914,6.26959247648903,0,0,FALSE,2.50391542918067
"539","YBR281C",15,15,0,0,0,7,8,0,8,7,0,"missense_variant;synonymous_variant",NA,NA,"II",15,2637,2.637,5.68828213879408,0,0,FALSE,2.38501197875275
"540","YBR282W",2,2,0,0,0,0,2,0,2,0,0,"synonymous_variant",NA,NA,"II",2,441,0.441,4.53514739229025,0,0,FALSE,2.1295885499998
"541","YBR283C",9,9,0,0,0,2,7,0,7,2,0,"synonymous_variant;missense_variant",NA,NA,"II",9,1473,1.473,6.10997963340122,0,0,FALSE,2.47183729913626
"542","YBR284W",20,20,0,0,0,7,13,0,13,7,0,"missense_variant;synonymous_variant",NA,NA,"II",20,2394,2.394,8.35421888053467,0,0,FALSE,2.8903665650804
"543","YBR286W",7,7,0,0,0,3,4,0,4,3,0,"synonymous_variant;missense_variant",NA,NA,"II",7,1614,1.614,4.33705080545229,0,0,FALSE,2.08255871596752
"544","YBR287W",2,1,0,1,0,1,0,1,0,1,0,"upstream_gene_variant;missense_variant",204,204,"II",1,1284,1.284,0.778816199376947,1,1.284,FALSE,0.88250563702276
"545","YBR288C",6,6,0,0,0,4,2,0,2,4,0,"synonymous_variant;missense_variant",NA,NA,"II",6,1452,1.452,4.13223140495868,0,0,FALSE,2.03278907045435
"546","YBR289W",10,10,0,0,0,4,6,0,6,4,0,"missense_variant;synonymous_variant",NA,NA,"II",10,2718,2.718,3.67917586460633,0,0,FALSE,1.91811779216145
"547","YBR290W",3,3,0,0,0,0,3,0,3,0,0,"synonymous_variant",NA,NA,"II",3,966,0.966,3.1055900621118,0,0,FALSE,1.7622684421256
"548","YBR291C",14,6,0,8,0,2,4,8,4,2,0,"synonymous_variant;missense_variant;upstream_gene_variant",873,1,"II",6,900,0.9,6.66666666666667,1.33333333333333,1.2,FALSE,2.58198889747161
"549","YBR292C",10,10,0,0,0,8,2,0,2,8,0,"missense_variant;synonymous_variant",NA,NA,"II",10,372,0.372,26.8817204301075,0,0,FALSE,5.18475847365213
"550","YBR293W",15,15,0,0,0,5,10,0,10,5,0,"synonymous_variant;missense_variant",NA,NA,"II",15,1425,1.425,10.5263157894737,0,0,FALSE,3.24442842261525
"551","YBR294W",18,18,0,0,0,5,13,0,13,5,0,"missense_variant;synonymous_variant",NA,NA,"II",18,2580,2.58,6.97674418604651,0,0,FALSE,2.64135271897687
"552","YBR295W",62,55,0,7,0,27,28,7,28,27,0,"upstream_gene_variant;missense_variant;synonymous_variant",697,273,"II",55,3651,3.651,15.0643659271432,0.127272727272727,0.464672727272727,FALSE,3.8812840564874
"553","YBR296C",30,15,0,15,0,2,13,15,13,2,0,"synonymous_variant;missense_variant;upstream_gene_variant",989,225,"II",15,1725,1.725,8.69565217391304,1,1.725,FALSE,2.94883912309794
"554","YBR296C-A",1,1,0,0,0,0,1,0,1,0,0,"synonymous_variant",NA,NA,"II",1,120,0.12,8.33333333333333,0,0,FALSE,2.88675134594813
"555","YBR297W",50,50,0,0,0,22,28,0,28,22,0,"missense_variant;synonymous_variant",NA,NA,"II",50,1407,1.407,35.5366027007818,0,0,FALSE,5.96125848297
"556","YBR298C",16,15,0,1,0,9,5,1,5,9,1,"missense_variant;synonymous_variant;stop_gained;upstream_gene_variant",868,868,"II",15,1845,1.845,8.13008130081301,0.0666666666666667,0.123,FALSE,2.85132974256101
"557","YBR298C-A",1,1,0,0,0,1,0,0,0,1,0,"missense_variant",NA,NA,"II",1,222,0.222,4.5045045045045,0,0,FALSE,2.12238179989004
"558","YBR299W",1,1,0,0,0,1,0,0,0,1,0,"missense_variant",NA,NA,"II",1,1755,1.755,0.56980056980057,0,0,FALSE,0.754851356096397
"559","YBR301W",5,5,0,0,0,1,4,0,4,1,0,"missense_variant;synonymous_variant",NA,NA,"II",5,363,0.363,13.7741046831956,0,0,FALSE,3.71134809512603
"560","YBR302C",5,5,0,0,0,4,0,0,1,4,0,"splice_region_variant&stop_retained_variant;missense_variant",NA,NA,"II",5,1140,1.14,4.3859649122807,0,0,FALSE,2.09426954145848
"561","YCL001W",1,1,0,0,0,0,1,0,1,0,0,"synonymous_variant",NA,NA,"III",1,567,0.567,1.7636684303351,0,0,FALSE,1.32803178814933
"562","YCL001W-A",5,5,0,0,0,3,2,0,2,3,0,"synonymous_variant;missense_variant",NA,NA,"III",5,462,0.462,10.8225108225108,0,0,FALSE,3.28975847479884
"563","YCL001W-B",8,8,0,0,0,5,3,0,3,5,0,"synonymous_variant;missense_variant",NA,NA,"III",8,255,0.255,31.3725490196078,0,0,FALSE,5.60112033611204
"564","YCL002C",6,6,0,0,0,0,6,0,6,0,0,"synonymous_variant",NA,NA,"III",6,868,0.868,6.91244239631336,0,0,FALSE,2.62915241024809
"565","YCL004W",6,6,0,0,0,1,5,0,5,1,0,"missense_variant;synonymous_variant",NA,NA,"III",6,1566,1.566,3.83141762452107,0,0,FALSE,1.95740073171568
"566","YCL005W",9,9,0,0,0,2,6,0,7,2,0,"synonymous_variant;missense_variant;splice_region_variant&stop_retained_variant",NA,NA,"III",9,771,0.771,11.6731517509728,0,0,FALSE,3.41659944257046
"567","YCL007C",2,2,0,0,0,0,2,0,2,0,0,"synonymous_variant",NA,NA,"III",2,NA,NA,NA,0,NA,FALSE,NA
"568","YCL008C",11,11,0,0,0,2,9,0,9,2,0,"missense_variant;synonymous_variant",NA,NA,"III",11,1158,1.158,9.49913644214162,0,0,FALSE,3.08206691071781
"569","YCL009C",5,5,0,0,0,2,3,0,3,2,0,"synonymous_variant;missense_variant",NA,NA,"III",5,930,0.93,5.3763440860215,0,0,FALSE,2.31869447880084
"570","YCL010C",8,8,0,0,0,4,4,0,4,4,0,"missense_variant;synonymous_variant",NA,NA,"III",8,780,0.78,10.2564102564103,0,0,FALSE,3.20256307610174
"571","YCL011C",7,7,0,0,0,3,4,0,4,3,0,"synonymous_variant;missense_variant",NA,NA,"III",7,1284,1.284,5.45171339563863,0,0,FALSE,2.33489044617486
"572","YCL012C",4,2,0,2,0,0,1,2,1,0,1,"stop_gained;synonymous_variant;upstream_gene_variant",157,25,"III",2,472,0.472,4.23728813559322,1,0.472,FALSE,2.05846742398155
"573","YCL014W",39,39,0,0,0,19,20,0,20,19,0,"missense_variant;synonymous_variant",NA,NA,"III",39,4911,4.911,7.94135613927917,0,0,FALSE,2.81804118835747
"574","YCL016C",8,8,0,0,0,1,7,0,7,1,0,"synonymous_variant;missense_variant",NA,NA,"III",8,1143,1.143,6.99912510936133,0,0,FALSE,2.64558596710848
"575","YCL017C",9,5,0,4,0,1,4,4,4,1,0,"missense_variant;synonymous_variant;upstream_gene_variant",322,162,"III",5,1494,1.494,3.34672021419009,0.8,1.1952,FALSE,1.82940433316151
"576","YCL018W",6,5,0,1,0,0,5,1,5,0,0,"upstream_gene_variant;synonymous_variant",322,322,"III",5,1095,1.095,4.5662100456621,0.2,0.219,FALSE,2.13686921585344
"577","YCL021W-A",6,6,0,0,0,2,4,0,4,2,0,"synonymous_variant;missense_variant",NA,NA,"III",6,378,0.378,15.8730158730159,0,0,FALSE,3.98409536444798
"578","YCL023C",6,6,0,0,0,2,3,0,3,2,1,"stop_lost&splice_region_variant;missense_variant;synonymous_variant",NA,NA,"III",6,NA,NA,NA,0,NA,FALSE,NA
"579","YCL024W",25,25,0,0,0,8,17,0,17,8,0,"synonymous_variant;missense_variant",NA,NA,"III",25,3114,3.114,8.02825947334618,0,0,FALSE,2.83341833715852
"580","YCL025C",14,14,0,0,0,5,9,0,9,5,0,"synonymous_variant;missense_variant",NA,NA,"III",14,1902,1.902,7.36067297581493,0,0,FALSE,2.71305602150323
"581","YCL026C-A",2,2,0,0,0,1,1,0,1,1,0,"missense_variant;synonymous_variant",NA,NA,"III",2,582,0.582,3.43642611683849,0,0,FALSE,1.85375999440016
"582","YCL027W",11,11,0,0,0,6,5,0,5,6,0,"synonymous_variant;missense_variant",NA,NA,"III",11,1539,1.539,7.14749837556855,0,0,FALSE,2.67348057325438
"583","YCL028W",15,15,0,0,0,5,10,0,10,5,0,"synonymous_variant;missense_variant",NA,NA,"III",15,1218,1.218,12.3152709359606,0,0,FALSE,3.50931203171798
"584","YCL029C",9,9,0,0,0,1,8,0,8,1,0,"synonymous_variant;missense_variant",NA,NA,"III",9,1323,1.323,6.80272108843537,0,0,FALSE,2.60820265478651
"585","YCL030C",19,19,0,0,0,3,16,0,16,3,0,"synonymous_variant;missense_variant",NA,NA,"III",19,2400,2.4,7.91666666666667,0,0,FALSE,2.81365716935569
"586","YCL031C",2,2,0,0,0,0,2,0,2,0,0,"synonymous_variant",NA,NA,"III",2,894,0.894,2.23713646532438,0,0,FALSE,1.49570600898853
"587","YCL032W",7,7,0,0,0,1,6,0,6,1,0,"synonymous_variant;missense_variant",NA,NA,"III",7,1041,1.041,6.72430355427474,0,0,FALSE,2.59312621256173
"588","YCL033C",1,1,0,0,0,1,0,0,0,1,0,"missense_variant",NA,NA,"III",1,507,0.507,1.9723865877712,0,0,FALSE,1.40441681411581
"589","YCL034W",8,8,0,0,0,1,7,0,7,1,0,"synonymous_variant;missense_variant",NA,NA,"III",8,1065,1.065,7.51173708920188,0,0,FALSE,2.74075483931013
"590","YCL035C",1,1,0,0,0,0,1,0,1,0,0,"synonymous_variant",NA,NA,"III",1,333,0.333,3.003003003003,0,0,FALSE,1.73291748303345
"591","YCL036W",13,13,0,0,0,5,7,0,7,5,1,"start_lost;missense_variant;synonymous_variant",NA,NA,"III",13,1701,1.701,7.64256319811875,0,0,FALSE,2.76451861960066
"592","YCL037C",3,3,0,0,0,2,1,0,1,2,0,"missense_variant;synonymous_variant",NA,NA,"III",3,1305,1.305,2.29885057471264,0,0,FALSE,1.51619608715781
"593","YCL038C",10,6,0,4,0,2,4,4,4,2,0,"synonymous_variant;missense_variant;upstream_gene_variant",776,346,"III",6,1587,1.587,3.78071833648393,0.666666666666667,1.058,FALSE,1.94440693695634
"594","YCL039W",20,20,0,0,0,8,12,0,12,8,0,"missense_variant;synonymous_variant",NA,NA,"III",20,2238,2.238,8.93655049151028,0,0,FALSE,2.98940637777976
"595","YCL040W",10,10,0,0,0,0,10,0,10,0,0,"synonymous_variant",NA,NA,"III",10,1503,1.503,6.65335994677312,0,0,FALSE,2.57941077511379
"596","YCL041C",4,4,0,0,0,4,0,0,0,4,0,"missense_variant",NA,NA,"III",4,NA,NA,NA,0,NA,FALSE,NA
"597","YCL042W",1,1,0,0,0,1,0,0,0,1,0,"missense_variant",NA,NA,"III",1,360,0.36,2.77777777777778,0,0,FALSE,1.66666666666667
"598","YCL043C",8,8,0,0,0,2,6,0,6,2,0,"missense_variant;synonymous_variant",NA,NA,"III",8,1569,1.569,5.09878903760357,0,0,FALSE,2.25804983062898
"599","YCL044C",4,4,0,0,0,1,3,0,3,1,0,"synonymous_variant;missense_variant",NA,NA,"III",4,1254,1.254,3.18979266347687,0,0,FALSE,1.78599906592273
"600","YCL045C",12,12,0,0,0,7,5,0,5,7,0,"missense_variant;synonymous_variant",NA,NA,"III",12,2283,2.283,5.25624178712221,0,0,FALSE,2.29264951249034
"601","YCL047C",4,4,0,0,0,1,3,0,3,1,0,"synonymous_variant;missense_variant",NA,NA,"III",4,777,0.777,5.14800514800515,0,0,FALSE,2.26892158260376
"602","YCL048W",10,10,0,0,0,4,6,0,6,4,0,"synonymous_variant;missense_variant",NA,NA,"III",10,1392,1.392,7.18390804597701,0,0,FALSE,2.68028133709449
"603","YCL049C",10,10,0,0,0,6,3,0,3,6,1,"missense_variant;synonymous_variant;stop_gained",NA,NA,"III",10,939,0.939,10.6496272630458,0,0,FALSE,3.26337666582419
"604","YCL050C",5,5,0,0,0,1,4,0,4,1,0,"synonymous_variant;missense_variant",NA,NA,"III",5,966,0.966,5.175983436853,0,0,FALSE,2.27507877596645
"605","YCL051W",11,11,0,0,0,6,5,0,5,6,0,"synonymous_variant;missense_variant",NA,NA,"III",11,1752,1.752,6.27853881278539,0,0,FALSE,2.50570126168013
"606","YCL052C",12,11,0,1,0,4,7,1,7,4,0,"missense_variant;synonymous_variant;upstream_gene_variant",307,307,"III",11,1251,1.251,8.792965627498,0.0909090909090909,0.113727272727273,FALSE,2.96529351456108
"607","YCL054W",12,12,0,0,0,2,10,0,10,2,0,"synonymous_variant;missense_variant",NA,NA,"III",12,2526,2.526,4.75059382422803,0,0,FALSE,2.17958570013386
"608","YCL055W",6,6,0,0,0,1,5,0,5,1,0,"missense_variant;synonymous_variant",NA,NA,"III",6,1008,1.008,5.95238095238095,0,0,FALSE,2.43975018237133
"609","YCL057C-A",2,2,0,0,0,0,2,0,2,0,0,"synonymous_variant",NA,NA,"III",2,294,0.294,6.80272108843537,0,0,FALSE,2.60820265478651
"610","YCL057W",14,14,0,0,0,5,9,0,9,5,0,"synonymous_variant;missense_variant",NA,NA,"III",14,2139,2.139,6.54511453950444,0,0,FALSE,2.55834214668493
"611","YCL058C",1,1,0,0,0,1,0,0,0,1,0,"missense_variant",NA,NA,"III",1,459,0.459,2.17864923747277,0,0,FALSE,1.47602480923349
"612","YCL059C",2,2,0,0,0,0,2,0,2,0,0,"synonymous_variant",NA,NA,"III",2,951,0.951,2.10304942166141,0,0,FALSE,1.45018944336987
"613","YCL061C",39,31,0,8,0,13,18,8,18,13,0,"synonymous_variant;missense_variant;upstream_gene_variant",291,32,"III",31,3291,3.291,9.41962929200851,0.258064516129032,0.849290322580645,FALSE,3.0691414584552
"614","YCL063W",8,8,0,0,0,6,2,0,2,6,0,"missense_variant;synonymous_variant",NA,NA,"III",8,1272,1.272,6.28930817610063,0,0,FALSE,2.5078493128776
"615","YCL064C",8,8,0,0,0,1,7,0,7,1,0,"synonymous_variant;missense_variant",NA,NA,"III",8,1083,1.083,7.38688827331487,0,0,FALSE,2.71788304997012
"616","YCL065W",10,10,0,0,0,7,2,0,2,7,1,"missense_variant;synonymous_variant;stop_gained",NA,NA,"III",10,NA,NA,NA,0,NA,FALSE,NA
"617","YCL068C",1,1,0,0,0,1,0,0,0,1,0,"missense_variant",NA,NA,"III",1,783,0.783,1.27713920817369,0,0,FALSE,1.13010583936802
"618","YCL073C",28,12,0,16,0,3,9,16,9,3,0,"missense_variant;synonymous_variant;upstream_gene_variant",939,202,"III",12,1848,1.848,6.49350649350649,1.33333333333333,2.464,FALSE,2.54823595718813
"619","YCL074W",24,0,0,24,0,0,0,24,0,0,0,"upstream_gene_variant",685,18,"III",0,NA,NA,NA,NA,NA,FALSE,NA
"620","YCL075W",1,1,0,0,0,0,0,0,1,0,0,"splice_region_variant&non_coding_transcript_exon_variant",NA,NA,"III",1,NA,NA,NA,0,NA,FALSE,NA
"621","YCL076W",33,12,0,15,6,9,3,21,3,9,0,"upstream_gene_variant;missense_variant;synonymous_variant;downstream_gene_variant",831,142,"III",12,NA,NA,NA,1.25,NA,FALSE,NA
"622","YCR001W",5,5,0,0,0,5,0,0,0,5,0,"missense_variant",NA,NA,"III",5,315,0.315,15.8730158730159,0,0,FALSE,3.98409536444798
"623","YCR002C",6,4,0,2,0,1,3,2,3,1,0,"synonymous_variant;missense_variant;upstream_gene_variant",64,6,"III",4,969,0.969,4.12796697626419,0.5,0.4845,FALSE,2.03173988892875
"624","YCR003W",4,4,0,0,0,2,2,0,2,2,0,"missense_variant;synonymous_variant",NA,NA,"III",4,552,0.552,7.2463768115942,0,0,FALSE,2.69190951029083
"625","YCR004C",5,5,0,0,0,1,4,0,4,1,0,"synonymous_variant;missense_variant",NA,NA,"III",5,744,0.744,6.72043010752688,0,0,FALSE,2.59237923682606
"626","YCR005C",8,8,0,0,0,0,8,0,8,0,0,"synonymous_variant",NA,NA,"III",8,1383,1.383,5.78452639190166,0,0,FALSE,2.40510423722168
"627","YCR006C",4,4,0,0,0,4,0,0,0,4,0,"missense_variant",NA,NA,"III",4,474,0.474,8.43881856540084,0,0,FALSE,2.90496446887063
"628","YCR007C",2,2,0,0,0,1,1,0,1,1,0,"synonymous_variant;missense_variant",NA,NA,"III",2,720,0.72,2.77777777777778,0,0,FALSE,1.66666666666667
"629","YCR008W",14,14,0,0,0,4,10,0,10,4,0,"missense_variant;synonymous_variant",NA,NA,"III",14,1812,1.812,7.72626931567329,0,0,FALSE,2.77961675697807
"630","YCR009C",9,7,0,2,0,0,7,2,7,0,0,"synonymous_variant;upstream_gene_variant",441,319,"III",7,798,0.798,8.7719298245614,0.285714285714286,0.228,FALSE,2.96174438879546
"631","YCR010C",1,1,0,0,0,1,0,0,0,1,0,"missense_variant",NA,NA,"III",1,852,0.852,1.17370892018779,0,0,FALSE,1.0833784750436
"632","YCR011C",13,13,0,0,0,3,10,0,10,3,0,"synonymous_variant;missense_variant",NA,NA,"III",13,3150,3.15,4.12698412698413,0,0,FALSE,2.03149800073348
"633","YCR012W",2,2,0,0,0,0,2,0,2,0,0,"synonymous_variant",NA,NA,"III",2,1251,1.251,1.59872102318146,0,0,FALSE,1.26440540301814
"634","YCR014C",11,11,0,0,0,7,4,0,4,7,0,"missense_variant;synonymous_variant",NA,NA,"III",11,1749,1.749,6.28930817610063,0,0,FALSE,2.5078493128776
"635","YCR015C",3,3,0,0,0,3,0,0,0,3,0,"missense_variant",NA,NA,"III",3,954,0.954,3.14465408805031,0,0,TRUE,1.77331725532977
"636","YCR016W",4,4,0,0,0,2,2,0,2,2,0,"missense_variant;synonymous_variant",NA,NA,"III",4,873,0.873,4.58190148911798,0,0,FALSE,2.14053766355979
"637","YCR017C",18,14,0,4,0,7,7,4,7,7,0,"missense_variant;synonymous_variant;upstream_gene_variant",415,373,"III",14,2862,2.862,4.89168413696716,0.285714285714286,0.817714285714286,FALSE,2.21171520249944
"638","YCR018C",2,2,0,0,0,0,2,0,2,0,0,"synonymous_variant",NA,NA,"III",2,666,0.666,3.003003003003,0,0,FALSE,1.73291748303345
"639","YCR018C-A",7,7,0,0,0,3,4,0,4,3,0,"missense_variant;synonymous_variant",NA,NA,"III",7,NA,NA,NA,0,NA,FALSE,NA
"640","YCR019W",10,10,0,0,0,4,6,0,6,4,0,"synonymous_variant;missense_variant",NA,NA,"III",10,1092,1.092,9.15750915750916,0,0,FALSE,3.02613766334401
"641","YCR020C",1,1,0,0,0,0,1,0,1,0,0,"synonymous_variant",NA,NA,"III",1,648,0.648,1.54320987654321,0,0,FALSE,1.24225998749988
"642","YCR020C-A",3,3,0,0,0,2,1,0,1,2,0,"missense_variant;synonymous_variant",NA,NA,"III",3,267,0.267,11.2359550561798,0,0,FALSE,3.35200761576995
"643","YCR020W-B",1,1,0,0,0,1,0,0,0,1,0,"missense_variant",NA,NA,"III",1,237,0.237,4.21940928270042,0,0,FALSE,2.0541200750444
"644","YCR021C",6,6,0,0,0,3,3,0,3,3,0,"missense_variant;synonymous_variant",NA,NA,"III",6,999,0.999,6.00600600600601,0,0,FALSE,2.45071540697936
"645","YCR022C",2,2,0,0,0,1,0,0,0,1,1,"stop_gained;missense_variant",NA,NA,"III",2,345,0.345,5.79710144927536,0,0,FALSE,2.40771706171538
"646","YCR023C",8,8,0,0,0,5,3,0,3,5,0,"missense_variant;synonymous_variant",NA,NA,"III",8,1836,1.836,4.35729847494553,0,0,FALSE,2.08741430361717
"647","YCR024C",8,8,0,0,0,3,5,0,5,3,0,"synonymous_variant;missense_variant",NA,NA,"III",8,1479,1.479,5.40906017579446,0,0,FALSE,2.32573863015483
"648","YCR024C-B",1,1,0,0,0,1,0,0,0,1,0,"missense_variant",NA,NA,"III",1,267,0.267,3.74531835205992,0,0,FALSE,1.93528249929046
"649","YCR025C",2,2,0,0,0,2,0,0,0,2,0,"missense_variant",NA,NA,"III",2,411,0.411,4.8661800486618,0,0,FALSE,2.20594198669453
"650","YCR026C",15,15,0,0,0,5,10,0,10,5,0,"synonymous_variant;missense_variant",NA,NA,"III",15,2229,2.229,6.72947510094213,0,0,FALSE,2.59412318538309
"651","YCR027C",4,4,0,0,0,1,3,0,3,1,0,"synonymous_variant;missense_variant",NA,NA,"III",4,630,0.63,6.34920634920635,0,0,FALSE,2.51976315339485
"652","YCR028C",8,8,0,0,0,0,7,0,8,0,0,"splice_region_variant&stop_retained_variant;synonymous_variant",NA,NA,"III",8,1539,1.539,5.19818063677713,0,0,FALSE,2.27995189352256
"653","YCR028C-A",1,1,0,0,0,1,0,0,0,1,0,"missense_variant",NA,NA,"III",1,491,0.491,2.03665987780041,0,0,FALSE,1.42711593004928
"654","YCR030C",10,10,0,0,0,5,5,0,5,5,0,"synonymous_variant;missense_variant",NA,NA,"III",10,2613,2.613,3.82701875239189,0,0,FALSE,1.95627675761685
"655","YCR031C",1,1,0,0,0,1,0,0,0,1,0,"missense_variant",NA,NA,"III",1,721,0.721,1.3869625520111,0,0,FALSE,1.17769374287677
"656","YCR032W",58,58,0,0,0,23,35,0,35,23,0,"missense_variant;synonymous_variant",NA,NA,"III",58,6504,6.504,8.91758917589176,0,0,FALSE,2.98623327553153
"657","YCR033W",36,33,0,3,0,17,16,3,16,17,0,"upstream_gene_variant;synonymous_variant;missense_variant",461,105,"III",33,3681,3.681,8.96495517522412,0.0909090909090909,0.334636363636364,FALSE,2.99415349894158
"658","YCR034W",7,6,0,1,0,1,5,1,5,1,0,"upstream_gene_variant;missense_variant;synonymous_variant",23,23,"III",6,1044,1.044,5.74712643678161,0.166666666666667,0.174,FALSE,2.39731650742692
"659","YCR035C",7,3,0,4,0,1,2,4,2,1,0,"synonymous_variant;missense_variant;upstream_gene_variant",276,45,"III",3,1185,1.185,2.53164556962025,1.33333333333333,1.58,FALSE,1.59111456835146
"660","YCR036W",9,9,0,0,0,3,6,0,6,3,0,"synonymous_variant;missense_variant",NA,NA,"III",9,1002,1.002,8.98203592814371,0,0,FALSE,2.9970044925131
"661","YCR037C",12,12,0,0,0,2,10,0,10,2,0,"synonymous_variant;missense_variant",NA,NA,"III",12,2772,2.772,4.32900432900433,0,0,FALSE,2.0806259464412
"662","YCR038C",3,3,0,0,0,1,2,0,2,1,0,"synonymous_variant;missense_variant",NA,NA,"III",3,1929,1.929,1.5552099533437,0,0,FALSE,1.24708057211381
"663","YCR041W",6,6,0,0,0,3,3,0,3,3,0,"missense_variant;synonymous_variant",NA,NA,"III",6,333,0.333,18.018018018018,0,0,FALSE,4.24476359978009
"664","YCR042C",65,45,0,20,0,16,29,20,29,16,0,"missense_variant;synonymous_variant;upstream_gene_variant",686,2,"III",45,4224,4.224,10.6534090909091,0.444444444444444,1.87733333333333,FALSE,3.26395604916933
"665","YCR044C",7,7,0,0,0,2,5,0,5,2,0,"missense_variant;synonymous_variant",NA,NA,"III",7,1074,1.074,6.51769087523277,0,0,FALSE,2.55297686539318
"666","YCR045C",14,14,0,0,0,3,11,0,11,3,0,"synonymous_variant;missense_variant",NA,NA,"III",14,1476,1.476,9.48509485094851,0,0,FALSE,3.07978811786599
"667","YCR046C",3,3,0,0,0,2,1,0,1,2,0,"synonymous_variant;missense_variant",NA,NA,"III",3,510,0.51,5.88235294117647,0,0,FALSE,2.42535625036333
"668","YCR047C",5,5,0,0,0,0,5,0,5,0,0,"synonymous_variant",NA,NA,"III",5,828,0.828,6.03864734299517,0,0,FALSE,2.45736593591495
"669","YCR048W",13,13,0,0,0,5,8,0,8,5,0,"synonymous_variant;missense_variant",NA,NA,"III",13,1833,1.833,7.09219858156028,0,0,FALSE,2.66311820645654
"670","YCR049C",5,5,0,0,0,3,2,0,2,3,0,"synonymous_variant;missense_variant",NA,NA,"III",5,NA,NA,NA,0,NA,FALSE,NA
"671","YCR050C",1,1,0,0,0,1,0,0,0,1,0,"missense_variant",NA,NA,"III",1,309,0.309,3.23624595469256,0,0,FALSE,1.79895690740289
"672","YCR051W",5,5,0,0,0,2,3,0,3,2,0,"missense_variant;synonymous_variant",NA,NA,"III",5,669,0.669,7.47384155455904,0,0,FALSE,2.73383275906904
"673","YCR052W",18,18,0,0,0,4,14,0,14,4,0,"synonymous_variant;missense_variant",NA,NA,"III",18,1452,1.452,12.396694214876,0,0,FALSE,3.52089395109765
"674","YCR053W",12,12,0,0,0,0,12,0,12,0,0,"synonymous_variant",NA,NA,"III",12,1545,1.545,7.76699029126214,0,0,FALSE,2.78693205716647
"675","YCR054C",23,12,0,11,0,3,9,11,9,3,0,"synonymous_variant;missense_variant;upstream_gene_variant",251,13,"III",12,1692,1.692,7.09219858156028,0.916666666666667,1.551,FALSE,2.66311820645654
"676","YCR057C",20,20,0,0,0,4,16,0,16,4,0,"missense_variant;synonymous_variant",NA,NA,"III",20,2772,2.772,7.21500721500722,0,0,FALSE,2.68607654675127
"677","YCR059C",5,5,0,0,0,2,3,0,3,2,0,"synonymous_variant;missense_variant",NA,NA,"III",5,777,0.777,6.43500643500643,0,0,FALSE,2.53673144715921
"678","YCR060W",10,10,0,0,0,5,5,0,5,5,0,"synonymous_variant;missense_variant",NA,NA,"III",10,336,0.336,29.7619047619048,0,0,FALSE,5.45544725589981
"679","YCR061W",9,9,0,0,0,5,4,0,4,5,0,"missense_variant;synonymous_variant",NA,NA,"III",9,1896,1.896,4.74683544303798,0,0,FALSE,2.17872335165298
"680","YCR063W",2,2,0,0,0,0,2,0,2,0,0,"synonymous_variant",NA,NA,"III",2,474,0.474,4.21940928270042,0,0,FALSE,2.0541200750444
"681","YCR064C",5,4,0,1,0,2,2,1,2,2,0,"missense_variant;synonymous_variant;upstream_gene_variant",771,771,"III",4,NA,NA,NA,0.25,NA,FALSE,NA
"682","YCR065W",10,10,0,0,0,4,6,0,6,4,0,"missense_variant;synonymous_variant",NA,NA,"III",10,1695,1.695,5.89970501474926,0,0,FALSE,2.4289308377863
"683","YCR066W",11,11,0,0,0,6,5,0,5,6,0,"synonymous_variant;missense_variant",NA,NA,"III",11,1464,1.464,7.51366120218579,0,0,FALSE,2.74110583564112
"684","YCR067C",57,49,0,8,0,26,23,8,23,26,0,"missense_variant;synonymous_variant;upstream_gene_variant",780,65,"III",49,3198,3.198,15.3220762976861,0.163265306122449,0.522122448979592,FALSE,3.91434238380932
"685","YCR068W",14,14,0,0,0,4,10,0,10,4,0,"synonymous_variant;missense_variant",NA,NA,"III",14,1563,1.563,8.95713371721049,0,0,FALSE,2.99284709218672
"686","YCR069W",5,5,0,0,0,3,2,0,2,3,0,"synonymous_variant;missense_variant",NA,NA,"III",5,957,0.957,5.22466039707419,0,0,FALSE,2.28575160441247
"687","YCR071C",2,2,0,0,0,0,2,0,2,0,0,"synonymous_variant",NA,NA,"III",2,441,0.441,4.53514739229025,0,0,FALSE,2.1295885499998
"688","YCR072C",11,11,0,0,0,0,11,0,11,0,0,"synonymous_variant",NA,NA,"III",11,1548,1.548,7.10594315245478,0,0,FALSE,2.66569749830223
"689","YCR073C",58,58,0,0,0,25,32,0,32,25,1,"missense_variant;synonymous_variant;start_lost",NA,NA,"III",58,3996,3.996,14.5145145145145,0,0,FALSE,3.80979192535688
"690","YCR073W-A",9,9,0,0,0,4,5,0,5,4,0,"missense_variant;synonymous_variant",NA,NA,"III",9,948,0.948,9.49367088607595,0,0,FALSE,3.0811801125666
"691","YCR075C",4,4,0,0,0,1,3,0,3,1,0,"synonymous_variant;missense_variant",NA,NA,"III",4,783,0.783,5.10855683269476,0,0,FALSE,2.26021167873603
"692","YCR075W-A",2,2,0,0,0,1,1,0,1,1,0,"missense_variant;synonymous_variant",NA,NA,"III",2,228,0.228,8.7719298245614,0,0,FALSE,2.96174438879546
"693","YCR076C",9,9,0,0,0,6,3,0,3,6,0,"synonymous_variant;missense_variant",NA,NA,"III",9,753,0.753,11.9521912350598,0,0,FALSE,3.45719412747675
"694","YCR077C",26,26,0,0,0,6,20,0,20,6,0,"synonymous_variant;missense_variant",NA,NA,"III",26,2391,2.391,10.8741112505228,0,0,FALSE,3.29759173496702
"695","YCR079W",16,16,0,0,0,6,10,0,10,6,0,"missense_variant;synonymous_variant",NA,NA,"III",16,1329,1.329,12.0391271632807,0,0,FALSE,3.46974453861962
"696","YCR081C-A",8,2,0,6,0,2,0,6,0,2,0,"missense_variant;upstream_gene_variant",845,129,"III",2,NA,NA,NA,3,NA,FALSE,NA
"697","YCR081W",31,31,0,0,0,7,24,0,24,7,0,"synonymous_variant;missense_variant",NA,NA,"III",31,4284,4.284,7.23622782446312,0,0,FALSE,2.69002375908896
"698","YCR082W",2,2,0,0,0,0,2,0,2,0,0,"synonymous_variant",NA,NA,"III",2,387,0.387,5.16795865633075,0,0,FALSE,2.27331446490158
"699","YCR083W",1,1,0,0,0,0,1,0,1,0,0,"synonymous_variant",NA,NA,"III",1,384,0.384,2.60416666666667,0,0,FALSE,1.61374306091976
"700","YCR084C",13,13,0,0,0,1,12,0,12,1,0,"synonymous_variant;missense_variant",NA,NA,"III",13,2142,2.142,6.06909430438842,0,0,FALSE,2.46355318683978
"701","YCR085W",4,4,0,0,0,0,3,0,3,0,1,"stop_gained;synonymous_variant",NA,NA,"III",4,354,0.354,11.2994350282486,0,0,FALSE,3.36146322726407
"702","YCR086W",2,2,0,0,0,0,2,0,2,0,0,"synonymous_variant",NA,NA,"III",2,573,0.573,3.49040139616056,0,0,FALSE,1.86826159735744
"703","YCR087W",4,4,0,0,0,3,0,0,0,3,1,"missense_variant;stop_gained",NA,NA,"III",4,NA,NA,NA,0,NA,FALSE,NA
"704","YCR088W",17,17,0,0,0,7,10,0,10,7,0,"synonymous_variant;missense_variant",NA,NA,"III",17,1779,1.779,9.55593029792018,0,0,FALSE,3.09126677883359
"705","YCR089W",57,57,0,0,0,35,22,0,22,35,0,"missense_variant;synonymous_variant",NA,NA,"III",57,4830,4.83,11.8012422360248,0,0,FALSE,3.43529361714903
"706","YCR090C",17,1,0,16,0,0,1,16,1,0,0,"synonymous_variant;upstream_gene_variant",860,91,"III",1,549,0.549,1.82149362477231,16,8.784,FALSE,1.34962721696486
"707","YCR091W",6,6,0,0,0,3,3,0,3,3,0,"missense_variant;synonymous_variant",NA,NA,"III",6,2163,2.163,2.77392510402219,0,0,FALSE,1.66551046349826
"708","YCR092C",22,20,0,2,0,9,11,2,11,9,0,"synonymous_variant;missense_variant;upstream_gene_variant",130,39,"III",20,3057,3.057,6.54236179260713,0.1,0.3057,FALSE,2.55780409582265
"709","YCR093W",41,41,0,0,0,13,28,0,28,13,0,"synonymous_variant;missense_variant",NA,NA,"III",41,6327,6.327,6.48016437490122,0,0,FALSE,2.54561669834663
"710","YCR094W",9,7,0,2,0,3,3,2,4,3,0,"upstream_gene_variant;synonymous_variant;missense_variant;splice_region_variant&stop_retained_variant",139,34,"III",7,1176,1.176,5.95238095238095,0.285714285714286,0.336,FALSE,2.43975018237133
"711","YCR095C",24,8,0,16,0,5,3,16,3,5,0,"missense_variant;synonymous_variant;upstream_gene_variant",989,20,"III",8,1089,1.089,7.34618916437098,2,2.178,FALSE,2.71038542727247
"712","YCR096C",1,0,0,1,0,0,0,1,0,0,0,"upstream_gene_variant",851,851,"III",0,360,0.36,0,NA,NA,FALSE,0
"713","YCR097W",9,9,0,0,0,7,1,0,1,7,1,"missense_variant;stop_gained;synonymous_variant",NA,NA,"III",9,487,0.487,18.4804928131417,0,0,FALSE,4.29889437101468
"714","YCR097W-A",4,4,0,0,0,4,0,0,0,4,0,"missense_variant",NA,NA,"III",4,NA,NA,NA,0,NA,FALSE,NA
"715","YCR098C",39,19,0,20,0,3,16,20,16,3,0,"synonymous_variant;missense_variant;upstream_gene_variant",999,137,"III",19,1557,1.557,12.2029543994862,1.05263157894737,1.63894736842105,FALSE,3.49327273476982
"716","YCR099C",14,14,0,0,0,9,4,0,4,9,1,"missense_variant;synonymous_variant;stop_gained",NA,NA,"III",14,468,0.468,29.9145299145299,0,0,FALSE,5.46941769428245
"717","YCR100C",15,15,0,0,0,9,6,0,6,9,0,"missense_variant;synonymous_variant",NA,NA,"III",15,951,0.951,15.7728706624606,0,0,FALSE,3.97150735394769
"718","YCR101C",9,9,0,0,0,5,4,0,4,5,0,"missense_variant;synonymous_variant",NA,NA,"III",9,549,0.549,16.3934426229508,0,0,FALSE,4.04888165089458
"719","YCR102C",20,20,0,0,0,11,9,0,9,11,0,"synonymous_variant;missense_variant",NA,NA,"III",20,1107,1.107,18.06684733514,0,0,FALSE,4.25051142042226
"720","YCR102W-A",10,10,0,0,0,7,2,0,2,7,1,"start_lost;missense_variant;synonymous_variant",NA,NA,"III",10,NA,NA,NA,0,NA,FALSE,NA
"721","YCR104W",4,4,0,0,0,1,3,0,3,1,0,"missense_variant;synonymous_variant",NA,NA,"III",4,375,0.375,10.6666666666667,0,0,FALSE,3.2659863237109
"722","YCR105W",3,3,0,0,0,2,1,0,1,2,0,"missense_variant;synonymous_variant",NA,NA,"III",3,1086,1.086,2.76243093922652,0,0,FALSE,1.66205623828633
"723","YCR106W",27,22,0,5,0,9,13,5,13,9,0,"upstream_gene_variant;missense_variant;synonymous_variant",470,74,"III",22,2499,2.499,8.80352140856342,0.227272727272727,0.567954545454545,FALSE,2.96707286876535
"724","YCR107W",34,26,0,8,0,14,12,8,12,14,0,"upstream_gene_variant;missense_variant;synonymous_variant",419,14,"III",26,1092,1.092,23.8095238095238,0.307692307692308,0.336,FALSE,4.87950036474267
"725","YCR108C",12,5,0,7,0,4,1,7,1,4,0,"missense_variant;synonymous_variant;upstream_gene_variant",314,138,"III",5,192,0.192,26.0416666666667,1.4,0.2688,FALSE,5.10310363079829
"726","YDL001W",4,4,0,0,0,0,4,0,4,0,0,"synonymous_variant",NA,NA,"IV",4,1293,1.293,3.09358081979892,0,0,FALSE,1.75885781682287
"727","YDL002C",3,2,0,1,0,1,1,1,1,1,0,"missense_variant;synonymous_variant;upstream_gene_variant",374,374,"IV",2,612,0.612,3.26797385620915,0.5,0.306,FALSE,1.80775381515547
"728","YDL003W",7,7,0,0,0,5,2,0,2,5,0,"synonymous_variant;missense_variant",NA,NA,"IV",7,1701,1.701,4.11522633744856,0,0,FALSE,2.02860206483395
"729","YDL004W",3,3,0,0,0,0,3,0,3,0,0,"synonymous_variant",NA,NA,"IV",3,483,0.483,6.2111801242236,0,0,FALSE,2.49222393139613
"730","YDL005C",21,14,0,7,0,8,6,7,6,8,0,"synonymous_variant;missense_variant;upstream_gene_variant",534,11,"IV",14,1296,1.296,10.8024691358025,0.5,0.648,FALSE,3.2867109906109
"731","YDL006W",3,3,0,0,0,0,3,0,3,0,0,"synonymous_variant",NA,NA,"IV",3,846,0.846,3.54609929078014,0,0,FALSE,1.88310894288677
"732","YDL007W",4,4,0,0,0,0,4,0,4,0,0,"synonymous_variant",NA,NA,"IV",4,1314,1.314,3.0441400304414,0,0,FALSE,1.74474640863405
"733","YDL008W",5,5,0,0,0,2,3,0,3,2,0,"missense_variant;synonymous_variant",NA,NA,"IV",5,498,0.498,10.0401606425703,0,0,FALSE,3.16862125262239
"734","YDL009C",9,9,0,0,0,7,1,0,2,7,0,"splice_region_variant&stop_retained_variant;missense_variant;synonymous_variant",NA,NA,"IV",9,324,0.324,27.7777777777778,0,0,FALSE,5.2704627669473
"735","YDL010W",1,1,0,0,0,0,1,0,1,0,0,"synonymous_variant",NA,NA,"IV",1,696,0.696,1.4367816091954,0,0,FALSE,1.19865825371346
"736","YDL011C",1,1,0,0,0,1,0,0,0,1,0,"missense_variant",NA,NA,"IV",1,NA,NA,NA,0,NA,FALSE,NA
"737","YDL013W",5,5,0,0,0,0,5,0,5,0,0,"synonymous_variant",NA,NA,"IV",5,1860,1.86,2.68817204301075,0,0,FALSE,1.63956458945988
"738","YDL014W",3,3,0,0,0,0,3,0,3,0,0,"synonymous_variant",NA,NA,"IV",3,984,0.984,3.04878048780488,0,0,FALSE,1.74607573942395
"739","YDL015C",4,4,0,0,0,1,3,0,3,1,0,"synonymous_variant;missense_variant",NA,NA,"IV",4,933,0.933,4.28724544480171,0,0,FALSE,2.07056645505565
"740","YDL017W",8,8,0,0,0,4,4,0,4,4,0,"synonymous_variant;missense_variant",NA,NA,"IV",8,1524,1.524,5.249343832021,0,0,FALSE,2.29114465541157
"741","YDL018C",8,8,0,0,0,1,7,0,7,1,0,"synonymous_variant;missense_variant",NA,NA,"IV",8,678,0.678,11.7994100294985,0,0,FALSE,3.43502693286363
"742","YDL019C",23,16,0,7,0,6,10,7,10,6,0,"synonymous_variant;missense_variant;upstream_gene_variant",804,475,"IV",16,3852,3.852,4.15368639667705,0.4375,1.68525,FALSE,2.03805946838581
"743","YDL020C",11,8,0,3,0,2,6,3,6,2,0,"missense_variant;synonymous_variant;upstream_gene_variant",751,498,"IV",8,1596,1.596,5.0125313283208,0.375,0.5985,FALSE,2.23886831419822
"744","YDL021W",3,3,0,0,0,0,3,0,3,0,0,"synonymous_variant",NA,NA,"IV",3,936,0.936,3.2051282051282,0,0,FALSE,1.79028718509858
"745","YDL022W",3,3,0,0,0,0,3,0,3,0,0,"synonymous_variant",NA,NA,"IV",3,1176,1.176,2.55102040816327,0,0,FALSE,1.59719141249985
"746","YDL024C",6,6,0,0,0,2,4,0,4,2,0,"synonymous_variant;missense_variant",NA,NA,"IV",6,1407,1.407,4.26439232409382,0,0,FALSE,2.065040513911
"747","YDL025C",13,13,0,0,0,2,11,0,11,2,0,"synonymous_variant;missense_variant",NA,NA,"IV",13,1863,1.863,6.97799248523886,0,0,FALSE,2.64158900763137
"748","YDL025W-A",1,1,0,0,0,1,0,0,0,1,0,"missense_variant",NA,NA,"IV",1,NA,NA,NA,0,NA,FALSE,NA
"749","YDL026W",1,1,0,0,0,1,0,0,0,1,0,"missense_variant",NA,NA,"IV",1,NA,NA,NA,0,NA,FALSE,NA
"750","YDL027C",9,9,0,0,0,6,3,0,3,6,0,"synonymous_variant;missense_variant",NA,NA,"IV",9,1263,1.263,7.12589073634204,0,0,FALSE,2.6694364079974
"751","YDL028C",16,7,0,9,0,2,5,9,5,2,0,"synonymous_variant;missense_variant;upstream_gene_variant",388,40,"IV",7,2295,2.295,3.05010893246187,1.28571428571429,2.95071428571429,FALSE,1.74645610665195
"752","YDL029W",9,7,0,2,0,6,0,2,0,6,1,"upstream_gene_variant;missense_variant;stop_lost",147,138,"IV",7,1299,1.299,5.38876058506544,0.285714285714286,0.371142857142857,FALSE,2.32137041099981
"753","YDL030W",3,3,0,0,0,2,1,0,1,2,0,"missense_variant;synonymous_variant",NA,NA,"IV",3,1593,1.593,1.88323917137476,0,0,FALSE,1.3723116159877
"754","YDL031W",11,11,0,0,0,2,9,0,9,2,0,"synonymous_variant;missense_variant",NA,NA,"IV",11,2988,2.988,3.6813922356091,0,0,FALSE,1.9186954515006
"755","YDL033C",9,9,0,0,0,5,4,0,4,5,0,"missense_variant;synonymous_variant",NA,NA,"IV",9,1254,1.254,7.17703349282297,0,0,FALSE,2.6789985988841
"756","YDL035C",17,17,0,0,0,11,6,0,6,11,0,"missense_variant;synonymous_variant",NA,NA,"IV",17,2886,2.886,5.89050589050589,0,0,FALSE,2.42703644194023
"757","YDL036C",12,12,0,0,0,5,7,0,7,5,0,"missense_variant;synonymous_variant",NA,NA,"IV",12,1389,1.389,8.63930885529158,0,0,FALSE,2.93927012288622
"758","YDL037C",13,13,0,0,0,4,8,0,8,4,1,"stop_lost&splice_region_variant;synonymous_variant;missense_variant",NA,NA,"IV",13,987,0.987,13.1712259371834,0,0,FALSE,3.6292183644944
"759","YDL039C",24,24,0,0,0,14,10,0,10,14,0,"missense_variant;synonymous_variant",NA,NA,"IV",24,2097,2.097,11.444921316166,0,0,FALSE,3.38303433564691
"760","YDL040C",13,13,0,0,0,3,10,0,10,3,0,"synonymous_variant;missense_variant",NA,NA,"IV",13,2565,2.565,5.0682261208577,0,0,FALSE,2.25127211168657
"761","YDL042C",7,7,0,0,0,4,3,0,3,4,0,"synonymous_variant;missense_variant",NA,NA,"IV",7,1689,1.689,4.14446417998816,0,0,FALSE,2.03579571175208
"762","YDL043C",8,8,0,0,0,3,5,0,5,3,0,"missense_variant;synonymous_variant",NA,NA,"IV",8,801,0.801,9.98751560549313,0,0,FALSE,3.16030308759985
"763","YDL044C",11,11,0,0,0,3,8,0,8,3,0,"synonymous_variant;missense_variant",NA,NA,"IV",11,1323,1.323,8.31443688586546,0,0,FALSE,2.8834765277119
"764","YDL045C",9,6,0,3,0,5,1,3,1,5,0,"missense_variant;synonymous_variant;upstream_gene_variant",120,53,"IV",6,921,0.921,6.51465798045603,0.5,0.4605,FALSE,2.55238280445078
"765","YDL045W-A",2,2,0,0,0,1,1,0,1,1,0,"missense_variant;synonymous_variant",NA,NA,"IV",2,288,0.288,6.94444444444444,0,0,FALSE,2.63523138347365
"766","YDL046W",9,9,0,0,0,2,7,0,7,2,0,"missense_variant;synonymous_variant",NA,NA,"IV",9,522,0.522,17.2413793103448,0,0,FALSE,4.152273992687
"767","YDL047W",4,4,0,0,0,0,4,0,4,0,0,"synonymous_variant",NA,NA,"IV",4,936,0.936,4.27350427350427,0,0,FALSE,2.06724557648681
"768","YDL048C",11,11,0,0,0,3,8,0,8,3,0,"synonymous_variant;missense_variant",NA,NA,"IV",11,1473,1.473,7.46775288526816,0,0,FALSE,2.73271895468015
"769","YDL049C",5,5,0,0,0,0,5,0,5,0,0,"synonymous_variant",NA,NA,"IV",5,807,0.807,6.19578686493185,0,0,FALSE,2.48913375794308
"770","YDL051W",1,1,0,0,0,1,0,0,0,1,0,"missense_variant",NA,NA,"IV",1,828,0.828,1.20772946859903,0,0,FALSE,1.09896745565964
"771","YDL052C",3,3,0,0,0,1,2,0,2,1,0,"synonymous_variant;missense_variant",NA,NA,"IV",3,912,0.912,3.28947368421053,0,0,FALSE,1.81369062527503
"772","YDL053C",3,3,0,0,0,1,2,0,2,1,0,"synonymous_variant;missense_variant",NA,NA,"IV",3,558,0.558,5.3763440860215,0,0,FALSE,2.31869447880084
"773","YDL054C",6,6,0,0,0,3,3,0,3,3,0,"missense_variant;synonymous_variant",NA,NA,"IV",6,1461,1.461,4.10677618069815,0,0,FALSE,2.02651824089944
"774","YDL055C",15,4,0,11,0,0,4,11,4,0,0,"synonymous_variant;upstream_gene_variant",873,7,"IV",4,1086,1.086,3.68324125230203,2.75,2.9865,FALSE,1.91917723316582
"775","YDL056W",17,16,0,1,0,5,11,1,11,5,0,"upstream_gene_variant;missense_variant;synonymous_variant",180,180,"IV",16,2502,2.502,6.39488409272582,0.0625,0.156375,FALSE,2.52881080603627
"776","YDL057W",8,4,0,4,0,2,2,4,2,2,0,"upstream_gene_variant;missense_variant;synonymous_variant",337,184,"IV",4,987,0.987,4.05268490374873,1,0.987,FALSE,2.01312813892925
"777","YDL058W",39,39,0,0,0,16,23,0,23,16,0,"synonymous_variant;missense_variant",NA,NA,"IV",39,5373,5.373,7.25851479620324,0,0,FALSE,2.69416309755056
"778","YDL059C",6,6,0,0,0,3,3,0,3,3,0,"synonymous_variant;missense_variant",NA,NA,"IV",6,717,0.717,8.36820083682008,0,0,FALSE,2.89278427070186
"779","YDL060W",15,15,0,0,0,6,9,0,9,6,0,"missense_variant;synonymous_variant",NA,NA,"IV",15,2367,2.367,6.33713561470215,0,0,FALSE,2.51736680177962
"780","YDL062W",3,3,0,0,0,3,0,0,0,3,0,"missense_variant",NA,NA,"IV",3,NA,NA,NA,0,NA,FALSE,NA
"781","YDL063C",13,13,0,0,0,4,9,0,9,4,0,"synonymous_variant;missense_variant",NA,NA,"IV",13,1863,1.863,6.97799248523886,0,0,FALSE,2.64158900763137
"782","YDL064W",2,2,0,0,0,1,1,0,1,1,0,"synonymous_variant;missense_variant",NA,NA,"IV",2,584,0.584,3.42465753424658,0,0,FALSE,1.85058302549401
"783","YDL065C",7,7,0,0,0,3,4,0,4,3,0,"synonymous_variant;missense_variant",NA,NA,"IV",7,1029,1.029,6.80272108843537,0,0,FALSE,2.60820265478651
"784","YDL066W",9,9,0,0,0,0,9,0,9,0,0,"synonymous_variant",NA,NA,"IV",9,1287,1.287,6.99300699300699,0,0,FALSE,2.64442942673973
"785","YDL067C",1,1,0,0,0,1,0,0,0,1,0,"missense_variant",NA,NA,"IV",1,180,0.18,5.55555555555556,0,0,FALSE,2.35702260395516
"786","YDL068W",1,1,0,0,0,1,0,0,0,1,0,"missense_variant",NA,NA,"IV",1,NA,NA,NA,0,NA,FALSE,NA
"787","YDL069C",6,6,0,0,0,3,3,0,3,3,0,"synonymous_variant;missense_variant",NA,NA,"IV",6,690,0.69,8.69565217391304,0,0,FALSE,2.94883912309794
"788","YDL070W",10,10,0,0,0,2,8,0,8,2,0,"synonymous_variant;missense_variant",NA,NA,"IV",10,1917,1.917,5.21648408972353,0,0,FALSE,2.28396236609177
"789","YDL071C",3,3,0,0,0,3,0,0,0,3,0,"missense_variant",NA,NA,"IV",3,NA,NA,NA,0,NA,FALSE,NA
"790","YDL072C",4,4,0,0,0,3,1,0,1,3,0,"missense_variant;synonymous_variant",NA,NA,"IV",4,612,0.612,6.5359477124183,0,0,FALSE,2.55654996282457
"791","YDL073W",31,31,0,0,0,14,17,0,17,14,0,"missense_variant;synonymous_variant",NA,NA,"IV",31,2955,2.955,10.4906937394247,0,0,FALSE,3.23893404369782
"792","YDL074C",6,6,0,0,0,4,2,0,2,4,0,"missense_variant;synonymous_variant",NA,NA,"IV",6,2103,2.103,2.85306704707561,0,0,FALSE,1.68910243830136
"793","YDL076C",11,11,0,0,0,2,9,0,9,2,0,"synonymous_variant;missense_variant",NA,NA,"IV",11,885,0.885,12.4293785310734,0,0,FALSE,3.52553237555315
"794","YDL077C",23,23,0,0,0,4,19,0,19,4,0,"synonymous_variant;missense_variant",NA,NA,"IV",23,3150,3.15,7.3015873015873,0,0,FALSE,2.70214494459259
"795","YDL078C",3,3,0,0,0,0,3,0,3,0,0,"synonymous_variant",NA,NA,"IV",3,1032,1.032,2.90697674418605,0,0,FALSE,1.70498584867618
"796","YDL079C",11,11,0,0,0,8,2,0,2,8,1,"synonymous_variant;missense_variant;stop_lost",NA,NA,"IV",11,1798,1.798,6.11790878754171,0,0,FALSE,2.47344067799123
"797","YDL080C",20,20,0,0,0,6,14,0,14,6,0,"missense_variant;synonymous_variant",NA,NA,"IV",20,1830,1.83,10.9289617486339,0,0,FALSE,3.30589802453643
"798","YDL082W",5,3,0,2,0,1,1,2,1,1,1,"upstream_gene_variant;stop_gained;missense_variant;synonymous_variant",753,739,"IV",3,965,0.965,3.10880829015544,0.666666666666667,0.643333333333333,FALSE,1.7631812981527
"799","YDL083C",18,0,0,18,0,0,0,18,0,0,0,"upstream_gene_variant",984,131,"IV",0,864,0.864,0,NA,NA,FALSE,0
"800","YDL084W",5,5,0,0,0,1,4,0,4,1,0,"missense_variant;synonymous_variant",NA,NA,"IV",5,1341,1.341,3.72856077554064,0,0,FALSE,1.93094815454497
"801","YDL085C-A",2,2,0,0,0,0,2,0,2,0,0,"synonymous_variant",NA,NA,"IV",2,207,0.207,9.66183574879227,0,0,FALSE,3.10834936080105
"802","YDL085W",8,8,0,0,0,3,5,0,5,3,0,"missense_variant;synonymous_variant",NA,NA,"IV",8,1638,1.638,4.88400488400488,0,0,FALSE,2.20997848043932
"803","YDL086W",3,3,0,0,0,1,2,0,2,1,0,"synonymous_variant;missense_variant",NA,NA,"IV",3,822,0.822,3.64963503649635,0,0,FALSE,1.91040179975218
"804","YDL087C",7,7,0,0,0,2,5,0,5,2,0,"missense_variant;synonymous_variant",NA,NA,"IV",7,786,0.786,8.9058524173028,0,0,FALSE,2.98426748420828
"805","YDL088C",8,8,0,0,0,4,4,0,4,4,0,"synonymous_variant;missense_variant",NA,NA,"IV",8,1587,1.587,5.04095778197858,0,0,FALSE,2.24520773693184
"806","YDL089W",9,9,0,0,0,4,5,0,5,4,0,"synonymous_variant;missense_variant",NA,NA,"IV",9,1455,1.455,6.18556701030928,0,0,FALSE,2.48708001686903
"807","YDL090C",12,12,0,0,0,4,8,0,8,4,0,"missense_variant;synonymous_variant",NA,NA,"IV",12,1296,1.296,9.25925925925926,0,0,FALSE,3.04290309725092
"808","YDL091C",3,3,0,0,0,0,3,0,3,0,0,"synonymous_variant",NA,NA,"IV",3,1368,1.368,2.19298245614035,0,0,FALSE,1.48087219439773
"809","YDL092W",3,3,0,0,0,2,1,0,1,2,0,"missense_variant;synonymous_variant",NA,NA,"IV",3,441,0.441,6.80272108843537,0,0,FALSE,2.60820265478651
"810","YDL093W",23,23,0,0,0,4,18,0,19,4,0,"missense_variant;synonymous_variant;splice_region_variant&stop_retained_variant",NA,NA,"IV",23,2232,2.232,10.3046594982079,0,0,FALSE,3.21008714807058
"811","YDL094C",2,2,0,0,0,1,0,0,0,1,1,"missense_variant;start_lost",NA,NA,"IV",2,NA,NA,NA,0,NA,FALSE,NA
"812","YDL095W",16,16,0,0,0,4,12,0,12,4,0,"synonymous_variant;missense_variant",NA,NA,"IV",16,2454,2.454,6.519967400163,0,0,FALSE,2.55342268341201
"813","YDL097C",8,8,0,0,0,1,7,0,7,1,0,"synonymous_variant;missense_variant",NA,NA,"IV",8,1305,1.305,6.13026819923372,0,0,TRUE,2.47593784236069
"814","YDL098C",2,2,0,0,0,1,1,0,1,1,0,"synonymous_variant;missense_variant",NA,NA,"IV",2,585,0.585,3.41880341880342,0,0,FALSE,1.8490006540841
"815","YDL099W",8,8,0,0,0,2,6,0,6,2,0,"synonymous_variant;missense_variant",NA,NA,"IV",8,1026,1.026,7.79727095516569,0,0,FALSE,2.7923593886113
"816","YDL100C",9,9,0,0,0,1,8,0,8,1,0,"synonymous_variant;missense_variant",NA,NA,"IV",9,1065,1.065,8.45070422535211,0,0,FALSE,2.90700949866906
"817","YDL101C",18,15,0,3,0,2,13,3,13,2,0,"synonymous_variant;missense_variant;upstream_gene_variant",176,118,"IV",15,1542,1.542,9.72762645914397,0.2,0.3084,FALSE,3.11891430775903
"818","YDL102W",9,9,0,0,0,1,8,0,8,1,0,"missense_variant;synonymous_variant",NA,NA,"IV",9,3294,3.294,2.73224043715847,0,0,FALSE,1.65294901226822
"819","YDL103C",13,13,0,0,0,2,11,0,11,2,0,"missense_variant;synonymous_variant",NA,NA,"IV",13,1434,1.434,9.06555090655509,0,0,FALSE,3.01090533005525
"820","YDL104C",12,12,0,0,0,4,8,0,8,4,0,"synonymous_variant;missense_variant",NA,NA,"IV",12,1224,1.224,9.80392156862745,0,0,FALSE,3.13112145542575
"821","YDL105W",9,9,0,0,0,1,8,0,8,1,0,"missense_variant;synonymous_variant",NA,NA,"IV",9,1209,1.209,7.44416873449131,0,0,FALSE,2.728400398492
"822","YDL106C",9,7,0,2,0,2,5,2,5,2,0,"synonymous_variant;missense_variant;upstream_gene_variant",484,408,"IV",7,1680,1.68,4.16666666666667,0.285714285714286,0.48,FALSE,2.04124145231932
"823","YDL107W",4,4,0,0,0,1,3,0,3,1,0,"synonymous_variant;missense_variant",NA,NA,"IV",4,1056,1.056,3.78787878787879,0,0,FALSE,1.94624736040381
"824","YDL108W",2,2,0,0,0,1,0,0,0,1,1,"stop_gained;missense_variant",NA,NA,"IV",2,1002,1.002,1.99600798403194,0,0,FALSE,1.41280146660171
"825","YDL109C",15,15,0,0,0,8,7,0,7,8,0,"missense_variant;synonymous_variant",NA,NA,"IV",15,1944,1.944,7.71604938271605,0,0,FALSE,2.77777777777778
"826","YDL110C",1,1,0,0,0,0,1,0,1,0,0,"synonymous_variant",NA,NA,"IV",1,453,0.453,2.2075055187638,0,0,TRUE,1.48576765302109
"827","YDL111C",5,2,0,3,0,1,1,3,1,1,0,"missense_variant;synonymous_variant;upstream_gene_variant",180,38,"IV",2,798,0.798,2.5062656641604,1.5,1.197,FALSE,1.58311896715326
"828","YDL112W",24,24,0,0,0,8,16,0,16,8,0,"synonymous_variant;missense_variant",NA,NA,"IV",24,4311,4.311,5.56715379262352,0,0,FALSE,2.3594816788065
"829","YDL113C",11,11,0,0,0,3,8,0,8,3,0,"synonymous_variant;missense_variant",NA,NA,"IV",11,1923,1.923,5.72022880915237,0,0,FALSE,2.39169998309829
"830","YDL114W",4,4,0,0,0,2,2,0,2,2,0,"missense_variant;synonymous_variant",NA,NA,"IV",4,927,0.927,4.31499460625674,0,0,FALSE,2.07725650949919
"831","YDL115C",9,3,0,6,0,2,1,6,1,2,0,"missense_variant;synonymous_variant;upstream_gene_variant",355,9,"IV",3,1132,1.132,2.65017667844523,2,2.264,FALSE,1.62793632505858
"832","YDL116W",10,10,0,0,0,5,5,0,5,5,0,"missense_variant;synonymous_variant",NA,NA,"IV",10,2181,2.181,4.58505272810637,0,0,FALSE,2.14127362289512
"833","YDL117W",14,14,0,0,0,2,12,0,12,2,0,"synonymous_variant;missense_variant",NA,NA,"IV",14,2658,2.658,5.26711813393529,0,0,FALSE,2.29502029052801
"834","YDL118W",1,1,0,0,0,1,0,0,0,1,0,"missense_variant",NA,NA,"IV",1,NA,NA,NA,0,NA,FALSE,NA
"835","YDL119C",3,3,0,0,0,2,1,0,1,2,0,"missense_variant;synonymous_variant",NA,NA,"IV",3,924,0.924,3.24675324675325,0,0,FALSE,1.80187492539112
"836","YDL120W",2,2,0,0,0,0,2,0,2,0,0,"synonymous_variant",NA,NA,"IV",2,525,0.525,3.80952380952381,0,0,FALSE,1.95180014589707
"837","YDL121C",1,0,0,1,0,0,0,1,0,0,0,"upstream_gene_variant",297,297,"IV",0,450,0.45,0,NA,NA,FALSE,0
"838","YDL122W",16,16,0,0,0,4,12,0,12,4,0,"missense_variant;synonymous_variant",NA,NA,"IV",16,2430,2.43,6.5843621399177,0,0,FALSE,2.56600119639834
"839","YDL123W",2,2,0,0,0,0,2,0,2,0,0,"synonymous_variant",NA,NA,"IV",2,423,0.423,4.72813238770686,0,0,FALSE,2.17442691017814
"840","YDL124W",17,17,0,0,0,8,9,0,9,8,0,"synonymous_variant;missense_variant",NA,NA,"IV",17,939,0.939,18.1043663471779,0,0,FALSE,4.25492260178465
"841","YDL125C",2,2,0,0,0,0,1,0,1,0,1,"synonymous_variant;start_lost",NA,NA,"IV",2,588,0.588,3.40136054421769,0,0,FALSE,1.84427778390829
"842","YDL126C",22,15,0,7,0,0,15,7,15,0,0,"synonymous_variant;upstream_gene_variant",979,162,"IV",15,2508,2.508,5.98086124401914,0.466666666666667,1.1704,FALSE,2.44557994022259
"843","YDL127W",7,4,0,3,0,1,3,3,3,1,0,"upstream_gene_variant;missense_variant;synonymous_variant",830,380,"IV",4,927,0.927,4.31499460625674,0.75,0.69525,FALSE,2.07725650949919
"844","YDL128W",3,1,0,2,0,0,1,2,1,0,0,"upstream_gene_variant;synonymous_variant",471,407,"IV",1,1236,1.236,0.809061488673139,2,2.472,FALSE,0.899478453701443
"845","YDL129W",6,4,0,2,0,1,3,2,3,1,0,"upstream_gene_variant;synonymous_variant;missense_variant",871,347,"IV",4,876,0.876,4.5662100456621,0.5,0.438,FALSE,2.13686921585344
"846","YDL130W",10,0,0,10,0,0,0,10,0,0,0,"upstream_gene_variant",462,38,"IV",0,622,0.622,0,NA,NA,FALSE,0
"847","YDL130W-A",2,1,0,1,0,1,0,1,0,1,0,"upstream_gene_variant;missense_variant",66,66,"IV",1,261,0.261,3.83141762452107,1,0.261,FALSE,1.95740073171568
"848","YDL131W",10,5,0,5,0,0,5,5,5,0,0,"upstream_gene_variant;synonymous_variant",466,242,"IV",5,1323,1.323,3.77928949357521,1,1.323,FALSE,1.94403947839935
"849","YDL132W",4,4,0,0,0,2,2,0,2,2,0,"synonymous_variant;missense_variant",NA,NA,"IV",4,2448,2.448,1.63398692810458,0,0,FALSE,1.27827498141228
"850","YDL133W",2,2,0,0,0,0,2,0,2,0,0,"synonymous_variant",NA,NA,"IV",2,1314,1.314,1.5220700152207,0,0,FALSE,1.23372201699601
"851","YDL134C",2,2,0,0,0,1,1,0,1,1,0,"missense_variant;synonymous_variant",NA,NA,"IV",2,1110,1.11,1.8018018018018,0,0,FALSE,1.34231211042805
"852","YDL135C",4,3,0,1,0,1,2,1,2,1,0,"synonymous_variant;missense_variant;upstream_gene_variant",52,52,"IV",3,609,0.609,4.92610837438424,0.333333333333333,0.203,FALSE,2.21948380809238
"853","YDL136W",3,0,0,3,0,0,0,3,0,0,0,"upstream_gene_variant",195,43,"IV",0,768,0.768,0,NA,NA,FALSE,0
"854","YDL137W",1,1,0,0,0,0,1,0,1,0,0,"synonymous_variant",NA,NA,"IV",1,546,0.546,1.83150183150183,0,0,FALSE,1.35332990490192
"855","YDL138W",3,3,0,0,0,1,2,0,2,1,0,"synonymous_variant;missense_variant",NA,NA,"IV",3,2292,2.292,1.30890052356021,0,0,FALSE,1.14407190489069
"856","YDL139C",5,5,0,0,0,1,4,0,4,1,0,"synonymous_variant;missense_variant",NA,NA,"IV",5,672,0.672,7.44047619047619,0,0,FALSE,2.7277236279499
"857","YDL140C",12,8,0,4,0,0,8,4,8,0,0,"synonymous_variant;upstream_gene_variant",740,33,"IV",8,5202,5.202,1.53787004998078,0.5,2.601,FALSE,1.24010888634054
"858","YDL141W",13,13,0,0,0,4,9,0,9,4,0,"synonymous_variant;missense_variant",NA,NA,"IV",13,2073,2.073,6.27110467920888,0,0,FALSE,2.50421737858535
"859","YDL142C",4,4,0,0,0,1,3,0,3,1,0,"missense_variant;synonymous_variant",NA,NA,"IV",4,852,0.852,4.69483568075117,0,0,FALSE,2.1667569500872
"860","YDL143W",6,6,0,0,0,0,6,0,6,0,0,"synonymous_variant",NA,NA,"IV",6,1587,1.587,3.78071833648393,0,0,FALSE,1.94440693695634
"861","YDL144C",4,4,0,0,0,3,1,0,1,3,0,"synonymous_variant;missense_variant",NA,NA,"IV",4,1071,1.071,3.73482726423903,0,0,FALSE,1.93257011884149
"862","YDL145C",21,19,0,2,0,6,13,2,13,6,0,"missense_variant;synonymous_variant;upstream_gene_variant",483,480,"IV",19,3606,3.606,5.26899611758181,0.105263157894737,0.379578947368421,FALSE,2.2954293972113
"863","YDL146W",22,22,0,0,0,6,16,0,16,6,0,"synonymous_variant;missense_variant",NA,NA,"IV",22,1476,1.476,14.9051490514905,0,0,FALSE,3.86071872214106
"864","YDL147W",7,7,0,0,0,1,6,0,6,1,0,"missense_variant;synonymous_variant",NA,NA,"IV",7,1338,1.338,5.23168908819133,0,0,FALSE,2.28728858874243
"865","YDL148C",14,10,0,4,0,4,6,4,6,4,0,"synonymous_variant;missense_variant;upstream_gene_variant",302,18,"IV",10,2433,2.433,4.1101520756268,0.4,0.9732,FALSE,2.02735099961176
"866","YDL149W",29,29,0,0,0,10,19,0,19,10,0,"synonymous_variant;missense_variant",NA,NA,"IV",29,2994,2.994,9.68603874415498,0,0,FALSE,3.1122401488566
"867","YDL150W",5,5,0,0,0,1,4,0,4,1,0,"synonymous_variant;missense_variant",NA,NA,"IV",5,1269,1.269,3.94011032308905,0,0,FALSE,1.98497111391805
"868","YDL151C",7,7,0,0,0,2,5,0,5,2,0,"missense_variant;synonymous_variant",NA,NA,"IV",7,NA,NA,NA,0,NA,FALSE,NA
"869","YDL152W",1,1,0,0,0,1,0,0,0,1,0,"missense_variant",NA,NA,"IV",1,NA,NA,NA,0,NA,FALSE,NA
"870","YDL153C",6,6,0,0,0,6,0,0,0,6,0,"missense_variant",NA,NA,"IV",6,1833,1.833,3.27332242225859,0,0,FALSE,1.80923255062985
"871","YDL154W",23,23,0,0,0,12,11,0,11,12,0,"synonymous_variant;missense_variant",NA,NA,"IV",23,2706,2.706,8.49963045084996,0,0,FALSE,2.91541256957741
"872","YDL155W",8,8,0,0,0,2,6,0,6,2,0,"synonymous_variant;missense_variant",NA,NA,"IV",8,1284,1.284,6.23052959501558,0,0,FALSE,2.49610288149659
"873","YDL156W",14,14,0,0,0,6,8,0,8,6,0,"synonymous_variant;missense_variant",NA,NA,"IV",14,1569,1.569,8.92288081580625,0,0,FALSE,2.9871191499179
"874","YDL157C",2,2,0,0,0,2,0,0,0,2,0,"missense_variant",NA,NA,"IV",2,357,0.357,5.60224089635854,0,0,FALSE,2.36690534165575
"875","YDL158C",1,1,0,0,0,1,0,0,0,1,0,"missense_variant",NA,NA,"IV",1,NA,NA,NA,0,NA,FALSE,NA
"876","YDL159W",11,11,0,0,0,2,9,0,9,2,0,"synonymous_variant;missense_variant",NA,NA,"IV",11,1548,1.548,7.10594315245478,0,0,FALSE,2.66569749830223
"877","YDL159W-A",1,1,0,0,0,1,0,0,0,1,0,"missense_variant",NA,NA,"IV",1,132,0.132,7.57575757575758,0,0,FALSE,2.7524094128159
"878","YDL160C",7,7,0,0,0,0,7,0,7,0,0,"synonymous_variant",NA,NA,"IV",7,1521,1.521,4.60223537146614,0,0,FALSE,2.14528211931814
"879","YDL161W",2,2,0,0,0,0,2,0,2,0,0,"synonymous_variant",NA,NA,"IV",2,1365,1.365,1.46520146520147,0,0,FALSE,1.2104550653376
"880","YDL164C",12,12,0,0,0,1,10,0,11,1,0,"splice_region_variant&stop_retained_variant;synonymous_variant;missense_variant",NA,NA,"IV",12,2268,2.268,5.29100529100529,0,0,FALSE,2.30021853114118
"881","YDL165W",2,2,0,0,0,0,2,0,2,0,0,"synonymous_variant",NA,NA,"IV",2,576,0.576,3.47222222222222,0,0,FALSE,1.86338998124982
"882","YDL166C",8,8,0,0,0,2,6,0,6,2,0,"missense_variant;synonymous_variant",NA,NA,"IV",8,594,0.594,13.4680134680135,0,0,FALSE,3.66987921708787
"883","YDL167C",15,12,0,3,0,6,6,3,6,6,0,"missense_variant;synonymous_variant;upstream_gene_variant",935,891,"IV",12,2160,2.16,5.55555555555556,0.25,0.54,FALSE,2.35702260395516
"884","YDL168W",10,10,0,0,0,5,5,0,5,5,0,"synonymous_variant;missense_variant",NA,NA,"IV",10,1161,1.161,8.61326442721792,0,0,FALSE,2.93483635441875
"885","YDL169C",4,4,0,0,0,4,0,0,0,4,0,"missense_variant",NA,NA,"IV",4,672,0.672,5.95238095238095,0,0,FALSE,2.43975018237133
"886","YDL170W",12,12,0,0,0,5,7,0,7,5,0,"synonymous_variant;missense_variant",NA,NA,"IV",12,1587,1.587,7.56143667296786,0,0,FALSE,2.74980666101598
"887","YDL171C",51,44,0,7,0,5,39,7,39,5,0,"synonymous_variant;missense_variant;upstream_gene_variant",673,21,"IV",44,6438,6.438,6.83442062752408,0.159090909090909,1.02422727272727,FALSE,2.61427248532437
"888","YDL173W",5,5,0,0,0,2,3,0,3,2,0,"synonymous_variant;missense_variant",NA,NA,"IV",5,888,0.888,5.63063063063063,0,0,FALSE,2.37289498938125
"889","YDL174C",13,13,0,0,0,1,12,0,12,1,0,"synonymous_variant;missense_variant",NA,NA,"IV",13,1764,1.764,7.36961451247166,0,0,FALSE,2.71470339309319
"890","YDL175C",2,2,0,0,0,0,2,0,2,0,0,"synonymous_variant",NA,NA,"IV",2,1035,1.035,1.93236714975845,0,0,TRUE,1.39009609371383
"891","YDL176W",9,9,0,0,0,1,8,0,8,1,0,"synonymous_variant;missense_variant",NA,NA,"IV",9,2127,2.127,4.23131170662906,0,0,FALSE,2.05701524219658
"892","YDL177C",10,5,0,5,0,2,3,5,3,2,0,"synonymous_variant;missense_variant;upstream_gene_variant",200,13,"IV",5,513,0.513,9.74658869395711,1,0.513,FALSE,3.12195270527231
"893","YDL178W",11,9,0,2,0,0,9,2,9,0,0,"upstream_gene_variant;synonymous_variant",288,96,"IV",9,1593,1.593,5.64971751412429,0.222222222222222,0.354,FALSE,2.37691344270764
"894","YDL179W",5,2,0,3,0,0,2,3,2,0,0,"upstream_gene_variant;synonymous_variant",525,203,"IV",2,915,0.915,2.18579234972678,1.5,1.3725,FALSE,1.47844254190915
"895","YDL180W",13,13,0,0,0,8,5,0,5,8,0,"synonymous_variant;missense_variant",NA,NA,"IV",13,1644,1.644,7.90754257907543,0,0,FALSE,2.81203530900226
"896","YDL181W",4,4,0,0,0,0,4,0,4,0,0,"synonymous_variant",NA,NA,"IV",4,258,0.258,15.5038759689922,0,0,FALSE,3.93749615479079
"897","YDL182W",4,4,0,0,0,0,4,0,4,0,0,"synonymous_variant",NA,NA,"IV",4,1287,1.287,3.10800310800311,0,0,FALSE,1.76295295115982
"898","YDL183C",10,10,0,0,0,2,8,0,8,2,0,"synonymous_variant;missense_variant",NA,NA,"IV",10,963,0.963,10.3842159916926,0,0,FALSE,3.22245496348555
"899","YDL185W",13,13,0,0,0,3,10,0,10,3,0,"synonymous_variant;missense_variant",NA,NA,"IV",13,3216,3.216,4.04228855721393,0,0,FALSE,2.01054434350848
"900","YDL186W",2,2,0,0,0,1,1,0,1,1,0,"synonymous_variant;missense_variant",NA,NA,"IV",2,834,0.834,2.39808153477218,0,0,FALSE,1.54857403270628
"901","YDL187C",2,2,0,0,0,2,0,0,0,2,0,"missense_variant",NA,NA,"IV",2,NA,NA,NA,0,NA,FALSE,NA
"902","YDL188C",4,4,0,0,0,0,4,0,4,0,0,"synonymous_variant",NA,NA,"IV",4,1134,1.134,3.52733686067019,0,0,FALSE,1.87812056606337
"903","YDL189W",11,11,0,0,0,4,7,0,7,4,0,"synonymous_variant;missense_variant",NA,NA,"IV",11,1374,1.374,8.00582241630276,0,0,FALSE,2.8294562050512
"904","YDL190C",13,8,0,5,0,0,8,5,8,0,0,"synonymous_variant;upstream_gene_variant",571,1,"IV",8,2886,2.886,2.77200277200277,0.625,1.80375,FALSE,1.66493326352823
"905","YDL191W",1,0,0,1,0,0,0,1,0,0,0,"upstream_gene_variant",358,358,"IV",0,854,0.854,0,NA,NA,FALSE,0
"906","YDL192W",6,3,0,3,0,0,3,3,3,0,0,"upstream_gene_variant;synonymous_variant",334,94,"IV",3,546,0.546,5.49450549450549,1,0.546,FALSE,2.34403615469248
"907","YDL193W",11,7,0,4,0,3,4,4,4,3,0,"upstream_gene_variant;synonymous_variant;missense_variant",393,204,"IV",7,1128,1.128,6.20567375886525,0.571428571428571,0.644571428571428,FALSE,2.49111897726007
"908","YDL194W",25,25,0,0,0,10,15,0,15,10,0,"missense_variant;synonymous_variant",NA,NA,"IV",25,2655,2.655,9.41619585687382,0,0,FALSE,3.06858205966108
"909","YDL195W",21,21,0,0,0,3,18,0,18,3,0,"synonymous_variant;missense_variant",NA,NA,"IV",21,3822,3.822,5.49450549450549,0,0,FALSE,2.34403615469248
"910","YDL196W",3,3,0,0,0,1,2,0,2,1,0,"missense_variant;synonymous_variant",NA,NA,"IV",3,NA,NA,NA,0,NA,FALSE,NA
"911","YDL197C",16,16,0,0,0,9,7,0,7,9,0,"missense_variant;synonymous_variant",NA,NA,"IV",16,1578,1.578,10.1394169835234,0,0,FALSE,3.18424511988689
"912","YDL198C",2,2,0,0,0,0,2,0,2,0,0,"synonymous_variant",NA,NA,"IV",2,903,0.903,2.21483942414175,0,0,FALSE,1.48823365912136
"913","YDL199C",12,12,0,0,0,1,11,0,11,1,0,"synonymous_variant;missense_variant",NA,NA,"IV",12,2064,2.064,5.81395348837209,0,0,FALSE,2.41121411085206
"914","YDL200C",4,4,0,0,0,3,1,0,1,3,0,"missense_variant;synonymous_variant",NA,NA,"IV",4,567,0.567,7.05467372134039,0,0,FALSE,2.65606357629865
"915","YDL201W",4,4,0,0,0,1,3,0,3,1,0,"missense_variant;synonymous_variant",NA,NA,"IV",4,861,0.861,4.64576074332172,0,0,FALSE,2.15540268704521
"916","YDL202W",2,2,0,0,0,0,2,0,2,0,0,"synonymous_variant",NA,NA,"IV",2,750,0.75,2.66666666666667,0,0,FALSE,1.63299316185545
"917","YDL203C",13,13,0,0,0,2,11,0,11,2,0,"synonymous_variant;missense_variant",NA,NA,"IV",13,1872,1.872,6.94444444444444,0,0,FALSE,2.63523138347365
"918","YDL204W",7,7,0,0,0,3,4,0,4,3,0,"missense_variant;synonymous_variant",NA,NA,"IV",7,1182,1.182,5.92216582064298,0,0,FALSE,2.43355004481991
"919","YDL205C",6,1,0,5,0,0,1,5,1,0,0,"synonymous_variant;upstream_gene_variant",801,164,"IV",1,984,0.984,1.01626016260163,5,4.92,FALSE,1.00809729818189
"920","YDL206W",16,16,0,0,0,5,11,0,11,5,0,"missense_variant;synonymous_variant",NA,NA,"IV",16,2289,2.289,6.98995194408038,0,0,FALSE,2.64385172505577
"921","YDL207W",15,15,0,0,0,3,12,0,12,3,0,"synonymous_variant;missense_variant",NA,NA,"IV",15,1617,1.617,9.27643784786642,0,0,FALSE,3.04572451936586
"922","YDL208W",1,1,0,0,0,0,1,0,1,0,0,"synonymous_variant",NA,NA,"IV",1,471,0.471,2.12314225053079,0,0,FALSE,1.45710063157312
"923","YDL209C",13,7,0,6,0,4,3,6,3,4,0,"missense_variant;synonymous_variant;upstream_gene_variant",798,1,"IV",7,1020,1.02,6.86274509803922,0.857142857142857,0.874285714285714,FALSE,2.61968415997792
"924","YDL210W",6,6,0,0,0,1,5,0,5,1,0,"synonymous_variant;missense_variant",NA,NA,"IV",6,1716,1.716,3.4965034965035,0,0,FALSE,1.86989398001691
"925","YDL211C",8,8,0,0,0,3,5,0,5,3,0,"synonymous_variant;missense_variant",NA,NA,"IV",8,1119,1.119,7.14924039320822,0,0,FALSE,2.67380634923478
"926","YDL212W",7,7,0,0,0,1,6,0,6,1,0,"synonymous_variant;missense_variant",NA,NA,"IV",7,633,0.633,11.0584518167457,0,0,FALSE,3.32542505805584
"927","YDL213C",6,6,0,0,0,2,4,0,4,2,0,"synonymous_variant;missense_variant",NA,NA,"IV",6,678,0.678,8.84955752212389,0,0,FALSE,2.97482058654365
"928","YDL214C",14,14,0,0,0,5,9,0,9,5,0,"synonymous_variant;missense_variant",NA,NA,"IV",14,2100,2.1,6.66666666666667,0,0,FALSE,2.58198889747161
"929","YDL215C",27,27,0,0,0,3,24,0,24,3,0,"synonymous_variant;missense_variant",NA,NA,"IV",27,3279,3.279,8.23421774931382,0,0,FALSE,2.86953267089152
"930","YDL216C",6,6,0,0,0,2,4,0,4,2,0,"synonymous_variant;missense_variant",NA,NA,"IV",6,1323,1.323,4.53514739229025,0,0,FALSE,2.1295885499998
"931","YDL217C",4,4,0,0,0,0,4,0,4,0,0,"synonymous_variant",NA,NA,"IV",4,624,0.624,6.41025641025641,0,0,FALSE,2.53184841770917
"932","YDL218W",7,7,0,0,0,3,4,0,4,3,0,"synonymous_variant;missense_variant",NA,NA,"IV",7,954,0.954,7.33752620545073,0,0,FALSE,2.70878685124
"933","YDL219W",3,3,0,0,0,2,1,0,1,2,0,"synonymous_variant;missense_variant",NA,NA,"IV",3,524,0.524,5.72519083969466,0,0,FALSE,2.39273710208511
"934","YDL220C",26,26,0,0,0,16,10,0,10,16,0,"missense_variant;synonymous_variant",NA,NA,"IV",26,2775,2.775,9.36936936936937,0,0,FALSE,3.06094256224604
"935","YDL221W",2,2,0,0,0,1,1,0,1,1,0,"synonymous_variant;missense_variant",NA,NA,"IV",2,NA,NA,NA,0,NA,FALSE,NA
"936","YDL222C",7,7,0,0,0,2,5,0,5,2,0,"missense_variant;synonymous_variant",NA,NA,"IV",7,930,0.93,7.52688172043011,0,0,FALSE,2.74351630584367
"937","YDL223C",34,34,0,0,0,16,18,0,18,16,0,"synonymous_variant;missense_variant",NA,NA,"IV",34,3141,3.141,10.8245781598217,0,0,FALSE,3.29007266786339
"938","YDL224C",12,8,0,4,0,1,7,4,7,1,0,"synonymous_variant;missense_variant;upstream_gene_variant",897,843,"IV",8,1950,1.95,4.1025641025641,0.5,0.975,FALSE,2.02547873416733
"939","YDL225W",11,11,0,0,0,2,9,0,9,2,0,"synonymous_variant;missense_variant",NA,NA,"IV",11,1656,1.656,6.64251207729469,0,0,FALSE,2.57730713677953
"940","YDL226C",9,9,0,0,0,2,7,0,7,2,0,"synonymous_variant;missense_variant",NA,NA,"IV",9,1059,1.059,8.4985835694051,0,0,FALSE,2.91523302145902
"941","YDL227C",5,5,0,0,0,2,3,0,3,2,0,"synonymous_variant;missense_variant",NA,NA,"IV",5,1761,1.761,2.83929585462805,0,0,FALSE,1.68502102498101
"942","YDL228C",1,1,0,0,0,1,0,0,0,1,0,"missense_variant",NA,NA,"IV",1,NA,NA,NA,0,NA,FALSE,NA
"943","YDL229W",5,5,0,0,0,0,5,0,5,0,0,"synonymous_variant",NA,NA,"IV",5,1842,1.842,2.71444082519001,0,0,FALSE,1.64755601579734
"944","YDL230W",7,7,0,0,0,2,5,0,5,2,0,"missense_variant;synonymous_variant",NA,NA,"IV",7,1008,1.008,6.94444444444444,0,0,FALSE,2.63523138347365
"945","YDL231C",33,28,0,5,0,5,23,5,23,5,0,"synonymous_variant;missense_variant;upstream_gene_variant",389,34,"IV",28,3378,3.378,8.28892835997632,0.178571428571429,0.603214285714286,FALSE,2.87904990578078
"946","YDL233W",10,10,0,0,0,2,8,0,8,2,0,"synonymous_variant;missense_variant",NA,NA,"IV",10,1377,1.377,7.26216412490922,0,0,FALSE,2.69484027818148
"947","YDL234C",6,6,0,0,0,3,2,0,3,3,0,"splice_region_variant&stop_retained_variant;synonymous_variant;missense_variant",NA,NA,"IV",6,2241,2.241,2.67737617135207,0,0,FALSE,1.63626897891272
"948","YDL235C",2,2,0,0,0,0,2,0,2,0,0,"synonymous_variant",NA,NA,"IV",2,504,0.504,3.96825396825397,0,0,FALSE,1.99204768222399
"949","YDL236W",5,5,0,0,0,0,5,0,5,0,0,"synonymous_variant",NA,NA,"IV",5,939,0.939,5.3248136315229,0,0,FALSE,2.30755576997023
"950","YDL237W",11,11,0,0,0,3,8,0,8,3,0,"synonymous_variant;missense_variant",NA,NA,"IV",11,1173,1.173,9.37766410912191,0,0,FALSE,3.0622971947742
"951","YDL238C",15,15,0,0,0,6,9,0,9,6,0,"synonymous_variant;missense_variant",NA,NA,"IV",15,1470,1.47,10.2040816326531,0,0,FALSE,3.1943828249997
"952","YDL239C",41,36,0,5,0,17,19,5,19,17,0,"synonymous_variant;missense_variant;upstream_gene_variant",193,7,"IV",36,2373,2.373,15.1706700379267,0.138888888888889,0.329583333333333,FALSE,3.89495443335691
"953","YDL240C-A",4,4,0,0,0,1,3,0,3,1,0,"missense_variant;synonymous_variant",NA,NA,"IV",4,NA,NA,NA,0,NA,FALSE,NA
"954","YDL240W",25,25,0,0,0,8,17,0,17,8,0,"synonymous_variant;missense_variant",NA,NA,"IV",25,3054,3.054,8.18598559266536,0,0,FALSE,2.86111614456061
"955","YDL241W",11,11,0,0,0,7,3,0,3,7,1,"missense_variant;synonymous_variant;stop_gained",NA,NA,"IV",11,372,0.372,29.5698924731183,0,0,FALSE,5.43782056279152
"956","YDL242W",15,15,0,0,0,9,6,0,6,9,0,"missense_variant;synonymous_variant",NA,NA,"IV",15,354,0.354,42.3728813559322,0,0,FALSE,6.50944554904119
"957","YDL243C",86,61,0,25,0,17,43,25,43,17,1,"missense_variant;synonymous_variant;stop_gained;upstream_gene_variant",889,5,"IV",61,990,0.99,61.6161616161616,0.40983606557377,0.405737704918033,FALSE,7.84959627090219
"958","YDL244W",7,7,0,0,0,1,6,0,6,1,0,"missense_variant;synonymous_variant",NA,NA,"IV",7,1023,1.023,6.84261974584555,0,0,FALSE,2.61584016060721
"959","YDL248W",34,32,0,2,0,22,10,2,10,22,0,"upstream_gene_variant;missense_variant;synonymous_variant",71,35,"IV",32,1152,1.152,27.7777777777778,0.0625,0.072,FALSE,5.2704627669473
"960","YDR001C",12,8,0,4,0,2,6,4,6,2,0,"synonymous_variant;missense_variant;upstream_gene_variant",351,253,"IV",8,2256,2.256,3.54609929078014,0.5,1.128,FALSE,1.88310894288677
"961","YDR002W",1,1,0,0,0,0,1,0,1,0,0,"synonymous_variant",NA,NA,"IV",1,606,0.606,1.65016501650165,0,0,FALSE,1.28458748884677
"962","YDR003W",2,2,0,0,0,0,2,0,2,0,0,"synonymous_variant",NA,NA,"IV",2,633,0.633,3.15955766192733,0,0,FALSE,1.7775144618054
"963","YDR004W",8,8,0,0,0,3,5,0,5,3,0,"missense_variant;synonymous_variant",NA,NA,"IV",8,1383,1.383,5.78452639190166,0,0,FALSE,2.40510423722168
"964","YDR005C",8,4,0,4,0,2,2,4,2,2,0,"synonymous_variant;missense_variant;upstream_gene_variant",316,50,"IV",4,1268,1.268,3.15457413249211,1,1.268,FALSE,1.77611208331347
"965","YDR006C",16,16,0,0,0,5,11,0,11,5,0,"synonymous_variant;missense_variant",NA,NA,"IV",16,2706,2.706,5.91278640059128,0,0,TRUE,2.43162217472026
"966","YDR007W",1,1,0,0,0,0,1,0,1,0,0,"synonymous_variant",NA,NA,"IV",1,675,0.675,1.48148148148148,0,0,FALSE,1.21716123890037
"967","YDR009W",4,4,0,0,0,1,2,0,2,1,1,"stop_gained;synonymous_variant;missense_variant",NA,NA,"IV",4,1563,1.563,2.55918106206014,0,0,FALSE,1.59974406142362
"968","YDR010C",3,3,0,0,0,2,0,0,0,2,1,"stop_lost&splice_region_variant;missense_variant",NA,NA,"IV",3,333,0.333,9.00900900900901,0,0,FALSE,3.00150112593832
"969","YDR011W",14,14,0,0,0,2,12,0,12,2,0,"synonymous_variant;missense_variant",NA,NA,"IV",14,4506,4.506,3.10696848646249,0,0,FALSE,1.76265949248926
"970","YDR012W",8,5,0,3,0,1,4,3,4,1,0,"upstream_gene_variant;synonymous_variant;missense_variant",623,152,"IV",5,1089,1.089,4.59136822773186,0.6,0.6534,FALSE,2.14274782177742
"971","YDR013W",1,1,0,0,0,0,1,0,1,0,0,"synonymous_variant",NA,NA,"IV",1,627,0.627,1.59489633173844,0,0,FALSE,1.2628920507068
"972","YDR014W",18,18,0,0,0,12,6,0,6,12,0,"missense_variant;synonymous_variant",NA,NA,"IV",18,1944,1.944,9.25925925925926,0,0,FALSE,3.04290309725092
"973","YDR014W-A",12,4,0,8,0,4,0,8,0,4,0,"upstream_gene_variant;missense_variant",922,212,"IV",4,489,0.489,8.1799591002045,2,0.978,FALSE,2.86006277906701
"974","YDR015C",4,1,0,3,0,1,0,3,0,1,0,"missense_variant;upstream_gene_variant",907,118,"IV",1,NA,NA,NA,3,NA,FALSE,NA
"975","YDR016C",1,1,0,0,0,1,0,0,0,1,0,"missense_variant",NA,NA,"IV",1,285,0.285,3.50877192982456,0,0,FALSE,1.87317162316339
"976","YDR017C",24,24,0,0,0,9,15,0,15,9,0,"synonymous_variant;missense_variant",NA,NA,"IV",24,3153,3.153,7.61179828734539,0,0,FALSE,2.75894876490039
"977","YDR018C",18,18,0,0,0,4,14,0,14,4,0,"synonymous_variant;missense_variant",NA,NA,"IV",18,1191,1.191,15.1133501259446,0,0,FALSE,3.88758924347012
"978","YDR019C",7,7,0,0,0,0,7,0,7,0,0,"synonymous_variant",NA,NA,"IV",7,1203,1.203,5.8187863674148,0,0,FALSE,2.41221606980279
"979","YDR020C",2,2,0,0,0,0,2,0,2,0,0,"synonymous_variant",NA,NA,"IV",2,699,0.699,2.86123032904149,0,0,FALSE,1.69151716782346
"980","YDR021W",3,3,0,0,0,1,2,0,2,1,0,"missense_variant;synonymous_variant",NA,NA,"IV",3,1200,1.2,2.5,0,0,FALSE,1.58113883008419
"981","YDR022C",1,1,0,0,0,1,0,0,0,1,0,"missense_variant",NA,NA,"IV",1,591,0.591,1.69204737732657,0,0,FALSE,1.30078721446921
"982","YDR023W",3,3,0,0,0,0,3,0,3,0,0,"synonymous_variant",NA,NA,"IV",3,1389,1.389,2.15982721382289,0,0,FALSE,1.46963506144311
"983","YDR024W",1,1,0,0,0,1,0,0,0,1,0,"missense_variant",NA,NA,"IV",1,NA,NA,NA,0,NA,FALSE,NA
"984","YDR026C",8,6,0,2,0,3,3,2,3,3,0,"missense_variant;synonymous_variant;upstream_gene_variant",365,357,"IV",6,1713,1.713,3.50262697022767,0.333333333333333,0.571,FALSE,1.87153064902172
"985","YDR027C",11,11,0,0,0,4,7,0,7,4,0,"missense_variant;synonymous_variant",NA,NA,"IV",11,2670,2.67,4.11985018726592,0,0,FALSE,2.02974140896468
"986","YDR028C",18,18,0,0,0,6,12,0,12,6,0,"synonymous_variant;missense_variant",NA,NA,"IV",18,3045,3.045,5.91133004926108,0,0,FALSE,2.43132269541932
"987","YDR030C",6,6,0,0,0,4,2,0,2,4,0,"synonymous_variant;missense_variant",NA,NA,"IV",6,1521,1.521,3.94477317554241,0,0,FALSE,1.98614530574739
"988","YDR031W",5,5,0,0,0,4,1,0,1,4,0,"synonymous_variant;missense_variant",NA,NA,"IV",5,366,0.366,13.6612021857923,0,0,FALSE,3.69610635477286
"989","YDR032C",2,2,0,0,0,1,1,0,1,1,0,"synonymous_variant;missense_variant",NA,NA,"IV",2,597,0.597,3.3500837520938,0,0,FALSE,1.83032340095782
"990","YDR033W",2,2,0,0,0,0,2,0,2,0,0,"synonymous_variant",NA,NA,"IV",2,963,0.963,2.07684319833853,0,0,FALSE,1.44112567055706
"991","YDR034C",41,15,0,26,0,5,10,26,10,5,0,"synonymous_variant;missense_variant;upstream_gene_variant",956,261,"IV",15,2373,2.373,6.32111251580278,1.73333333333333,4.1132,FALSE,2.51418227577135
"992","YDR034C-A",1,1,0,0,0,1,0,0,0,1,0,"missense_variant",NA,NA,"IV",1,177,0.177,5.64971751412429,0,0,FALSE,2.37691344270764
"993","YDR034C-D",21,0,0,21,0,0,0,21,0,0,0,"upstream_gene_variant",856,325,"IV",0,5314,5.314,0,NA,NA,FALSE,0
"994","YDR034W-B",2,2,0,0,0,0,2,0,2,0,0,"synonymous_variant",NA,NA,"IV",2,156,0.156,12.8205128205128,0,0,FALSE,3.58057437019716
"995","YDR035W",24,24,0,0,0,3,21,0,21,3,0,"synonymous_variant;missense_variant",NA,NA,"IV",24,1113,1.113,21.5633423180593,0,0,FALSE,4.64363460212572
"996","YDR036C",165,165,0,0,0,52,112,0,113,52,0,"splice_region_variant&stop_retained_variant;synonymous_variant;missense_variant",NA,NA,"IV",165,1503,1.503,109.780439121757,0,0,FALSE,10.4776160991781
"997","YDR037W",126,126,0,0,0,9,117,0,117,9,0,"synonymous_variant;missense_variant",NA,NA,"IV",126,1776,1.776,70.945945945946,0,0,FALSE,8.42294164445807
"998","YDR038C",26,26,0,0,0,6,20,0,20,6,0,"synonymous_variant;missense_variant",NA,NA,"IV",26,3276,3.276,7.93650793650794,0,0,FALSE,2.81718084909506
"999","YDR040C",26,26,0,0,0,4,22,0,22,4,0,"synonymous_variant;missense_variant",NA,NA,"IV",26,3276,3.276,7.93650793650794,0,0,FALSE,2.81718084909506
"1000","YDR041W",1,1,0,0,0,0,1,0,1,0,0,"synonymous_variant",NA,NA,"IV",1,612,0.612,1.63398692810458,0,0,FALSE,1.27827498141228
"1001","YDR042C",4,4,0,0,0,2,2,0,2,2,0,"missense_variant;synonymous_variant",NA,NA,"IV",4,603,0.603,6.6334991708126,0,0,FALSE,2.57555803095419
"1002","YDR043C",2,2,0,0,0,1,1,0,1,1,0,"synonymous_variant;missense_variant",NA,NA,"IV",2,696,0.696,2.8735632183908,0,0,FALSE,1.69515875905203
"1003","YDR044W",2,2,0,0,0,0,2,0,2,0,0,"synonymous_variant",NA,NA,"IV",2,987,0.987,2.02634245187437,0,0,FALSE,1.42349655843432
"1004","YDR045C",2,1,0,1,0,1,0,1,0,1,0,"missense_variant;upstream_gene_variant",201,201,"IV",1,333,0.333,3.003003003003,1,0.333,FALSE,1.73291748303345
"1005","YDR046C",11,11,0,0,0,5,6,0,6,5,0,"synonymous_variant;missense_variant",NA,NA,"IV",11,1815,1.815,6.06060606060606,0,0,FALSE,2.46182981958665
"1006","YDR047W",5,5,0,0,0,2,3,0,3,2,0,"missense_variant;synonymous_variant",NA,NA,"IV",5,1089,1.089,4.59136822773186,0,0,FALSE,2.14274782177742
"1007","YDR049W",11,11,0,0,0,9,2,0,2,9,0,"synonymous_variant;missense_variant",NA,NA,"IV",11,1899,1.899,5.7925223802001,0,0,FALSE,2.40676595875048
"1008","YDR050C",3,3,0,0,0,0,3,0,3,0,0,"synonymous_variant",NA,NA,"IV",3,747,0.747,4.01606425702811,0,0,FALSE,2.00401204014051
"1009","YDR051C",6,6,0,0,0,0,6,0,6,0,0,"synonymous_variant",NA,NA,"IV",6,1005,1.005,5.97014925373134,0,0,FALSE,2.4433888871261
"1010","YDR052C",12,12,0,0,0,5,7,0,7,5,0,"synonymous_variant;missense_variant",NA,NA,"IV",12,2115,2.115,5.67375886524823,0,0,FALSE,2.38196533670165
"1011","YDR054C",2,2,0,0,0,1,1,0,1,1,0,"missense_variant;synonymous_variant",NA,NA,"IV",2,888,0.888,2.25225225225225,0,0,FALSE,1.50075056296916
"1012","YDR055W",5,5,0,0,0,2,3,0,3,2,0,"synonymous_variant;missense_variant",NA,NA,"IV",5,1335,1.335,3.74531835205993,0,0,FALSE,1.93528249929046
"1013","YDR056C",9,9,0,0,0,3,6,0,6,3,0,"missense_variant;synonymous_variant",NA,NA,"IV",9,618,0.618,14.5631067961165,0,0,FALSE,3.81616388486088
"1014","YDR057W",14,14,0,0,0,5,9,0,9,5,0,"synonymous_variant;missense_variant",NA,NA,"IV",14,1629,1.629,8.59422958870473,0,0,FALSE,2.93159164767277
"1015","YDR058C",7,7,0,0,0,2,5,0,5,2,0,"synonymous_variant;missense_variant",NA,NA,"IV",7,981,0.981,7.13557594291539,0,0,FALSE,2.67124988402721
"1016","YDR059C",2,2,0,0,0,2,0,0,0,2,0,"missense_variant",NA,NA,"IV",2,537,0.537,3.7243947858473,0,0,FALSE,1.92986911106616
"1017","YDR060W",20,20,0,0,0,4,16,0,16,4,0,"missense_variant;synonymous_variant",NA,NA,"IV",20,3078,3.078,6.49772579597141,0,0,FALSE,2.54906370967291
"1018","YDR061W",10,10,0,0,0,7,3,0,3,7,0,"synonymous_variant;missense_variant",NA,NA,"IV",10,1620,1.62,6.17283950617284,0,0,FALSE,2.48451997499977
"1019","YDR062W",16,10,0,6,0,2,8,6,8,2,0,"upstream_gene_variant;synonymous_variant;missense_variant",536,2,"IV",10,1686,1.686,5.93119810201661,0.6,1.0116,FALSE,2.43540512071742
"1020","YDR063W",8,3,0,5,0,1,2,5,2,1,0,"upstream_gene_variant;synonymous_variant;missense_variant",495,14,"IV",3,450,0.45,6.66666666666667,1.66666666666667,0.75,FALSE,2.58198889747161
"1021","YDR064W",8,4,1,3,0,0,4,3,5,0,0,"upstream_gene_variant;splice_region_variant&intron_variant;synonymous_variant",259,210,"IV",5,995,0.995,5.0251256281407,0.6,0.74625,FALSE,2.2416791983111
"1022","YDR065W",23,11,0,12,0,5,6,12,6,5,0,"upstream_gene_variant;synonymous_variant;missense_variant",967,126,"IV",11,1098,1.098,10.0182149362477,1.09090909090909,1.19781818181818,FALSE,3.16515638416931
"1023","YDR066C",9,6,0,3,0,3,3,3,3,3,0,"missense_variant;synonymous_variant;upstream_gene_variant",144,57,"IV",6,591,0.591,10.1522842639594,0.5,0.2955,FALSE,3.18626493938583
"1024","YDR067C",4,4,0,0,0,0,4,0,4,0,0,"synonymous_variant",NA,NA,"IV",4,675,0.675,5.92592592592593,0,0,FALSE,2.43432247780074
"1025","YDR068W",14,14,0,0,0,7,7,0,7,7,0,"missense_variant;synonymous_variant",NA,NA,"IV",14,933,0.933,15.005359056806,0,0,FALSE,3.87367513568265
"1026","YDR069C",26,19,0,7,0,7,12,7,12,7,0,"synonymous_variant;missense_variant;upstream_gene_variant",986,761,"IV",19,2781,2.781,6.83207479323984,0.368421052631579,1.02457894736842,FALSE,2.61382378771788
"1027","YDR070C",1,1,0,0,0,0,1,0,1,0,0,"synonymous_variant",NA,NA,"IV",1,282,0.282,3.54609929078014,0,0,FALSE,1.88310894288677
"1028","YDR072C",15,15,0,0,0,5,10,0,10,5,0,"synonymous_variant;missense_variant",NA,NA,"IV",15,1584,1.584,9.46969696969697,0,0,TRUE,3.07728727448332
"1029","YDR073W",7,7,0,0,0,6,1,0,1,6,0,"missense_variant;synonymous_variant",NA,NA,"IV",7,510,0.51,13.7254901960784,0,0,FALSE,3.70479286817474
"1030","YDR074W",27,27,0,0,0,5,22,0,22,5,0,"missense_variant;synonymous_variant",NA,NA,"IV",27,2691,2.691,10.0334448160535,0,0,FALSE,3.16756133579975
"1031","YDR075W",19,8,0,11,0,0,8,11,8,0,0,"upstream_gene_variant;synonymous_variant",475,17,"IV",8,927,0.927,8.62998921251348,1.375,1.274625,FALSE,2.93768432826155
"1032","YDR076W",20,12,0,8,0,5,7,8,7,5,0,"upstream_gene_variant;synonymous_variant;missense_variant",334,25,"IV",12,1221,1.221,9.82800982800983,0.666666666666667,0.814,FALSE,3.13496568211038
"1033","YDR077W",17,4,0,13,0,2,2,13,2,2,0,"upstream_gene_variant;synonymous_variant;missense_variant",973,1,"IV",4,1017,1.017,3.93313667649951,3.25,3.30525,FALSE,1.98321372436243
"1034","YDR078C",9,4,0,5,0,2,2,5,2,2,0,"missense_variant;synonymous_variant;upstream_gene_variant",970,7,"IV",4,672,0.672,5.95238095238095,1.25,0.84,FALSE,2.43975018237133
"1035","YDR079C-A",3,3,0,0,0,1,2,0,2,1,0,"synonymous_variant;missense_variant",NA,NA,"IV",3,219,0.219,13.6986301369863,0,0,FALSE,3.70116605098803
"1036","YDR079W",2,1,0,1,0,1,0,1,0,1,0,"upstream_gene_variant;missense_variant",911,911,"IV",1,336,0.336,2.97619047619048,1,0.336,FALSE,1.72516389835589
"1037","YDR080W",22,22,0,0,0,7,15,0,15,7,0,"missense_variant;synonymous_variant",NA,NA,"IV",22,2979,2.979,7.38502853306479,0,0,FALSE,2.71754089814023
"1038","YDR081C",33,27,0,6,0,7,20,6,20,7,0,"synonymous_variant;missense_variant;upstream_gene_variant",337,13,"IV",27,2778,2.778,9.71922246220302,0.222222222222222,0.617333333333333,FALSE,3.1175667534478
"1039","YDR082W",21,21,0,0,0,10,11,0,11,10,0,"synonymous_variant;missense_variant",NA,NA,"IV",21,1485,1.485,14.1414141414141,0,0,FALSE,3.76050716545177
"1040","YDR083W",6,6,0,0,0,1,5,0,5,1,0,"synonymous_variant;missense_variant",NA,NA,"IV",6,1179,1.179,5.08905852417303,0,0,FALSE,2.25589417397471
"1041","YDR084C",7,7,0,0,0,1,6,0,6,1,0,"missense_variant;synonymous_variant",NA,NA,"IV",7,600,0.6,11.6666666666667,0,0,FALSE,3.41565025531987
"1042","YDR085C",30,30,0,0,0,15,15,0,15,15,0,"synonymous_variant;missense_variant",NA,NA,"IV",30,1863,1.863,16.1030595813205,0,0,FALSE,4.01286176952564
"1043","YDR086C",1,1,0,0,0,0,1,0,1,0,0,"synonymous_variant",NA,NA,"IV",1,243,0.243,4.11522633744856,0,0,FALSE,2.02860206483395
"1044","YDR087C",3,3,0,0,0,2,1,0,1,2,0,"missense_variant;synonymous_variant",NA,NA,"IV",3,837,0.837,3.584229390681,0,0,FALSE,1.89320611415688
"1045","YDR088C",8,8,0,0,0,5,3,0,3,5,0,"synonymous_variant;missense_variant",NA,NA,"IV",8,1149,1.149,6.96257615317668,0,0,FALSE,2.63866939065444
"1046","YDR089W",18,18,0,0,0,6,12,0,12,6,0,"synonymous_variant;missense_variant",NA,NA,"IV",18,2610,2.61,6.89655172413793,0,0,FALSE,2.62612865719445
"1047","YDR090C",5,5,0,0,0,3,2,0,2,3,0,"missense_variant;synonymous_variant",NA,NA,"IV",5,933,0.933,5.35905680600214,0,0,FALSE,2.3149636727176
"1048","YDR091C",5,5,0,0,0,0,5,0,5,0,0,"synonymous_variant",NA,NA,"IV",5,1827,1.827,2.73672687465791,0,0,FALSE,1.65430555661822
"1049","YDR092W",2,2,0,0,0,0,2,0,2,0,0,"synonymous_variant",NA,NA,"IV",2,730,0.73,2.73972602739726,0,0,TRUE,1.65521177720474
"1050","YDR093W",24,24,0,0,0,4,20,0,20,4,0,"synonymous_variant;missense_variant",NA,NA,"IV",24,4839,4.839,4.95970241785493,0,0,FALSE,2.2270389349661
"1051","YDR094W",1,1,0,0,0,1,0,0,0,1,0,"missense_variant",NA,NA,"IV",1,NA,NA,NA,0,NA,FALSE,NA
"1052","YDR095C",5,3,0,2,0,1,2,2,2,1,0,"missense_variant;synonymous_variant;upstream_gene_variant",475,210,"IV",3,NA,NA,NA,0.666666666666667,NA,FALSE,NA
"1053","YDR096W",15,15,0,0,0,5,10,0,10,5,0,"synonymous_variant;missense_variant",NA,NA,"IV",15,2685,2.685,5.58659217877095,0,0,FALSE,2.36359729623533
"1054","YDR097C",35,29,0,6,0,9,20,6,20,9,0,"missense_variant;synonymous_variant;upstream_gene_variant",244,7,"IV",29,3729,3.729,7.77688388307857,0.206896551724138,0.77151724137931,FALSE,2.78870648923091
"1055","YDR098C",4,4,0,0,0,2,2,0,2,2,0,"synonymous_variant;missense_variant",NA,NA,"IV",4,753,0.753,5.31208499335989,0,0,FALSE,2.3047960849845
"1056","YDR098C-B",7,0,0,7,0,0,0,7,0,0,0,"upstream_gene_variant",896,546,"IV",0,5269,5.269,0,NA,NA,FALSE,0
"1057","YDR099W",6,6,0,0,0,0,6,0,6,0,0,"synonymous_variant",NA,NA,"IV",6,822,0.822,7.2992700729927,0,0,FALSE,2.7017161347915
"1058","YDR100W",1,1,0,0,0,0,1,0,1,0,0,"synonymous_variant",NA,NA,"IV",1,432,0.432,2.31481481481481,0,0,FALSE,1.52145154862546
"1059","YDR101C",8,8,0,0,0,2,6,0,6,2,0,"synonymous_variant;missense_variant",NA,NA,"IV",8,1782,1.782,4.48933782267116,0,0,FALSE,2.11880575387909
"1060","YDR102C",1,1,0,0,0,0,1,0,1,0,0,"synonymous_variant",NA,NA,"IV",1,333,0.333,3.003003003003,0,0,FALSE,1.73291748303345
"1061","YDR103W",28,28,0,0,0,9,19,0,19,9,0,"missense_variant;synonymous_variant",NA,NA,"IV",28,2754,2.754,10.1670297748729,0,0,FALSE,3.1885780176864
"1062","YDR104C",16,15,0,1,0,9,6,1,6,9,0,"missense_variant;synonymous_variant;upstream_gene_variant",294,294,"IV",15,3738,3.738,4.01284109149278,0.0666666666666667,0.2492,FALSE,2.00320770053751
"1063","YDR105C",6,6,0,0,0,0,6,0,6,0,0,"synonymous_variant",NA,NA,"IV",6,1422,1.422,4.21940928270042,0,0,FALSE,2.0541200750444
"1064","YDR106W",9,9,0,0,0,4,4,0,5,4,0,"synonymous_variant;missense_variant;splice_region_variant&stop_retained_variant",NA,NA,"IV",9,855,0.855,10.5263157894737,0,0,FALSE,3.24442842261525
"1065","YDR107C",10,10,0,0,0,2,8,0,8,2,0,"synonymous_variant;missense_variant",NA,NA,"IV",10,2019,2.019,4.95294700346706,0,0,FALSE,2.22552173736117
"1066","YDR108W",15,15,0,0,0,5,10,0,10,5,0,"synonymous_variant;missense_variant",NA,NA,"IV",15,2097,2.097,7.15307582260372,0,0,FALSE,2.6745234757997
"1067","YDR109C",22,22,0,0,0,11,11,0,11,11,0,"synonymous_variant;missense_variant",NA,NA,"IV",22,2148,2.148,10.2420856610801,0,0,FALSE,3.20032586795159
"1068","YDR110W",6,6,0,0,0,3,3,0,3,3,0,"missense_variant;synonymous_variant",NA,NA,"IV",6,1701,1.701,3.52733686067019,0,0,FALSE,1.87812056606337
"1069","YDR111C",11,11,0,0,0,2,9,0,9,2,0,"synonymous_variant;missense_variant",NA,NA,"IV",11,1524,1.524,7.21784776902887,0,0,FALSE,2.68660524994441
"1070","YDR113C",10,10,0,0,0,3,7,0,7,3,0,"missense_variant;synonymous_variant",NA,NA,"IV",10,1122,1.122,8.9126559714795,0,0,FALSE,2.98540717013266
"1071","YDR114C",11,11,0,0,0,9,1,0,1,9,1,"synonymous_variant;missense_variant;stop_gained",NA,NA,"IV",11,303,0.303,36.3036303630363,0,0,FALSE,6.02524940255889
"1072","YDR115W",2,2,0,0,0,1,1,0,1,1,0,"missense_variant;synonymous_variant",NA,NA,"IV",2,318,0.318,6.28930817610063,0,0,FALSE,2.5078493128776
"1073","YDR116C",3,3,0,0,0,1,2,0,2,1,0,"synonymous_variant;missense_variant",NA,NA,"IV",3,858,0.858,3.4965034965035,0,0,FALSE,1.86989398001691
"1074","YDR117C",10,10,0,0,0,6,4,0,4,6,0,"synonymous_variant;missense_variant",NA,NA,"IV",10,1698,1.698,5.88928150765607,0,0,FALSE,2.42678419058145
"1075","YDR118W",22,22,0,0,0,13,9,0,9,13,0,"missense_variant;synonymous_variant",NA,NA,"IV",22,1959,1.959,11.2302194997448,0,0,FALSE,3.35115196607745
"1076","YDR118W-A",2,2,0,0,0,2,0,0,0,2,0,"missense_variant",NA,NA,"IV",2,NA,NA,NA,0,NA,FALSE,NA
"1077","YDR119W",33,33,0,0,0,19,13,0,13,19,1,"missense_variant;synonymous_variant;stop_gained",NA,NA,"IV",33,2307,2.307,14.3042912873862,0,0,FALSE,3.78210143800853
"1078","YDR119W-A",9,0,0,9,0,0,0,9,0,0,0,"upstream_gene_variant",330,46,"IV",0,201,0.201,0,NA,NA,FALSE,0
"1079","YDR120C",19,18,0,1,0,4,14,1,14,4,0,"missense_variant;synonymous_variant;upstream_gene_variant",980,980,"IV",18,1713,1.713,10.507880910683,0.0555555555555556,0.0951666666666667,FALSE,3.24158617202798
"1080","YDR121W",5,5,0,0,0,2,3,0,3,2,0,"synonymous_variant;missense_variant",NA,NA,"IV",5,591,0.591,8.46023688663283,0,0,FALSE,2.90864863581575
"1081","YDR122W",31,31,0,0,0,7,24,0,24,7,0,"synonymous_variant;missense_variant",NA,NA,"IV",31,3195,3.195,9.70266040688576,0,0,FALSE,3.11490937378373
"1082","YDR123C",16,7,0,9,0,2,5,9,5,2,0,"synonymous_variant;missense_variant;upstream_gene_variant",782,81,"IV",7,915,0.915,7.65027322404372,1.28571428571429,1.17642857142857,FALSE,2.7659127289276
"1083","YDR124W",13,13,0,0,0,4,9,0,9,4,0,"synonymous_variant;missense_variant",NA,NA,"IV",13,975,0.975,13.3333333333333,0,0,FALSE,3.65148371670111
"1084","YDR125C",12,12,0,0,0,3,9,0,9,3,0,"synonymous_variant;missense_variant",NA,NA,"IV",12,1362,1.362,8.81057268722467,0,0,FALSE,2.96826088597762
"1085","YDR126W",11,11,0,0,0,3,8,0,8,3,0,"synonymous_variant;missense_variant",NA,NA,"IV",11,1011,1.011,10.8803165182987,0,0,FALSE,3.29853247949732
"1086","YDR127W",22,22,0,0,0,6,16,0,16,6,0,"synonymous_variant;missense_variant",NA,NA,"IV",22,4767,4.767,4.61506188378435,0,0,FALSE,2.14826950911294
"1087","YDR128W",46,42,0,4,0,7,35,4,35,7,0,"upstream_gene_variant;synonymous_variant;missense_variant",292,57,"IV",42,3447,3.447,12.1845082680592,0.0952380952380952,0.328285714285714,FALSE,3.490631499895
"1088","YDR129C",23,18,1,4,0,2,16,4,17,2,0,"synonymous_variant;missense_variant;splice_region_variant&intron_variant;upstream_gene_variant",336,248,"IV",19,2040,2.04,9.31372549019608,0.210526315789474,0.453333333333333,FALSE,3.05183968946537
"1089","YDR130C",11,11,0,0,0,6,5,0,5,6,0,"synonymous_variant;missense_variant",NA,NA,"IV",11,876,0.876,12.5570776255708,0,0,FALSE,3.54359670752341
"1090","YDR131C",34,34,0,0,0,17,17,0,17,17,0,"synonymous_variant;missense_variant",NA,NA,"IV",34,1671,1.671,20.3470975463794,0,0,FALSE,4.51077571448409
"1091","YDR132C",14,14,0,0,0,5,9,0,9,5,0,"synonymous_variant;missense_variant",NA,NA,"IV",14,1488,1.488,9.40860215053763,0,0,FALSE,3.06734447862278
"1092","YDR133C",2,2,0,0,0,1,1,0,1,1,0,"missense_variant;synonymous_variant",NA,NA,"IV",2,NA,NA,NA,0,NA,FALSE,NA
"1093","YDR135C",25,24,0,1,0,6,18,1,18,6,0,"synonymous_variant;missense_variant;upstream_gene_variant",73,73,"IV",24,4548,4.548,5.27704485488127,0.0416666666666667,0.1895,FALSE,2.29718193769698
"1094","YDR136C",7,7,0,0,0,4,2,0,2,4,1,"stop_gained;missense_variant;synonymous_variant",NA,NA,"IV",7,NA,NA,NA,0,NA,FALSE,NA
"1095","YDR137W",9,9,0,0,0,2,7,0,7,2,0,"synonymous_variant;missense_variant",NA,NA,"IV",9,1992,1.992,4.51807228915663,0,0,FALSE,2.12557575474426
"1096","YDR138W",12,12,0,0,0,3,9,0,9,3,0,"synonymous_variant;missense_variant",NA,NA,"IV",12,2259,2.259,5.31208499335989,0,0,FALSE,2.3047960849845
"1097","YDR139C",2,2,0,0,0,1,1,0,1,1,0,"missense_variant;synonymous_variant",NA,NA,"IV",2,307,0.307,6.51465798045603,0,0,FALSE,2.55238280445078
"1098","YDR140W",2,2,0,0,0,1,1,0,1,1,0,"synonymous_variant;missense_variant",NA,NA,"IV",2,666,0.666,3.003003003003,0,0,FALSE,1.73291748303345
"1099","YDR141C",15,12,0,3,0,2,10,3,10,2,0,"synonymous_variant;missense_variant;upstream_gene_variant",224,20,"IV",12,5097,5.097,2.35432607416127,0.25,1.27425,FALSE,1.53438133270751
"1100","YDR142C",2,2,0,0,0,0,2,0,2,0,0,"synonymous_variant",NA,NA,"IV",2,1128,1.128,1.77304964539007,0,0,FALSE,1.33155910322827
"1101","YDR143C",6,6,0,0,0,4,2,0,2,4,0,"missense_variant;synonymous_variant",NA,NA,"IV",6,1833,1.833,3.27332242225859,0,0,FALSE,1.80923255062985
"1102","YDR144C",11,11,0,0,0,3,8,0,8,3,0,"synonymous_variant;missense_variant",NA,NA,"IV",11,1791,1.791,6.14182021217197,0,0,FALSE,2.47826960038087
"1103","YDR145W",13,13,0,0,0,7,6,0,6,7,0,"missense_variant;synonymous_variant",NA,NA,"IV",13,1620,1.62,8.02469135802469,0,0,FALSE,2.83278861866266
"1104","YDR146C",13,8,0,5,0,0,8,5,8,0,0,"synonymous_variant;upstream_gene_variant",829,461,"IV",8,2130,2.13,3.75586854460094,0.625,1.33125,FALSE,1.93800633244604
"1105","YDR147W",6,6,0,0,0,2,4,0,4,2,0,"synonymous_variant;missense_variant",NA,NA,"IV",6,1605,1.605,3.73831775700935,0,0,TRUE,1.93347297809133
"1106","YDR148C",5,5,0,0,0,0,5,0,5,0,0,"synonymous_variant",NA,NA,"IV",5,1392,1.392,3.59195402298851,0,0,FALSE,1.89524510894726
"1107","YDR149C",2,2,0,0,0,1,1,0,1,1,0,"missense_variant;synonymous_variant",NA,NA,"IV",2,NA,NA,NA,0,NA,FALSE,NA
"1108","YDR150W",35,35,0,0,0,17,18,0,18,17,0,"synonymous_variant;missense_variant",NA,NA,"IV",35,8247,8.247,4.24396750333455,0,0,FALSE,2.06008919790735
"1109","YDR151C",17,12,0,5,0,3,9,5,9,3,0,"missense_variant;synonymous_variant;upstream_gene_variant",462,61,"IV",12,978,0.978,12.2699386503067,0.416666666666667,0.4075,FALSE,3.50284722052029
"1110","YDR152W",2,2,0,0,0,0,2,0,2,0,0,"synonymous_variant",NA,NA,"IV",2,798,0.798,2.5062656641604,0,0,FALSE,1.58311896715326
"1111","YDR153C",10,10,0,0,0,4,6,0,6,4,0,"synonymous_variant;missense_variant",NA,NA,"IV",10,1236,1.236,8.09061488673139,0,0,FALSE,2.84440061994287
"1112","YDR156W",3,3,0,0,0,1,2,0,2,1,0,"synonymous_variant;missense_variant",NA,NA,"IV",3,414,0.414,7.2463768115942,0,0,FALSE,2.69190951029083
"1113","YDR157W",4,4,0,0,0,2,2,0,2,2,0,"synonymous_variant;missense_variant",NA,NA,"IV",4,402,0.402,9.9502487562189,0,0,FALSE,3.15440148938256
"1114","YDR158W",4,4,0,0,0,0,4,0,4,0,0,"synonymous_variant",NA,NA,"IV",4,1098,1.098,3.64298724954463,0,0,FALSE,1.90866111437956
"1115","YDR159W",29,29,0,0,0,11,18,0,18,11,0,"synonymous_variant;missense_variant",NA,NA,"IV",29,3906,3.906,7.42447516641065,0,0,FALSE,2.72478901319178
"1116","YDR160W",29,25,0,4,0,8,16,4,17,8,0,"upstream_gene_variant;synonymous_variant;missense_variant;splice_region_variant&stop_retained_variant",222,77,"IV",25,2559,2.559,9.76944118796405,0.16,0.40944,FALSE,3.12561053043466
"1117","YDR161W",12,5,0,7,0,2,3,7,3,2,0,"upstream_gene_variant;missense_variant;synonymous_variant",321,20,"IV",5,1164,1.164,4.29553264604811,1.4,1.6296,FALSE,2.0725666807242
"1118","YDR162C",7,4,0,3,0,0,4,3,4,0,0,"synonymous_variant;upstream_gene_variant",321,3,"IV",4,711,0.711,5.62587904360056,0.75,0.53325,FALSE,2.3718935565494
"1119","YDR163W",4,4,0,0,0,4,0,0,0,4,0,"missense_variant",NA,NA,"IV",4,528,0.528,7.57575757575758,0,0,FALSE,2.7524094128159
"1120","YDR164C",8,8,0,0,0,1,7,0,7,1,0,"synonymous_variant;missense_variant",NA,NA,"IV",8,2175,2.175,3.67816091954023,0,0,FALSE,1.91785320594154
"1121","YDR165W",12,12,0,0,0,6,6,0,6,6,0,"synonymous_variant;missense_variant",NA,NA,"IV",12,1335,1.335,8.98876404494382,0,0,FALSE,2.99812675598345
"1122","YDR166C",22,18,0,4,0,3,15,4,15,3,0,"synonymous_variant;missense_variant;upstream_gene_variant",995,147,"IV",18,2916,2.916,6.17283950617284,0.222222222222222,0.648,FALSE,2.48451997499977
"1123","YDR168W",8,8,0,0,0,3,5,0,5,3,0,"synonymous_variant;missense_variant",NA,NA,"IV",8,1521,1.521,5.25969756738988,0,0,FALSE,2.29340305384594
"1124","YDR169C",8,6,0,2,0,3,3,2,3,3,0,"missense_variant;synonymous_variant;upstream_gene_variant",931,618,"IV",6,1542,1.542,3.89105058365759,0.333333333333333,0.514,FALSE,1.97257460788118
"1125","YDR169C-A",1,1,0,0,0,0,1,0,1,0,0,"synonymous_variant",NA,NA,"IV",1,150,0.15,6.66666666666667,0,0,FALSE,2.58198889747161
"1126","YDR170C",47,28,0,19,0,4,24,19,24,4,0,"synonymous_variant;missense_variant;upstream_gene_variant",880,106,"IV",28,6030,6.03,4.64344941956882,0.678571428571429,4.09178571428571,FALSE,2.15486645051818
"1127","YDR170W-A",17,17,0,0,0,10,7,0,7,10,0,"missense_variant;synonymous_variant",NA,NA,"IV",17,1323,1.323,12.8495842781557,0,0,FALSE,3.58463167956705
"1128","YDR171W",9,9,0,0,0,2,7,0,7,2,0,"synonymous_variant;missense_variant",NA,NA,"IV",9,1128,1.128,7.97872340425532,0,0,FALSE,2.82466341433016
"1129","YDR172W",19,12,0,7,0,5,7,7,7,5,0,"upstream_gene_variant;synonymous_variant;missense_variant",408,66,"IV",12,2058,2.058,5.83090379008746,0.583333333333333,1.2005,FALSE,2.41472644208148
"1130","YDR173C",8,4,0,4,0,1,3,4,3,1,0,"missense_variant;synonymous_variant;upstream_gene_variant",360,65,"IV",4,1068,1.068,3.74531835205992,1,1.068,FALSE,1.93528249929046
"1131","YDR174W",3,3,0,0,0,1,2,0,2,1,0,"missense_variant;synonymous_variant",NA,NA,"IV",3,741,0.741,4.04858299595142,0,0,FALSE,2.01210909146383
"1132","YDR175C",5,5,0,0,0,1,4,0,4,1,0,"synonymous_variant;missense_variant",NA,NA,"IV",5,960,0.96,5.20833333333333,0,0,FALSE,2.28217732293819
"1133","YDR176W",13,13,0,0,0,5,8,0,8,5,0,"synonymous_variant;missense_variant",NA,NA,"IV",13,2109,2.109,6.16405879563774,0,0,FALSE,2.48275226223595
"1134","YDR177W",2,2,0,0,0,0,2,0,2,0,0,"synonymous_variant",NA,NA,"IV",2,648,0.648,3.08641975308642,0,0,FALSE,1.75682092231577
"1135","YDR179C",6,2,0,4,0,1,1,4,1,1,0,"missense_variant;synonymous_variant;upstream_gene_variant",193,46,"IV",2,489,0.489,4.08997955010225,2,0.978,FALSE,2.02236978569752
"1136","YDR179W-A",17,17,0,0,0,8,9,0,9,8,0,"synonymous_variant;missense_variant",NA,NA,"IV",17,1392,1.392,12.2126436781609,0,0,FALSE,3.49465930788123
"1137","YDR180W",23,23,0,0,0,8,15,0,15,8,0,"synonymous_variant;missense_variant",NA,NA,"IV",23,4482,4.482,5.13163766175814,0,0,FALSE,2.26531182439817
"1138","YDR181C",13,9,0,4,0,4,5,4,5,4,0,"synonymous_variant;missense_variant;upstream_gene_variant",226,70,"IV",9,1446,1.446,6.22406639004149,0.444444444444444,0.642666666666667,FALSE,2.49480788639957
"1139","YDR182W",7,7,0,0,0,5,2,0,2,5,0,"missense_variant;synonymous_variant",NA,NA,"IV",7,1476,1.476,4.74254742547426,0,0,FALSE,2.17773906276079
"1140","YDR183C-A",1,1,0,0,0,0,1,0,1,0,0,"synonymous_variant",NA,NA,"IV",1,NA,NA,NA,0,NA,FALSE,NA
"1141","YDR183W",6,6,0,0,0,3,2,0,3,3,0,"synonymous_variant;missense_variant;splice_region_variant&stop_retained_variant",NA,NA,"IV",6,693,0.693,8.65800865800866,0,0,FALSE,2.9424494316825
"1142","YDR184C",5,5,0,0,0,1,4,0,4,1,0,"missense_variant;synonymous_variant",NA,NA,"IV",5,885,0.885,5.64971751412429,0,0,FALSE,2.37691344270764
"1143","YDR185C",1,1,0,0,0,0,1,0,1,0,0,"synonymous_variant",NA,NA,"IV",1,540,0.54,1.85185185185185,0,0,FALSE,1.36082763487954
"1144","YDR186C",16,16,0,0,0,8,8,0,8,8,0,"synonymous_variant;missense_variant",NA,NA,"IV",16,2634,2.634,6.07441154138193,0,0,FALSE,2.46463213104551
"1145","YDR187C",3,3,0,0,0,1,2,0,2,1,0,"missense_variant;synonymous_variant",NA,NA,"IV",3,NA,NA,NA,0,NA,FALSE,NA
"1146","YDR188W",6,6,0,0,0,1,5,0,5,1,0,"synonymous_variant;missense_variant",NA,NA,"IV",6,1641,1.641,3.6563071297989,0,0,FALSE,1.91214725630609
"1147","YDR189W",11,11,0,0,0,2,9,0,9,2,0,"synonymous_variant;missense_variant",NA,NA,"IV",11,2001,2.001,5.49725137431284,0,0,FALSE,2.34462179771341
"1148","YDR190C",8,3,0,5,0,0,3,5,3,0,0,"synonymous_variant;upstream_gene_variant",340,33,"IV",3,1392,1.392,2.1551724137931,1.66666666666667,2.32,FALSE,1.46805054878676
"1149","YDR191W",8,8,0,0,0,4,4,0,4,4,0,"missense_variant;synonymous_variant",NA,NA,"IV",8,1113,1.113,7.18778077268643,0,0,FALSE,2.68100368755555
"1150","YDR192C",13,13,0,0,0,4,9,0,9,4,0,"synonymous_variant;missense_variant",NA,NA,"IV",13,1293,1.293,10.0541376643465,0,0,FALSE,3.17082602240276
"1151","YDR194C",11,11,0,0,0,3,8,0,8,3,0,"missense_variant;synonymous_variant",NA,NA,"IV",11,1995,1.995,5.51378446115288,0,0,FALSE,2.34814489781889
"1152","YDR194W-A",1,1,0,0,0,0,1,0,1,0,0,"synonymous_variant",NA,NA,"IV",1,153,0.153,6.5359477124183,0,0,FALSE,2.55654996282457
"1153","YDR195W",9,9,0,0,0,3,6,0,6,3,0,"synonymous_variant;missense_variant",NA,NA,"IV",9,1602,1.602,5.61797752808989,0,0,FALSE,2.37022731569989
"1154","YDR196C",6,6,0,0,0,2,4,0,4,2,0,"synonymous_variant;missense_variant",NA,NA,"IV",6,726,0.726,8.26446280991736,0,0,FALSE,2.87479787288034
"1155","YDR197W",7,7,0,0,0,3,4,0,4,3,0,"synonymous_variant;missense_variant",NA,NA,"IV",7,1170,1.17,5.98290598290598,0,0,FALSE,2.44599795235114
"1156","YDR198C",11,11,0,0,0,5,6,0,6,5,0,"missense_variant;synonymous_variant",NA,NA,"IV",11,1440,1.44,7.63888888888889,0,0,FALSE,2.76385399196283
"1157","YDR199W",3,3,0,0,0,2,1,0,1,2,0,"missense_variant;synonymous_variant",NA,NA,"IV",3,NA,NA,NA,0,NA,FALSE,NA
"1158","YDR200C",4,4,0,0,0,3,1,0,1,3,0,"synonymous_variant;missense_variant",NA,NA,"IV",4,1815,1.815,2.20385674931129,0,0,FALSE,1.48453923805041
"1159","YDR201W",2,2,0,0,0,1,1,0,1,1,0,"missense_variant;synonymous_variant",NA,NA,"IV",2,498,0.498,4.01606425702811,0,0,FALSE,2.00401204014051
"1160","YDR202C",2,2,0,0,0,0,2,0,2,0,0,"synonymous_variant",NA,NA,"IV",2,1056,1.056,1.89393939393939,0,0,FALSE,1.37620470640795
"1161","YDR204W",3,3,0,0,0,0,3,0,3,0,0,"synonymous_variant",NA,NA,"IV",3,1008,1.008,2.97619047619048,0,0,FALSE,1.72516389835589
"1162","YDR205W",13,13,0,0,0,3,10,0,10,3,0,"synonymous_variant;missense_variant",NA,NA,"IV",13,2175,2.175,5.97701149425287,0,0,FALSE,2.44479273032559
"1163","YDR206W",15,15,0,0,0,6,9,0,9,6,0,"missense_variant;synonymous_variant",NA,NA,"IV",15,2655,2.655,5.64971751412429,0,0,FALSE,2.37691344270764
"1164","YDR207C",30,21,0,9,0,6,15,9,15,6,0,"synonymous_variant;missense_variant;upstream_gene_variant",505,24,"IV",21,2511,2.511,8.36320191158901,0.428571428571429,1.07614285714286,FALSE,2.89192010809237
"1165","YDR208W",12,12,0,0,0,6,6,0,6,6,0,"missense_variant;synonymous_variant",NA,NA,"IV",12,2340,2.34,5.12820512820513,0,0,FALSE,2.26455406828919
"1166","YDR209C",2,2,0,0,0,2,0,0,0,2,0,"missense_variant",NA,NA,"IV",2,414,0.414,4.83091787439614,0,0,FALSE,2.19793491131929
"1167","YDR210C-D",6,0,0,6,0,0,0,6,0,0,0,"upstream_gene_variant",670,341,"IV",0,5269,5.269,0,NA,NA,FALSE,0
"1168","YDR211W",9,9,0,0,0,2,7,0,7,2,0,"missense_variant;synonymous_variant",NA,NA,"IV",9,2139,2.139,4.20757363253857,0,0,FALSE,2.05123709807973
"1169","YDR212W",11,11,0,0,0,0,11,0,11,0,0,"synonymous_variant",NA,NA,"IV",11,1680,1.68,6.54761904761905,0,0,FALSE,2.5588315785958
"1170","YDR213W",12,8,0,4,0,5,3,4,3,5,0,"upstream_gene_variant;missense_variant;synonymous_variant",629,12,"IV",8,2742,2.742,2.91757840991977,0.5,1.371,FALSE,1.70809203789485
"1171","YDR214W",12,8,0,4,0,4,4,4,4,4,0,"upstream_gene_variant;synonymous_variant;missense_variant",213,16,"IV",8,1053,1.053,7.59734093067426,0.5,0.5265,FALSE,2.75632743531574
"1172","YDR215C",1,1,0,0,0,0,0,0,0,0,1,"stop_gained",NA,NA,"IV",1,414,0.414,2.41545893719807,0,0,FALSE,1.55417468040052
"1173","YDR216W",20,20,0,0,0,3,17,0,17,3,0,"synonymous_variant;missense_variant",NA,NA,"IV",20,3972,3.972,5.03524672708963,0,0,FALSE,2.243935544326
"1174","YDR217C",21,19,0,2,0,12,7,2,7,12,0,"synonymous_variant;missense_variant;upstream_gene_variant",131,37,"IV",19,3930,3.93,4.83460559796438,0.105263157894737,0.413684210526316,FALSE,2.19877365773842
"1175","YDR218C",4,4,0,0,0,3,1,0,1,3,0,"missense_variant;synonymous_variant",NA,NA,"IV",4,1272,1.272,3.14465408805031,0,0,FALSE,1.77331725532977
"1176","YDR219C",5,5,0,0,0,3,2,0,2,3,0,"missense_variant;synonymous_variant",NA,NA,"IV",5,1398,1.398,3.57653791130186,0,0,FALSE,1.89117368618058
"1177","YDR220C",4,4,0,0,0,3,1,0,1,3,0,"missense_variant;synonymous_variant",NA,NA,"IV",4,NA,NA,NA,0,NA,FALSE,NA
"1178","YDR221W",21,21,0,0,0,9,12,0,12,9,0,"synonymous_variant;missense_variant",NA,NA,"IV",21,2109,2.109,9.95732574679943,0,0,FALSE,3.155523054392
"1179","YDR222W",6,6,0,0,0,2,4,0,4,2,0,"missense_variant;synonymous_variant",NA,NA,"IV",6,1248,1.248,4.80769230769231,0,0,FALSE,2.19264504826757
"1180","YDR223W",17,17,0,0,0,7,10,0,10,7,0,"missense_variant;synonymous_variant",NA,NA,"IV",17,1404,1.404,12.1082621082621,0,0,FALSE,3.47969281808928
"1181","YDR224C",8,1,0,7,0,0,1,7,1,0,0,"synonymous_variant;upstream_gene_variant",795,104,"IV",1,396,0.396,2.52525252525253,7,2.772,FALSE,1.58910431540932
"1182","YDR226W",1,1,0,0,0,1,0,0,0,1,0,"missense_variant",NA,NA,"IV",1,669,0.669,1.49476831091181,0,0,FALSE,1.22260717767884
"1183","YDR227W",29,29,0,0,0,22,7,0,7,22,0,"missense_variant;synonymous_variant",NA,NA,"IV",29,4077,4.077,7.1130733382389,0,0,FALSE,2.667034558876
"1184","YDR228C",26,14,0,12,0,2,12,12,12,2,0,"synonymous_variant;missense_variant;upstream_gene_variant",892,146,"IV",14,1881,1.881,7.44284954811271,0.857142857142857,1.61228571428571,FALSE,2.72815863690378
"1185","YDR229W",8,8,0,0,0,2,6,0,6,2,0,"synonymous_variant;missense_variant",NA,NA,"IV",8,1362,1.362,5.87371512481645,0,0,FALSE,2.42357486470223
"1186","YDR230W",4,4,0,0,0,2,2,0,2,2,0,"synonymous_variant;missense_variant",NA,NA,"IV",4,NA,NA,NA,0,NA,FALSE,NA
"1187","YDR231C",5,5,0,0,0,3,2,0,2,3,0,"synonymous_variant;missense_variant",NA,NA,"IV",5,618,0.618,8.09061488673139,0,0,FALSE,2.84440061994287
"1188","YDR232W",9,9,0,0,0,2,7,0,7,2,0,"missense_variant;synonymous_variant",NA,NA,"IV",9,1647,1.647,5.46448087431694,0,0,FALSE,2.33762291106092
"1189","YDR233C",8,8,0,0,0,5,3,0,3,5,0,"missense_variant;synonymous_variant",NA,NA,"IV",8,888,0.888,9.00900900900901,0,0,FALSE,3.00150112593832
"1190","YDR234W",10,10,0,0,0,7,3,0,3,7,0,"missense_variant;synonymous_variant",NA,NA,"IV",10,2082,2.082,4.8030739673391,0,0,FALSE,2.19159165159459
"1191","YDR235W",19,19,0,0,0,6,12,0,13,6,0,"synonymous_variant;missense_variant;splice_region_variant&stop_retained_variant",NA,NA,"IV",19,1635,1.635,11.6207951070336,0,0,FALSE,3.4089287330529
"1192","YDR236C",11,2,0,9,0,0,2,9,2,0,0,"synonymous_variant;upstream_gene_variant",594,39,"IV",2,657,0.657,3.0441400304414,4.5,2.9565,FALSE,1.74474640863405
"1193","YDR237W",7,7,0,0,0,3,4,0,4,3,0,"missense_variant;synonymous_variant",NA,NA,"IV",7,879,0.879,7.96359499431172,0,0,FALSE,2.8219842299899
"1194","YDR238C",16,13,0,3,0,1,12,3,12,1,0,"synonymous_variant;missense_variant;upstream_gene_variant",223,156,"IV",13,2922,2.922,4.44900752908966,0.230769230769231,0.674307692307692,FALSE,2.10926705968914
"1195","YDR239C",14,14,0,0,0,6,8,0,8,6,0,"synonymous_variant;missense_variant",NA,NA,"IV",14,2364,2.364,5.92216582064298,0,0,FALSE,2.43355004481991
"1196","YDR240C",10,10,0,0,0,7,3,0,3,7,0,"missense_variant;synonymous_variant",NA,NA,"IV",10,1479,1.479,6.76132521974307,0,0,FALSE,2.60025483746172
"1197","YDR241W",2,2,0,0,0,2,0,0,0,2,0,"missense_variant",NA,NA,"IV",2,NA,NA,NA,0,NA,FALSE,NA
"1198","YDR242W",14,14,0,0,0,6,8,0,8,6,0,"missense_variant;synonymous_variant",NA,NA,"IV",14,1650,1.65,8.48484848484848,0,0,FALSE,2.91287632501768
"1199","YDR243C",14,11,0,3,0,2,9,3,9,2,0,"synonymous_variant;missense_variant;upstream_gene_variant",127,23,"IV",11,1767,1.767,6.22524052065648,0.272727272727273,0.481909090909091,FALSE,2.4950431901385
"1200","YDR244W",11,11,0,0,0,4,7,0,7,4,0,"missense_variant;synonymous_variant",NA,NA,"IV",11,1839,1.839,5.98151169113649,0,0,FALSE,2.44571292083443
"1201","YDR245W",6,6,0,0,0,1,5,0,5,1,0,"synonymous_variant;missense_variant",NA,NA,"IV",6,1182,1.182,5.0761421319797,0,0,FALSE,2.25302954529666
"1202","YDR246W",3,3,0,0,0,1,2,0,2,1,0,"missense_variant;synonymous_variant",NA,NA,"IV",3,660,0.66,4.54545454545454,0,0,FALSE,2.1320071635561
"1203","YDR246W-A",3,3,0,0,0,2,1,0,1,2,0,"missense_variant;synonymous_variant",NA,NA,"IV",3,201,0.201,14.9253731343284,0,0,FALSE,3.86333704643128
"1204","YDR247W",15,6,0,9,0,0,6,9,6,0,0,"upstream_gene_variant;synonymous_variant",678,58,"IV",6,1386,1.386,4.32900432900433,1.5,2.079,FALSE,2.0806259464412
"1205","YDR248C",5,1,0,4,0,0,1,4,1,0,0,"synonymous_variant;upstream_gene_variant",269,52,"IV",1,582,0.582,1.71821305841924,4,2.328,FALSE,1.31080626273269
"1206","YDR249C",7,7,0,0,0,1,6,0,6,1,0,"synonymous_variant;missense_variant",NA,NA,"IV",7,1122,1.122,6.23885918003565,0,0,FALSE,2.49777084217821
"1207","YDR250C",2,2,0,0,0,1,1,0,1,1,0,"missense_variant;synonymous_variant",NA,NA,"IV",2,NA,NA,NA,0,NA,FALSE,NA
"1208","YDR251W",21,21,0,0,0,11,10,0,10,11,0,"synonymous_variant;missense_variant",NA,NA,"IV",21,2493,2.493,8.42358604091456,0,0,FALSE,2.90234147558735
"1209","YDR252W",3,3,0,0,0,1,2,0,2,1,0,"missense_variant;synonymous_variant",NA,NA,"IV",3,450,0.45,6.66666666666667,0,0,FALSE,2.58198889747161
"1210","YDR253C",1,1,0,0,0,1,0,0,0,1,0,"missense_variant",NA,NA,"IV",1,576,0.576,1.73611111111111,0,0,FALSE,1.31761569173682
"1211","YDR254W",9,9,0,0,0,4,5,0,5,4,0,"synonymous_variant;missense_variant",NA,NA,"IV",9,1377,1.377,6.5359477124183,0,0,FALSE,2.55654996282457
"1212","YDR255C",15,15,0,0,0,2,13,0,13,2,0,"synonymous_variant;missense_variant",NA,NA,"IV",15,1266,1.266,11.8483412322275,0,0,FALSE,3.44214195410757
"1213","YDR256C",6,6,0,0,0,1,5,0,5,1,0,"synonymous_variant;missense_variant",NA,NA,"IV",6,1548,1.548,3.87596899224806,0,0,FALSE,1.96874807739539
"1214","YDR257C",9,9,0,0,0,4,5,0,5,4,0,"synonymous_variant;missense_variant",NA,NA,"IV",9,1485,1.485,6.06060606060606,0,0,FALSE,2.46182981958665
"1215","YDR258C",12,12,0,0,0,1,11,0,11,1,0,"missense_variant;synonymous_variant",NA,NA,"IV",12,2436,2.436,4.92610837438424,0,0,FALSE,2.21948380809238
"1216","YDR259C",12,12,0,0,0,3,8,0,9,3,0,"splice_region_variant&stop_retained_variant;missense_variant;synonymous_variant",NA,NA,"IV",12,1152,1.152,10.4166666666667,0,0,FALSE,3.22748612183951
"1217","YDR260C",2,2,0,0,0,2,0,0,0,2,0,"missense_variant",NA,NA,"IV",2,513,0.513,3.89863547758285,0,0,FALSE,1.97449625919697
"1218","YDR261C",11,11,0,0,0,5,6,0,6,5,0,"missense_variant;synonymous_variant",NA,NA,"IV",11,1689,1.689,6.51272942569568,0,0,FALSE,2.55200498151859
"1219","YDR261C-D",12,0,0,12,0,0,0,12,0,0,0,"upstream_gene_variant",779,54,"IV",0,4816,4.816,0,NA,NA,FALSE,0
"1220","YDR262W",6,6,0,0,0,3,3,0,3,3,0,"missense_variant;synonymous_variant",NA,NA,"IV",6,819,0.819,7.32600732600733,0,0,FALSE,2.70665980980383
"1221","YDR263C",2,2,0,0,0,0,2,0,2,0,0,"synonymous_variant",NA,NA,"IV",2,1293,1.293,1.54679040989946,0,0,FALSE,1.24370028941842
"1222","YDR264C",5,5,0,0,0,1,4,0,4,1,0,"synonymous_variant;missense_variant",NA,NA,"IV",5,2295,2.295,2.17864923747277,0,0,FALSE,1.47602480923349
"1223","YDR265W",8,8,0,0,0,2,6,0,6,2,0,"synonymous_variant;missense_variant",NA,NA,"IV",8,1014,1.014,7.88954635108481,0,0,FALSE,2.80883362823162
"1224","YDR266C",6,6,0,0,0,2,4,0,4,2,0,"synonymous_variant;missense_variant",NA,NA,"IV",6,1920,1.92,3.125,0,0,FALSE,1.76776695296637
"1225","YDR267C",4,4,0,0,0,1,3,0,3,1,0,"synonymous_variant;missense_variant",NA,NA,"IV",4,993,0.993,4.0281973816717,0,0,FALSE,2.00703696569637
"1226","YDR268W",4,4,0,0,0,2,2,0,2,2,0,"missense_variant;synonymous_variant",NA,NA,"IV",4,1140,1.14,3.50877192982456,0,0,FALSE,1.87317162316339
"1227","YDR269C",2,2,0,0,0,0,2,0,2,0,0,"synonymous_variant",NA,NA,"IV",2,NA,NA,NA,0,NA,FALSE,NA
"1228","YDR270W",17,17,0,0,0,8,8,0,8,8,1,"missense_variant;synonymous_variant;stop_gained",NA,NA,"IV",17,3015,3.015,5.63847429519071,0,0,FALSE,2.37454717687198
"1229","YDR271C",1,1,0,0,0,1,0,0,0,1,0,"missense_variant",NA,NA,"IV",1,NA,NA,NA,0,NA,FALSE,NA
"1230","YDR272W",2,2,0,0,0,0,2,0,2,0,0,"synonymous_variant",NA,NA,"IV",2,825,0.825,2.42424242424242,0,0,FALSE,1.55699788832305
"1231","YDR273W",12,12,0,0,0,4,8,0,8,4,0,"synonymous_variant;missense_variant",NA,NA,"IV",12,1098,1.098,10.9289617486339,0,0,FALSE,3.30589802453643
"1232","YDR274C",1,1,0,0,0,1,0,0,0,1,0,"missense_variant",NA,NA,"IV",1,372,0.372,2.68817204301075,0,0,FALSE,1.63956458945988
"1233","YDR275W",6,6,0,0,0,5,1,0,1,5,0,"missense_variant;synonymous_variant",NA,NA,"IV",6,708,0.708,8.47457627118644,0,0,FALSE,2.91111254869791
"1234","YDR277C",4,4,0,0,0,1,3,0,3,1,0,"synonymous_variant;missense_variant",NA,NA,"IV",4,1302,1.302,3.07219662058372,0,0,FALSE,1.75276827349873
"1235","YDR278C",4,4,0,0,0,2,2,0,2,2,0,"missense_variant;synonymous_variant",NA,NA,"IV",4,NA,NA,NA,0,NA,FALSE,NA
"1236","YDR279W",12,12,0,0,0,10,2,0,2,10,0,"missense_variant;synonymous_variant",NA,NA,"IV",12,1053,1.053,11.3960113960114,0,0,FALSE,3.37579789027889
"1237","YDR280W",2,2,0,0,0,1,1,0,1,1,0,"missense_variant;synonymous_variant",NA,NA,"IV",2,918,0.918,2.17864923747277,0,0,FALSE,1.47602480923349
"1238","YDR281C",7,1,0,6,0,1,0,6,0,1,0,"missense_variant;upstream_gene_variant",737,96,"IV",1,315,0.315,3.17460317460317,6,1.89,FALSE,1.7817416127495
"1239","YDR282C",5,5,0,0,0,3,2,0,2,3,0,"synonymous_variant;missense_variant",NA,NA,"IV",5,1245,1.245,4.01606425702811,0,0,FALSE,2.00401204014051
"1240","YDR283C",23,17,0,6,0,4,13,6,13,4,0,"synonymous_variant;missense_variant;upstream_gene_variant",352,94,"IV",17,4980,4.98,3.4136546184739,0.352941176470588,1.75764705882353,FALSE,1.84760780970256
"1241","YDR284C",4,4,0,0,0,1,3,0,3,1,0,"synonymous_variant;missense_variant",NA,NA,"IV",4,870,0.87,4.59770114942529,0,0,FALSE,2.14422506967559
"1242","YDR285W",27,27,0,0,0,10,17,0,17,10,0,"synonymous_variant;missense_variant",NA,NA,"IV",27,2628,2.628,10.2739726027397,0,0,FALSE,3.20530382378016
"1243","YDR286C",1,1,0,0,0,0,1,0,1,0,0,"synonymous_variant",NA,NA,"IV",1,345,0.345,2.89855072463768,0,0,FALSE,1.7025130615175
"1244","YDR287W",11,11,0,0,0,5,6,0,6,5,0,"synonymous_variant;missense_variant",NA,NA,"IV",11,879,0.879,12.514220705347,0,0,FALSE,3.53754444570623
"1245","YDR288W",13,13,0,0,0,6,7,0,7,6,0,"missense_variant;synonymous_variant",NA,NA,"IV",13,912,0.912,14.2543859649123,0,0,FALSE,3.7754981081855
"1246","YDR289C",7,7,0,0,0,4,3,0,3,4,0,"synonymous_variant;missense_variant",NA,NA,"IV",7,1230,1.23,5.69105691056911,0,0,FALSE,2.38559361806849
"1247","YDR291W",20,20,0,0,0,5,15,0,15,5,0,"missense_variant;synonymous_variant",NA,NA,"IV",20,3234,3.234,6.18429189857761,0,0,FALSE,2.48682365650997
"1248","YDR292C",17,9,0,8,0,1,8,8,8,1,0,"synonymous_variant;missense_variant;upstream_gene_variant",471,51,"IV",9,1866,1.866,4.82315112540193,0.888888888888889,1.65866666666667,FALSE,2.19616737190086
"1249","YDR293C",26,23,0,3,0,5,18,3,18,5,0,"synonymous_variant;missense_variant;upstream_gene_variant",977,728,"IV",23,3753,3.753,6.12843058886224,0.130434782608696,0.489521739130435,FALSE,2.47556672074542
"1250","YDR294C",15,15,0,0,0,4,11,0,11,4,0,"missense_variant;synonymous_variant",NA,NA,"IV",15,1770,1.77,8.47457627118644,0,0,FALSE,2.91111254869791
"1251","YDR295C",27,27,0,0,0,11,16,0,16,11,0,"synonymous_variant;missense_variant",NA,NA,"IV",27,2025,2.025,13.3333333333333,0,0,FALSE,3.65148371670111
"1252","YDR296W",9,9,0,0,0,3,6,0,6,3,0,"synonymous_variant;missense_variant",NA,NA,"IV",9,681,0.681,13.215859030837,0,0,FALSE,3.63536229705335
"1253","YDR297W",12,12,0,0,0,3,9,0,9,3,0,"synonymous_variant;missense_variant",NA,NA,"IV",12,1050,1.05,11.4285714285714,0,0,FALSE,3.38061701891407
"1254","YDR298C",7,7,0,0,0,0,7,0,7,0,0,"synonymous_variant",NA,NA,"IV",7,639,0.639,10.9546165884194,0,0,FALSE,3.30977591211541
"1255","YDR299W",9,9,0,0,0,2,7,0,7,2,0,"synonymous_variant;missense_variant",NA,NA,"IV",9,1605,1.605,5.60747663551402,0,0,FALSE,2.36801111389157
"1256","YDR300C",3,3,0,0,0,1,2,0,2,1,0,"synonymous_variant;missense_variant",NA,NA,"IV",3,1287,1.287,2.33100233100233,0,0,FALSE,1.52676204138115
"1257","YDR301W",18,18,0,0,0,4,14,0,14,4,0,"synonymous_variant;missense_variant",NA,NA,"IV",18,4074,4.074,4.41826215022091,0,0,FALSE,2.10196625810714
"1258","YDR302W",4,4,0,0,0,0,4,0,4,0,0,"synonymous_variant",NA,NA,"IV",4,660,0.66,6.06060606060606,0,0,FALSE,2.46182981958665
"1259","YDR303C",10,8,0,2,0,1,7,2,7,1,0,"synonymous_variant;missense_variant;upstream_gene_variant",385,172,"IV",8,2658,2.658,3.00978179082017,0.25,0.6645,FALSE,1.73487226930981
"1260","YDR304C",1,1,0,0,0,0,1,0,1,0,0,"synonymous_variant",NA,NA,"IV",1,678,0.678,1.47492625368732,0,0,FALSE,1.21446541889315
"1261","YDR305C",6,6,0,0,0,3,3,0,3,3,0,"missense_variant;synonymous_variant",NA,NA,"IV",6,743,0.743,8.07537012113055,0,0,FALSE,2.84171957116295
"1262","YDR306C",18,18,0,0,0,4,14,0,14,4,0,"synonymous_variant;missense_variant",NA,NA,"IV",18,1437,1.437,12.5260960334029,0,0,FALSE,3.53922251820974
"1263","YDR307W",15,15,0,0,0,8,6,0,6,8,1,"missense_variant;synonymous_variant;stop_lost&splice_region_variant",NA,NA,"IV",15,1989,1.989,7.54147812971342,0,0,FALSE,2.74617518190545
"1264","YDR309C",12,12,0,0,0,2,10,0,10,2,0,"synonymous_variant;missense_variant",NA,NA,"IV",12,1152,1.152,10.4166666666667,0,0,FALSE,3.22748612183951
"1265","YDR310C",27,27,0,0,0,15,12,0,12,15,0,"synonymous_variant;missense_variant",NA,NA,"IV",27,3189,3.189,8.46660395108184,0,0,FALSE,2.90974293556696
"1266","YDR311W",9,9,0,0,0,0,9,0,9,0,0,"synonymous_variant",NA,NA,"IV",9,1929,1.929,4.6656298600311,0,0,FALSE,2.16000691203318
"1267","YDR312W",10,10,0,0,0,3,7,0,7,3,0,"synonymous_variant;missense_variant",NA,NA,"IV",10,1362,1.362,7.34214390602056,0,0,FALSE,2.70963907301702
"1268","YDR313C",13,5,0,8,0,3,2,8,2,3,0,"missense_variant;synonymous_variant;upstream_gene_variant",204,3,"IV",5,861,0.861,5.80720092915215,1.6,1.3776,FALSE,2.4098134635594
"1269","YDR314C",12,12,0,0,0,4,8,0,8,4,0,"missense_variant;synonymous_variant",NA,NA,"IV",12,2079,2.079,5.77200577200577,0,0,FALSE,2.40249990052149
"1270","YDR315C",6,6,0,0,0,5,1,0,1,5,0,"missense_variant;synonymous_variant",NA,NA,"IV",6,846,0.846,7.09219858156028,0,0,FALSE,2.66311820645654
"1271","YDR316W",4,4,0,0,0,1,3,0,3,1,0,"synonymous_variant;missense_variant",NA,NA,"IV",4,1416,1.416,2.82485875706215,0,0,FALSE,1.68073161363204
"1272","YDR317W",22,14,0,8,0,7,7,8,7,7,0,"upstream_gene_variant;synonymous_variant;missense_variant",522,88,"IV",14,1245,1.245,11.2449799196787,0.571428571428571,0.711428571428571,FALSE,3.35335353335712
"1273","YDR318W",15,10,0,5,0,8,0,5,0,8,2,"upstream_gene_variant;missense_variant;stop_gained;stop_lost",303,166,"IV",10,1190,1.19,8.40336134453782,0.5,0.595,FALSE,2.89885517826224
"1274","YDR319C",7,6,0,1,0,1,5,1,5,1,0,"missense_variant;synonymous_variant;upstream_gene_variant",45,45,"IV",6,825,0.825,7.27272727272727,0.166666666666667,0.1375,FALSE,2.69679944985297
"1275","YDR320C",18,18,0,0,0,11,7,0,7,11,0,"missense_variant;synonymous_variant",NA,NA,"IV",18,2007,2.007,8.96860986547085,0,0,FALSE,2.9947637411774
"1276","YDR320C-A",1,1,0,0,0,0,1,0,1,0,0,"synonymous_variant",NA,NA,"IV",1,219,0.219,4.5662100456621,0,0,FALSE,2.13686921585344
"1277","YDR320W-B",2,2,0,0,0,1,0,0,0,1,1,"start_lost;missense_variant",NA,NA,"IV",2,NA,NA,NA,0,NA,FALSE,NA
"1278","YDR321W",6,6,0,0,0,0,6,0,6,0,0,"synonymous_variant",NA,NA,"IV",6,1146,1.146,5.23560209424084,0,0,FALSE,2.28814380978138
"1279","YDR322W",7,7,0,0,0,4,3,0,3,4,0,"synonymous_variant;missense_variant",NA,NA,"IV",7,1104,1.104,6.34057971014493,0,0,FALSE,2.51805077592667
"1280","YDR323C",15,15,0,0,0,9,6,0,6,9,0,"missense_variant;synonymous_variant",NA,NA,"IV",15,1548,1.548,9.68992248062015,0,0,FALSE,3.11286403182345
"1281","YDR324C",10,10,0,0,0,2,8,0,8,2,0,"synonymous_variant;missense_variant",NA,NA,"IV",10,2331,2.331,4.29000429000429,0,0,FALSE,2.07123255333733
"1282","YDR325W",20,20,0,0,0,6,14,0,14,6,0,"synonymous_variant;missense_variant",NA,NA,"IV",20,3108,3.108,6.43500643500643,0,0,FALSE,2.53673144715921
"1283","YDR326C",32,26,0,6,0,9,17,6,17,9,0,"missense_variant;synonymous_variant;upstream_gene_variant",303,146,"IV",26,4317,4.317,6.02270094973361,0.230769230769231,0.996230769230769,FALSE,2.45411918001828
"1284","YDR327W",1,1,0,0,0,1,0,0,0,1,0,"missense_variant",NA,NA,"IV",1,NA,NA,NA,0,NA,FALSE,NA
"1285","YDR329C",12,12,0,0,0,2,10,0,10,2,0,"synonymous_variant;missense_variant",NA,NA,"IV",12,1326,1.326,9.04977375565611,0,0,FALSE,3.00828418798093
"1286","YDR330W",8,8,0,0,0,0,8,0,8,0,0,"synonymous_variant",NA,NA,"IV",8,1503,1.503,5.3226879574185,0,0,FALSE,2.30709513401994
"1287","YDR331W",2,2,0,0,0,1,1,0,1,1,0,"synonymous_variant;missense_variant",NA,NA,"IV",2,1236,1.236,1.61812297734628,0,0,FALSE,1.27205462828696
"1288","YDR332W",8,8,0,0,0,4,4,0,4,4,0,"missense_variant;synonymous_variant",NA,NA,"IV",8,2070,2.07,3.86473429951691,0,0,FALSE,1.96589274873196
"1289","YDR333C",11,10,0,1,0,5,5,1,5,5,0,"synonymous_variant;missense_variant;upstream_gene_variant",153,153,"IV",10,2172,2.172,4.60405156537753,0.1,0.2172,FALSE,2.14570537711437
"1290","YDR334W",30,30,0,0,0,13,17,0,17,13,0,"missense_variant;synonymous_variant",NA,NA,"IV",30,4545,4.545,6.6006600660066,0,0,FALSE,2.56917497769354
"1291","YDR335W",16,15,0,1,0,3,12,1,12,3,0,"upstream_gene_variant;synonymous_variant;missense_variant",129,129,"IV",15,3675,3.675,4.08163265306122,0.0666666666666667,0.245,FALSE,2.02030508910442
"1292","YDR336W",2,2,0,0,0,1,1,0,1,1,0,"missense_variant;synonymous_variant",NA,NA,"IV",2,945,0.945,2.11640211640212,0,0,FALSE,1.45478593490662
"1293","YDR337W",5,5,0,0,0,2,3,0,3,2,0,"missense_variant;synonymous_variant",NA,NA,"IV",5,861,0.861,5.80720092915215,0,0,FALSE,2.4098134635594
"1294","YDR338C",25,19,0,6,0,3,16,6,16,3,0,"missense_variant;synonymous_variant;upstream_gene_variant",307,12,"IV",19,2088,2.088,9.09961685823755,0.31578947368421,0.659368421052632,FALSE,3.01655712000246
"1295","YDR339C",6,6,0,0,0,2,4,0,4,2,0,"synonymous_variant;missense_variant",NA,NA,"IV",6,570,0.57,10.5263157894737,0,0,FALSE,3.24442842261525
"1296","YDR340W",8,8,0,0,0,5,3,0,3,5,0,"missense_variant;synonymous_variant",NA,NA,"IV",8,NA,NA,NA,0,NA,FALSE,NA
"1297","YDR341C",7,7,0,0,0,1,6,0,6,1,0,"synonymous_variant;missense_variant",NA,NA,"IV",7,1824,1.824,3.83771929824561,0,0,FALSE,1.95900977492345
"1298","YDR342C",9,9,0,0,0,3,6,0,6,3,0,"synonymous_variant;missense_variant",NA,NA,"IV",9,1713,1.713,5.25394045534151,0,0,FALSE,2.29214756404153
"1299","YDR343C",14,10,0,4,0,2,8,4,8,2,0,"synonymous_variant;missense_variant;upstream_gene_variant",668,236,"IV",10,1713,1.713,5.83771161704612,0.4,0.6852,FALSE,2.41613567852596
"1300","YDR345C",27,27,0,0,0,6,21,0,21,6,0,"missense_variant;synonymous_variant",NA,NA,"IV",27,1704,1.704,15.8450704225352,0,0,FALSE,3.98058669325706
"1301","YDR346C",15,15,0,0,0,2,13,0,13,2,0,"missense_variant;synonymous_variant",NA,NA,"IV",15,1446,1.446,10.3734439834025,0,0,FALSE,3.22078313200415
"1302","YDR347W",6,6,0,0,0,2,4,0,4,2,0,"missense_variant;synonymous_variant",NA,NA,"IV",6,966,0.966,6.2111801242236,0,0,TRUE,2.49222393139613
"1303","YDR348C",13,13,0,0,0,3,10,0,10,3,0,"synonymous_variant;missense_variant",NA,NA,"IV",13,1500,1.5,8.66666666666667,0,0,FALSE,2.94392028877595
"1304","YDR349C",20,20,0,0,0,8,12,0,12,8,0,"synonymous_variant;missense_variant",NA,NA,"IV",20,1791,1.791,11.1669458403127,0,0,FALSE,3.34169804744724
"1305","YDR350C",22,22,0,0,0,9,13,0,13,9,0,"synonymous_variant;missense_variant",NA,NA,"IV",22,2055,2.055,10.705596107056,0,0,FALSE,3.27194072486895
"1306","YDR351W",23,23,0,0,0,8,15,0,15,8,0,"synonymous_variant;missense_variant",NA,NA,"IV",23,2595,2.595,8.86319845857418,0,0,FALSE,2.97711243633394
"1307","YDR352W",15,15,0,0,0,3,12,0,12,3,0,"synonymous_variant;missense_variant",NA,NA,"IV",15,954,0.954,15.7232704402516,0,0,FALSE,3.96525792859072
"1308","YDR353W",5,4,0,1,0,0,4,1,4,0,0,"upstream_gene_variant;synonymous_variant",75,75,"IV",4,960,0.96,4.16666666666667,0.25,0.24,FALSE,2.04124145231932
"1309","YDR354C-A",4,1,0,3,0,1,0,3,0,1,0,"missense_variant;upstream_gene_variant",773,645,"IV",1,NA,NA,NA,3,NA,FALSE,NA
"1310","YDR354W",19,13,0,6,0,0,13,6,13,0,0,"upstream_gene_variant;synonymous_variant",407,22,"IV",13,1143,1.143,11.3735783027122,0.461538461538462,0.527538461538462,FALSE,3.37247361779335
"1311","YDR355C",3,3,0,0,0,2,1,0,1,2,0,"missense_variant;synonymous_variant",NA,NA,"IV",3,NA,NA,NA,0,NA,FALSE,NA
"1312","YDR356W",20,20,0,0,0,8,12,0,12,8,0,"synonymous_variant;missense_variant",NA,NA,"IV",20,2835,2.835,7.05467372134039,0,0,FALSE,2.65606357629865
"1313","YDR357C",4,4,0,0,0,3,1,0,1,3,0,"missense_variant;synonymous_variant",NA,NA,"IV",4,369,0.369,10.840108401084,0,0,FALSE,3.29243198883197
"1314","YDR358W",9,9,0,0,0,5,4,0,4,5,0,"synonymous_variant;missense_variant",NA,NA,"IV",9,1674,1.674,5.37634408602151,0,0,FALSE,2.31869447880084
"1315","YDR359C",25,21,0,4,0,10,11,4,11,10,0,"synonymous_variant;missense_variant;upstream_gene_variant",516,183,"IV",21,2949,2.949,7.12105798575788,0.19047619047619,0.561714285714286,FALSE,2.66853105392422
"1316","YDR360W",2,2,0,0,0,2,0,0,0,2,0,"missense_variant",NA,NA,"IV",2,NA,NA,NA,0,NA,FALSE,NA
"1317","YDR361C",5,5,0,0,0,1,4,0,4,1,0,"synonymous_variant;missense_variant",NA,NA,"IV",5,852,0.852,5.86854460093897,0,0,FALSE,2.42250791555755
"1318","YDR362C",12,12,0,0,0,6,6,0,6,6,0,"synonymous_variant;missense_variant",NA,NA,"IV",12,2019,2.019,5.94353640416047,0,0,FALSE,2.4379369155416
"1319","YDR363W",8,8,0,0,0,4,4,0,4,4,0,"synonymous_variant;missense_variant",NA,NA,"IV",8,1371,1.371,5.83515681983953,0,0,FALSE,2.41560692577239
"1320","YDR363W-A",1,1,0,0,0,0,1,0,1,0,0,"synonymous_variant",NA,NA,"IV",1,270,0.27,3.7037037037037,0,0,FALSE,1.92450089729875
"1321","YDR364C",11,9,0,2,0,3,6,2,6,3,0,"synonymous_variant;missense_variant;upstream_gene_variant",216,189,"IV",9,1368,1.368,6.57894736842105,0.222222222222222,0.304,FALSE,2.56494588021289
"1322","YDR365C",9,9,0,0,0,2,7,0,7,2,0,"synonymous_variant;missense_variant",NA,NA,"IV",9,1887,1.887,4.76947535771065,0,0,FALSE,2.18391285488012
"1323","YDR366C",5,1,0,4,0,1,0,4,0,1,0,"missense_variant;upstream_gene_variant",989,797,"IV",1,399,0.399,2.5062656641604,4,1.596,FALSE,1.58311896715326
"1324","YDR367W",1,1,0,0,0,1,0,0,0,1,0,"missense_variant",NA,NA,"IV",1,767,0.767,1.30378096479791,0,0,FALSE,1.14183228400581
"1325","YDR368W",4,4,0,0,0,1,3,0,3,1,0,"missense_variant;synonymous_variant",NA,NA,"IV",4,939,0.939,4.25985090521832,0,0,FALSE,2.06394062541012
"1326","YDR369C",23,23,0,0,0,11,12,0,12,11,0,"missense_variant;synonymous_variant",NA,NA,"IV",23,2565,2.565,8.96686159844055,0,0,FALSE,2.99447183964728
"1327","YDR370C",9,9,0,0,0,5,4,0,4,5,0,"missense_variant;synonymous_variant",NA,NA,"IV",9,1329,1.329,6.77200902934537,0,0,FALSE,2.60230840396471
"1328","YDR371C-A",2,2,0,0,0,1,0,0,1,1,0,"splice_region_variant&stop_retained_variant;missense_variant",NA,NA,"IV",2,NA,NA,NA,0,NA,FALSE,NA
"1329","YDR371W",11,11,0,0,0,2,9,0,9,2,0,"synonymous_variant;missense_variant",NA,NA,"IV",11,1536,1.536,7.16145833333333,0,0,FALSE,2.67609012055523
"1330","YDR372C",4,4,0,0,0,1,3,0,3,1,0,"synonymous_variant;missense_variant",NA,NA,"IV",4,1038,1.038,3.85356454720617,0,0,FALSE,1.96304980762236
"1331","YDR373W",1,1,0,0,0,0,1,0,1,0,0,"synonymous_variant",NA,NA,"IV",1,573,0.573,1.74520069808028,0,0,FALSE,1.32106044452185
"1332","YDR374C",7,7,0,0,0,3,4,0,4,3,0,"missense_variant;synonymous_variant",NA,NA,"IV",7,921,0.921,7.60043431053203,0,0,FALSE,2.75688851978676
"1333","YDR374W-A",2,2,0,0,0,1,1,0,1,1,0,"missense_variant;synonymous_variant",NA,NA,"IV",2,270,0.27,7.40740740740741,0,0,FALSE,2.72165526975909
"1334","YDR375C",3,3,0,0,0,0,3,0,3,0,0,"synonymous_variant",NA,NA,"IV",3,1371,1.371,2.18818380743982,0,0,FALSE,1.47925109681887
"1335","YDR376W",9,9,0,0,0,5,4,0,4,5,0,"synonymous_variant;missense_variant",NA,NA,"IV",9,1482,1.482,6.07287449392713,0,0,FALSE,2.46432029045072
"1336","YDR377W",2,2,0,0,0,0,2,0,2,0,0,"synonymous_variant",NA,NA,"IV",2,306,0.306,6.5359477124183,0,0,FALSE,2.55654996282457
"1337","YDR378C",2,2,0,0,0,1,1,0,1,1,0,"synonymous_variant;missense_variant",NA,NA,"IV",2,261,0.261,7.66283524904215,0,0,FALSE,2.76818266179133
"1338","YDR379C-A",1,1,0,0,0,0,1,0,1,0,0,"synonymous_variant",NA,NA,"IV",1,240,0.24,4.16666666666667,0,0,FALSE,2.04124145231932
"1339","YDR379W",19,19,0,0,0,10,9,0,9,10,0,"synonymous_variant;missense_variant",NA,NA,"IV",19,3030,3.03,6.27062706270627,0,0,FALSE,2.50412201434081
"1340","YDR380W",9,9,0,0,0,0,9,0,9,0,0,"synonymous_variant",NA,NA,"IV",9,1908,1.908,4.71698113207547,0,0,TRUE,2.17186121381535
"1341","YDR381C-A",4,1,0,3,0,0,1,3,1,0,0,"synonymous_variant;upstream_gene_variant",504,193,"IV",1,539,0.539,1.85528756957328,3,1.617,FALSE,1.36208941320799
"1342","YDR381W",3,3,0,0,0,1,2,0,2,1,0,"missense_variant;synonymous_variant",NA,NA,"IV",3,1447,1.447,2.07325501036628,0,0,FALSE,1.43988020694997
"1343","YDR382W",3,1,0,2,0,0,1,2,1,0,0,"upstream_gene_variant;synonymous_variant",845,844,"IV",1,333,0.333,3.003003003003,2,0.666,FALSE,1.73291748303345
"1344","YDR383C",11,11,0,0,0,1,10,0,10,1,0,"synonymous_variant;missense_variant",NA,NA,"IV",11,717,0.717,15.3417015341702,0,0,FALSE,3.91684841858479
"1345","YDR384C",2,2,0,0,0,0,2,0,2,0,0,"synonymous_variant",NA,NA,"IV",2,828,0.828,2.41545893719807,0,0,FALSE,1.55417468040052
"1346","YDR386W",6,6,0,0,0,1,5,0,5,1,0,"synonymous_variant;missense_variant",NA,NA,"IV",6,1899,1.899,3.15955766192733,0,0,FALSE,1.7775144618054
"1347","YDR387C",15,12,0,3,0,5,7,3,7,5,0,"synonymous_variant;missense_variant;upstream_gene_variant",332,153,"IV",12,1668,1.668,7.19424460431655,0.25,0.417,FALSE,2.6822089039291
"1348","YDR388W",8,8,0,0,0,2,6,0,6,2,0,"synonymous_variant;missense_variant",NA,NA,"IV",8,1449,1.449,5.52104899930987,0,0,FALSE,2.34969125616747
"1349","YDR389W",18,18,0,0,0,5,13,0,13,5,0,"synonymous_variant;missense_variant",NA,NA,"IV",18,1965,1.965,9.16030534351145,0,0,FALSE,3.02659963383191
"1350","YDR390C",30,21,0,9,0,6,15,9,15,6,0,"synonymous_variant;missense_variant;upstream_gene_variant",505,29,"IV",21,1911,1.911,10.989010989011,0.428571428571429,0.819,FALSE,3.31496772065898
"1351","YDR391C",5,5,0,0,0,3,2,0,2,3,0,"synonymous_variant;missense_variant",NA,NA,"IV",5,699,0.699,7.15307582260372,0,0,FALSE,2.6745234757997
"1352","YDR392W",5,5,0,0,0,1,4,0,4,1,0,"synonymous_variant;missense_variant",NA,NA,"IV",5,1014,1.014,4.93096646942801,0,0,FALSE,2.22057795842164
"1353","YDR393W",19,19,0,0,0,9,10,0,10,9,0,"synonymous_variant;missense_variant",NA,NA,"IV",19,1371,1.371,13.8584974471189,0,0,FALSE,3.72270028972504
"1354","YDR394W",7,7,0,0,0,1,6,0,6,1,0,"synonymous_variant;missense_variant",NA,NA,"IV",7,1287,1.287,5.43900543900544,0,0,FALSE,2.33216754093814
"1355","YDR395W",25,24,0,1,0,3,21,1,21,3,0,"upstream_gene_variant;synonymous_variant;missense_variant",59,59,"IV",24,2835,2.835,8.46560846560847,0.0416666666666667,0.118125,FALSE,2.90957186981323
"1356","YDR396W",1,1,0,0,0,1,0,0,0,1,0,"missense_variant",NA,NA,"IV",1,NA,NA,NA,0,NA,FALSE,NA
"1357","YDR397C",6,4,0,2,0,2,0,2,0,2,2,"missense_variant;stop_lost;upstream_gene_variant",572,54,"IV",4,533,0.533,7.5046904315197,0.5,0.2665,FALSE,2.73946900539497
"1358","YDR398W",13,13,0,0,0,4,9,0,9,4,0,"synonymous_variant;missense_variant",NA,NA,"IV",13,1932,1.932,6.7287784679089,0,0,FALSE,2.59398891052157
"1359","YDR399W",3,3,0,0,0,0,3,0,3,0,0,"synonymous_variant",NA,NA,"IV",3,666,0.666,4.5045045045045,0,0,FALSE,2.12238179989004
"1360","YDR400W",9,9,0,0,0,3,6,0,6,3,0,"synonymous_variant;missense_variant",NA,NA,"IV",9,1023,1.023,8.79765395894428,0,0,FALSE,2.96608394334083
"1361","YDR401W",4,2,0,2,0,1,1,2,1,1,0,"upstream_gene_variant;synonymous_variant;missense_variant",111,59,"IV",2,NA,NA,NA,1,NA,FALSE,NA
"1362","YDR402C",9,4,0,5,0,3,1,5,1,3,0,"missense_variant;synonymous_variant;upstream_gene_variant",806,389,"IV",4,1470,1.47,2.72108843537415,1.25,1.8375,FALSE,1.64957219768464
"1363","YDR403W",21,21,0,0,0,9,12,0,12,9,0,"missense_variant;synonymous_variant",NA,NA,"IV",21,1611,1.611,13.0353817504656,0,0,FALSE,3.61045450746378
"1364","YDR404C",1,1,0,0,0,0,1,0,1,0,0,"synonymous_variant",NA,NA,"IV",1,516,0.516,1.93798449612403,0,0,FALSE,1.39211511597426
"1365","YDR405W",1,1,0,0,0,1,0,0,0,1,0,"missense_variant",NA,NA,"IV",1,792,0.792,1.26262626262626,0,0,FALSE,1.12366643743874
"1366","YDR406W",30,30,0,0,0,9,21,0,21,9,0,"missense_variant;synonymous_variant",NA,NA,"IV",30,4590,4.59,6.5359477124183,0,0,FALSE,2.55654996282457
"1367","YDR406W-A",6,6,0,0,0,4,1,0,1,4,1,"missense_variant;stop_gained;synonymous_variant",NA,NA,"IV",6,NA,NA,NA,0,NA,FALSE,NA
"1368","YDR407C",27,25,0,2,0,8,17,2,17,8,0,"synonymous_variant;missense_variant;upstream_gene_variant",152,49,"IV",25,3870,3.87,6.45994832041344,0.08,0.3096,FALSE,2.54164283887674
"1369","YDR408C",2,2,0,0,0,1,1,0,1,1,0,"missense_variant;synonymous_variant",NA,NA,"IV",2,645,0.645,3.10077519379845,0,0,FALSE,1.76090181265125
"1370","YDR409W",19,19,0,0,0,7,11,0,12,7,0,"synonymous_variant;missense_variant;splice_region_variant&stop_retained_variant",NA,NA,"IV",19,2715,2.715,6.99815837937385,0,0,FALSE,2.64540325458593
"1371","YDR410C",2,2,0,0,0,1,1,0,1,1,0,"missense_variant;synonymous_variant",NA,NA,"IV",2,720,0.72,2.77777777777778,0,0,FALSE,1.66666666666667
"1372","YDR411C",12,12,0,0,0,4,8,0,8,4,0,"synonymous_variant;missense_variant",NA,NA,"IV",12,1026,1.026,11.6959064327485,0,0,FALSE,3.41992784028385
"1373","YDR412W",3,3,0,0,0,0,3,0,3,0,0,"synonymous_variant",NA,NA,"IV",3,708,0.708,4.23728813559322,0,0,FALSE,2.05846742398155
"1374","YDR413C",1,1,0,0,0,1,0,0,0,1,0,"missense_variant",NA,NA,"IV",1,NA,NA,NA,0,NA,FALSE,NA
"1375","YDR414C",5,5,0,0,0,3,2,0,2,3,0,"missense_variant;synonymous_variant",NA,NA,"IV",5,1089,1.089,4.59136822773186,0,0,FALSE,2.14274782177742
"1376","YDR415C",9,9,0,0,0,2,7,0,7,2,0,"synonymous_variant;missense_variant",NA,NA,"IV",9,1125,1.125,8,0,0,FALSE,2.82842712474619
"1377","YDR416W",22,22,0,0,0,9,13,0,13,9,0,"missense_variant;synonymous_variant",NA,NA,"IV",22,2580,2.58,8.52713178294574,0,0,FALSE,2.92012530261044
"1378","YDR417C",1,1,0,0,0,0,1,0,1,0,0,"synonymous_variant",NA,NA,"IV",1,NA,NA,NA,0,NA,FALSE,NA
"1379","YDR419W",10,10,0,0,0,2,8,0,8,2,0,"synonymous_variant;missense_variant",NA,NA,"IV",10,1899,1.899,5.26592943654555,0,0,FALSE,2.29476130273838
"1380","YDR420W",35,35,0,0,0,26,9,0,9,26,0,"missense_variant;synonymous_variant",NA,NA,"IV",35,5409,5.409,6.47069698650397,0,0,FALSE,2.54375647154046
"1381","YDR421W",32,26,0,6,0,13,13,6,13,13,0,"upstream_gene_variant;missense_variant;synonymous_variant",272,2,"IV",26,2853,2.853,9.11321416053277,0.230769230769231,0.658384615384615,FALSE,3.01881005704777
"1382","YDR422C",16,12,0,4,0,6,6,4,6,6,0,"synonymous_variant;missense_variant;upstream_gene_variant",272,114,"IV",12,2448,2.448,4.90196078431373,0.333333333333333,0.816,FALSE,2.21403721385024
"1383","YDR423C",16,16,0,0,0,11,5,0,5,11,0,"missense_variant;synonymous_variant",NA,NA,"IV",16,1230,1.23,13.0081300813008,0,0,FALSE,3.60667853866973
"1384","YDR424C",1,1,0,0,0,0,1,0,1,0,0,"synonymous_variant",NA,NA,"IV",1,455,0.455,2.1978021978022,0,0,FALSE,1.4824986333222
"1385","YDR425W",8,8,0,0,0,1,7,0,7,1,0,"synonymous_variant;missense_variant",NA,NA,"IV",8,1878,1.878,4.25985090521832,0,0,FALSE,2.06394062541012
"1386","YDR426C",1,1,0,0,0,1,0,0,0,1,0,"missense_variant",NA,NA,"IV",1,NA,NA,NA,0,NA,FALSE,NA
"1387","YDR427W",6,6,0,0,0,1,5,0,5,1,0,"synonymous_variant;missense_variant",NA,NA,"IV",6,1182,1.182,5.0761421319797,0,0,FALSE,2.25302954529666
"1388","YDR428C",8,8,0,0,0,2,6,0,6,2,0,"synonymous_variant;missense_variant",NA,NA,"IV",8,786,0.786,10.1781170483461,0,0,FALSE,3.19031613611348
"1389","YDR429C",1,1,0,0,0,1,0,0,0,1,0,"missense_variant",NA,NA,"IV",1,825,0.825,1.21212121212121,0,0,FALSE,1.10096376512636
"1390","YDR430C",11,11,0,0,0,0,11,0,11,0,0,"synonymous_variant",NA,NA,"IV",11,2970,2.97,3.7037037037037,0,0,FALSE,1.92450089729875
"1391","YDR432W",2,2,0,0,0,2,0,0,0,2,0,"missense_variant",NA,NA,"IV",2,1245,1.245,1.60642570281124,0,0,FALSE,1.26744850104896
"1392","YDR433W",1,1,0,0,0,1,0,0,0,1,0,"missense_variant",NA,NA,"IV",1,NA,NA,NA,0,NA,FALSE,NA
"1393","YDR434W",13,13,0,0,0,2,11,0,11,2,0,"synonymous_variant;missense_variant",NA,NA,"IV",13,1605,1.605,8.09968847352025,0,0,FALSE,2.84599516400156
"1394","YDR435C",17,9,0,8,0,4,5,8,5,4,0,"synonymous_variant;missense_variant;upstream_gene_variant",644,92,"IV",9,987,0.987,9.11854103343465,0.888888888888889,0.877333333333333,FALSE,3.01969220839387
"1395","YDR436W",9,9,0,0,0,2,7,0,7,2,0,"synonymous_variant;missense_variant",NA,NA,"IV",9,2133,2.133,4.21940928270042,0,0,FALSE,2.0541200750444
"1396","YDR437W",2,2,0,0,0,1,1,0,1,1,0,"synonymous_variant;missense_variant",NA,NA,"IV",2,423,0.423,4.72813238770686,0,0,FALSE,2.17442691017814
"1397","YDR438W",15,15,0,0,0,6,9,0,9,6,0,"synonymous_variant;missense_variant",NA,NA,"IV",15,1113,1.113,13.4770889487871,0,0,FALSE,3.67111549107176
"1398","YDR439W",3,2,0,1,0,0,2,1,2,0,0,"upstream_gene_variant;synonymous_variant",188,188,"IV",2,1044,1.044,1.91570881226054,0.5,0.522,FALSE,1.38409133089567
"1399","YDR440W",34,17,0,17,0,6,11,17,11,6,0,"upstream_gene_variant;missense_variant;synonymous_variant",997,60,"IV",17,1749,1.749,9.71983990851915,1,1.749,FALSE,3.11766577883505
"1400","YDR441C",7,3,0,4,0,1,2,4,2,1,0,"synonymous_variant;missense_variant;upstream_gene_variant",570,2,"IV",3,546,0.546,5.49450549450549,1.33333333333333,0.728,FALSE,2.34403615469248
"1401","YDR442W",4,4,0,0,0,1,2,0,2,1,1,"missense_variant;synonymous_variant;stop_gained",NA,NA,"IV",4,NA,NA,NA,0,NA,FALSE,NA
"1402","YDR443C",28,27,0,1,0,6,21,1,21,6,0,"missense_variant;synonymous_variant;upstream_gene_variant",197,197,"IV",27,4263,4.263,6.33356790992259,0.037037037037037,0.157888888888889,FALSE,2.51665808363444
"1403","YDR444W",15,15,0,0,0,4,11,0,11,4,0,"missense_variant;synonymous_variant",NA,NA,"IV",15,2064,2.064,7.26744186046512,0,0,FALSE,2.69581933008596
"1404","YDR445C",2,2,0,0,0,2,0,0,0,2,0,"missense_variant",NA,NA,"IV",2,NA,NA,NA,0,NA,FALSE,NA
"1405","YDR446W",8,8,0,0,0,4,4,0,4,4,0,"synonymous_variant;missense_variant",NA,NA,"IV",8,909,0.909,8.8008800880088,0,0,FALSE,2.96662772993323
"1406","YDR447C",1,1,0,0,0,1,0,0,0,1,0,"missense_variant",NA,NA,"IV",1,725,0.725,1.37931034482759,0,0,FALSE,1.17444043902941
"1407","YDR448W",6,6,0,0,0,2,4,0,4,2,0,"missense_variant;synonymous_variant",NA,NA,"IV",6,1305,1.305,4.59770114942529,0,0,FALSE,2.14422506967559
"1408","YDR449C",4,4,0,0,0,2,2,0,2,2,0,"missense_variant;synonymous_variant",NA,NA,"IV",4,1323,1.323,3.02343159486017,0,0,FALSE,1.73880176985767
"1409","YDR451C",5,5,0,0,0,2,3,0,3,2,0,"synonymous_variant;missense_variant",NA,NA,"IV",5,1062,1.062,4.70809792843691,0,0,FALSE,2.16981518301373
"1410","YDR452W",10,10,0,0,0,5,5,0,5,5,0,"missense_variant;synonymous_variant",NA,NA,"IV",10,2025,2.025,4.93827160493827,0,0,FALSE,2.22222222222222
"1411","YDR453C",2,2,0,0,0,2,0,0,0,2,0,"missense_variant",NA,NA,"IV",2,591,0.591,3.38409475465313,0,0,FALSE,1.83959092046388
"1412","YDR454C",3,3,0,0,0,0,3,0,3,0,0,"synonymous_variant",NA,NA,"IV",3,564,0.564,5.31914893617021,0,0,FALSE,2.30632802007221
"1413","YDR455C",1,1,0,0,0,1,0,0,0,1,0,"missense_variant",NA,NA,"IV",1,NA,NA,NA,0,NA,FALSE,NA
"1414","YDR456W",9,9,0,0,0,1,8,0,8,1,0,"synonymous_variant;missense_variant",NA,NA,"IV",9,1902,1.902,4.73186119873817,0,0,FALSE,2.1752841650548
"1415","YDR457W",36,36,0,0,0,8,28,0,28,8,0,"synonymous_variant;missense_variant",NA,NA,"IV",36,9807,9.807,3.67084735393087,0,0,FALSE,1.91594555087843
"1416","YDR458C",11,10,0,1,0,5,5,1,5,5,0,"synonymous_variant;missense_variant;upstream_gene_variant",133,133,"IV",10,1992,1.992,5.02008032128514,0.1,0.1992,FALSE,2.2405535747411
"1417","YDR459C",6,6,0,0,0,0,6,0,6,0,0,"synonymous_variant",NA,NA,"IV",6,1125,1.125,5.33333333333333,0,0,FALSE,2.3094010767585
"1418","YDR460W",4,4,0,0,0,0,4,0,4,0,0,"synonymous_variant",NA,NA,"IV",4,966,0.966,4.1407867494824,0,0,FALSE,2.0348923188912
"1419","YDR461C-A",3,3,0,0,0,1,2,0,2,1,0,"synonymous_variant;missense_variant",NA,NA,"IV",3,243,0.243,12.3456790123457,0,0,FALSE,3.51364184463153
"1420","YDR461W",1,1,0,0,0,0,1,0,1,0,0,"synonymous_variant",NA,NA,"IV",1,111,0.111,9.00900900900901,0,0,FALSE,3.00150112593832
"1421","YDR462W",1,1,0,0,0,1,0,0,0,1,0,"missense_variant",NA,NA,"IV",1,444,0.444,2.25225225225225,0,0,FALSE,1.50075056296916
"1422","YDR463W",21,21,0,0,0,4,17,0,17,4,0,"synonymous_variant;missense_variant",NA,NA,"IV",21,1560,1.56,13.4615384615385,0,0,FALSE,3.66899692852671
"1423","YDR464C-A",1,0,0,1,0,0,0,1,0,0,0,"upstream_gene_variant",640,640,"IV",0,NA,NA,NA,NA,NA,FALSE,NA
"1424","YDR464W",38,38,0,0,0,12,26,0,26,12,0,"missense_variant;synonymous_variant",NA,NA,"IV",38,4308,4.308,8.82079851439183,0,0,FALSE,2.96998291483164
"1425","YDR465C",8,8,0,0,0,3,5,0,5,3,0,"synonymous_variant;missense_variant",NA,NA,"IV",8,1239,1.239,6.45682001614205,0,0,FALSE,2.54102735446552
"1426","YDR466W",16,16,0,0,0,6,9,0,10,6,0,"missense_variant;synonymous_variant;splice_region_variant&stop_retained_variant",NA,NA,"IV",16,2697,2.697,5.93251761216166,0,0,FALSE,2.43567600722298
"1427","YDR468C",2,2,0,0,0,2,0,0,0,2,0,"missense_variant",NA,NA,"IV",2,675,0.675,2.96296296296296,0,0,FALSE,1.72132593164774
"1428","YDR469W",2,2,0,0,0,2,0,0,0,2,0,"missense_variant",NA,NA,"IV",2,528,0.528,3.78787878787879,0,0,FALSE,1.94624736040381
"1429","YDR470C",10,10,0,0,0,3,7,0,7,3,0,"synonymous_variant;missense_variant",NA,NA,"IV",10,1509,1.509,6.62690523525514,0,0,FALSE,2.57427761425514
"1430","YDR471W",1,1,0,0,0,0,1,0,1,0,0,"synonymous_variant",NA,NA,"IV",1,795,0.795,1.25786163522013,0,0,FALSE,1.12154430818409
"1431","YDR472W",5,5,0,0,0,2,3,0,3,2,0,"synonymous_variant;missense_variant",NA,NA,"IV",5,852,0.852,5.86854460093897,0,0,FALSE,2.42250791555755
"1432","YDR473C",17,7,0,10,0,2,5,10,5,2,0,"synonymous_variant;missense_variant;upstream_gene_variant",877,496,"IV",7,1410,1.41,4.9645390070922,1.42857142857143,2.01428571428571,FALSE,2.22812454927731
"1433","YDR475C",23,23,0,0,0,6,17,0,17,6,0,"missense_variant;synonymous_variant",NA,NA,"IV",23,2631,2.631,8.74192322310908,0,0,TRUE,2.95667435188745
"1434","YDR476C",2,2,0,0,0,1,1,0,1,1,0,"missense_variant;synonymous_variant",NA,NA,"IV",2,675,0.675,2.96296296296296,0,0,FALSE,1.72132593164774
"1435","YDR477W",12,12,0,0,0,0,12,0,12,0,0,"synonymous_variant",NA,NA,"IV",12,1902,1.902,6.30914826498423,0,0,FALSE,2.51180179651664
"1436","YDR478W",10,10,0,0,0,2,8,0,8,2,0,"synonymous_variant;missense_variant",NA,NA,"IV",10,597,0.597,16.750418760469,0,0,FALSE,4.09272754535029
"1437","YDR479C",11,9,0,2,0,2,7,2,7,2,0,"missense_variant;synonymous_variant;upstream_gene_variant",102,53,"IV",9,1665,1.665,5.4054054054054,0.222222222222222,0.37,FALSE,2.32495277487639
"1438","YDR480W",3,3,0,0,0,2,1,0,1,2,0,"missense_variant;synonymous_variant",NA,NA,"IV",3,972,0.972,3.08641975308642,0,0,FALSE,1.75682092231577
"1439","YDR481C",18,18,0,0,0,4,14,0,14,4,0,"missense_variant;synonymous_variant",NA,NA,"IV",18,1701,1.701,10.5820105820106,0,0,FALSE,3.25300024316178
"1440","YDR482C",5,5,0,0,0,2,3,0,3,2,0,"missense_variant;synonymous_variant",NA,NA,"IV",5,408,0.408,12.2549019607843,0,0,FALSE,3.50070021007002
"1441","YDR483W",30,30,0,0,0,15,15,0,15,15,0,"synonymous_variant;missense_variant",NA,NA,"IV",30,1329,1.329,22.5733634311512,0,0,FALSE,4.7511433814558
"1442","YDR484W",25,25,0,0,0,8,17,0,17,8,0,"missense_variant;synonymous_variant",NA,NA,"IV",25,1926,1.926,12.9802699896158,0,0,FALSE,3.60281417639264
"1443","YDR485C",37,36,0,1,0,18,18,1,18,18,0,"synonymous_variant;missense_variant;upstream_gene_variant",45,45,"IV",36,2388,2.388,15.0753768844221,0.0277777777777778,0.0663333333333333,FALSE,3.8827022657451
"1444","YDR486C",4,4,0,0,0,1,3,0,3,1,0,"missense_variant;synonymous_variant",NA,NA,"IV",4,690,0.69,5.79710144927536,0,0,FALSE,2.40771706171538
"1445","YDR487C",7,7,0,0,0,1,6,0,6,1,0,"synonymous_variant;missense_variant",NA,NA,"IV",7,627,0.627,11.1642743221691,0,0,FALSE,3.34129829889058
"1446","YDR488C",24,24,0,0,0,10,14,0,14,10,0,"synonymous_variant;missense_variant",NA,NA,"IV",24,1602,1.602,14.9812734082397,0,0,FALSE,3.87056499858092
"1447","YDR489W",7,7,0,0,0,5,2,0,2,5,0,"missense_variant;synonymous_variant",NA,NA,"IV",7,885,0.885,7.90960451977401,0,0,FALSE,2.81240191291608
"1448","YDR490C",31,31,0,0,0,17,14,0,14,17,0,"missense_variant;synonymous_variant",NA,NA,"IV",31,2301,2.301,13.4724033029118,0,0,FALSE,3.67047725819297
"1449","YDR491C",6,6,0,0,0,3,2,0,2,3,1,"stop_gained;synonymous_variant;missense_variant",NA,NA,"IV",6,NA,NA,NA,0,NA,FALSE,NA
"1450","YDR492W",9,9,0,0,0,2,7,0,7,2,0,"missense_variant;synonymous_variant",NA,NA,"IV",9,951,0.951,9.46372239747634,0,0,FALSE,3.07631636823594
"1451","YDR493W",3,3,0,0,0,3,0,0,0,3,0,"missense_variant",NA,NA,"IV",3,372,0.372,8.06451612903226,0,0,FALSE,2.83980917123532
"1452","YDR494W",15,15,0,0,0,7,8,0,8,7,0,"missense_variant;synonymous_variant",NA,NA,"IV",15,1086,1.086,13.8121546961326,0,0,FALSE,3.71647073123583
"1453","YDR495C",39,35,0,4,0,14,21,4,21,14,0,"synonymous_variant;missense_variant;upstream_gene_variant",56,10,"IV",35,3036,3.036,11.528326745718,0.114285714285714,0.346971428571429,FALSE,3.39533897361045
"1454","YDR496C",23,23,0,0,0,9,14,0,14,9,0,"missense_variant;synonymous_variant",NA,NA,"IV",23,1971,1.971,11.6692034500254,0,0,FALSE,3.41602158219549
"1455","YDR497C",19,19,0,0,0,2,17,0,17,2,0,"synonymous_variant;missense_variant",NA,NA,"IV",19,1755,1.755,10.8262108262108,0,0,FALSE,3.29032077861883
"1456","YDR498C",14,14,0,0,0,6,8,0,8,6,0,"missense_variant;synonymous_variant",NA,NA,"IV",14,1152,1.152,12.1527777777778,0,0,FALSE,3.48608344389198
"1457","YDR499W",24,24,0,0,0,12,12,0,12,12,0,"missense_variant;synonymous_variant",NA,NA,"IV",24,2244,2.244,10.6951871657754,0,0,FALSE,3.27034970083864
"1458","YDR501W",6,6,0,0,0,2,4,0,4,2,0,"synonymous_variant;missense_variant",NA,NA,"IV",6,1566,1.566,3.83141762452107,0,0,FALSE,1.95740073171568
"1459","YDR502C",5,5,0,0,0,1,4,0,4,1,0,"synonymous_variant;missense_variant",NA,NA,"IV",5,1155,1.155,4.32900432900433,0,0,FALSE,2.0806259464412
"1460","YDR503C",12,12,0,0,0,2,10,0,10,2,0,"missense_variant;synonymous_variant",NA,NA,"IV",12,825,0.825,14.5454545454545,0,0,FALSE,3.81385035698237
"1461","YDR504C",3,3,0,0,0,2,1,0,1,2,0,"missense_variant;synonymous_variant",NA,NA,"IV",3,384,0.384,7.8125,0,0,FALSE,2.79508497187474
"1462","YDR505C",10,10,0,0,0,1,9,0,9,1,0,"synonymous_variant;missense_variant",NA,NA,"IV",10,2526,2.526,3.95882818685669,0,0,FALSE,1.98968042329835
"1463","YDR506C",18,18,0,0,0,8,10,0,10,8,0,"missense_variant;synonymous_variant",NA,NA,"IV",18,1827,1.827,9.85221674876847,0,0,FALSE,3.13882410287172
"1464","YDR507C",17,17,0,0,0,6,11,0,11,6,0,"synonymous_variant;missense_variant",NA,NA,"IV",17,3429,3.429,4.95771361913094,0,0,FALSE,2.22659237830613
"1465","YDR508C",13,13,0,0,0,6,7,0,7,6,0,"synonymous_variant;missense_variant",NA,NA,"IV",13,1992,1.992,6.52610441767068,0,0,FALSE,2.55462412453783
"1466","YDR509W",1,1,0,0,0,1,0,0,0,1,0,"missense_variant",NA,NA,"IV",1,NA,NA,NA,0,NA,FALSE,NA
"1467","YDR510C-A",3,3,0,0,0,2,1,0,1,2,0,"missense_variant;synonymous_variant",NA,NA,"IV",3,NA,NA,NA,0,NA,FALSE,NA
"1468","YDR510W",2,2,0,0,0,0,2,0,2,0,0,"synonymous_variant",NA,NA,"IV",2,306,0.306,6.5359477124183,0,0,FALSE,2.55654996282457
"1469","YDR511W",3,3,0,0,0,1,2,0,2,1,0,"synonymous_variant;missense_variant",NA,NA,"IV",3,402,0.402,7.46268656716418,0,0,FALSE,2.73179182354077
"1470","YDR512C",4,4,0,0,0,2,1,0,1,2,1,"missense_variant;synonymous_variant;stop_gained",NA,NA,"IV",4,564,0.564,7.09219858156028,0,0,FALSE,2.66311820645654
"1471","YDR513W",1,1,0,0,0,0,1,0,1,0,0,"synonymous_variant",NA,NA,"IV",1,432,0.432,2.31481481481481,0,0,FALSE,1.52145154862546
"1472","YDR514C",10,10,0,0,0,6,4,0,4,6,0,"missense_variant;synonymous_variant",NA,NA,"IV",10,1452,1.452,6.8870523415978,0,0,FALSE,2.62431940540739
"1473","YDR515W",20,20,0,0,0,10,10,0,10,10,0,"synonymous_variant;missense_variant",NA,NA,"IV",20,1344,1.344,14.8809523809524,0,0,FALSE,3.8575837490523
"1474","YDR516C",8,8,0,0,0,1,7,0,7,1,0,"synonymous_variant;missense_variant",NA,NA,"IV",8,1503,1.503,5.3226879574185,0,0,FALSE,2.30709513401994
"1475","YDR517W",8,8,0,0,0,3,5,0,5,3,0,"missense_variant;synonymous_variant",NA,NA,"IV",8,1119,1.119,7.14924039320822,0,0,FALSE,2.67380634923478
"1476","YDR518W",14,14,0,0,0,5,9,0,9,5,0,"synonymous_variant;missense_variant",NA,NA,"IV",14,1554,1.554,9.00900900900901,0,0,FALSE,3.00150112593832
"1477","YDR519W",2,2,0,0,0,2,0,0,0,2,0,"missense_variant",NA,NA,"IV",2,408,0.408,4.90196078431373,0,0,FALSE,2.21403721385024
"1478","YDR520C",8,8,0,0,0,3,5,0,5,3,0,"synonymous_variant;missense_variant",NA,NA,"IV",8,2319,2.319,3.44976282880552,0,0,FALSE,1.85735371666399
"1479","YDR521W",1,1,0,0,0,1,0,0,0,1,0,"missense_variant",NA,NA,"IV",1,NA,NA,NA,0,NA,FALSE,NA
"1480","YDR522C",8,8,0,0,0,3,5,0,5,3,0,"synonymous_variant;missense_variant",NA,NA,"IV",8,1509,1.509,5.30152418820411,0,0,FALSE,2.30250389537219
"1481","YDR523C",4,4,0,0,0,1,3,0,3,1,0,"synonymous_variant;missense_variant",NA,NA,"IV",4,1473,1.473,2.71554650373388,0,0,FALSE,1.6478915327575
"1482","YDR524C",7,7,0,0,0,1,6,0,6,1,0,"synonymous_variant;missense_variant",NA,NA,"IV",7,1449,1.449,4.83091787439614,0,0,FALSE,2.19793491131929
"1483","YDR524C-B",3,3,0,0,0,2,1,0,1,2,0,"missense_variant;synonymous_variant",NA,NA,"IV",3,201,0.201,14.9253731343284,0,0,FALSE,3.86333704643128
"1484","YDR525W-A",3,3,0,0,0,0,3,0,3,0,0,"synonymous_variant",NA,NA,"IV",3,240,0.24,12.5,0,0,FALSE,3.53553390593274
"1485","YDR526C",6,6,0,0,0,2,4,0,4,2,0,"synonymous_variant;missense_variant",NA,NA,"IV",6,NA,NA,NA,0,NA,FALSE,NA
"1486","YDR527W",12,12,0,0,0,5,7,0,7,5,0,"missense_variant;synonymous_variant",NA,NA,"IV",12,1320,1.32,9.09090909090909,0,0,FALSE,3.01511344577764
"1487","YDR528W",10,10,0,0,0,4,6,0,6,4,0,"synonymous_variant;missense_variant",NA,NA,"IV",10,1272,1.272,7.86163522012579,0,0,FALSE,2.80386077046022
"1488","YDR529C",2,2,0,0,0,0,2,0,2,0,0,"synonymous_variant",NA,NA,"IV",2,384,0.384,5.20833333333333,0,0,FALSE,2.28217732293819
"1489","YDR530C",11,11,0,0,0,3,8,0,8,3,0,"synonymous_variant;missense_variant",NA,NA,"IV",11,978,0.978,11.2474437627812,0,0,FALSE,3.35372088325507
"1490","YDR531W",7,7,0,0,0,4,3,0,3,4,0,"synonymous_variant;missense_variant",NA,NA,"IV",7,1104,1.104,6.34057971014493,0,0,FALSE,2.51805077592667
"1491","YDR532C",4,4,0,0,0,2,2,0,2,2,0,"missense_variant;synonymous_variant",NA,NA,"IV",4,1158,1.158,3.45423143350605,0,0,FALSE,1.85855627665832
"1492","YDR533C",8,8,0,0,0,1,7,0,7,1,0,"synonymous_variant;missense_variant",NA,NA,"IV",8,714,0.714,11.2044817927171,0,0,FALSE,3.34730963502289
"1493","YDR534C",28,28,0,0,0,12,16,0,16,12,0,"synonymous_variant;missense_variant",NA,NA,"IV",28,1587,1.587,17.643352236925,0,0,FALSE,4.2003990568665
"1494","YDR535C",4,4,0,0,0,4,0,0,0,4,0,"missense_variant",NA,NA,"IV",4,NA,NA,NA,0,NA,FALSE,NA
"1495","YDR536W",8,8,0,0,0,3,5,0,5,3,0,"synonymous_variant;missense_variant",NA,NA,"IV",8,1710,1.71,4.67836257309941,0,0,FALSE,2.1629522817435
"1496","YDR537C",7,7,0,0,0,4,3,0,3,4,0,"missense_variant;synonymous_variant",NA,NA,"IV",7,NA,NA,NA,0,NA,FALSE,NA
"1497","YDR538W",2,2,0,0,0,0,1,0,1,0,1,"stop_gained;synonymous_variant",NA,NA,"IV",2,729,0.729,2.74348422496571,0,0,FALSE,1.65634664999984
"1498","YDR539W",4,4,0,0,0,0,4,0,4,0,0,"synonymous_variant",NA,NA,"IV",4,1512,1.512,2.64550264550265,0,0,FALSE,1.62650012158089
"1499","YDR540C",16,2,0,14,0,0,2,14,2,0,0,"synonymous_variant;upstream_gene_variant",659,33,"IV",2,540,0.54,3.7037037037037,7,3.78,FALSE,1.92450089729875
"1500","YDR541C",9,9,0,0,0,2,7,0,7,2,0,"synonymous_variant;missense_variant",NA,NA,"IV",9,1035,1.035,8.69565217391304,0,0,FALSE,2.94883912309794
"1501","YDR542W",2,2,0,0,0,0,2,0,2,0,0,"synonymous_variant",NA,NA,"IV",2,363,0.363,5.50964187327824,0,0,FALSE,2.3472626340651
"1502","YDR543C",17,17,0,0,0,10,6,0,6,10,1,"synonymous_variant;missense_variant;stop_gained",NA,NA,"IV",17,NA,NA,NA,0,NA,TRUE,NA
"1503","YDR544C",3,3,0,0,0,1,2,0,2,1,0,"synonymous_variant;missense_variant",NA,NA,"IV",3,NA,NA,NA,0,NA,FALSE,NA
"1504","YEL001C",2,2,0,0,0,0,2,0,2,0,0,"synonymous_variant",NA,NA,"V",2,678,0.678,2.94985250737463,0,0,FALSE,1.71751346643182
"1505","YEL007W",2,2,0,0,0,2,0,0,0,2,0,"missense_variant",NA,NA,"V",2,2001,2.001,0.999500249875062,0,0,FALSE,0.999750093710955
"1506","YEL008W",2,2,0,0,0,1,1,0,1,1,0,"synonymous_variant;missense_variant",NA,NA,"V",2,381,0.381,5.249343832021,0,0,FALSE,2.29114465541157
"1507","YEL009C",2,2,0,0,0,1,1,0,1,1,0,"missense_variant;synonymous_variant",NA,NA,"V",2,846,0.846,2.36406619385343,0,0,FALSE,1.53755201338148
"1508","YEL010W",2,2,0,0,0,1,0,0,0,1,1,"missense_variant;stop_gained",NA,NA,"V",2,NA,NA,NA,0,NA,FALSE,NA
"1509","YEL011W",3,3,0,0,0,1,2,0,2,1,0,"synonymous_variant;missense_variant",NA,NA,"V",3,2115,2.115,1.41843971631206,0,0,FALSE,1.19098266835083
"1510","YEL013W",1,1,0,0,0,0,1,0,1,0,0,"synonymous_variant",NA,NA,"V",1,1737,1.737,0.575705238917674,0,0,FALSE,0.758752422676642
"1511","YEL015W",2,2,0,0,0,1,1,0,1,1,0,"synonymous_variant;missense_variant",NA,NA,"V",2,1656,1.656,1.20772946859903,0,0,FALSE,1.09896745565964
"1512","YEL016C",8,8,0,0,0,3,5,0,5,3,0,"synonymous_variant;missense_variant",NA,NA,"V",8,1482,1.482,5.39811066126856,0,0,FALSE,2.32338345119108
"1513","YEL020C",12,12,0,0,0,3,9,0,9,3,0,"synonymous_variant;missense_variant",NA,NA,"V",12,1683,1.683,7.1301247771836,0,0,FALSE,2.67022934917276
"1514","YEL020C-B",5,0,0,5,0,0,0,5,0,0,0,"upstream_gene_variant",906,325,"V",0,NA,NA,NA,NA,NA,FALSE,NA
"1515","YEL020W-A",1,0,0,1,0,0,0,1,0,0,0,"upstream_gene_variant",139,139,"V",0,264,0.264,0,NA,NA,FALSE,0
"1516","YEL021W",2,0,0,2,0,0,0,2,0,0,0,"upstream_gene_variant",194,170,"V",0,804,0.804,0,NA,NA,FALSE,0
"1517","YEL022W",11,11,0,0,0,2,9,0,9,2,0,"missense_variant;synonymous_variant",NA,NA,"V",11,4380,4.38,2.51141552511416,0,0,FALSE,1.58474462457336
"1518","YEL023C",4,3,0,1,0,2,1,1,1,2,0,"missense_variant;synonymous_variant;upstream_gene_variant",657,657,"V",3,2049,2.049,1.46412884333821,0.333333333333333,0.683,FALSE,1.2100119186761
"1519","YEL024W",4,4,0,0,0,1,3,0,3,1,0,"missense_variant;synonymous_variant",NA,NA,"V",4,648,0.648,6.17283950617284,0,0,FALSE,2.48451997499977
"1520","YEL025C",41,25,0,16,0,13,12,16,12,13,0,"missense_variant;synonymous_variant;upstream_gene_variant",771,41,"V",25,3567,3.567,7.00869077656294,0.64,2.28288,FALSE,2.64739320399576
"1521","YEL026W",3,3,0,0,0,0,3,0,3,0,0,"synonymous_variant",NA,NA,"V",3,381,0.381,7.8740157480315,0,0,FALSE,2.80606766633157
"1522","YEL028W",12,12,0,0,0,7,4,0,4,7,1,"missense_variant;synonymous_variant;stop_gained",NA,NA,"V",12,462,0.462,25.974025974026,0,0,FALSE,5.09647191437626
"1523","YEL029C",3,3,0,0,0,0,3,0,3,0,0,"synonymous_variant",NA,NA,"V",3,939,0.939,3.19488817891374,0,0,FALSE,1.78742501350791
"1524","YEL030C-A",1,1,0,0,0,0,1,0,1,0,0,"synonymous_variant",NA,NA,"V",1,NA,NA,NA,0,NA,FALSE,NA
"1525","YEL030W",10,4,0,6,0,3,1,6,1,3,0,"upstream_gene_variant;synonymous_variant;missense_variant",730,293,"V",4,1935,1.935,2.0671834625323,1.5,2.9025,FALSE,1.43777030937918
"1526","YEL031W",12,12,0,0,0,2,10,0,10,2,0,"synonymous_variant;missense_variant",NA,NA,"V",12,3648,3.648,3.28947368421053,0,0,FALSE,1.81369062527503
"1527","YEL032W",5,5,0,0,0,0,5,0,5,0,0,"synonymous_variant",NA,NA,"V",5,2916,2.916,1.71467764060357,0,0,FALSE,1.30945700219731
"1528","YEL033W",1,1,0,0,0,1,0,0,0,1,0,"missense_variant",NA,NA,"V",1,420,0.42,2.38095238095238,0,0,FALSE,1.54303349962092
"1529","YEL034C-A",2,2,0,0,0,2,0,0,0,2,0,"missense_variant",NA,NA,"V",2,NA,NA,NA,0,NA,FALSE,NA
"1530","YEL035C",1,1,0,0,0,0,0,0,0,0,1,"stop_lost&splice_region_variant",NA,NA,"V",1,501,0.501,1.99600798403194,0,0,FALSE,1.41280146660171
"1531","YEL036C",14,14,0,0,0,3,11,0,11,3,0,"missense_variant;synonymous_variant",NA,NA,"V",14,1503,1.503,9.31470392548237,0,0,FALSE,3.051999987792
"1532","YEL037C",5,5,0,0,0,0,5,0,5,0,0,"synonymous_variant",NA,NA,"V",5,1197,1.197,4.17710944026734,0,0,FALSE,2.04379779828322
"1533","YEL038W",17,14,0,3,0,8,6,3,6,8,0,"upstream_gene_variant;synonymous_variant;missense_variant",954,913,"V",14,684,0.684,20.4678362573099,0.214285714285714,0.146571428571429,FALSE,4.52413928358864
"1534","YEL039C",9,0,0,9,0,0,0,9,0,0,0,"upstream_gene_variant",460,104,"V",0,342,0.342,0,NA,NA,FALSE,0
"1535","YEL040W",23,12,0,11,0,6,6,11,6,6,0,"upstream_gene_variant;missense_variant;synonymous_variant",610,18,"V",12,1404,1.404,8.54700854700855,0.916666666666667,1.287,FALSE,2.92352673102343
"1536","YEL041W",36,26,0,10,0,15,11,10,11,15,0,"upstream_gene_variant;missense_variant;synonymous_variant",489,6,"V",26,1488,1.488,17.4731182795699,0.384615384615385,0.572307692307692,FALSE,4.18008591772584
"1537","YEL042W",6,6,0,0,0,0,6,0,6,0,0,"synonymous_variant",NA,NA,"V",6,1557,1.557,3.85356454720617,0,0,FALSE,1.96304980762236
"1538","YEL043W",22,22,0,0,0,11,11,0,11,11,0,"synonymous_variant;missense_variant",NA,NA,"V",22,2871,2.871,7.66283524904215,0,0,FALSE,2.76818266179133
"1539","YEL044W",3,3,0,0,0,2,1,0,1,2,0,"missense_variant;synonymous_variant",NA,NA,"V",3,501,0.501,5.98802395209581,0,0,FALSE,2.44704392116198
"1540","YEL045C",6,6,0,0,0,2,4,0,4,2,0,"missense_variant;synonymous_variant",NA,NA,"V",6,NA,NA,NA,0,NA,FALSE,NA
"1541","YEL046C",9,9,0,0,0,2,7,0,7,2,0,"synonymous_variant;missense_variant",NA,NA,"V",9,1164,1.164,7.7319587628866,0,0,FALSE,2.78063999160024
"1542","YEL047C",10,10,0,0,0,1,9,0,9,1,0,"synonymous_variant;missense_variant",NA,NA,"V",10,1413,1.413,7.07714083510262,0,0,FALSE,2.66028961489207
"1543","YEL048C",3,3,0,0,0,1,2,0,2,1,0,"synonymous_variant;missense_variant",NA,NA,"V",3,459,0.459,6.5359477124183,0,0,FALSE,2.55654996282457
"1544","YEL049W",5,5,0,0,0,0,5,0,5,0,0,"synonymous_variant",NA,NA,"V",5,363,0.363,13.7741046831956,0,0,FALSE,3.71134809512603
"1545","YEL050C",11,4,0,7,0,0,4,7,4,0,0,"synonymous_variant;upstream_gene_variant",948,295,"V",4,1182,1.182,3.38409475465313,1.75,2.0685,FALSE,1.83959092046388
"1546","YEL050W-A",2,2,0,0,0,2,0,0,0,2,0,"missense_variant",NA,NA,"V",2,NA,NA,NA,0,NA,FALSE,NA
"1547","YEL051W",2,2,0,0,0,1,1,0,1,1,0,"synonymous_variant;missense_variant",NA,NA,"V",2,771,0.771,2.59403372243839,0,0,FALSE,1.61060042295983
"1548","YEL052W",17,17,0,0,0,5,12,0,12,5,0,"missense_variant;synonymous_variant",NA,NA,"V",17,1530,1.53,11.1111111111111,0,0,FALSE,3.33333333333333
"1549","YEL053C",6,6,0,0,0,4,2,0,2,4,0,"missense_variant;synonymous_variant",NA,NA,"V",6,2202,2.202,2.72479564032698,0,0,FALSE,1.65069550200119
"1550","YEL055C",46,34,0,12,0,12,22,12,22,12,0,"synonymous_variant;missense_variant;upstream_gene_variant",926,40,"V",34,3069,3.069,11.0785272075595,0.352941176470588,1.08317647058824,FALSE,3.32844215926302
"1551","YEL056W",9,9,0,0,0,2,7,0,7,2,0,"synonymous_variant;missense_variant",NA,NA,"V",9,1206,1.206,7.46268656716418,0,0,FALSE,2.73179182354077
"1552","YEL057C",5,5,0,0,0,2,3,0,3,2,0,"synonymous_variant;missense_variant",NA,NA,"V",5,702,0.702,7.12250712250712,0,0,FALSE,2.66880256341812
"1553","YEL058W",20,20,0,0,0,7,13,0,13,7,0,"synonymous_variant;missense_variant",NA,NA,"V",20,1674,1.674,11.94743130227,0,0,FALSE,3.45650564910142
"1554","YEL059C-A",1,1,0,0,0,0,1,0,1,0,0,"synonymous_variant",NA,NA,"V",1,225,0.225,4.44444444444444,0,0,TRUE,2.10818510677892
"1555","YEL059W",1,1,0,0,0,0,1,0,1,0,0,"synonymous_variant",NA,NA,"V",1,309,0.309,3.23624595469256,0,0,FALSE,1.79895690740289
"1556","YEL060C",18,18,0,0,0,5,13,0,13,5,0,"synonymous_variant;missense_variant",NA,NA,"V",18,1908,1.908,9.43396226415094,0,0,FALSE,3.07147558416976
"1557","YEL061C",23,20,0,3,0,5,15,3,15,5,0,"synonymous_variant;missense_variant;upstream_gene_variant",127,43,"V",20,3003,3.003,6.66000666000666,0.15,0.45045,FALSE,2.58069887046255
"1558","YEL062W",11,11,0,0,0,1,10,0,10,1,0,"synonymous_variant;missense_variant",NA,NA,"V",11,1848,1.848,5.95238095238095,0,0,FALSE,2.43975018237133
"1559","YEL063C",6,6,0,0,0,2,4,0,4,2,0,"missense_variant;synonymous_variant",NA,NA,"V",6,1773,1.773,3.38409475465313,0,0,FALSE,1.83959092046388
"1560","YEL064C",7,7,0,0,0,4,3,0,3,4,0,"missense_variant;synonymous_variant",NA,NA,"V",7,1443,1.443,4.85100485100485,0,0,FALSE,2.20249968240743
"1561","YEL065W",16,16,0,0,0,3,13,0,13,3,0,"synonymous_variant;missense_variant",NA,NA,"V",16,1887,1.887,8.47906730259671,0,0,FALSE,2.91188380650683
"1562","YEL066W",2,2,0,0,0,0,2,0,2,0,0,"synonymous_variant",NA,NA,"V",2,486,0.486,4.11522633744856,0,0,FALSE,2.02860206483395
"1563","YEL067C",10,10,0,0,0,6,3,0,3,6,1,"missense_variant;stop_gained;synonymous_variant",NA,NA,"V",10,588,0.588,17.0068027210884,0,0,FALSE,4.12393049421161
"1564","YEL068C",4,4,0,0,0,3,1,0,1,3,0,"synonymous_variant;missense_variant",NA,NA,"V",4,333,0.333,12.012012012012,0,0,FALSE,3.46583496606691
"1565","YEL069C",40,29,0,11,0,4,25,11,25,4,0,"missense_variant;synonymous_variant;upstream_gene_variant",934,78,"V",29,1695,1.695,17.1091445427729,0.379310344827586,0.642931034482759,FALSE,4.13632016927762
"1566","YEL070W",28,10,0,18,0,2,7,18,7,2,1,"upstream_gene_variant;synonymous_variant;stop_gained;missense_variant",996,18,"V",10,1509,1.509,6.62690523525514,1.8,2.7162,FALSE,2.57427761425514
"1567","YEL071W",30,9,0,21,0,2,7,21,7,2,0,"upstream_gene_variant;synonymous_variant;missense_variant",969,32,"V",9,1491,1.491,6.03621730382294,2.33333333333333,3.479,FALSE,2.45687144633636
"1568","YEL072W",32,12,0,20,0,6,5,20,5,6,1,"upstream_gene_variant;missense_variant;synonymous_variant;stop_gained",957,39,"V",12,696,0.696,17.2413793103448,1.66666666666667,1.16,FALSE,4.152273992687
"1569","YEL073C",3,3,0,0,0,3,0,0,0,3,0,"missense_variant",NA,NA,"V",3,324,0.324,9.25925925925926,0,0,FALSE,3.04290309725092
"1570","YEL074W",5,5,0,0,0,4,0,0,0,4,1,"missense_variant;stop_gained",NA,NA,"V",5,NA,NA,NA,0,NA,FALSE,NA
"1571","YER001W",19,19,0,0,0,13,6,0,6,13,0,"missense_variant;synonymous_variant",NA,NA,"V",19,2289,2.289,8.30056793359546,0,0,FALSE,2.88107062280595
"1572","YER002W",8,7,0,1,0,4,3,1,3,4,0,"upstream_gene_variant;synonymous_variant;missense_variant",41,41,"V",7,696,0.696,10.0574712643678,0.142857142857143,0.0994285714285714,FALSE,3.17135164628078
"1573","YER003C",15,10,0,5,0,7,2,5,2,7,1,"missense_variant;stop_gained;synonymous_variant;upstream_gene_variant",456,304,"V",10,1383,1.383,7.23065798987708,0.5,0.6915,FALSE,2.68898828370022
"1574","YER004W",9,9,0,0,0,3,6,0,6,3,0,"synonymous_variant;missense_variant",NA,NA,"V",9,696,0.696,12.9310344827586,0,0,FALSE,3.59597476114038
"1575","YER005W",10,10,0,0,0,2,8,0,8,2,0,"synonymous_variant;missense_variant",NA,NA,"V",10,1893,1.893,5.28262017960909,0,0,FALSE,2.29839513130556
"1576","YER006C-A",2,2,0,0,0,2,0,0,0,2,0,"missense_variant",NA,NA,"V",2,NA,NA,NA,0,NA,FALSE,NA
"1577","YER006W",5,5,0,0,0,1,4,0,4,1,0,"missense_variant;synonymous_variant",NA,NA,"V",5,1563,1.563,3.19897632757518,0,0,FALSE,1.78856823397241
"1578","YER007C-A",2,2,0,0,0,0,2,0,2,0,0,"synonymous_variant",NA,NA,"V",2,649,0.649,3.08166409861325,0,0,FALSE,1.75546691755021
"1579","YER007W",6,6,0,0,0,3,3,0,3,3,0,"missense_variant;synonymous_variant",NA,NA,"V",6,1557,1.557,3.85356454720617,0,0,FALSE,1.96304980762236
"1580","YER008C",19,19,0,0,0,5,14,0,14,5,0,"missense_variant;synonymous_variant",NA,NA,"V",19,4011,4.011,4.73697332336076,0,0,FALSE,2.17645889539884
"1581","YER010C",3,3,0,0,0,2,1,0,1,2,0,"missense_variant;synonymous_variant",NA,NA,"V",3,705,0.705,4.25531914893617,0,0,FALSE,2.06284249251759
"1582","YER011W",6,6,0,0,0,5,1,0,1,5,0,"missense_variant;synonymous_variant",NA,NA,"V",6,765,0.765,7.84313725490196,0,0,FALSE,2.80056016805602
"1583","YER012W",2,2,0,0,0,0,2,0,2,0,0,"synonymous_variant",NA,NA,"V",2,597,0.597,3.3500837520938,0,0,FALSE,1.83032340095782
"1584","YER013W",6,6,0,0,0,0,6,0,6,0,0,"synonymous_variant",NA,NA,"V",6,3438,3.438,1.74520069808028,0,0,FALSE,1.32106044452185
"1585","YER014C-A",2,2,0,0,0,2,0,0,0,2,0,"missense_variant",NA,NA,"V",2,970,0.97,2.06185567010309,0,0,FALSE,1.43591631723548
"1586","YER014W",8,5,0,3,0,2,3,3,3,2,0,"upstream_gene_variant;synonymous_variant;missense_variant",262,219,"V",5,1620,1.62,3.08641975308642,0.6,0.972,FALSE,1.75682092231577
"1587","YER015W",2,0,0,2,0,0,0,2,0,0,0,"upstream_gene_variant",250,178,"V",0,2235,2.235,0,NA,NA,FALSE,0
"1588","YER016W",3,3,0,0,0,0,3,0,3,0,0,"synonymous_variant",NA,NA,"V",3,1035,1.035,2.89855072463768,0,0,FALSE,1.7025130615175
"1589","YER017C",9,7,0,2,0,1,6,2,6,1,0,"synonymous_variant;missense_variant;upstream_gene_variant",931,30,"V",7,2286,2.286,3.06211723534558,0.285714285714286,0.653142857142857,FALSE,1.74989063525284
"1590","YER018C",2,2,0,0,0,2,0,0,0,2,0,"missense_variant",NA,NA,"V",2,666,0.666,3.003003003003,0,0,FALSE,1.73291748303345
"1591","YER019C-A",2,2,0,0,0,0,2,0,2,0,0,"synonymous_variant",NA,NA,"V",2,267,0.267,7.49063670411985,0,0,FALSE,2.73690275751987
"1592","YER019W",8,8,0,0,0,2,6,0,6,2,0,"missense_variant;synonymous_variant",NA,NA,"V",8,1434,1.434,5.57880055788006,0,0,FALSE,2.36194846638957
"1593","YER020W",18,18,0,0,0,5,13,0,13,5,0,"synonymous_variant;missense_variant",NA,NA,"V",18,1350,1.35,13.3333333333333,0,0,FALSE,3.65148371670111
"1594","YER021W",14,14,0,0,0,3,11,0,11,3,0,"synonymous_variant;missense_variant",NA,NA,"V",14,1572,1.572,8.9058524173028,0,0,FALSE,2.98426748420828
"1595","YER022W",9,9,0,0,0,4,5,0,5,4,0,"synonymous_variant;missense_variant",NA,NA,"V",9,2064,2.064,4.36046511627907,0,0,FALSE,2.08817267396139
"1596","YER023C-A",2,0,0,2,0,0,0,2,0,0,0,"upstream_gene_variant",438,254,"V",0,NA,NA,NA,NA,NA,FALSE,NA
"1597","YER023W",6,5,0,1,0,1,4,1,4,1,0,"upstream_gene_variant;missense_variant;synonymous_variant",168,168,"V",5,861,0.861,5.80720092915215,0.2,0.1722,FALSE,2.4098134635594
"1598","YER024W",16,16,0,0,0,5,11,0,11,5,0,"missense_variant;synonymous_variant",NA,NA,"V",16,2772,2.772,5.77200577200577,0,0,FALSE,2.40249990052149
"1599","YER025W",3,3,0,0,0,0,3,0,3,0,0,"synonymous_variant",NA,NA,"V",3,1584,1.584,1.89393939393939,0,0,FALSE,1.37620470640795
"1600","YER026C",11,8,0,3,0,2,6,3,6,2,0,"missense_variant;synonymous_variant;upstream_gene_variant",376,214,"V",8,831,0.831,9.62695547533093,0.375,0.311625,FALSE,3.10273354887766
"1601","YER027C",6,6,0,0,0,3,3,0,3,3,0,"missense_variant;synonymous_variant",NA,NA,"V",6,1254,1.254,4.78468899521531,0,0,FALSE,2.18739319629904
"1602","YER028C",18,18,0,0,0,12,6,0,6,12,0,"missense_variant;synonymous_variant",NA,NA,"V",18,1185,1.185,15.1898734177215,0,0,FALSE,3.89741881476979
"1603","YER029C",2,2,0,0,0,0,2,0,2,0,0,"synonymous_variant",NA,NA,"V",2,591,0.591,3.38409475465313,0,0,FALSE,1.83959092046388
"1604","YER030W",4,4,0,0,0,2,1,0,1,2,1,"synonymous_variant;missense_variant;stop_lost&splice_region_variant",NA,NA,"V",4,462,0.462,8.65800865800866,0,0,FALSE,2.9424494316825
"1605","YER032W",6,6,0,0,0,2,4,0,4,2,0,"synonymous_variant;missense_variant",NA,NA,"V",6,2631,2.631,2.28050171037628,0,0,FALSE,1.51013301082265
"1606","YER033C",12,9,0,3,0,5,4,3,4,5,0,"missense_variant;synonymous_variant;upstream_gene_variant",523,251,"V",9,3231,3.231,2.78551532033426,0.333333333333333,1.077,FALSE,1.66898631520281
"1607","YER034W",5,5,0,0,0,4,1,0,1,4,0,"missense_variant;synonymous_variant",NA,NA,"V",5,558,0.558,8.96057347670251,0,0,FALSE,2.99342170044625
"1608","YER035W",4,4,0,0,0,0,4,0,4,0,0,"synonymous_variant",NA,NA,"V",4,438,0.438,9.1324200913242,0,0,FALSE,3.0219894260775
"1609","YER036C",4,4,0,0,0,0,4,0,4,0,0,"synonymous_variant",NA,NA,"V",4,1833,1.833,2.1822149481724,0,0,FALSE,1.47723219169242
"1610","YER037W",3,3,0,0,0,1,2,0,2,1,0,"missense_variant;synonymous_variant",NA,NA,"V",3,966,0.966,3.1055900621118,0,0,FALSE,1.7622684421256
"1611","YER038C",15,15,0,0,0,7,8,0,8,7,0,"synonymous_variant;missense_variant",NA,NA,"V",15,1395,1.395,10.752688172043,0,0,FALSE,3.27912917891976
"1612","YER038W-A",4,4,0,0,0,0,4,0,4,0,0,"synonymous_variant",NA,NA,"V",4,381,0.381,10.498687664042,0,0,FALSE,3.24016784504167
"1613","YER039C",1,1,0,0,0,0,1,0,1,0,0,"synonymous_variant",NA,NA,"V",1,750,0.75,1.33333333333333,0,0,FALSE,1.15470053837925
"1614","YER039C-A",1,1,0,0,0,0,0,0,0,0,1,"stop_lost&splice_region_variant",NA,NA,"V",1,219,0.219,4.5662100456621,0,0,FALSE,2.13686921585344
"1615","YER040W",18,18,0,0,0,11,7,0,7,11,0,"synonymous_variant;missense_variant",NA,NA,"V",18,2193,2.193,8.20793433652531,0,0,FALSE,2.86494927294103
"1616","YER041W",15,15,0,0,0,8,7,0,7,8,0,"synonymous_variant;missense_variant",NA,NA,"V",15,2280,2.28,6.57894736842105,0,0,FALSE,2.56494588021289
"1617","YER042W",5,1,0,4,0,0,1,4,1,0,0,"upstream_gene_variant;synonymous_variant",193,10,"V",1,555,0.555,1.8018018018018,4,2.22,FALSE,1.34231211042805
"1618","YER043C",5,4,0,1,0,0,4,1,4,0,0,"synonymous_variant;upstream_gene_variant",362,362,"V",4,1350,1.35,2.96296296296296,0.25,0.3375,FALSE,1.72132593164774
"1619","YER044C-A",5,5,0,0,0,4,1,0,1,4,0,"missense_variant;synonymous_variant",NA,NA,"V",5,1315,1.315,3.80228136882129,0,0,FALSE,1.94994393991758
"1620","YER045C",23,23,0,0,0,9,14,0,14,9,0,"synonymous_variant;missense_variant",NA,NA,"V",23,1470,1.47,15.6462585034014,0,0,FALSE,3.95553517281813
"1621","YER046W",5,5,0,0,0,1,4,0,4,1,0,"synonymous_variant;missense_variant",NA,NA,"V",5,432,0.432,11.5740740740741,0,0,FALSE,3.40206908719886
"1622","YER046W-A",8,8,0,0,0,3,5,0,5,3,0,"missense_variant;synonymous_variant",NA,NA,"V",8,NA,NA,NA,0,NA,FALSE,NA
"1623","YER047C",31,24,0,7,0,11,13,7,13,11,0,"missense_variant;synonymous_variant;upstream_gene_variant",404,39,"V",24,2694,2.694,8.9086859688196,0.291666666666667,0.78575,FALSE,2.9847421946995
"1624","YER048C",7,7,0,0,0,0,7,0,7,0,0,"synonymous_variant",NA,NA,"V",7,1176,1.176,5.95238095238095,0,0,FALSE,2.43975018237133
"1625","YER048W-A",1,1,0,0,0,1,0,0,0,1,0,"missense_variant",NA,NA,"V",1,285,0.285,3.50877192982456,0,0,TRUE,1.87317162316339
"1626","YER049W",13,13,0,0,0,2,11,0,11,2,0,"synonymous_variant;missense_variant",NA,NA,"V",13,1935,1.935,6.71834625322997,0,0,FALSE,2.59197728640318
"1627","YER050C",8,5,0,3,0,1,3,3,3,1,1,"synonymous_variant;missense_variant;start_lost;upstream_gene_variant",264,4,"V",5,417,0.417,11.9904076738609,0.6,0.2502,FALSE,3.46271680532222
"1628","YER051W",16,14,0,2,0,6,8,2,8,6,0,"upstream_gene_variant;synonymous_variant;missense_variant",736,727,"V",14,1479,1.479,9.4658553076403,0.142857142857143,0.211285714285714,FALSE,3.07666301496285
"1629","YER052C",4,4,0,0,0,1,2,0,3,1,0,"splice_region_variant&stop_retained_variant;synonymous_variant;missense_variant",NA,NA,"V",4,1584,1.584,2.52525252525253,0,0,FALSE,1.58910431540932
"1630","YER053C",2,2,0,0,0,0,2,0,2,0,0,"synonymous_variant",NA,NA,"V",2,903,0.903,2.21483942414175,0,0,FALSE,1.48823365912136
"1631","YER054C",12,12,0,0,0,9,3,0,3,9,0,"missense_variant;synonymous_variant",NA,NA,"V",12,1647,1.647,7.28597449908925,0,0,FALSE,2.69925443392972
"1632","YER055C",5,5,0,0,0,3,2,0,2,3,0,"missense_variant;synonymous_variant",NA,NA,"V",5,894,0.894,5.59284116331096,0,0,FALSE,2.36491884920201
"1633","YER056C",20,20,0,0,0,7,13,0,13,7,0,"synonymous_variant;missense_variant",NA,NA,"V",20,1602,1.602,12.4843945068664,0,0,FALSE,3.53332626668787
"1634","YER058W",2,2,0,0,0,1,1,0,1,1,0,"missense_variant;synonymous_variant",NA,NA,"V",2,324,0.324,6.17283950617284,0,0,FALSE,2.48451997499977
"1635","YER059W",6,6,0,0,0,3,3,0,3,3,0,"missense_variant;synonymous_variant",NA,NA,"V",6,1263,1.263,4.75059382422803,0,0,FALSE,2.17958570013386
"1636","YER060W",5,5,0,0,0,2,3,0,3,2,0,"missense_variant;synonymous_variant",NA,NA,"V",5,1587,1.587,3.15059861373661,0,0,FALSE,1.77499256723419
"1637","YER060W-A",17,15,0,2,0,5,10,2,10,5,0,"upstream_gene_variant;synonymous_variant;missense_variant",405,363,"V",15,1593,1.593,9.41619585687382,0.133333333333333,0.2124,FALSE,3.06858205966108
"1638","YER061C",5,3,0,2,0,2,1,2,1,2,0,"missense_variant;synonymous_variant;upstream_gene_variant",281,100,"V",3,1329,1.329,2.25733634311512,0.666666666666667,0.886,FALSE,1.50244345754345
"1639","YER062C",4,4,0,0,0,0,4,0,4,0,0,"synonymous_variant",NA,NA,"V",4,753,0.753,5.31208499335989,0,0,FALSE,2.3047960849845
"1640","YER063W",3,3,0,0,0,0,3,0,3,0,0,"synonymous_variant",NA,NA,"V",3,657,0.657,4.5662100456621,0,0,FALSE,2.13686921585344
"1641","YER064C",15,15,0,0,0,11,4,0,4,11,0,"missense_variant;synonymous_variant",NA,NA,"V",15,1518,1.518,9.88142292490119,0,0,FALSE,3.14347306730966
"1642","YER065C",5,5,0,0,0,2,3,0,3,2,0,"missense_variant;synonymous_variant",NA,NA,"V",5,1674,1.674,2.9868578255675,0,0,FALSE,1.72825282455071
"1643","YER066C-A",3,3,0,0,0,2,1,0,1,2,0,"synonymous_variant;missense_variant",NA,NA,"V",3,NA,NA,NA,0,NA,FALSE,NA
"1644","YER066W",5,5,0,0,0,4,1,0,1,4,0,"missense_variant;synonymous_variant",NA,NA,"V",5,558,0.558,8.96057347670251,0,0,FALSE,2.99342170044625
"1645","YER068W",8,8,0,0,0,4,4,0,4,4,0,"synonymous_variant;missense_variant",NA,NA,"V",8,1764,1.764,4.53514739229025,0,0,FALSE,2.1295885499998
"1646","YER069W",7,7,0,0,0,2,5,0,5,2,0,"synonymous_variant;missense_variant",NA,NA,"V",7,2592,2.592,2.70061728395062,0,0,FALSE,1.64335549530545
"1647","YER070W",15,15,0,0,0,1,14,0,14,1,0,"synonymous_variant;missense_variant",NA,NA,"V",15,2667,2.667,5.62429696287964,0,0,FALSE,2.37156002725624
"1648","YER071C",6,1,0,5,0,1,0,5,0,1,0,"missense_variant;upstream_gene_variant",950,151,"V",1,381,0.381,2.6246719160105,5,1.905,FALSE,1.62008392252084
"1649","YER072W",4,0,0,4,0,0,0,4,0,0,0,"upstream_gene_variant",976,907,"V",0,390,0.39,0,NA,NA,FALSE,0
"1650","YER073W",9,9,0,0,0,0,9,0,9,0,0,"synonymous_variant",NA,NA,"V",9,1563,1.563,5.75815738963532,0,0,FALSE,2.39961609213543
"1651","YER074W-A",4,1,0,3,0,1,0,3,0,1,0,"upstream_gene_variant;missense_variant",270,73,"V",1,471,0.471,2.12314225053079,3,1.413,FALSE,1.45710063157312
"1652","YER075C",37,16,0,21,0,7,9,21,9,7,0,"synonymous_variant;missense_variant;upstream_gene_variant",977,67,"V",16,2787,2.787,5.74094007893793,1.3125,3.6579375,FALSE,2.39602589279372
"1653","YER076C",16,16,0,0,0,10,6,0,6,10,0,"missense_variant;synonymous_variant",NA,NA,"V",16,909,0.909,17.6017601760176,0,0,FALSE,4.19544517018368
"1654","YER076W-A",5,5,0,0,0,4,1,0,1,4,0,"missense_variant;synonymous_variant",NA,NA,"V",5,NA,NA,NA,0,NA,FALSE,NA
"1655","YER077C",13,13,0,0,0,8,5,0,5,8,0,"missense_variant;synonymous_variant",NA,NA,"V",13,2067,2.067,6.28930817610063,0,0,FALSE,2.5078493128776
"1656","YER078C",9,9,0,0,0,2,7,0,7,2,0,"synonymous_variant;missense_variant",NA,NA,"V",9,1536,1.536,5.859375,0,0,FALSE,2.42061459137964
"1657","YER078W-A",1,1,0,0,0,1,0,0,0,1,0,"missense_variant",NA,NA,"V",1,165,0.165,6.06060606060606,0,0,FALSE,2.46182981958665
"1658","YER079C-A",2,2,0,0,0,1,1,0,1,1,0,"synonymous_variant;missense_variant",NA,NA,"V",2,NA,NA,NA,0,NA,FALSE,NA
"1659","YER079W",2,2,0,0,0,1,1,0,1,1,0,"synonymous_variant;missense_variant",NA,NA,"V",2,633,0.633,3.15955766192733,0,0,FALSE,1.7775144618054
"1660","YER080W",17,17,0,0,0,5,12,0,12,5,0,"synonymous_variant;missense_variant",NA,NA,"V",17,1884,1.884,9.02335456475584,0,0,FALSE,3.00388990556509
"1661","YER081W",2,2,0,0,0,0,2,0,2,0,0,"synonymous_variant",NA,NA,"V",2,1410,1.41,1.41843971631206,0,0,FALSE,1.19098266835083
"1662","YER082C",5,4,0,1,0,0,4,1,4,0,0,"synonymous_variant;upstream_gene_variant",22,22,"V",4,1665,1.665,2.4024024024024,0.25,0.41625,FALSE,1.54996851658426
"1663","YER083C",4,4,0,0,0,0,4,0,4,0,0,"synonymous_variant",NA,NA,"V",4,858,0.858,4.66200466200466,0,0,FALSE,2.15916758543765
"1664","YER084W",2,2,0,0,0,1,1,0,1,1,0,"synonymous_variant;missense_variant",NA,NA,"V",2,387,0.387,5.16795865633075,0,0,FALSE,2.27331446490158
"1665","YER084W-A",2,2,0,0,0,1,1,0,1,1,0,"missense_variant;synonymous_variant",NA,NA,"V",2,NA,NA,NA,0,NA,FALSE,NA
"1666","YER086W",6,6,0,0,0,0,6,0,6,0,0,"synonymous_variant",NA,NA,"V",6,1731,1.731,3.46620450606586,0,0,FALSE,1.86177455833564
"1667","YER087C-A",2,0,0,2,0,0,0,2,0,0,0,"upstream_gene_variant",796,792,"V",0,NA,NA,NA,NA,NA,FALSE,NA
"1668","YER087W",3,3,0,0,0,0,3,0,3,0,0,"synonymous_variant",NA,NA,"V",3,1731,1.731,1.73310225303293,0,0,FALSE,1.31647341523972
"1669","YER088C",22,22,0,0,0,10,12,0,12,10,0,"synonymous_variant;missense_variant",NA,NA,"V",22,2013,2.013,10.9289617486339,0,0,FALSE,3.30589802453643
"1670","YER088C-A",2,2,0,0,0,2,0,0,0,2,0,"missense_variant",NA,NA,"V",2,NA,NA,NA,0,NA,FALSE,NA
"1671","YER089C",6,6,0,0,0,0,6,0,6,0,0,"synonymous_variant",NA,NA,"V",6,1395,1.395,4.3010752688172,0,0,FALSE,2.07390338946085
"1672","YER090W",11,11,0,0,0,2,9,0,9,2,0,"synonymous_variant;missense_variant",NA,NA,"V",11,1524,1.524,7.21784776902887,0,0,FALSE,2.68660524994441
"1673","YER091C",9,9,0,0,0,1,8,0,8,1,0,"synonymous_variant;missense_variant",NA,NA,"V",9,2304,2.304,3.90625,0,0,FALSE,1.97642353760524
"1674","YER091C-A",1,1,0,0,0,0,1,0,1,0,0,"synonymous_variant",NA,NA,"V",1,NA,NA,NA,0,NA,FALSE,NA
"1675","YER092W",4,4,0,0,0,0,4,0,4,0,0,"synonymous_variant",NA,NA,"V",4,378,0.378,10.5820105820106,0,0,FALSE,3.25300024316178
"1676","YER093C",35,27,0,8,0,5,22,8,22,5,0,"synonymous_variant;missense_variant;upstream_gene_variant",926,98,"V",27,4293,4.293,6.28930817610063,0.296296296296296,1.272,FALSE,2.5078493128776
"1677","YER093C-A",5,5,0,0,0,4,0,0,0,4,1,"stop_lost;missense_variant",NA,NA,"V",5,489,0.489,10.2249488752556,0,0,FALSE,3.1976473969554
"1678","YER094C",4,4,0,0,0,1,3,0,3,1,0,"synonymous_variant;missense_variant",NA,NA,"V",4,618,0.618,6.47249190938511,0,0,FALSE,2.54410925657392
"1679","YER095W",12,12,0,0,0,3,9,0,9,3,0,"missense_variant;synonymous_variant",NA,NA,"V",12,1203,1.203,9.97506234413965,0,0,FALSE,3.15833220927433
"1680","YER096W",11,11,0,0,0,3,8,0,8,3,0,"synonymous_variant;missense_variant",NA,NA,"V",11,1539,1.539,7.14749837556855,0,0,FALSE,2.67348057325438
"1681","YER097W",4,2,0,2,0,2,0,2,0,2,0,"upstream_gene_variant;missense_variant",121,102,"V",2,NA,NA,NA,1,NA,FALSE,NA
"1682","YER098W",24,24,0,0,0,12,12,0,12,12,0,"synonymous_variant;missense_variant",NA,NA,"V",24,2265,2.265,10.5960264900662,0,0,FALSE,3.25515383508464
"1683","YER099C",6,3,0,3,0,0,3,3,3,0,0,"synonymous_variant;upstream_gene_variant",231,47,"V",3,957,0.957,3.13479623824451,1,0.957,FALSE,1.77053557949128
"1684","YER100W",4,4,0,0,0,2,2,0,2,2,0,"synonymous_variant;missense_variant",NA,NA,"V",4,753,0.753,5.31208499335989,0,0,FALSE,2.3047960849845
"1685","YER101C",4,4,0,0,0,0,4,0,4,0,0,"synonymous_variant",NA,NA,"V",4,1293,1.293,3.09358081979892,0,0,FALSE,1.75885781682287
"1686","YER102W",1,1,0,0,0,0,1,0,1,0,0,"synonymous_variant",NA,NA,"V",1,603,0.603,1.65837479270315,0,0,FALSE,1.28777901547709
"1687","YER103W",4,4,0,0,0,1,3,0,3,1,0,"synonymous_variant;missense_variant",NA,NA,"V",4,1929,1.929,2.07361327112494,0,0,FALSE,1.44000460802212
"1688","YER104W",2,2,0,0,0,1,1,0,1,1,0,"missense_variant;synonymous_variant",NA,NA,"V",2,627,0.627,3.18979266347687,0,0,FALSE,1.78599906592273
"1689","YER105C",50,48,0,2,0,22,26,2,26,22,0,"missense_variant;synonymous_variant;upstream_gene_variant",250,235,"V",48,4176,4.176,11.4942528735632,0.0416666666666667,0.174,FALSE,3.39031751810405
"1690","YER106W",8,8,0,0,0,4,3,0,3,4,1,"missense_variant;synonymous_variant;stop_lost&splice_region_variant",NA,NA,"V",8,909,0.909,8.8008800880088,0,0,FALSE,2.96662772993323
"1691","YER107C",5,5,0,0,0,1,4,0,4,1,0,"synonymous_variant;missense_variant",NA,NA,"V",5,1098,1.098,4.55373406193078,0,0,FALSE,2.1339479988816
"1692","YER107W-A",3,3,0,0,0,0,3,0,3,0,0,"synonymous_variant",NA,NA,"V",3,NA,NA,NA,0,NA,FALSE,NA
"1693","YER109C",33,33,0,0,0,16,16,0,16,16,1,"missense_variant;synonymous_variant;stop_lost",NA,NA,"V",33,NA,NA,NA,0,NA,FALSE,NA
"1694","YER110C",15,15,0,0,0,4,11,0,11,4,0,"missense_variant;synonymous_variant",NA,NA,"V",15,3342,3.342,4.48833034111311,0,0,FALSE,2.11856799303518
"1695","YER111C",16,16,0,0,0,3,13,0,13,3,0,"synonymous_variant;missense_variant",NA,NA,"V",16,3282,3.282,4.8750761730652,0,0,FALSE,2.20795746631705
"1696","YER112W",2,2,0,0,0,1,1,0,1,1,0,"missense_variant;synonymous_variant",NA,NA,"V",2,564,0.564,3.54609929078014,0,0,FALSE,1.88310894288677
"1697","YER113C",13,13,0,0,0,4,9,0,9,4,0,"missense_variant;synonymous_variant",NA,NA,"V",13,2121,2.121,6.12918434700613,0,0,FALSE,2.47571895557758
"1698","YER114C",19,19,0,0,0,7,12,0,12,7,0,"missense_variant;synonymous_variant",NA,NA,"V",19,3123,3.123,6.08389369196286,0,0,FALSE,2.46655502512368
"1699","YER115C",6,6,0,0,0,3,3,0,3,3,0,"synonymous_variant;missense_variant",NA,NA,"V",6,576,0.576,10.4166666666667,0,0,FALSE,3.22748612183951
"1700","YER116C",9,9,0,0,0,6,3,0,3,6,0,"synonymous_variant;missense_variant",NA,NA,"V",9,825,0.825,10.9090909090909,0,0,FALSE,3.30289129537908
"1701","YER117W",1,1,0,0,0,0,1,0,1,0,0,"synonymous_variant",NA,NA,"V",1,885,0.885,1.12994350282486,0,0,FALSE,1.06298800690547
"1702","YER118C",9,9,0,0,0,4,5,0,5,4,0,"missense_variant;synonymous_variant",NA,NA,"V",9,1104,1.104,8.15217391304348,0,0,FALSE,2.8552012036008
"1703","YER119C",6,6,0,0,0,2,4,0,4,2,0,"synonymous_variant;missense_variant",NA,NA,"V",6,1347,1.347,4.4543429844098,0,0,FALSE,2.11053144596564
"1704","YER119C-A",1,1,0,0,0,1,0,0,0,1,0,"missense_variant",NA,NA,"V",1,NA,NA,NA,0,NA,FALSE,NA
"1705","YER120W",3,3,0,0,0,0,3,0,3,0,0,"synonymous_variant",NA,NA,"V",3,735,0.735,4.08163265306122,0,0,FALSE,2.02030508910442
"1706","YER121W",2,2,0,0,0,1,1,0,1,1,0,"synonymous_variant;missense_variant",NA,NA,"V",2,345,0.345,5.79710144927536,0,0,FALSE,2.40771706171538
"1707","YER122C",10,10,0,0,0,3,7,0,7,3,0,"missense_variant;synonymous_variant",NA,NA,"V",10,1482,1.482,6.7476383265857,0,0,FALSE,2.59762166733066
"1708","YER123W",5,5,0,0,0,2,3,0,3,2,0,"missense_variant;synonymous_variant",NA,NA,"V",5,1575,1.575,3.17460317460317,0,0,FALSE,1.7817416127495
"1709","YER124C",23,18,0,5,0,8,10,5,10,8,0,"missense_variant;synonymous_variant;upstream_gene_variant",829,331,"V",18,1722,1.722,10.4529616724739,0.277777777777778,0.478333333333333,FALSE,3.23310403056782
"1710","YER125W",5,5,0,0,0,0,5,0,5,0,0,"synonymous_variant",NA,NA,"V",5,2430,2.43,2.05761316872428,0,0,FALSE,1.43443827637312
"1711","YER126C",4,2,0,2,0,0,2,2,2,0,0,"synonymous_variant;upstream_gene_variant",257,11,"V",2,786,0.786,2.54452926208651,1,0.786,FALSE,1.59515806805674
"1712","YER127W",9,9,0,0,0,4,5,0,5,4,0,"synonymous_variant;missense_variant",NA,NA,"V",9,1074,1.074,8.37988826815642,0,0,FALSE,2.89480366659924
"1713","YER128W",3,3,0,0,0,1,2,0,2,1,0,"synonymous_variant;missense_variant",NA,NA,"V",3,612,0.612,4.90196078431373,0,0,FALSE,2.21403721385024
"1714","YER129W",31,31,0,0,0,12,19,0,19,12,0,"missense_variant;synonymous_variant",NA,NA,"V",31,3429,3.429,9.04053659959172,0,0,FALSE,3.00674850953513
"1715","YER130C",15,9,0,6,0,2,7,6,7,2,0,"synonymous_variant;missense_variant;upstream_gene_variant",787,65,"V",9,1332,1.332,6.75675675675676,0.666666666666667,0.888,FALSE,2.59937622455018
"1716","YER131W",1,1,0,0,0,0,1,0,1,0,0,"synonymous_variant",NA,NA,"V",1,360,0.36,2.77777777777778,0,0,FALSE,1.66666666666667
"1717","YER132C",43,30,0,13,0,11,18,13,18,11,1,"missense_variant;synonymous_variant;stop_gained;upstream_gene_variant",938,5,"V",30,5262,5.262,5.70125427594071,0.433333333333333,2.2802,FALSE,2.38772994200364
"1718","YER133W",4,4,0,0,0,0,4,0,4,0,0,"synonymous_variant",NA,NA,"V",4,1464,1.464,2.73224043715847,0,0,FALSE,1.65294901226822
"1719","YER133W-A",4,4,0,0,0,3,0,0,0,3,1,"missense_variant;stop_gained",NA,NA,"V",4,NA,NA,NA,0,NA,FALSE,NA
"1720","YER134C",2,2,0,0,0,0,2,0,2,0,0,"synonymous_variant",NA,NA,"V",2,537,0.537,3.7243947858473,0,0,FALSE,1.92986911106616
"1721","YER135C",2,2,0,0,0,2,0,0,0,2,0,"missense_variant",NA,NA,"V",2,393,0.393,5.08905852417303,0,0,FALSE,2.25589417397471
"1722","YER136W",3,3,0,0,0,0,3,0,3,0,0,"synonymous_variant",NA,NA,"V",3,1356,1.356,2.21238938053097,0,0,FALSE,1.48741029327182
"1723","YER137C",7,7,0,0,0,4,3,0,3,4,0,"synonymous_variant;missense_variant",NA,NA,"V",7,447,0.447,15.6599552572707,0,0,FALSE,3.95726613424858
"1724","YER137W-A",5,5,0,0,0,4,1,0,1,4,0,"synonymous_variant;missense_variant",NA,NA,"V",5,NA,NA,NA,0,NA,FALSE,NA
"1725","YER138C",5,0,0,5,0,0,0,5,0,0,0,"upstream_gene_variant",884,661,"V",0,5269,5.269,0,NA,NA,FALSE,0
"1726","YER139C",1,1,0,0,0,0,1,0,1,0,0,"synonymous_variant",NA,NA,"V",1,681,0.681,1.46842878120411,0,0,FALSE,1.21178743235112
"1727","YER140W",8,8,0,0,0,2,6,0,6,2,0,"missense_variant;synonymous_variant",NA,NA,"V",8,1671,1.671,4.78755236385398,0,0,FALSE,2.18804761462222
"1728","YER141W",3,3,0,0,0,0,3,0,3,0,0,"synonymous_variant",NA,NA,"V",3,1461,1.461,2.05338809034908,0,0,FALSE,1.43296479033823
"1729","YER142C",7,5,0,2,0,2,3,2,3,2,0,"synonymous_variant;missense_variant;upstream_gene_variant",242,223,"V",5,891,0.891,5.61167227833895,0.4,0.3564,TRUE,2.36889684839567
"1730","YER143W",10,10,0,0,0,1,9,0,9,1,0,"synonymous_variant;missense_variant",NA,NA,"V",10,1287,1.287,7.77000777000777,0,0,FALSE,2.7874733666903
"1731","YER144C",35,35,0,0,0,17,18,0,18,17,0,"synonymous_variant;missense_variant",NA,NA,"V",35,2418,2.418,14.4747725392887,0,0,FALSE,3.8045725829965
"1732","YER145C",3,3,0,0,0,0,3,0,3,0,0,"synonymous_variant",NA,NA,"V",3,1215,1.215,2.46913580246914,0,0,FALSE,1.57134840263677
"1733","YER145C-A",3,3,0,0,0,0,3,0,3,0,0,"synonymous_variant",NA,NA,"V",3,438,0.438,6.84931506849315,0,0,FALSE,2.61711961295107
"1734","YER147C",14,14,0,0,0,3,11,0,11,3,0,"synonymous_variant;missense_variant",NA,NA,"V",14,1875,1.875,7.46666666666667,0,0,FALSE,2.73252020425589
"1735","YER147C-A",2,2,0,0,0,0,2,0,2,0,0,"synonymous_variant",NA,NA,"V",2,NA,NA,NA,0,NA,FALSE,NA
"1736","YER148W",3,3,0,0,0,0,3,0,3,0,0,"synonymous_variant",NA,NA,"V",3,723,0.723,4.149377593361,0,0,FALSE,2.03700210931678
"1737","YER149C",4,4,0,0,0,1,3,0,3,1,0,"synonymous_variant;missense_variant",NA,NA,"V",4,1263,1.263,3.16706254948535,0,0,FALSE,1.77962427199826
"1738","YER150W",5,5,0,0,0,2,3,0,3,2,0,"missense_variant;synonymous_variant",NA,NA,"V",5,447,0.447,11.1856823266219,0,0,FALSE,3.34450031045326
"1739","YER151C",27,24,0,3,0,12,12,3,12,12,0,"missense_variant;synonymous_variant;upstream_gene_variant",153,58,"V",24,2739,2.739,8.76232201533406,0.125,0.342375,FALSE,2.96012195953715
"1740","YER152C",9,9,0,0,0,2,7,0,7,2,0,"missense_variant;synonymous_variant",NA,NA,"V",9,1332,1.332,6.75675675675676,0,0,FALSE,2.59937622455018
"1741","YER152W-A",8,8,0,0,0,8,0,0,0,8,0,"missense_variant",NA,NA,"V",8,NA,NA,NA,0,NA,FALSE,NA
"1742","YER153C",13,13,0,0,0,2,11,0,11,2,0,"synonymous_variant;missense_variant",NA,NA,"V",13,765,0.765,16.9934640522876,0,0,FALSE,4.12231294933895
"1743","YER154W",19,19,0,0,0,2,16,0,17,2,0,"synonymous_variant;missense_variant;splice_region_variant&stop_retained_variant",NA,NA,"V",19,1209,1.209,15.7154673283706,0,0,FALSE,3.96427387151425
"1744","YER155C",43,43,0,0,0,12,31,0,31,12,0,"synonymous_variant;missense_variant",NA,NA,"V",43,6504,6.504,6.61131611316113,0,0,FALSE,2.5712479680422
"1745","YER156C",6,6,0,0,0,4,2,0,2,4,0,"synonymous_variant;missense_variant",NA,NA,"V",6,1017,1.017,5.89970501474926,0,0,FALSE,2.4289308377863
"1746","YER157W",21,21,0,0,0,7,14,0,14,7,0,"synonymous_variant;missense_variant",NA,NA,"V",21,2406,2.406,8.72817955112219,0,0,FALSE,2.95434926017934
"1747","YER158C",12,12,0,0,0,5,7,0,7,5,0,"synonymous_variant;missense_variant",NA,NA,"V",12,1722,1.722,6.96864111498258,0,0,FALSE,2.63981838674227
"1748","YER158W-A",2,2,0,0,0,1,1,0,1,1,0,"synonymous_variant;missense_variant",NA,NA,"V",2,NA,NA,NA,0,NA,FALSE,NA
"1749","YER159C",1,1,0,0,0,0,1,0,1,0,0,"synonymous_variant",NA,NA,"V",1,429,0.429,2.33100233100233,0,0,FALSE,1.52676204138115
"1750","YER160C",13,0,0,13,0,0,0,13,0,0,0,"upstream_gene_variant",934,339,"V",0,5269,5.269,0,NA,NA,FALSE,0
"1751","YER161C",9,9,0,0,0,2,7,0,7,2,0,"synonymous_variant;missense_variant",NA,NA,"V",9,1002,1.002,8.98203592814371,0,0,FALSE,2.9970044925131
"1752","YER162C",10,10,0,0,0,6,4,0,4,6,0,"missense_variant;synonymous_variant",NA,NA,"V",10,2265,2.265,4.41501103752759,0,0,FALSE,2.10119276543767
"1753","YER163C",5,5,0,0,0,1,4,0,4,1,0,"synonymous_variant;missense_variant",NA,NA,"V",5,699,0.699,7.15307582260372,0,0,FALSE,2.6745234757997
"1754","YER164W",23,23,0,0,0,6,16,0,17,6,0,"synonymous_variant;missense_variant;splice_region_variant&stop_retained_variant",NA,NA,"V",23,4407,4.407,5.21896982073973,0,0,FALSE,2.28450647202842
"1755","YER165C-A",2,2,0,0,0,2,0,0,0,2,0,"missense_variant",NA,NA,"V",2,NA,NA,NA,0,NA,FALSE,NA
"1756","YER165W",16,9,0,7,0,0,9,7,9,0,0,"upstream_gene_variant;synonymous_variant",530,182,"V",9,1734,1.734,5.19031141868512,0.777777777777778,1.34866666666667,FALSE,2.27822549776907
"1757","YER166W",28,24,0,4,0,4,20,4,20,4,0,"upstream_gene_variant;synonymous_variant;missense_variant",449,166,"V",24,4716,4.716,5.08905852417303,0.166666666666667,0.786,FALSE,2.25589417397471
"1758","YER167W",8,8,0,0,0,2,6,0,6,2,0,"synonymous_variant;missense_variant",NA,NA,"V",8,2556,2.556,3.12989045383412,0,0,FALSE,1.76914964144758
"1759","YER168C",19,10,0,9,0,0,10,9,10,0,0,"synonymous_variant;upstream_gene_variant",591,14,"V",10,1641,1.641,6.0938452163315,0.9,1.4769,FALSE,2.46857149305656
"1760","YER169W",12,12,0,0,0,4,8,0,8,4,0,"synonymous_variant;missense_variant",NA,NA,"V",12,2391,2.391,5.01882057716437,0,0,FALSE,2.24027243369291
"1761","YER170W",3,3,0,0,0,1,2,0,2,1,0,"synonymous_variant;missense_variant",NA,NA,"V",3,678,0.678,4.42477876106195,0,0,FALSE,2.10351580955836
"1762","YER171W",5,5,0,0,0,0,5,0,5,0,0,"synonymous_variant",NA,NA,"V",5,2337,2.337,2.13949507916132,0,0,FALSE,1.46270129526206
"1763","YER172C",39,35,0,4,0,15,20,4,20,15,0,"missense_variant;synonymous_variant;upstream_gene_variant",234,54,"V",35,6492,6.492,5.39125077017868,0.114285714285714,0.741942857142857,FALSE,2.32190671005075
"1764","YER172C-A",1,1,0,0,0,0,1,0,1,0,0,"synonymous_variant",NA,NA,"V",1,NA,NA,NA,0,NA,FALSE,NA
"1765","YER173W",11,11,0,0,0,3,8,0,8,3,0,"synonymous_variant;missense_variant",NA,NA,"V",11,1980,1.98,5.55555555555556,0,0,FALSE,2.35702260395516
"1766","YER174C",8,8,0,0,0,5,3,0,3,5,0,"synonymous_variant;missense_variant",NA,NA,"V",8,735,0.735,10.8843537414966,0,0,FALSE,3.29914439536929
"1767","YER175C",4,4,0,0,0,1,3,0,3,1,0,"missense_variant;synonymous_variant",NA,NA,"V",4,900,0.9,4.44444444444444,0,0,FALSE,2.10818510677892
"1768","YER175W-A",1,1,0,0,0,1,0,0,0,1,0,"missense_variant",NA,NA,"V",1,165,0.165,6.06060606060606,0,0,FALSE,2.46182981958665
"1769","YER176W",23,23,0,0,0,11,12,0,12,11,0,"missense_variant;synonymous_variant",NA,NA,"V",23,3366,3.366,6.83303624480095,0,0,FALSE,2.61400769792305
"1770","YER177W",5,5,0,0,0,1,4,0,4,1,0,"synonymous_variant;missense_variant",NA,NA,"V",5,804,0.804,6.21890547263682,0,0,FALSE,2.49377334026908
"1771","YER178W",12,6,0,6,0,0,6,6,6,0,0,"upstream_gene_variant;synonymous_variant",396,51,"V",6,1263,1.263,4.75059382422803,1,1.263,FALSE,2.17958570013386
"1772","YER179W",13,7,0,6,0,0,7,6,7,0,0,"upstream_gene_variant;synonymous_variant",288,76,"V",7,1097,1.097,6.38103919781221,0.857142857142857,0.940285714285714,FALSE,2.5260718908638
"1773","YER180C",21,11,0,10,0,6,5,10,5,6,0,"missense_variant;synonymous_variant;upstream_gene_variant",917,39,"V",11,804,0.804,13.681592039801,0.909090909090909,0.730909090909091,FALSE,3.69886361465261
"1774","YER180C-A",2,2,0,0,0,1,1,0,1,1,0,"missense_variant;synonymous_variant",NA,NA,"V",2,258,0.258,7.75193798449612,0,0,FALSE,2.78423023194852
"1775","YER182W",6,6,0,0,0,2,4,0,4,2,0,"missense_variant;synonymous_variant",NA,NA,"V",6,735,0.735,8.16326530612245,0,0,FALSE,2.85714285714286
"1776","YER183C",2,2,0,0,0,1,1,0,1,1,0,"synonymous_variant;missense_variant",NA,NA,"V",2,636,0.636,3.14465408805031,0,0,FALSE,1.77331725532977
"1777","YER184C",34,28,0,6,0,4,24,6,24,4,0,"synonymous_variant;missense_variant;upstream_gene_variant",725,313,"V",28,2385,2.385,11.7400419287212,0.214285714285714,0.511071428571429,FALSE,3.42637445833364
"1778","YER185W",12,12,0,0,0,0,12,0,12,0,0,"synonymous_variant",NA,NA,"V",12,912,0.912,13.1578947368421,0,0,FALSE,3.62738125055006
"1779","YER186C",28,28,0,0,0,20,8,0,8,20,0,"missense_variant;synonymous_variant",NA,NA,"V",28,921,0.921,30.4017372421281,0,0,FALSE,5.51377703957352
"1780","YER187W",35,35,0,0,0,11,22,0,22,11,2,"start_lost;missense_variant;synonymous_variant",NA,NA,"V",35,426,0.426,82.1596244131455,0,0,FALSE,9.06419463676424
"1781","YER188C-A",15,4,0,11,0,2,2,11,2,2,0,"missense_variant;synonymous_variant;upstream_gene_variant",591,87,"V",4,300,0.3,13.3333333333333,2.75,0.825,FALSE,3.65148371670111
"1782","YER188W",37,15,0,22,0,8,7,22,7,8,0,"upstream_gene_variant;synonymous_variant;missense_variant",398,17,"V",15,720,0.72,20.8333333333333,1.46666666666667,1.056,FALSE,4.56435464587638
"1783","YFL001W",10,10,0,0,0,7,3,0,3,7,0,"missense_variant;synonymous_variant",NA,NA,"VI",10,1329,1.329,7.52445447705041,0,0,FALSE,2.74307391024201
"1784","YFL002C",16,12,0,4,0,1,11,4,11,1,0,"synonymous_variant;missense_variant;upstream_gene_variant",187,84,"VI",12,1821,1.821,6.58978583196046,0.333333333333333,0.607,FALSE,2.5670578162481
"1785","YFL003C",22,11,0,11,0,6,5,11,5,6,0,"missense_variant;synonymous_variant;upstream_gene_variant",753,84,"VI",11,2637,2.637,4.17140690178233,1,2.637,FALSE,2.04240223799876
"1786","YFL004W",9,7,0,2,0,2,5,2,5,2,0,"upstream_gene_variant;synonymous_variant;missense_variant",723,610,"VI",7,2487,2.487,2.81463610776035,0.285714285714286,0.710571428571429,FALSE,1.67768772653326
"1787","YFL007W",7,7,0,0,0,2,5,0,5,2,0,"synonymous_variant;missense_variant",NA,NA,"VI",7,6432,6.432,1.08830845771144,0,0,FALSE,1.04322023451975
"1788","YFL008W",20,20,0,0,0,6,14,0,14,6,0,"synonymous_variant;missense_variant",NA,NA,"VI",20,3678,3.678,5.43773790103317,0,0,FALSE,2.3318957740502
"1789","YFL009W",10,10,0,0,0,3,7,0,7,3,0,"synonymous_variant;missense_variant",NA,NA,"VI",10,2340,2.34,4.27350427350427,0,0,FALSE,2.06724557648681
"1790","YFL010C",6,4,0,2,0,2,2,2,2,2,0,"missense_variant;synonymous_variant;upstream_gene_variant",302,294,"VI",4,636,0.636,6.28930817610063,0.5,0.318,FALSE,2.5078493128776
"1791","YFL010W-A",3,3,0,0,0,2,1,0,1,2,0,"missense_variant;synonymous_variant",NA,NA,"VI",3,285,0.285,10.5263157894737,0,0,FALSE,3.24442842261525
"1792","YFL011W",24,24,0,0,0,5,19,0,19,5,0,"missense_variant;synonymous_variant",NA,NA,"VI",24,1641,1.641,14.6252285191956,0,0,FALSE,3.82429451261218
"1793","YFL012W",7,7,0,0,0,3,4,0,4,3,0,"missense_variant;synonymous_variant",NA,NA,"VI",7,447,0.447,15.6599552572707,0,0,FALSE,3.95726613424858
"1794","YFL012W-A",4,4,0,0,0,2,2,0,2,2,0,"missense_variant;synonymous_variant",NA,NA,"VI",4,NA,NA,NA,0,NA,FALSE,NA
"1795","YFL013C",10,10,0,0,0,4,6,0,6,4,0,"missense_variant;synonymous_variant",NA,NA,"VI",10,2079,2.079,4.81000481000481,0,0,FALSE,2.19317231653256
"1796","YFL013W-A",11,11,0,0,0,3,7,0,7,3,1,"start_lost;missense_variant;synonymous_variant",NA,NA,"VI",11,NA,NA,NA,0,NA,FALSE,NA
"1797","YFL014W",1,1,0,0,0,0,1,0,1,0,0,"synonymous_variant",NA,NA,"VI",1,330,0.33,3.03030303030303,0,0,FALSE,1.74077655955698
"1798","YFL015C",2,2,0,0,0,2,0,0,0,2,0,"missense_variant",NA,NA,"VI",2,495,0.495,4.04040404040404,0,0,FALSE,2.01007563051842
"1799","YFL015W-A",2,2,0,0,0,2,0,0,0,2,0,"missense_variant",NA,NA,"VI",2,NA,NA,NA,0,NA,FALSE,NA
"1800","YFL016C",7,7,0,0,0,1,6,0,6,1,0,"synonymous_variant;missense_variant",NA,NA,"VI",7,1536,1.536,4.55729166666667,0,0,FALSE,2.13478140957492
"1801","YFL017C",4,4,0,0,0,2,2,0,2,2,0,"synonymous_variant;missense_variant",NA,NA,"VI",4,480,0.48,8.33333333333333,0,0,FALSE,2.88675134594813
"1802","YFL017W-A",2,2,0,0,0,1,1,0,1,1,0,"synonymous_variant;missense_variant",NA,NA,"VI",2,234,0.234,8.54700854700855,0,0,FALSE,2.92352673102343
"1803","YFL018C",12,12,0,0,0,1,11,0,11,1,0,"synonymous_variant;missense_variant",NA,NA,"VI",12,1500,1.5,8,0,0,FALSE,2.82842712474619
"1804","YFL019C",12,12,0,0,0,9,2,0,2,9,1,"missense_variant;stop_gained;synonymous_variant",NA,NA,"VI",12,354,0.354,33.8983050847458,0,0,FALSE,5.82222509739582
"1805","YFL020C",2,2,0,0,0,0,1,0,2,0,0,"splice_region_variant&stop_retained_variant;synonymous_variant",NA,NA,"VI",2,369,0.369,5.42005420054201,0,0,FALSE,2.32810098589859
"1806","YFL021C-A",4,4,0,0,0,2,2,0,2,2,0,"missense_variant;synonymous_variant",NA,NA,"VI",4,NA,NA,NA,0,NA,FALSE,NA
"1807","YFL021W",8,8,0,0,0,3,5,0,5,3,0,"synonymous_variant;missense_variant",NA,NA,"VI",8,1533,1.533,5.21852576647097,0,0,FALSE,2.28440928173368
"1808","YFL022C",13,7,0,6,0,1,6,6,6,1,0,"synonymous_variant;missense_variant;upstream_gene_variant",622,337,"VI",7,1512,1.512,4.62962962962963,0.857142857142857,1.296,FALSE,2.15165741455968
"1809","YFL023W",13,13,0,0,0,3,10,0,10,3,0,"synonymous_variant;missense_variant",NA,NA,"VI",13,2391,2.391,5.4370556252614,0,0,FALSE,2.33174947737989
"1810","YFL024C",14,14,0,0,0,1,13,0,13,1,0,"synonymous_variant;missense_variant",NA,NA,"VI",14,2499,2.499,5.60224089635854,0,0,FALSE,2.36690534165575
"1811","YFL025C",27,18,0,9,0,7,11,9,11,7,0,"synonymous_variant;missense_variant;upstream_gene_variant",475,166,"VI",18,3090,3.09,5.8252427184466,0.5,1.545,FALSE,2.41355396012739
"1812","YFL026W",6,6,0,0,0,2,4,0,4,2,0,"missense_variant;synonymous_variant",NA,NA,"VI",6,1296,1.296,4.62962962962963,0,0,FALSE,2.15165741455968
"1813","YFL027C",10,10,0,0,0,5,5,0,5,5,0,"synonymous_variant;missense_variant",NA,NA,"VI",10,1494,1.494,6.69344042838019,0,0,FALSE,2.58716841902111
"1814","YFL028C",7,7,0,0,0,0,7,0,7,0,0,"synonymous_variant",NA,NA,"VI",7,870,0.87,8.04597701149425,0,0,FALSE,2.83654314465588
"1815","YFL029C",8,8,0,0,0,3,5,0,5,3,0,"synonymous_variant;missense_variant",NA,NA,"VI",8,1107,1.107,7.22673893405601,0,0,FALSE,2.68825946181837
"1816","YFL030W",6,6,0,0,0,0,6,0,6,0,0,"synonymous_variant",NA,NA,"VI",6,1158,1.158,5.18134715025907,0,0,FALSE,2.27625726802993
"1817","YFL031W",6,6,0,0,0,1,4,0,4,1,1,"synonymous_variant;missense_variant;stop_lost",NA,NA,"VI",6,969,0.969,6.19195046439629,0,0,FALSE,2.4883630089672
"1818","YFL032W",7,7,0,0,0,3,4,0,4,3,0,"synonymous_variant;missense_variant",NA,NA,"VI",7,NA,NA,NA,0,NA,FALSE,NA
"1819","YFL033C",57,50,0,7,0,7,43,7,43,7,0,"missense_variant;synonymous_variant;upstream_gene_variant",436,220,"VI",50,5313,5.313,9.41087897609637,0.14,0.74382,FALSE,3.06771559569924
"1820","YFL034C-A",3,3,0,0,0,1,2,0,2,1,0,"synonymous_variant;missense_variant",NA,NA,"VI",3,690,0.69,4.34782608695652,0,0,FALSE,2.08514414057075
"1821","YFL034C-B",7,5,0,2,0,3,1,2,2,3,0,"missense_variant;synonymous_variant;splice_region_variant&synonymous_variant;upstream_gene_variant",944,658,"VI",5,978,0.978,5.11247443762781,0.4,0.3912,FALSE,2.26107815823067
"1822","YFL034W",39,39,0,0,0,12,27,0,27,12,0,"missense_variant;synonymous_variant",NA,NA,"VI",39,3222,3.222,12.1042830540037,0,0,FALSE,3.47912101744158
"1823","YFL036W",18,18,0,0,0,2,16,0,16,2,0,"synonymous_variant;missense_variant",NA,NA,"VI",18,4056,4.056,4.43786982248521,0,0,FALSE,2.10662522117372
"1824","YFL037W",4,4,0,0,0,0,4,0,4,0,0,"synonymous_variant",NA,NA,"VI",4,1374,1.374,2.91120815138282,0,0,FALSE,1.70622628961777
"1825","YFL038C",3,3,0,0,0,0,3,0,3,0,0,"synonymous_variant",NA,NA,"VI",3,621,0.621,4.83091787439614,0,0,FALSE,2.19793491131929
"1826","YFL039C",4,1,0,3,0,1,0,3,0,1,0,"missense_variant;upstream_gene_variant",546,162,"VI",1,1437,1.437,0.69589422407794,3,4.311,TRUE,0.834202747584746
"1827","YFL040W",8,8,0,0,0,4,4,0,4,4,0,"synonymous_variant;missense_variant",NA,NA,"VI",8,1623,1.623,4.92914356130622,0,0,FALSE,2.22016746244652
"1828","YFL041W",17,17,0,0,0,3,14,0,14,3,0,"synonymous_variant;missense_variant",NA,NA,"VI",17,1869,1.869,9.09577314071696,0,0,FALSE,3.01591994932176
"1829","YFL041W-A",2,2,0,0,0,1,1,0,1,1,0,"missense_variant;synonymous_variant",NA,NA,"VI",2,192,0.192,10.4166666666667,0,0,FALSE,3.22748612183951
"1830","YFL042C",17,17,0,0,0,7,10,0,10,7,0,"synonymous_variant;missense_variant",NA,NA,"VI",17,2025,2.025,8.39506172839506,0,0,FALSE,2.89742329120118
"1831","YFL044C",13,13,0,0,0,5,8,0,8,5,0,"missense_variant;synonymous_variant",NA,NA,"VI",13,906,0.906,14.3487858719647,0,0,FALSE,3.78797912770974
"1832","YFL045C",5,5,0,0,0,0,5,0,5,0,0,"synonymous_variant",NA,NA,"VI",5,765,0.765,6.5359477124183,0,0,FALSE,2.55654996282457
"1833","YFL046W",4,4,0,0,0,0,4,0,4,0,0,"synonymous_variant",NA,NA,"VI",4,624,0.624,6.41025641025641,0,0,FALSE,2.53184841770917
"1834","YFL047W",14,14,0,0,0,3,11,0,11,3,0,"synonymous_variant;missense_variant",NA,NA,"VI",14,2145,2.145,6.52680652680653,0,0,FALSE,2.55476154010634
"1835","YFL048C",8,8,0,0,0,2,6,0,6,2,0,"synonymous_variant;missense_variant",NA,NA,"VI",8,1338,1.338,5.97907324364723,0,0,FALSE,2.44521435535767
"1836","YFL049W",21,21,0,0,0,11,10,0,10,11,0,"missense_variant;synonymous_variant",NA,NA,"VI",21,1872,1.872,11.2179487179487,0,0,FALSE,3.34932063528542
"1837","YFL050C",41,25,0,16,0,12,13,16,13,12,0,"missense_variant;synonymous_variant;upstream_gene_variant",891,57,"VI",25,2577,2.577,9.7012029491657,0.64,1.64928,FALSE,3.11467541634208
"1838","YFL051C",18,8,0,10,0,6,2,10,2,6,0,"synonymous_variant;missense_variant;upstream_gene_variant",820,4,"VI",8,483,0.483,16.5631469979296,1.25,0.60375,FALSE,4.0697846377824
"1839","YFL052W",31,22,0,9,0,10,12,9,12,10,0,"upstream_gene_variant;missense_variant;synonymous_variant",422,62,"VI",22,1398,1.398,15.7367668097282,0.409090909090909,0.571909090909091,FALSE,3.96695939098552
"1840","YFL053W",17,17,0,0,0,7,10,0,10,7,0,"synonymous_variant;missense_variant",NA,NA,"VI",17,1776,1.776,9.57207207207207,0,0,FALSE,3.09387654441351
"1841","YFL054C",47,34,0,13,0,10,24,13,24,10,0,"missense_variant;synonymous_variant;upstream_gene_variant",603,17,"VI",34,1941,1.941,17.5167439464194,0.382352941176471,0.742147058823529,FALSE,4.18530093857292
"1842","YFL055W",35,35,0,0,0,12,22,0,22,12,1,"missense_variant;synonymous_variant;stop_gained",NA,NA,"VI",35,1677,1.677,20.8706022659511,0,0,FALSE,4.56843542867261
"1843","YFL056C",31,31,0,0,0,13,17,0,17,13,1,"synonymous_variant;missense_variant;stop_gained",NA,NA,"VI",31,NA,NA,NA,0,NA,FALSE,NA
"1844","YFL057C",9,9,0,0,0,2,7,0,7,2,0,"missense_variant;synonymous_variant",NA,NA,"VI",9,NA,NA,NA,0,NA,FALSE,NA
"1845","YFL059W",2,2,0,0,0,0,2,0,2,0,0,"synonymous_variant",NA,NA,"VI",2,897,0.897,2.22965440356745,0,0,FALSE,1.49320273357888
"1846","YFL060C",1,1,0,0,0,0,1,0,1,0,0,"synonymous_variant",NA,NA,"VI",1,669,0.669,1.49476831091181,0,0,FALSE,1.22260717767884
"1847","YFL061W",1,0,0,1,0,0,0,1,0,0,0,"upstream_gene_variant",435,435,"VI",0,678,0.678,0,NA,NA,FALSE,0
"1848","YFL062W",26,26,0,0,0,17,9,0,9,17,0,"missense_variant;synonymous_variant",NA,NA,"VI",26,1140,1.14,22.8070175438597,0,0,FALSE,4.77566932940919
"1849","YFL063W",13,13,0,0,0,8,5,0,5,8,0,"synonymous_variant;missense_variant",NA,NA,"VI",13,NA,NA,NA,0,NA,FALSE,NA
"1850","YFL067W",1,1,0,0,0,1,0,0,0,1,0,"missense_variant",NA,NA,"VI",1,528,0.528,1.89393939393939,0,0,FALSE,1.37620470640795
"1851","YFR001W",4,4,0,0,0,2,2,0,2,2,0,"missense_variant;synonymous_variant",NA,NA,"VI",4,615,0.615,6.50406504065041,0,0,FALSE,2.55030685225335
"1852","YFR002W",2,2,0,0,0,0,2,0,2,0,0,"synonymous_variant",NA,NA,"VI",2,2520,2.52,0.793650793650794,0,0,FALSE,0.890870806374748
"1853","YFR003C",4,1,0,3,0,1,0,3,0,1,0,"missense_variant;upstream_gene_variant",236,199,"VI",1,468,0.468,2.13675213675214,3,1.404,FALSE,1.46176336551172
"1854","YFR004W",3,3,0,0,0,0,3,0,3,0,0,"synonymous_variant",NA,NA,"VI",3,921,0.921,3.25732899022801,0,0,FALSE,1.80480718921108
"1855","YFR005C",7,7,0,0,0,2,5,0,5,2,0,"synonymous_variant;missense_variant",NA,NA,"VI",7,1347,1.347,5.19673348181143,0,0,FALSE,2.27963450618985
"1856","YFR006W",13,13,0,0,0,4,9,0,9,4,0,"missense_variant;synonymous_variant",NA,NA,"VI",13,1608,1.608,8.08457711442786,0,0,FALSE,2.8433390783422
"1857","YFR007W",7,7,0,0,0,2,5,0,5,2,0,"missense_variant;synonymous_variant",NA,NA,"VI",7,1062,1.062,6.59133709981168,0,0,FALSE,2.56735994745803
"1858","YFR008W",5,5,0,0,0,0,5,0,5,0,0,"synonymous_variant",NA,NA,"VI",5,666,0.666,7.50750750750751,0,0,FALSE,2.73998312175595
"1859","YFR009W",5,5,0,0,0,1,4,0,4,1,0,"synonymous_variant;missense_variant",NA,NA,"VI",5,2259,2.259,2.21336874723329,0,0,FALSE,1.48773947559151
"1860","YFR009W-A",1,1,0,0,0,1,0,0,0,1,0,"missense_variant",NA,NA,"VI",1,NA,NA,NA,0,NA,FALSE,NA
"1861","YFR010W",3,1,0,2,0,1,0,2,0,1,0,"upstream_gene_variant;missense_variant",312,184,"VI",1,1500,1.5,0.666666666666667,2,3,FALSE,0.816496580927726
"1862","YFR010W-A",1,0,0,1,0,0,0,1,0,0,0,"upstream_gene_variant",23,23,"VI",0,NA,NA,NA,NA,NA,FALSE,NA
"1863","YFR011C",8,1,0,7,0,0,1,7,1,0,0,"synonymous_variant;upstream_gene_variant",560,138,"VI",1,513,0.513,1.94931773879142,7,3.591,FALSE,1.39617969430565
"1864","YFR012W",7,7,0,0,0,4,3,0,3,4,0,"missense_variant;synonymous_variant",NA,NA,"VI",7,609,0.609,11.4942528735632,0,0,FALSE,3.39031751810405
"1865","YFR013W",8,8,0,0,0,4,4,0,4,4,0,"synonymous_variant;missense_variant",NA,NA,"VI",8,2364,2.364,3.38409475465313,0,0,FALSE,1.83959092046388
"1866","YFR014C",8,8,0,0,0,1,7,0,7,1,0,"missense_variant;synonymous_variant",NA,NA,"VI",8,1341,1.341,5.96569724086503,0,0,FALSE,2.44247768482437
"1867","YFR015C",12,12,0,0,0,2,10,0,10,2,0,"synonymous_variant;missense_variant",NA,NA,"VI",12,2127,2.127,5.64174894217207,0,0,FALSE,2.37523660761872
"1868","YFR016C",47,39,0,8,0,20,19,8,19,20,0,"synonymous_variant;missense_variant;upstream_gene_variant",990,674,"VI",39,3702,3.702,10.5348460291734,0.205128205128205,0.759384615384615,FALSE,3.2457427546208
"1869","YFR017C",5,5,0,0,0,4,1,0,1,4,0,"missense_variant;synonymous_variant",NA,NA,"VI",5,588,0.588,8.50340136054422,0,0,FALSE,2.91605921759902
"1870","YFR018C",12,12,0,0,0,6,6,0,6,6,0,"synonymous_variant;missense_variant",NA,NA,"VI",12,1092,1.092,10.989010989011,0,0,FALSE,3.31496772065898
"1871","YFR019W",34,34,0,0,0,11,23,0,23,11,0,"missense_variant;synonymous_variant",NA,NA,"VI",34,6837,6.837,4.97294134854468,0,0,FALSE,2.23000927095487
"1872","YFR020W",11,11,0,0,0,9,2,0,2,9,0,"synonymous_variant;missense_variant",NA,NA,"VI",11,699,0.699,15.7367668097282,0,0,FALSE,3.96695939098552
"1873","YFR021W",9,9,0,0,0,1,8,0,8,1,0,"synonymous_variant;missense_variant",NA,NA,"VI",9,1503,1.503,5.98802395209581,0,0,FALSE,2.44704392116198
"1874","YFR022W",16,12,0,4,0,5,7,4,7,5,0,"upstream_gene_variant;missense_variant;synonymous_variant",40,3,"VI",12,2202,2.202,5.44959128065395,0.333333333333333,0.734,FALSE,2.33443596627835
"1875","YFR023W",21,6,0,15,0,0,6,15,6,0,0,"upstream_gene_variant;synonymous_variant",667,81,"VI",6,1836,1.836,3.26797385620915,2.5,4.59,FALSE,1.80775381515547
"1876","YFR024C-A",12,12,0,0,0,8,4,0,4,8,0,"synonymous_variant;missense_variant",NA,NA,"VI",12,1474,1.474,8.14111261872456,0,0,FALSE,2.85326350320551
"1877","YFR025C",10,10,0,0,0,5,5,0,5,5,0,"missense_variant;synonymous_variant",NA,NA,"VI",10,1008,1.008,9.92063492063492,0,0,FALSE,3.14970394174356
"1878","YFR026C",3,3,0,0,0,2,0,0,0,2,1,"missense_variant;start_lost",NA,NA,"VI",3,510,0.51,5.88235294117647,0,0,FALSE,2.42535625036333
"1879","YFR027W",5,5,0,0,0,1,4,0,4,1,0,"missense_variant;synonymous_variant",NA,NA,"VI",5,846,0.846,5.91016548463357,0,0,FALSE,2.43108319163158
"1880","YFR028C",5,5,0,0,0,0,5,0,5,0,0,"synonymous_variant",NA,NA,"VI",5,1656,1.656,3.01932367149758,0,0,FALSE,1.73762011714229
"1881","YFR029W",8,8,0,0,0,2,6,0,6,2,0,"missense_variant;synonymous_variant",NA,NA,"VI",8,2037,2.037,3.9273441335297,0,0,FALSE,1.98175279324382
"1882","YFR030W",19,19,0,0,0,4,15,0,15,4,0,"synonymous_variant;missense_variant",NA,NA,"VI",19,3108,3.108,6.11325611325611,0,0,FALSE,2.47249997234704
"1883","YFR031C",26,23,0,3,0,9,14,3,14,9,0,"synonymous_variant;missense_variant;upstream_gene_variant",203,42,"VI",23,3513,3.513,6.54711073156846,0.130434782608696,0.458217391304348,FALSE,2.55873225085558
"1884","YFR031C-A",3,3,0,0,0,3,0,0,0,3,0,"missense_variant",NA,NA,"VI",3,912,0.912,3.28947368421053,0,0,FALSE,1.81369062527503
"1885","YFR032C",21,21,0,0,0,8,13,0,13,8,0,"missense_variant;synonymous_variant",NA,NA,"VI",21,870,0.87,24.1379310344828,0,0,FALSE,4.91303684440518
"1886","YFR032C-A",1,1,0,0,0,0,1,0,1,0,0,"synonymous_variant",NA,NA,"VI",1,180,0.18,5.55555555555556,0,0,FALSE,2.35702260395516
"1887","YFR032C-B",4,4,0,0,0,2,2,0,2,2,0,"missense_variant;synonymous_variant",NA,NA,"VI",4,264,0.264,15.1515151515152,0,0,FALSE,3.89249472080761
"1888","YFR033C",3,3,0,0,0,2,1,0,1,2,0,"missense_variant;synonymous_variant",NA,NA,"VI",3,444,0.444,6.75675675675676,0,0,FALSE,2.59937622455018
"1889","YFR034C",7,7,0,0,0,6,1,0,1,6,0,"missense_variant;synonymous_variant",NA,NA,"VI",7,939,0.939,7.45473908413206,0,0,FALSE,2.73033680781915
"1890","YFR034W-A",2,2,0,0,0,1,1,0,1,1,0,"synonymous_variant;missense_variant",NA,NA,"VI",2,NA,NA,NA,0,NA,FALSE,NA
"1891","YFR035C",3,3,0,0,0,0,2,0,2,0,1,"synonymous_variant;start_lost",NA,NA,"VI",3,345,0.345,8.69565217391304,0,0,FALSE,2.94883912309794
"1892","YFR036W",1,1,0,0,0,0,1,0,1,0,0,"synonymous_variant",NA,NA,"VI",1,375,0.375,2.66666666666667,0,0,FALSE,1.63299316185545
"1893","YFR036W-A",3,3,0,0,0,2,1,0,1,2,0,"missense_variant;synonymous_variant",NA,NA,"VI",3,NA,NA,NA,0,NA,FALSE,NA
"1894","YFR037C",8,8,0,0,0,0,8,0,8,0,0,"synonymous_variant",NA,NA,"VI",8,1674,1.674,4.778972520908,0,0,FALSE,2.18608611927984
"1895","YFR038W",21,21,0,0,0,6,15,0,15,6,0,"missense_variant;synonymous_variant",NA,NA,"VI",21,2562,2.562,8.19672131147541,0,0,FALSE,2.86299167156934
"1896","YFR039C",2,2,0,0,0,2,0,0,0,2,0,"missense_variant",NA,NA,"VI",2,1533,1.533,1.30463144161774,0,0,FALSE,1.14220464086684
"1897","YFR040W",11,11,0,0,0,3,8,0,8,3,0,"synonymous_variant;missense_variant",NA,NA,"VI",11,3009,3.009,3.65569956796278,0,0,FALSE,1.9119883807081
"1898","YFR041C",7,7,0,0,0,3,4,0,4,3,0,"missense_variant;synonymous_variant",NA,NA,"VI",7,888,0.888,7.88288288288288,0,0,FALSE,2.80764721481936
"1899","YFR042W",5,5,0,0,0,2,3,0,3,2,0,"missense_variant;synonymous_variant",NA,NA,"VI",5,603,0.603,8.29187396351576,0,0,FALSE,2.87956141860453
"1900","YFR043C",3,3,0,0,0,2,1,0,1,2,0,"missense_variant;synonymous_variant",NA,NA,"VI",3,714,0.714,4.20168067226891,0,0,FALSE,2.04980015422697
"1901","YFR044C",9,9,0,0,0,0,9,0,9,0,0,"synonymous_variant",NA,NA,"VI",9,1446,1.446,6.22406639004149,0,0,FALSE,2.49480788639957
"1902","YFR045W",2,2,0,0,0,0,2,0,2,0,0,"synonymous_variant",NA,NA,"VI",2,1002,1.002,1.99600798403194,0,0,FALSE,1.41280146660171
"1903","YFR046C",13,13,0,0,0,8,5,0,5,8,0,"missense_variant;synonymous_variant",NA,NA,"VI",13,1086,1.086,11.9705340699816,0,0,FALSE,3.45984596044124
"1904","YFR047C",7,7,0,0,0,1,6,0,6,1,0,"synonymous_variant;missense_variant",NA,NA,"VI",7,888,0.888,7.88288288288288,0,0,FALSE,2.80764721481936
"1905","YFR048W",15,15,0,0,0,4,11,0,11,4,0,"synonymous_variant;missense_variant",NA,NA,"VI",15,1989,1.989,7.54147812971342,0,0,FALSE,2.74617518190545
"1906","YFR049W",6,6,0,0,0,1,5,0,5,1,0,"synonymous_variant;missense_variant",NA,NA,"VI",6,372,0.372,16.1290322580645,0,0,FALSE,4.01609664451249
"1907","YFR050C",2,2,0,0,0,2,0,0,0,2,0,"missense_variant",NA,NA,"VI",2,801,0.801,2.49687890137328,0,0,FALSE,1.58015154379992
"1908","YFR051C",8,8,0,0,0,1,7,0,7,1,0,"synonymous_variant;missense_variant",NA,NA,"VI",8,1641,1.641,4.8750761730652,0,0,FALSE,2.20795746631705
"1909","YFR052C-A",3,3,0,0,0,3,0,0,0,3,0,"missense_variant",NA,NA,"VI",3,NA,NA,NA,0,NA,FALSE,NA
"1910","YFR052W",5,5,0,0,0,0,5,0,5,0,0,"synonymous_variant",NA,NA,"VI",5,825,0.825,6.06060606060606,0,0,FALSE,2.46182981958665
"1911","YFR053C",13,13,0,0,0,2,11,0,11,2,0,"synonymous_variant;missense_variant",NA,NA,"VI",13,1458,1.458,8.91632373113855,0,0,FALSE,2.98602138825872
"1912","YFR054C",12,8,0,4,0,5,3,4,3,5,0,"synonymous_variant;missense_variant;upstream_gene_variant",963,654,"VI",8,579,0.579,13.8169257340242,0.5,0.2895,FALSE,3.71711255331664
"1913","YFR055W",5,5,0,0,0,1,4,0,4,1,0,"synonymous_variant;missense_variant",NA,NA,"VI",5,1023,1.023,4.88758553274682,0,0,FALSE,2.21078844142691
"1914","YFR056C",2,2,0,0,0,1,1,0,1,1,0,"synonymous_variant;missense_variant",NA,NA,"VI",2,NA,NA,NA,0,NA,FALSE,NA
"1915","YGL001C",3,3,0,0,0,0,3,0,3,0,0,"synonymous_variant",NA,NA,"VII",3,1050,1.05,2.85714285714286,0,0,FALSE,1.69030850945703
"1916","YGL002W",5,5,0,0,0,0,5,0,5,0,0,"synonymous_variant",NA,NA,"VII",5,651,0.651,7.68049155145929,0,0,FALSE,2.77136997736847
"1917","YGL003C",4,4,0,0,0,0,4,0,4,0,0,"synonymous_variant",NA,NA,"VII",4,1701,1.701,2.35155790711346,0,0,FALSE,1.53347902076079
"1918","YGL004C",5,5,0,0,0,5,0,0,0,5,0,"missense_variant",NA,NA,"VII",5,1254,1.254,3.98724082934609,0,0,FALSE,1.99680765957718
"1919","YGL005C",8,7,0,1,0,5,2,1,2,5,0,"missense_variant;synonymous_variant;upstream_gene_variant",4,4,"VII",7,840,0.84,8.33333333333333,0.142857142857143,0.12,FALSE,2.88675134594813
"1920","YGL006W",8,8,0,0,0,5,3,0,3,5,0,"missense_variant;synonymous_variant",NA,NA,"VII",8,3522,3.522,2.27143668370244,0,0,FALSE,1.50712862214956
"1921","YGL006W-A",1,1,0,0,0,0,0,0,0,0,1,"start_lost",NA,NA,"VII",1,111,0.111,9.00900900900901,0,0,FALSE,3.00150112593832
"1922","YGL007C-A",5,5,0,0,0,3,2,0,2,3,0,"missense_variant;synonymous_variant",NA,NA,"VII",5,87,0.087,57.4712643678161,0,0,FALSE,7.58098043578903
"1923","YGL007W",2,2,0,0,0,2,0,0,0,2,0,"missense_variant",NA,NA,"VII",2,378,0.378,5.29100529100529,0,0,FALSE,2.30021853114118
"1924","YGL008C",29,29,0,0,0,10,19,0,19,10,0,"synonymous_variant;missense_variant",NA,NA,"VII",29,2757,2.757,10.518679724338,0,0,FALSE,3.24325141244678
"1925","YGL009C",11,11,0,0,0,3,8,0,8,3,0,"synonymous_variant;missense_variant",NA,NA,"VII",11,2340,2.34,4.7008547008547,0,0,FALSE,2.16814545195997
"1926","YGL010W",3,3,0,0,0,1,2,0,2,1,0,"missense_variant;synonymous_variant",NA,NA,"VII",3,525,0.525,5.71428571428571,0,0,FALSE,2.39045721866879
"1927","YGL011C",4,4,0,0,0,0,4,0,4,0,0,"synonymous_variant",NA,NA,"VII",4,759,0.759,5.27009222661397,0,0,FALSE,2.29566814383394
"1928","YGL012W",7,7,0,0,0,2,5,0,5,2,0,"synonymous_variant;missense_variant",NA,NA,"VII",7,1422,1.422,4.92264416315049,0,0,FALSE,2.21870326162614
"1929","YGL013C",20,16,0,4,0,3,13,4,13,3,0,"missense_variant;synonymous_variant;upstream_gene_variant",523,15,"VII",16,3207,3.207,4.98908637355784,0.25,0.80175,FALSE,2.23362628332446
"1930","YGL014W",12,12,0,0,0,5,7,0,7,5,0,"synonymous_variant;missense_variant",NA,NA,"VII",12,2667,2.667,4.49943757030371,0,0,FALSE,2.12118777346649
"1931","YGL015C",6,2,0,4,0,1,1,4,1,1,0,"missense_variant;synonymous_variant;upstream_gene_variant",657,342,"VII",2,393,0.393,5.08905852417303,2,0.786,FALSE,2.25589417397471
"1932","YGL016W",17,17,0,0,0,2,15,0,15,2,0,"synonymous_variant;missense_variant",NA,NA,"VII",17,3246,3.246,5.23721503388786,0,0,FALSE,2.28849623855663
"1933","YGL017W",9,9,0,0,0,3,6,0,6,3,0,"synonymous_variant;missense_variant",NA,NA,"VII",9,1512,1.512,5.95238095238095,0,0,FALSE,2.43975018237133
"1934","YGL018C",7,7,0,0,0,2,5,0,5,2,0,"missense_variant;synonymous_variant",NA,NA,"VII",7,555,0.555,12.6126126126126,0,0,FALSE,3.55142402602289
"1935","YGL019W",5,5,0,0,0,1,4,0,4,1,0,"synonymous_variant;missense_variant",NA,NA,"VII",5,837,0.837,5.97371565113501,0,0,FALSE,2.44411858368922
"1936","YGL020C",9,8,0,1,0,2,6,1,6,2,0,"missense_variant;synonymous_variant;upstream_gene_variant",50,50,"VII",8,708,0.708,11.2994350282486,0.125,0.0885,FALSE,3.36146322726407
"1937","YGL021W",16,16,0,0,0,5,11,0,11,5,0,"synonymous_variant;missense_variant",NA,NA,"VII",16,2283,2.283,7.00832238282961,0,0,FALSE,2.64732362638753
"1938","YGL022W",6,6,0,0,0,1,5,0,5,1,0,"synonymous_variant;missense_variant",NA,NA,"VII",6,2157,2.157,2.78164116828929,0,0,FALSE,1.6678252811039
"1939","YGL023C",9,9,0,0,0,2,7,0,7,2,0,"synonymous_variant;missense_variant",NA,NA,"VII",9,1908,1.908,4.71698113207547,0,0,FALSE,2.17186121381535
"1940","YGL024W",1,1,0,0,0,1,0,0,0,1,0,"missense_variant",NA,NA,"VII",1,NA,NA,NA,0,NA,FALSE,NA
"1941","YGL025C",13,13,0,0,0,6,7,0,7,6,0,"missense_variant;synonymous_variant",NA,NA,"VII",13,1194,1.194,10.8877721943049,0,0,FALSE,3.29966243641753
"1942","YGL026C",10,10,0,0,0,2,8,0,8,2,0,"synonymous_variant;missense_variant",NA,NA,"VII",10,2124,2.124,4.70809792843691,0,0,FALSE,2.16981518301373
"1943","YGL027C",21,21,0,0,0,5,16,0,16,5,0,"synonymous_variant;missense_variant",NA,NA,"VII",21,2502,2.502,8.39328537170264,0,0,FALSE,2.89711673422088
"1944","YGL028C",14,14,0,0,0,3,11,0,11,3,0,"synonymous_variant;missense_variant",NA,NA,"VII",14,1629,1.629,8.59422958870473,0,0,FALSE,2.93159164767277
"1945","YGL029W",4,4,0,0,0,3,1,0,1,3,0,"missense_variant;synonymous_variant",NA,NA,"VII",4,363,0.363,11.0192837465565,0,0,FALSE,3.31953065154646
"1946","YGL032C",4,4,0,0,0,3,1,0,1,3,0,"missense_variant;synonymous_variant",NA,NA,"VII",4,264,0.264,15.1515151515152,0,0,FALSE,3.89249472080761
"1947","YGL033W",9,9,0,0,0,6,2,0,2,6,1,"missense_variant;stop_lost;synonymous_variant",NA,NA,"VII",9,777,0.777,11.5830115830116,0,0,FALSE,3.40338237390564
"1948","YGL034C",3,3,0,0,0,3,0,0,0,3,0,"missense_variant",NA,NA,"VII",3,366,0.366,8.19672131147541,0,0,FALSE,2.86299167156934
"1949","YGL035C",13,10,0,3,0,1,9,3,9,1,0,"synonymous_variant;missense_variant;upstream_gene_variant",803,149,"VII",10,1515,1.515,6.6006600660066,0.3,0.4545,FALSE,2.56917497769354
"1950","YGL036W",22,22,0,0,0,13,9,0,9,13,0,"missense_variant;synonymous_variant",NA,NA,"VII",22,2730,2.73,8.05860805860806,0,0,FALSE,2.8387687575088
"1951","YGL037C",4,4,0,0,0,0,4,0,4,0,0,"synonymous_variant",NA,NA,"VII",4,651,0.651,6.14439324116743,0,0,FALSE,2.47878866407918
"1952","YGL038C",12,8,0,4,0,1,7,4,7,1,0,"synonymous_variant;missense_variant;upstream_gene_variant",459,46,"VII",8,1443,1.443,5.54400554400554,0.5,0.7215,FALSE,2.35457120172773
"1953","YGL039W",10,10,0,0,0,4,6,0,6,4,0,"missense_variant;synonymous_variant",NA,NA,"VII",10,1047,1.047,9.55109837631328,0,0,FALSE,3.09048513607707
"1954","YGL040C",3,3,0,0,0,0,3,0,3,0,0,"synonymous_variant",NA,NA,"VII",3,1029,1.029,2.91545189504373,0,0,FALSE,1.70746944190628
"1955","YGL041C",1,1,0,0,0,0,0,0,0,0,1,"start_lost",NA,NA,"VII",1,NA,NA,NA,0,NA,FALSE,NA
"1956","YGL041W-A",2,2,0,0,0,1,1,0,1,1,0,"synonymous_variant;missense_variant",NA,NA,"VII",2,465,0.465,4.3010752688172,0,0,FALSE,2.07390338946085
"1957","YGL042C",2,2,0,0,0,2,0,0,0,2,0,"missense_variant",NA,NA,"VII",2,NA,NA,NA,0,NA,FALSE,NA
"1958","YGL043W",3,3,0,0,0,0,3,0,3,0,0,"synonymous_variant",NA,NA,"VII",3,930,0.93,3.2258064516129,0,0,FALSE,1.79605302026775
"1959","YGL044C",1,1,0,0,0,1,0,0,0,1,0,"missense_variant",NA,NA,"VII",1,891,0.891,1.12233445566779,0,0,FALSE,1.05940287693955
"1960","YGL045W",11,11,0,0,0,2,9,0,9,2,0,"missense_variant;synonymous_variant",NA,NA,"VII",11,1629,1.629,6.75260896255371,0,0,FALSE,2.59857825792369
"1961","YGL047W",3,3,0,0,0,1,2,0,2,1,0,"missense_variant;synonymous_variant",NA,NA,"VII",3,609,0.609,4.92610837438424,0,0,FALSE,2.21948380809238
"1962","YGL048C",5,5,0,0,0,0,5,0,5,0,0,"synonymous_variant",NA,NA,"VII",5,1218,1.218,4.10509031198686,0,0,FALSE,2.02610224618277
"1963","YGL049C",11,11,0,0,0,3,8,0,8,3,0,"synonymous_variant;missense_variant",NA,NA,"VII",11,2745,2.745,4.00728597449909,0,0,FALSE,2.00182066491959
"1964","YGL050W",4,4,0,0,0,0,4,0,4,0,0,"synonymous_variant",NA,NA,"VII",4,822,0.822,4.8661800486618,0,0,FALSE,2.20594198669453
"1965","YGL052W",2,2,0,0,0,1,0,0,0,1,1,"start_lost;missense_variant",NA,NA,"VII",2,NA,NA,NA,0,NA,FALSE,NA
"1966","YGL053W",10,10,0,0,0,8,2,0,2,8,0,"missense_variant;synonymous_variant",NA,NA,"VII",10,714,0.714,14.0056022408964,0,0,FALSE,3.7424059428256
"1967","YGL054C",1,1,0,0,0,0,1,0,1,0,0,"synonymous_variant",NA,NA,"VII",1,417,0.417,2.39808153477218,0,0,FALSE,1.54857403270628
"1968","YGL055W",8,8,0,0,0,2,6,0,6,2,0,"missense_variant;synonymous_variant",NA,NA,"VII",8,1533,1.533,5.21852576647097,0,0,FALSE,2.28440928173368
"1969","YGL056C",22,22,0,0,0,5,17,0,17,5,0,"synonymous_variant;missense_variant",NA,NA,"VII",22,1584,1.584,13.8888888888889,0,0,FALSE,3.72677996249965
"1970","YGL057C",29,23,0,6,0,8,15,6,15,8,0,"missense_variant;synonymous_variant;upstream_gene_variant",197,40,"VII",23,864,0.864,26.6203703703704,0.260869565217391,0.225391304347826,FALSE,5.15949322805742
"1971","YGL058W",2,2,0,0,0,0,2,0,2,0,0,"synonymous_variant",NA,NA,"VII",2,519,0.519,3.85356454720617,0,0,FALSE,1.96304980762236
"1972","YGL059W",15,15,0,0,0,4,11,0,11,4,0,"synonymous_variant;missense_variant",NA,NA,"VII",15,1476,1.476,10.1626016260163,0,0,FALSE,3.18788356531669
"1973","YGL060W",25,25,0,0,0,15,10,0,10,15,0,"missense_variant;synonymous_variant",NA,NA,"VII",25,1926,1.926,12.9802699896158,0,0,FALSE,3.60281417639264
"1974","YGL061C",10,6,0,4,0,1,5,4,5,1,0,"synonymous_variant;missense_variant;upstream_gene_variant",244,40,"VII",6,744,0.744,8.06451612903226,0.666666666666667,0.496,FALSE,2.83980917123532
"1975","YGL062W",37,37,0,0,0,5,32,0,32,5,0,"synonymous_variant;missense_variant",NA,NA,"VII",37,3537,3.537,10.4608425219112,0,0,FALSE,3.23432257542615
"1976","YGL063W",11,11,0,0,0,5,6,0,6,5,0,"synonymous_variant;missense_variant",NA,NA,"VII",11,1113,1.113,9.88319856244385,0,0,FALSE,3.14375548706382
"1977","YGL064C",11,11,0,0,0,4,7,0,7,4,0,"missense_variant;synonymous_variant",NA,NA,"VII",11,1686,1.686,6.52431791221827,0,0,FALSE,2.55427443948732
"1978","YGL065C",21,17,0,4,0,4,13,4,13,4,0,"synonymous_variant;missense_variant;upstream_gene_variant",246,42,"VII",17,1512,1.512,11.2433862433862,0.235294117647059,0.355764705882353,FALSE,3.35311590067899
"1979","YGL066W",9,9,0,0,0,2,7,0,7,2,0,"synonymous_variant;missense_variant",NA,NA,"VII",9,1974,1.974,4.55927051671733,0,0,FALSE,2.13524483765149
"1980","YGL067W",8,8,0,0,0,3,5,0,5,3,0,"synonymous_variant;missense_variant",NA,NA,"VII",8,1155,1.155,6.92640692640693,0,0,FALSE,2.63180677983908
"1981","YGL069C",2,2,0,0,0,1,1,0,1,1,0,"synonymous_variant;missense_variant",NA,NA,"VII",2,NA,NA,NA,0,NA,FALSE,NA
"1982","YGL070C",3,3,0,0,0,0,3,0,3,0,0,"synonymous_variant",NA,NA,"VII",3,369,0.369,8.13008130081301,0,0,FALSE,2.85132974256101
"1983","YGL071W",21,21,0,0,0,12,9,0,9,12,0,"missense_variant;synonymous_variant",NA,NA,"VII",21,2073,2.073,10.1302460202605,0,0,FALSE,3.18280474114585
"1984","YGL072C",4,4,0,0,0,4,0,0,0,4,0,"missense_variant",NA,NA,"VII",4,NA,NA,NA,0,NA,FALSE,NA
"1985","YGL073W",22,22,0,0,0,10,12,0,12,10,0,"missense_variant;synonymous_variant",NA,NA,"VII",22,2502,2.502,8.792965627498,0,0,FALSE,2.96529351456108
"1986","YGL075C",8,8,0,0,0,4,4,0,4,4,0,"missense_variant;synonymous_variant",NA,NA,"VII",8,1164,1.164,6.87285223367698,0,0,FALSE,2.62161252546538
"1987","YGL076C",3,3,0,0,0,0,3,0,3,0,0,"synonymous_variant",NA,NA,"VII",3,1662,1.662,1.80505415162455,0,0,FALSE,1.34352303725115
"1988","YGL077C",7,7,0,0,0,2,5,0,5,2,0,"missense_variant;synonymous_variant",NA,NA,"VII",7,1692,1.692,4.1371158392435,0,0,FALSE,2.03399012761702
"1989","YGL078C",23,14,0,9,0,3,11,9,11,3,0,"synonymous_variant;missense_variant;upstream_gene_variant",341,21,"VII",14,1572,1.572,8.9058524173028,0.642857142857143,1.01057142857143,FALSE,2.98426748420828
"1990","YGL079W",7,2,0,5,0,1,1,5,1,1,0,"upstream_gene_variant;synonymous_variant;missense_variant",297,50,"VII",2,657,0.657,3.0441400304414,2.5,1.6425,FALSE,1.74474640863405
"1991","YGL080W",6,4,0,2,0,1,3,2,3,1,0,"upstream_gene_variant;synonymous_variant;missense_variant",278,114,"VII",4,393,0.393,10.1781170483461,0.5,0.1965,FALSE,3.19031613611348
"1992","YGL081W",10,9,0,1,0,2,7,1,7,2,0,"upstream_gene_variant;synonymous_variant;missense_variant",54,54,"VII",9,963,0.963,9.34579439252336,0.111111111111111,0.107,FALSE,3.05708920257872
"1993","YGL082W",6,6,0,0,0,1,5,0,5,1,0,"synonymous_variant;missense_variant",NA,NA,"VII",6,1146,1.146,5.23560209424084,0,0,FALSE,2.28814380978138
"1994","YGL083W",12,12,0,0,0,2,10,0,10,2,0,"synonymous_variant;missense_variant",NA,NA,"VII",12,2415,2.415,4.96894409937888,0,0,FALSE,2.22911285030141
"1995","YGL084C",22,9,0,13,0,2,7,13,7,2,0,"synonymous_variant;missense_variant;upstream_gene_variant",730,135,"VII",9,1683,1.683,5.3475935828877,1.44444444444444,2.431,FALSE,2.3124864503144
"1996","YGL085W",4,4,0,0,0,3,1,0,1,3,0,"missense_variant;synonymous_variant",NA,NA,"VII",4,825,0.825,4.84848484848485,0,0,FALSE,2.20192753025272
"1997","YGL086W",20,20,0,0,0,7,13,0,13,7,0,"missense_variant;synonymous_variant",NA,NA,"VII",20,2250,2.25,8.88888888888889,0,0,FALSE,2.98142396999972
"1998","YGL087C",1,1,0,0,0,1,0,0,0,1,0,"missense_variant",NA,NA,"VII",1,499,0.499,2.00400801603206,0,0,FALSE,1.41562990079754
"1999","YGL088W",5,5,0,0,0,3,2,0,2,3,0,"missense_variant;synonymous_variant",NA,NA,"VII",5,366,0.366,13.6612021857923,0,0,FALSE,3.69610635477286
"2000","YGL089C",3,3,0,0,0,0,3,0,3,0,0,"synonymous_variant",NA,NA,"VII",3,363,0.363,8.26446280991736,0,0,FALSE,2.87479787288034
"2001","YGL090W",15,15,0,0,0,12,3,0,3,12,0,"synonymous_variant;missense_variant",NA,NA,"VII",15,1266,1.266,11.8483412322275,0,0,FALSE,3.44214195410757
"2002","YGL091C",6,4,0,2,0,1,3,2,3,1,0,"missense_variant;synonymous_variant;upstream_gene_variant",209,74,"VII",4,987,0.987,4.05268490374873,0.5,0.4935,FALSE,2.01312813892925
"2003","YGL092W",31,31,0,0,0,11,20,0,20,11,0,"synonymous_variant;missense_variant",NA,NA,"VII",31,3954,3.954,7.84016186140617,0,0,FALSE,2.80002890367335
"2004","YGL093W",35,35,0,0,0,13,22,0,22,13,0,"synonymous_variant;missense_variant",NA,NA,"VII",35,2754,2.754,12.7087872185911,0,0,FALSE,3.56493859955415
"2005","YGL094C",19,19,0,0,0,5,14,0,14,5,0,"synonymous_variant;missense_variant",NA,NA,"VII",19,3348,3.348,5.67502986857826,0,0,FALSE,2.38223211895446
"2006","YGL095C",10,7,0,3,0,3,4,3,4,3,0,"synonymous_variant;missense_variant;upstream_gene_variant",379,32,"VII",7,1734,1.734,4.03690888119954,0.428571428571429,0.743142857142857,FALSE,2.0092060325411
"2007","YGL096W",52,11,0,41,0,6,5,41,5,6,0,"upstream_gene_variant;missense_variant;synonymous_variant",904,2,"VII",11,831,0.831,13.23706377858,3.72727272727273,3.09736363636364,FALSE,3.63827758404716
"2008","YGL097W",27,7,0,20,0,2,5,20,5,2,0,"upstream_gene_variant;missense_variant;synonymous_variant",954,64,"VII",7,1449,1.449,4.83091787439614,2.85714285714286,4.14,FALSE,2.19793491131929
"2009","YGL098W",9,3,0,6,0,0,3,6,3,0,0,"upstream_gene_variant;synonymous_variant",362,73,"VII",3,738,0.738,4.0650406504065,2,1.476,FALSE,2.01619459636378
"2010","YGL099W",11,11,0,0,0,2,9,0,9,2,0,"synonymous_variant;missense_variant",NA,NA,"VII",11,1923,1.923,5.72022880915237,0,0,FALSE,2.39169998309829
"2011","YGL100W",7,7,0,0,0,2,5,0,5,2,0,"synonymous_variant;missense_variant",NA,NA,"VII",7,1050,1.05,6.66666666666667,0,0,FALSE,2.58198889747161
"2012","YGL101W",3,3,0,0,0,2,1,0,1,2,0,"missense_variant;synonymous_variant",NA,NA,"VII",3,648,0.648,4.62962962962963,0,0,FALSE,2.15165741455968
"2013","YGL102C",1,1,0,0,0,1,0,0,0,1,0,"missense_variant",NA,NA,"VII",1,NA,NA,NA,0,NA,FALSE,NA
"2014","YGL103W",7,7,0,0,0,5,0,0,0,5,2,"missense_variant;stop_lost;stop_gained",NA,NA,"VII",7,961,0.961,7.2840790842872,0,0,FALSE,2.69890331140024
"2015","YGL104C",5,5,0,0,0,2,3,0,3,2,0,"missense_variant;synonymous_variant",NA,NA,"VII",5,1461,1.461,3.42231348391513,0,0,FALSE,1.84994958956052
"2016","YGL105W",6,6,0,0,0,1,5,0,5,1,0,"synonymous_variant;missense_variant",NA,NA,"VII",6,1131,1.131,5.30503978779841,0,0,FALSE,2.30326719852439
"2017","YGL106W",3,3,0,0,0,0,3,0,3,0,0,"synonymous_variant",NA,NA,"VII",3,450,0.45,6.66666666666667,0,0,FALSE,2.58198889747161
"2018","YGL107C",21,21,0,0,0,7,14,0,14,7,0,"missense_variant;synonymous_variant",NA,NA,"VII",21,1941,1.941,10.8191653786708,0,0,FALSE,3.28924997205606
"2019","YGL108C",4,4,0,0,0,2,2,0,2,2,0,"missense_variant;synonymous_variant",NA,NA,"VII",4,423,0.423,9.45626477541371,0,0,FALSE,3.07510402676295
"2020","YGL109W",3,3,0,0,0,3,0,0,0,3,0,"missense_variant",NA,NA,"VII",3,NA,NA,NA,0,NA,FALSE,NA
"2021","YGL110C",5,5,0,0,0,1,4,0,4,1,0,"synonymous_variant;missense_variant",NA,NA,"VII",5,1875,1.875,2.66666666666667,0,0,FALSE,1.63299316185545
"2022","YGL111W",10,10,0,0,0,1,9,0,9,1,0,"synonymous_variant;missense_variant",NA,NA,"VII",10,1392,1.392,7.18390804597701,0,0,FALSE,2.68028133709449
"2023","YGL112C",5,4,0,1,0,0,4,1,4,0,0,"synonymous_variant;upstream_gene_variant",217,217,"VII",4,1551,1.551,2.57898130238556,0.25,0.38775,FALSE,1.60592070239647
"2024","YGL113W",20,18,0,2,0,7,11,2,11,7,0,"upstream_gene_variant;synonymous_variant;missense_variant",221,25,"VII",18,2007,2.007,8.96860986547085,0.111111111111111,0.223,FALSE,2.9947637411774
"2025","YGL114W",14,14,0,0,0,5,9,0,9,5,0,"missense_variant;synonymous_variant",NA,NA,"VII",14,2178,2.178,6.42791551882461,0,0,FALSE,2.53533341373962
"2026","YGL115W",2,2,0,0,0,0,2,0,2,0,0,"synonymous_variant",NA,NA,"VII",2,969,0.969,2.0639834881321,0,0,FALSE,1.43665705306872
"2027","YGL116W",11,11,0,0,0,2,9,0,9,2,0,"synonymous_variant;missense_variant",NA,NA,"VII",11,1833,1.833,6.00109110747409,0,0,FALSE,2.44971245403906
"2028","YGL117W",4,4,0,0,0,1,3,0,3,1,0,"synonymous_variant;missense_variant",NA,NA,"VII",4,798,0.798,5.0125313283208,0,0,FALSE,2.23886831419822
"2029","YGL118C",5,5,0,0,0,4,1,0,1,4,0,"synonymous_variant;missense_variant",NA,NA,"VII",5,438,0.438,11.4155251141553,0,0,FALSE,3.37868689199743
"2030","YGL119W",10,10,0,0,0,3,7,0,7,3,0,"synonymous_variant;missense_variant",NA,NA,"VII",10,1506,1.506,6.64010624169987,0,0,FALSE,2.57684036015037
"2031","YGL120C",23,23,0,0,0,2,21,0,21,2,0,"synonymous_variant;missense_variant",NA,NA,"VII",23,2304,2.304,9.98263888888889,0,0,FALSE,3.15953143502148
"2032","YGL121C",2,2,0,0,0,0,2,0,2,0,0,"synonymous_variant",NA,NA,"VII",2,381,0.381,5.249343832021,0,0,FALSE,2.29114465541157
"2033","YGL122C",20,20,0,0,0,8,12,0,12,8,0,"missense_variant;synonymous_variant",NA,NA,"VII",20,1578,1.578,12.6742712294043,0,0,FALSE,3.56009427254452
"2034","YGL123W",1,1,0,0,0,0,1,0,1,0,0,"synonymous_variant",NA,NA,"VII",1,765,0.765,1.30718954248366,0,0,FALSE,1.14332390095006
"2035","YGL124C",34,23,0,11,0,7,16,11,16,7,0,"synonymous_variant;missense_variant;upstream_gene_variant",764,152,"VII",23,1935,1.935,11.8863049095607,0.478260869565217,0.925434782608696,FALSE,3.44765208650187
"2036","YGL125W",12,12,0,0,0,1,11,0,11,1,0,"missense_variant;synonymous_variant",NA,NA,"VII",12,1803,1.803,6.65557404326123,0,0,FALSE,2.57983992589874
"2037","YGL126W",3,3,0,0,0,1,2,0,2,1,0,"synonymous_variant;missense_variant",NA,NA,"VII",3,1143,1.143,2.6246719160105,0,0,FALSE,1.62008392252084
"2038","YGL127C",4,4,0,0,0,1,3,0,3,1,0,"synonymous_variant;missense_variant",NA,NA,"VII",4,384,0.384,10.4166666666667,0,0,FALSE,3.22748612183951
"2039","YGL128C",7,7,0,0,0,2,5,0,5,2,0,"missense_variant;synonymous_variant",NA,NA,"VII",7,852,0.852,8.21596244131455,0,0,FALSE,2.86635002072576
"2040","YGL129C",3,3,0,0,0,0,3,0,3,0,0,"synonymous_variant",NA,NA,"VII",3,1353,1.353,2.21729490022173,0,0,FALSE,1.48905839382535
"2041","YGL130W",5,5,0,0,0,1,4,0,4,1,0,"synonymous_variant;missense_variant",NA,NA,"VII",5,1380,1.38,3.6231884057971,0,0,FALSE,1.9034674690672
"2042","YGL131C",39,35,0,4,0,16,19,4,19,16,0,"synonymous_variant;missense_variant;upstream_gene_variant",228,77,"VII",35,4212,4.212,8.30959164292498,0.114285714285714,0.481371428571429,FALSE,2.88263623145984
"2043","YGL132W",3,3,0,0,0,3,0,0,0,3,0,"missense_variant",NA,NA,"VII",3,NA,NA,NA,0,NA,FALSE,NA
"2044","YGL133W",15,15,0,0,0,7,8,0,8,7,0,"synonymous_variant;missense_variant",NA,NA,"VII",15,3795,3.795,3.95256916996047,0,0,FALSE,1.98810693121886
"2045","YGL134W",6,6,0,0,0,2,4,0,4,2,0,"missense_variant;synonymous_variant",NA,NA,"VII",6,1302,1.302,4.60829493087558,0,0,FALSE,2.14669395370546
"2046","YGL135W",2,2,0,0,0,0,2,0,2,0,0,"synonymous_variant",NA,NA,"VII",2,654,0.654,3.05810397553517,0,0,FALSE,1.74874354195667
"2047","YGL136C",6,5,0,1,0,1,4,1,4,1,0,"synonymous_variant;missense_variant;upstream_gene_variant",693,693,"VII",5,963,0.963,5.19210799584631,0.2,0.1926,FALSE,2.27861975674888
"2048","YGL137W",12,11,1,0,0,6,5,0,6,6,0,"splice_region_variant&intron_variant;missense_variant;synonymous_variant",NA,NA,"VII",12,2870,2.87,4.18118466898955,0,0,FALSE,2.04479452977299
"2049","YGL138C",5,5,0,0,0,2,3,0,3,2,0,"synonymous_variant;missense_variant",NA,NA,"VII",5,1038,1.038,4.81695568400771,0,0,FALSE,2.19475640653074
"2050","YGL139W",7,7,0,0,0,2,5,0,5,2,0,"missense_variant;synonymous_variant",NA,NA,"VII",7,2409,2.409,2.9057700290577,0,0,FALSE,1.70463193360259
"2051","YGL140C",18,15,0,3,0,2,13,3,13,2,0,"missense_variant;synonymous_variant;upstream_gene_variant",682,136,"VII",15,3660,3.66,4.0983606557377,0.2,0.732,FALSE,2.02444082544729
"2052","YGL141W",19,19,0,0,0,4,15,0,15,4,0,"synonymous_variant;missense_variant",NA,NA,"VII",19,2733,2.733,6.95206732528357,0,0,FALSE,2.63667732672839
"2053","YGL142C",16,16,0,0,0,8,8,0,8,8,0,"missense_variant;synonymous_variant",NA,NA,"VII",16,1851,1.851,8.64397622906537,0,0,FALSE,2.94006398383868
"2054","YGL143C",7,7,0,0,0,2,5,0,5,2,0,"synonymous_variant;missense_variant",NA,NA,"VII",7,1242,1.242,5.63607085346216,0,0,FALSE,2.3740410387064
"2055","YGL144C",13,13,0,0,0,5,8,0,8,5,0,"synonymous_variant;missense_variant",NA,NA,"VII",13,2058,2.058,6.31681243926142,0,0,FALSE,2.51332696624642
"2056","YGL145W",16,16,0,0,0,8,8,0,8,8,0,"synonymous_variant;missense_variant",NA,NA,"VII",16,2106,2.106,7.59734093067426,0,0,FALSE,2.75632743531574
"2057","YGL146C",10,10,0,0,0,4,6,0,6,4,0,"missense_variant;synonymous_variant",NA,NA,"VII",10,936,0.936,10.6837606837607,0,0,FALSE,3.26860225230307
"2058","YGL147C",2,2,0,0,0,1,1,0,1,1,0,"synonymous_variant;missense_variant",NA,NA,"VII",2,576,0.576,3.47222222222222,0,0,FALSE,1.86338998124982
"2059","YGL148W",11,11,0,0,0,0,11,0,11,0,0,"synonymous_variant",NA,NA,"VII",11,1131,1.131,9.72590627763041,0,0,FALSE,3.11863852949174
"2060","YGL149W",2,2,0,0,0,1,1,0,1,1,0,"synonymous_variant;missense_variant",NA,NA,"VII",2,306,0.306,6.5359477124183,0,0,FALSE,2.55654996282457
"2061","YGL150C",49,43,0,6,0,12,31,6,31,12,0,"synonymous_variant;missense_variant;upstream_gene_variant",823,344,"VII",43,4470,4.47,9.61968680089486,0.13953488372093,0.623720930232558,FALSE,3.10156199372104
"2062","YGL151W",45,45,0,0,0,14,31,0,31,14,0,"synonymous_variant;missense_variant",NA,NA,"VII",45,3399,3.399,13.2391879964695,0,0,FALSE,3.63856949864498
"2063","YGL152C",2,2,0,0,0,1,1,0,1,1,0,"missense_variant;synonymous_variant",NA,NA,"VII",2,NA,NA,NA,0,NA,FALSE,NA
"2064","YGL153W",4,4,0,0,0,0,4,0,4,0,0,"synonymous_variant",NA,NA,"VII",4,1026,1.026,3.89863547758285,0,0,FALSE,1.97449625919697
"2065","YGL154C",12,10,0,2,0,6,4,2,4,6,0,"missense_variant;synonymous_variant;upstream_gene_variant",171,111,"VII",10,819,0.819,12.2100122100122,0.2,0.1638,FALSE,3.49428278907306
"2066","YGL155W",11,9,0,2,0,1,7,2,8,1,0,"upstream_gene_variant;synonymous_variant;missense_variant;splice_region_variant&stop_retained_variant",154,117,"VII",9,1131,1.131,7.95755968169761,0.222222222222222,0.251333333333333,FALSE,2.82091468883722
"2067","YGL156W",20,18,0,2,0,4,14,2,14,4,0,"upstream_gene_variant;synonymous_variant;missense_variant",323,294,"VII",18,3252,3.252,5.53505535055351,0.111111111111111,0.361333333333333,FALSE,2.3526698345823
"2068","YGL157W",15,6,0,9,0,2,4,9,4,2,0,"upstream_gene_variant;missense_variant;synonymous_variant",426,20,"VII",6,1044,1.044,5.74712643678161,1.5,1.566,TRUE,2.39731650742692
"2069","YGL158W",20,13,0,7,0,3,10,7,10,3,0,"upstream_gene_variant;synonymous_variant;missense_variant",694,127,"VII",13,1539,1.539,8.44704353476283,0.538461538461538,0.828692307692308,FALSE,2.90637979878109
"2070","YGL159W",1,1,0,0,0,0,1,0,1,0,0,"synonymous_variant",NA,NA,"VII",1,1113,1.113,0.898472596585804,0,0,FALSE,0.947877943928333
"2071","YGL160W",12,12,0,0,0,5,7,0,7,5,0,"synonymous_variant;missense_variant",NA,NA,"VII",12,1713,1.713,7.00525394045534,0,0,FALSE,2.64674402624344
"2072","YGL161C",5,5,0,0,0,2,3,0,3,2,0,"missense_variant;synonymous_variant",NA,NA,"VII",5,933,0.933,5.35905680600214,0,0,FALSE,2.3149636727176
"2073","YGL162W",6,6,0,0,0,3,3,0,3,3,0,"missense_variant;synonymous_variant",NA,NA,"VII",6,900,0.9,6.66666666666667,0,0,FALSE,2.58198889747161
"2074","YGL163C",12,12,0,0,0,4,8,0,8,4,0,"missense_variant;synonymous_variant",NA,NA,"VII",12,2697,2.697,4.44938820912125,0,0,FALSE,2.10935729764335
"2075","YGL164C",16,16,0,0,0,5,11,0,11,5,0,"synonymous_variant;missense_variant",NA,NA,"VII",16,1323,1.323,12.0937263794407,0,0,FALSE,3.47760353971534
"2076","YGL165C",2,2,0,0,0,2,0,0,0,2,0,"missense_variant",NA,NA,"VII",2,NA,NA,NA,0,NA,FALSE,NA
"2077","YGL166W",7,7,0,0,0,4,3,0,3,4,0,"missense_variant;synonymous_variant",NA,NA,"VII",7,678,0.678,10.3244837758112,0,0,FALSE,3.21317347427916
"2078","YGL167C",27,25,0,2,0,4,21,2,21,4,0,"synonymous_variant;missense_variant;upstream_gene_variant",634,378,"VII",25,2853,2.853,8.7627059235892,0.08,0.22824,FALSE,2.96018680552245
"2079","YGL168W",5,5,0,0,0,2,2,0,2,2,1,"missense_variant;synonymous_variant;stop_gained",NA,NA,"VII",5,333,0.333,15.015015015015,0,0,FALSE,3.87492129146064
"2080","YGL169W",15,15,0,0,0,5,10,0,10,5,0,"synonymous_variant;missense_variant",NA,NA,"VII",15,1281,1.281,11.7096018735363,0,0,FALSE,3.42192955414577
"2081","YGL170C",30,18,0,12,0,10,8,12,8,10,0,"synonymous_variant;missense_variant;upstream_gene_variant",588,127,"VII",18,1242,1.242,14.4927536231884,0.666666666666667,0.828,FALSE,3.8069349381344
"2082","YGL171W",21,21,0,0,0,9,12,0,12,9,0,"missense_variant;synonymous_variant",NA,NA,"VII",21,1695,1.695,12.3893805309735,0,0,FALSE,3.51985518607988
"2083","YGL172W",9,9,0,0,0,4,5,0,5,4,0,"synonymous_variant;missense_variant",NA,NA,"VII",9,1419,1.419,6.34249471458774,0,0,FALSE,2.51843100254657
"2084","YGL173C",51,44,0,7,0,14,30,7,30,14,0,"missense_variant;synonymous_variant;upstream_gene_variant",543,82,"VII",44,4587,4.587,9.59232613908873,0.159090909090909,0.72975,FALSE,3.09714806541255
"2085","YGL174W",3,3,0,0,0,3,0,0,0,3,0,"missense_variant",NA,NA,"VII",3,801,0.801,3.74531835205992,0,0,FALSE,1.93528249929046
"2086","YGL175C",6,6,0,0,0,3,3,0,3,3,0,"synonymous_variant;missense_variant",NA,NA,"VII",6,1038,1.038,5.78034682080925,0,0,FALSE,2.40423518417172
"2087","YGL176C",31,27,0,4,0,16,11,4,11,16,0,"missense_variant;synonymous_variant;upstream_gene_variant",197,10,"VII",27,1665,1.665,16.2162162162162,0.148148148148148,0.246666666666667,FALSE,4.02693633128415
"2088","YGL177W",3,3,0,0,0,3,0,0,0,3,0,"missense_variant",NA,NA,"VII",3,NA,NA,NA,0,NA,FALSE,NA
"2089","YGL178W",14,14,0,0,0,4,10,0,10,4,0,"synonymous_variant;missense_variant",NA,NA,"VII",14,3220,3.22,4.34782608695652,0,0,FALSE,2.08514414057075
"2090","YGL179C",23,13,0,10,0,7,6,10,6,7,0,"missense_variant;synonymous_variant;upstream_gene_variant",775,20,"VII",13,1683,1.683,7.7243018419489,0.769230769230769,1.29461538461538,FALSE,2.77926282347476
"2091","YGL180W",15,15,0,0,0,3,12,0,12,3,0,"synonymous_variant;missense_variant",NA,NA,"VII",15,2694,2.694,5.56792873051225,0,0,FALSE,2.35964589091504
"2092","YGL181W",9,9,0,0,0,3,6,0,6,3,0,"missense_variant;synonymous_variant",NA,NA,"VII",9,1191,1.191,7.55667506297229,0,0,FALSE,2.7489407165256
"2093","YGL182C",7,7,0,0,0,4,1,0,1,4,2,"missense_variant;stop_gained;synonymous_variant;start_lost",NA,NA,"VII",7,NA,NA,NA,0,NA,FALSE,NA
"2094","YGL183C",5,5,0,0,0,2,3,0,3,2,0,"synonymous_variant;missense_variant",NA,NA,"VII",5,743,0.743,6.72947510094213,0,0,FALSE,2.59412318538309
"2095","YGL184C",13,13,0,0,0,4,9,0,9,4,0,"missense_variant;synonymous_variant",NA,NA,"VII",13,1398,1.398,9.29899856938484,0,0,FALSE,3.04942594095755
"2096","YGL185C",22,22,0,0,0,8,14,0,14,8,0,"missense_variant;synonymous_variant",NA,NA,"VII",22,1140,1.14,19.2982456140351,0,0,FALSE,4.3929768510698
"2097","YGL186C",16,16,0,0,0,1,15,0,15,1,0,"synonymous_variant;missense_variant",NA,NA,"VII",16,1740,1.74,9.19540229885057,0,0,FALSE,3.03239217431561
"2098","YGL187C",1,1,0,0,0,0,1,0,1,0,0,"synonymous_variant",NA,NA,"VII",1,468,0.468,2.13675213675214,0,0,FALSE,1.46176336551172
"2099","YGL188C",4,4,0,0,0,1,2,0,2,1,1,"synonymous_variant;missense_variant;stop_gained",NA,NA,"VII",4,NA,NA,NA,0,NA,FALSE,NA
"2100","YGL188C-A",6,6,0,0,0,5,1,0,1,5,0,"missense_variant;synonymous_variant",NA,NA,"VII",6,141,0.141,42.5531914893617,0,0,FALSE,6.52328073053442
"2101","YGL189C",1,1,0,0,0,0,1,0,1,0,0,"synonymous_variant",NA,NA,"VII",1,360,0.36,2.77777777777778,0,0,FALSE,1.66666666666667
"2102","YGL190C",15,5,0,10,0,0,5,10,5,0,0,"synonymous_variant;upstream_gene_variant",763,32,"VII",5,1581,1.581,3.16255534471853,2,3.162,FALSE,1.77835748507395
"2103","YGL191W",5,5,0,0,0,0,5,0,5,0,0,"synonymous_variant",NA,NA,"VII",5,390,0.39,12.8205128205128,0,0,FALSE,3.58057437019716
"2104","YGL192W",11,11,0,0,0,4,7,0,7,4,0,"missense_variant;synonymous_variant",NA,NA,"VII",11,1803,1.803,6.10094287298946,0,0,FALSE,2.47000867872756
"2105","YGL193C",2,2,0,0,0,1,1,0,1,1,0,"missense_variant;synonymous_variant",NA,NA,"VII",2,312,0.312,6.41025641025641,0,0,FALSE,2.53184841770917
"2106","YGL194C",9,9,0,0,0,0,9,0,9,0,0,"synonymous_variant",NA,NA,"VII",9,1359,1.359,6.62251655629139,0,0,FALSE,2.57342506327489
"2107","YGL194C-A",6,0,0,6,0,0,0,6,0,0,0,"upstream_gene_variant",376,155,"VII",0,243,0.243,0,NA,NA,FALSE,0
"2108","YGL195W",35,31,0,4,0,11,20,4,20,11,0,"upstream_gene_variant;synonymous_variant;missense_variant",256,36,"VII",31,8019,8.019,3.8658186806335,0.129032258064516,1.03470967741935,FALSE,1.96616852803454
"2109","YGL196W",6,5,0,1,0,2,3,1,3,2,0,"upstream_gene_variant;synonymous_variant;missense_variant",466,466,"VII",5,1287,1.287,3.88500388500389,0.2,0.2574,FALSE,1.97104131996361
"2110","YGL197W",33,33,0,0,0,7,26,0,26,7,0,"synonymous_variant;missense_variant",NA,NA,"VII",33,4464,4.464,7.39247311827957,0,0,FALSE,2.71891028139576
"2111","YGL198W",2,2,0,0,0,0,2,0,2,0,0,"synonymous_variant",NA,NA,"VII",2,708,0.708,2.82485875706215,0,0,FALSE,1.68073161363204
"2112","YGL199C",1,1,0,0,0,0,1,0,1,0,0,"synonymous_variant",NA,NA,"VII",1,NA,NA,NA,0,NA,FALSE,NA
"2113","YGL200C",3,3,0,0,0,0,3,0,3,0,0,"synonymous_variant",NA,NA,"VII",3,612,0.612,4.90196078431373,0,0,FALSE,2.21403721385024
"2114","YGL201C",26,16,0,10,0,3,13,10,13,3,0,"synonymous_variant;missense_variant;upstream_gene_variant",995,196,"VII",16,3054,3.054,5.23903077930583,0.625,1.90875,FALSE,2.28889291564849
"2115","YGL202W",7,7,0,0,0,3,4,0,4,3,0,"synonymous_variant;missense_variant",NA,NA,"VII",7,1503,1.503,4.65735196274118,0,0,FALSE,2.15808988754898
"2116","YGL203C",12,12,0,0,0,2,10,0,10,2,0,"synonymous_variant;missense_variant",NA,NA,"VII",12,2190,2.19,5.47945205479452,0,0,FALSE,2.34082294392261
"2117","YGL204C",9,9,0,0,0,9,0,0,0,9,0,"missense_variant",NA,NA,"VII",9,306,0.306,29.4117647058824,0,0,FALSE,5.4232614454664
"2118","YGL205W",15,15,0,0,0,8,7,0,7,8,0,"synonymous_variant;missense_variant",NA,NA,"VII",15,2247,2.247,6.67556742323097,0,0,FALSE,2.58371194664401
"2119","YGL206C",28,22,0,6,0,6,16,6,16,6,0,"missense_variant;synonymous_variant;upstream_gene_variant",620,153,"VII",22,4962,4.962,4.43369609028618,0.272727272727273,1.35327272727273,FALSE,2.10563436766362
"2120","YGL207W",27,24,0,3,0,3,21,3,21,3,0,"upstream_gene_variant;synonymous_variant;missense_variant",380,376,"VII",24,3108,3.108,7.72200772200772,0.125,0.3885,FALSE,2.77885007188364
"2121","YGL208W",15,11,0,4,0,7,4,4,4,7,0,"upstream_gene_variant;missense_variant;synonymous_variant",330,68,"VII",11,1248,1.248,8.81410256410256,0.363636363636364,0.453818181818182,FALSE,2.96885542997677
"2122","YGL209W",14,14,0,0,0,7,7,0,7,7,0,"synonymous_variant;missense_variant",NA,NA,"VII",14,1149,1.149,12.1845082680592,0,0,FALSE,3.490631499895
"2123","YGL210W",4,4,0,0,0,0,4,0,4,0,0,"synonymous_variant",NA,NA,"VII",4,669,0.669,5.97907324364723,0,0,FALSE,2.44521435535767
"2124","YGL211W",10,10,0,0,0,2,8,0,8,2,0,"synonymous_variant;missense_variant",NA,NA,"VII",10,1080,1.08,9.25925925925926,0,0,FALSE,3.04290309725092
"2125","YGL212W",4,4,0,0,0,3,1,0,1,3,0,"synonymous_variant;missense_variant",NA,NA,"VII",4,951,0.951,4.20609884332282,0,0,FALSE,2.05087757882396
"2126","YGL213C",5,4,0,1,0,4,0,1,0,4,0,"missense_variant;upstream_gene_variant",182,182,"VII",4,1194,1.194,3.3500837520938,0.25,0.2985,FALSE,1.83032340095782
"2127","YGL214W",3,3,0,0,0,2,1,0,1,2,0,"missense_variant;synonymous_variant",NA,NA,"VII",3,NA,NA,NA,0,NA,FALSE,NA
"2128","YGL215W",5,5,0,0,0,2,3,0,3,2,0,"synonymous_variant;missense_variant",NA,NA,"VII",5,1359,1.359,3.67917586460633,0,0,FALSE,1.91811779216145
"2129","YGL216W",16,16,0,0,0,1,15,0,15,1,0,"synonymous_variant;missense_variant",NA,NA,"VII",16,2418,2.418,6.61703887510339,0,0,FALSE,2.57236056475436
"2130","YGL217C",2,2,0,0,0,1,1,0,1,1,0,"synonymous_variant;missense_variant",NA,NA,"VII",2,NA,NA,NA,0,NA,FALSE,NA
"2131","YGL218W",1,1,0,0,0,1,0,0,0,1,0,"missense_variant",NA,NA,"VII",1,NA,NA,NA,0,NA,FALSE,NA
"2132","YGL219C",6,6,0,0,0,0,6,0,6,0,0,"synonymous_variant",NA,NA,"VII",6,1380,1.38,4.34782608695652,0,0,FALSE,2.08514414057075
"2133","YGL220W",3,3,0,0,0,1,1,0,1,1,1,"start_lost;missense_variant;synonymous_variant",NA,NA,"VII",3,363,0.363,8.26446280991736,0,0,FALSE,2.87479787288034
"2134","YGL221C",3,3,0,0,0,1,2,0,2,1,0,"synonymous_variant;missense_variant",NA,NA,"VII",3,867,0.867,3.46020761245675,0,0,FALSE,1.86016332951081
"2135","YGL222C",3,3,0,0,0,1,2,0,2,1,0,"synonymous_variant;missense_variant",NA,NA,"VII",3,528,0.528,5.68181818181818,0,0,FALSE,2.38365647311398
"2136","YGL223C",12,12,0,0,0,2,10,0,10,2,0,"synonymous_variant;missense_variant",NA,NA,"VII",12,1254,1.254,9.56937799043062,0,0,FALSE,3.09344112444873
"2137","YGL224C",9,4,0,5,0,1,3,5,3,1,0,"missense_variant;synonymous_variant;upstream_gene_variant",250,113,"VII",4,843,0.843,4.74495848161329,1.25,1.05375,FALSE,2.17829256107009
"2138","YGL225W",3,3,0,0,0,0,3,0,3,0,0,"synonymous_variant",NA,NA,"VII",3,1014,1.014,2.9585798816568,0,0,FALSE,1.72005229038445
"2139","YGL226C-A",4,2,0,2,0,1,1,2,1,1,0,"synonymous_variant;missense_variant;upstream_gene_variant",990,889,"VII",2,410,0.41,4.8780487804878,1,0.41,FALSE,2.20863052149693
"2140","YGL226W",6,3,0,3,0,2,1,3,1,2,0,"upstream_gene_variant;missense_variant;synonymous_variant",606,263,"VII",3,372,0.372,8.06451612903226,1,0.372,FALSE,2.83980917123532
"2141","YGL227W",15,15,0,0,0,5,10,0,10,5,0,"missense_variant;synonymous_variant",NA,NA,"VII",15,2877,2.877,5.21376433785193,0,0,FALSE,2.28336688638772
"2142","YGL228W",20,20,0,0,0,10,10,0,10,10,0,"synonymous_variant;missense_variant",NA,NA,"VII",20,1734,1.734,11.5340253748558,0,0,FALSE,3.39617805405662
"2143","YGL229C",25,25,0,0,0,14,11,0,11,14,0,"missense_variant;synonymous_variant",NA,NA,"VII",25,2457,2.457,10.1750101750102,0,0,FALSE,3.1898291764623
"2144","YGL230C",3,3,0,0,0,2,1,0,1,2,0,"synonymous_variant;missense_variant",NA,NA,"VII",3,444,0.444,6.75675675675676,0,0,FALSE,2.59937622455018
"2145","YGL231C",8,3,0,5,0,1,2,5,2,1,0,"synonymous_variant;missense_variant;upstream_gene_variant",772,683,"VII",3,573,0.573,5.23560209424084,1.66666666666667,0.955,FALSE,2.28814380978138
"2146","YGL232W",8,5,0,3,0,1,4,3,4,1,0,"upstream_gene_variant;synonymous_variant;missense_variant",139,10,"VII",5,928,0.928,5.38793103448276,0.6,0.5568,FALSE,2.32119172721315
"2147","YGL233W",25,25,0,0,0,7,18,0,18,7,0,"missense_variant;synonymous_variant",NA,NA,"VII",25,2733,2.733,9.14745700695207,0,0,FALSE,3.02447631945632
"2148","YGL234W",10,10,0,0,0,1,9,0,9,1,0,"missense_variant;synonymous_variant",NA,NA,"VII",10,2409,2.409,4.151100041511,0,0,FALSE,2.03742485542682
"2149","YGL235W",1,1,0,0,0,1,0,0,0,1,0,"missense_variant",NA,NA,"VII",1,537,0.537,1.86219739292365,0,0,FALSE,1.36462353523734
"2150","YGL236C",23,23,0,0,0,5,18,0,18,5,0,"synonymous_variant;missense_variant",NA,NA,"VII",23,2010,2.01,11.4427860696517,0,0,FALSE,3.38271873936509
"2151","YGL237C",4,4,0,0,0,3,1,0,1,3,0,"missense_variant;synonymous_variant",NA,NA,"VII",4,798,0.798,5.0125313283208,0,0,FALSE,2.23886831419822
"2152","YGL238W",11,11,0,0,0,1,10,0,10,1,0,"synonymous_variant;missense_variant",NA,NA,"VII",11,2883,2.883,3.81546999653139,0,0,FALSE,1.95332280909516
"2153","YGL240W",3,3,0,0,0,1,2,0,2,1,0,"missense_variant;synonymous_variant",NA,NA,"VII",3,753,0.753,3.98406374501992,0,0,FALSE,1.9960119601395
"2154","YGL241W",30,30,0,0,0,10,20,0,20,10,0,"synonymous_variant;missense_variant",NA,NA,"VII",30,3015,3.015,9.9502487562189,0,0,FALSE,3.15440148938256
"2155","YGL242C",4,1,0,3,0,0,1,3,1,0,0,"synonymous_variant;upstream_gene_variant",202,174,"VII",1,546,0.546,1.83150183150183,3,1.638,FALSE,1.35332990490192
"2156","YGL243W",5,5,0,0,0,2,1,0,1,2,2,"start_lost;stop_gained;missense_variant;synonymous_variant",NA,NA,"VII",5,1203,1.203,4.15627597672485,0,0,FALSE,2.03869467471832
"2157","YGL244W",8,8,0,0,0,1,7,0,7,1,0,"synonymous_variant;missense_variant",NA,NA,"VII",8,1677,1.677,4.77042337507454,0,0,FALSE,2.18412988969854
"2158","YGL245W",22,22,0,0,0,3,19,0,19,3,0,"synonymous_variant;missense_variant",NA,NA,"VII",22,2127,2.127,10.3432063939821,0,0,FALSE,3.21608557006528
"2159","YGL246C",14,9,0,5,0,3,6,5,6,3,0,"missense_variant;synonymous_variant;upstream_gene_variant",213,33,"VII",9,1164,1.164,7.7319587628866,0.555555555555556,0.646666666666667,FALSE,2.78063999160024
"2160","YGL247W",7,7,0,0,0,3,4,0,4,3,0,"missense_variant;synonymous_variant",NA,NA,"VII",7,594,0.594,11.7845117845118,0,0,FALSE,3.43285767029625
"2161","YGL248W",10,10,0,0,0,1,9,0,9,1,0,"synonymous_variant;missense_variant",NA,NA,"VII",10,1110,1.11,9.00900900900901,0,0,FALSE,3.00150112593832
"2162","YGL249W",21,21,0,0,0,12,9,0,9,12,0,"synonymous_variant;missense_variant",NA,NA,"VII",21,2115,2.115,9.9290780141844,0,0,FALSE,3.15104395624441
"2163","YGL250W",4,4,0,0,0,3,1,0,1,3,0,"missense_variant;synonymous_variant",NA,NA,"VII",4,726,0.726,5.50964187327824,0,0,FALSE,2.3472626340651
"2164","YGL251C",30,30,0,0,0,22,6,0,6,22,2,"synonymous_variant;missense_variant;stop_lost",NA,NA,"VII",30,3716,3.716,8.07319698600646,0,0,FALSE,2.84133718273746
"2165","YGL252C",4,2,0,2,0,0,2,2,2,0,0,"synonymous_variant;upstream_gene_variant",390,304,"VII",2,1767,1.767,1.13186191284663,1,1.767,FALSE,1.06388999095143
"2166","YGL253W",9,1,0,8,0,0,1,8,1,0,0,"upstream_gene_variant;synonymous_variant",720,81,"VII",1,1461,1.461,0.684462696783025,8,11.688,FALSE,0.82732260744103
"2167","YGL254W",6,3,0,3,0,0,3,3,3,0,0,"upstream_gene_variant;synonymous_variant",112,57,"VII",3,900,0.9,3.33333333333333,1,0.9,FALSE,1.82574185835055
"2168","YGL255W",64,38,0,26,0,24,14,26,14,24,0,"upstream_gene_variant;missense_variant;synonymous_variant",986,5,"VII",38,1131,1.131,33.5985853227233,0.68421052631579,0.773842105263158,FALSE,5.79642866968302
"2169","YGL256W",5,5,0,0,0,1,4,0,4,1,0,"missense_variant;synonymous_variant",NA,NA,"VII",5,1149,1.149,4.35161009573542,0,0,FALSE,2.08605131665916
"2170","YGL257C",6,5,0,1,0,3,2,1,2,3,0,"synonymous_variant;missense_variant;upstream_gene_variant",473,473,"VII",5,1677,1.677,2.98151460942159,0.2,0.3354,FALSE,1.72670628927493
"2171","YGL258W",6,6,0,0,0,5,1,0,1,5,0,"missense_variant;synonymous_variant",NA,NA,"VII",6,621,0.621,9.66183574879227,0,0,FALSE,3.10834936080105
"2172","YGL258W-A",2,2,0,0,0,1,1,0,1,1,0,"synonymous_variant;missense_variant",NA,NA,"VII",2,234,0.234,8.54700854700855,0,0,FALSE,2.92352673102343
"2173","YGL259W",20,20,0,0,0,10,9,0,9,10,1,"start_lost;missense_variant;synonymous_variant",NA,NA,"VII",20,498,0.498,40.1606425702811,0,0,FALSE,6.33724250524478
"2174","YGL260W",9,6,0,3,0,3,3,3,3,3,0,"upstream_gene_variant;missense_variant;synonymous_variant",977,678,"VII",6,231,0.231,25.974025974026,0.5,0.1155,FALSE,5.09647191437626
"2175","YGL261C",23,2,0,21,0,0,2,21,2,0,0,"synonymous_variant;upstream_gene_variant",989,17,"VII",2,363,0.363,5.50964187327824,10.5,3.8115,FALSE,2.3472626340651
"2176","YGL262W",13,3,0,10,0,1,2,10,2,1,0,"upstream_gene_variant;synonymous_variant;missense_variant",808,130,"VII",3,528,0.528,5.68181818181818,3.33333333333333,1.76,FALSE,2.38365647311398
"2177","YGL263W",22,3,0,19,0,3,0,19,0,3,0,"upstream_gene_variant;missense_variant",982,218,"VII",3,1143,1.143,2.6246719160105,6.33333333333333,7.239,FALSE,1.62008392252084
"2178","YGR001C",1,1,0,0,0,1,0,0,0,1,0,"missense_variant",NA,NA,"VII",1,902,0.902,1.10864745011086,0,0,FALSE,1.05292328785665
"2179","YGR002C",7,7,0,0,0,3,4,0,4,3,0,"synonymous_variant;missense_variant",NA,NA,"VII",7,1431,1.431,4.89168413696716,0,0,FALSE,2.21171520249944
"2180","YGR003W",9,9,0,0,0,5,4,0,4,5,0,"missense_variant;synonymous_variant",NA,NA,"VII",9,2235,2.235,4.02684563758389,0,0,FALSE,2.00670018627195
"2181","YGR004W",12,12,0,0,0,5,7,0,7,5,0,"synonymous_variant;missense_variant",NA,NA,"VII",12,1389,1.389,8.63930885529158,0,0,FALSE,2.93927012288622
"2182","YGR005C",9,5,0,4,0,1,4,4,4,1,0,"synonymous_variant;missense_variant;upstream_gene_variant",160,13,"VII",5,1203,1.203,4.15627597672485,0.8,0.9624,FALSE,2.03869467471832
"2183","YGR006W",1,1,0,0,0,0,1,0,1,0,0,"synonymous_variant",NA,NA,"VII",1,756,0.756,1.32275132275132,0,0,FALSE,1.15010926557059
"2184","YGR007W",6,6,0,0,0,3,3,0,3,3,0,"synonymous_variant;missense_variant",NA,NA,"VII",6,972,0.972,6.17283950617284,0,0,FALSE,2.48451997499977
"2185","YGR008C",4,4,0,0,0,2,2,0,2,2,0,"synonymous_variant;missense_variant",NA,NA,"VII",4,255,0.255,15.6862745098039,0,0,FALSE,3.9605901719067
"2186","YGR009C",12,12,0,0,0,5,7,0,7,5,0,"synonymous_variant;missense_variant",NA,NA,"VII",12,1956,1.956,6.13496932515337,0,0,FALSE,2.47688702309035
"2187","YGR010W",5,5,0,0,0,1,4,0,4,1,0,"synonymous_variant;missense_variant",NA,NA,"VII",5,1188,1.188,4.20875420875421,0,0,FALSE,2.05152484965555
"2188","YGR011W",1,1,0,0,0,1,0,0,0,1,0,"missense_variant",NA,NA,"VII",1,NA,NA,NA,0,NA,FALSE,NA
"2189","YGR012W",4,4,0,0,0,1,3,0,3,1,0,"synonymous_variant;missense_variant",NA,NA,"VII",4,1182,1.182,3.38409475465313,0,0,FALSE,1.83959092046388
"2190","YGR013W",10,10,0,0,0,6,4,0,4,6,0,"missense_variant;synonymous_variant",NA,NA,"VII",10,1863,1.863,5.36768652710682,0,0,FALSE,2.31682682285639
"2191","YGR014W",29,28,0,1,0,14,14,1,14,14,0,"upstream_gene_variant;synonymous_variant;missense_variant",127,127,"VII",28,3921,3.921,7.14103545014027,0.0357142857142857,0.140035714285714,FALSE,2.67227158989132
"2192","YGR015C",13,6,0,7,0,2,4,7,4,2,0,"synonymous_variant;missense_variant;upstream_gene_variant",929,55,"VII",6,987,0.987,6.0790273556231,1.16666666666667,1.1515,FALSE,2.46556836360769
"2193","YGR016W",6,6,0,0,0,1,5,0,5,1,0,"synonymous_variant;missense_variant",NA,NA,"VII",6,573,0.573,10.4712041884817,0,0,FALSE,3.23592400845287
"2194","YGR019W",5,5,0,0,0,3,2,0,2,3,0,"missense_variant;synonymous_variant",NA,NA,"VII",5,1416,1.416,3.53107344632768,0,0,FALSE,1.87911507000707
"2195","YGR020C",1,1,0,0,0,0,1,0,1,0,0,"synonymous_variant",NA,NA,"VII",1,357,0.357,2.80112044817927,0,0,FALSE,1.67365481751145
"2196","YGR021W",7,7,0,0,0,2,5,0,5,2,0,"synonymous_variant;missense_variant",NA,NA,"VII",7,873,0.873,8.01832760595647,0,0,FALSE,2.83166516487322
"2197","YGR022C",4,4,0,0,0,2,2,0,2,2,0,"missense_variant;synonymous_variant",NA,NA,"VII",4,NA,NA,NA,0,NA,FALSE,NA
"2198","YGR023W",19,19,0,0,0,6,13,0,13,6,0,"synonymous_variant;missense_variant",NA,NA,"VII",19,1656,1.656,11.4734299516908,0,0,FALSE,3.38724518623775
"2199","YGR024C",4,4,0,0,0,0,4,0,4,0,0,"synonymous_variant",NA,NA,"VII",4,714,0.714,5.60224089635854,0,0,FALSE,2.36690534165575
"2200","YGR026W",2,2,0,0,0,1,1,0,1,1,0,"synonymous_variant;missense_variant",NA,NA,"VII",2,837,0.837,2.389486260454,0,0,FALSE,1.54579631920056
"2201","YGR027C",1,1,0,0,0,0,1,0,1,0,0,"synonymous_variant",NA,NA,"VII",1,327,0.327,3.05810397553517,0,0,FALSE,1.74874354195667
"2202","YGR028W",13,8,0,5,0,2,6,5,6,2,0,"upstream_gene_variant;synonymous_variant;missense_variant",252,49,"VII",8,1089,1.089,7.34618916437098,0.625,0.680625,FALSE,2.71038542727247
"2203","YGR029W",7,2,0,5,0,1,0,5,1,1,0,"upstream_gene_variant;missense_variant;stop_retained_variant",239,1,"VII",2,653,0.653,3.06278713629403,2.5,1.6325,FALSE,1.75008203701827
"2204","YGR030C",2,2,0,0,0,1,1,0,1,1,0,"missense_variant;synonymous_variant",NA,NA,"VII",2,477,0.477,4.19287211740042,0,0,FALSE,2.0476503894465
"2205","YGR031W",5,5,0,0,0,0,5,0,5,0,0,"synonymous_variant",NA,NA,"VII",5,1029,1.029,4.85908649173955,0,0,FALSE,2.20433357088703
"2206","YGR032W",19,19,0,0,0,4,15,0,15,4,0,"synonymous_variant;missense_variant",NA,NA,"VII",19,5688,5.688,3.34036568213783,0,0,FALSE,1.82766673169313
"2207","YGR033C",11,4,0,7,0,2,2,7,2,2,0,"missense_variant;synonymous_variant;upstream_gene_variant",974,207,"VII",4,720,0.72,5.55555555555556,1.75,1.26,FALSE,2.35702260395516
"2208","YGR035C",3,3,0,0,0,2,1,0,1,2,0,"missense_variant;synonymous_variant",NA,NA,"VII",3,351,0.351,8.54700854700855,0,0,FALSE,2.92352673102343
"2209","YGR036C",5,5,0,0,0,0,5,0,5,0,0,"synonymous_variant",NA,NA,"VII",5,720,0.72,6.94444444444444,0,0,FALSE,2.63523138347365
"2210","YGR037C",1,1,0,0,0,0,1,0,1,0,0,"synonymous_variant",NA,NA,"VII",1,264,0.264,3.78787878787879,0,0,FALSE,1.94624736040381
"2211","YGR038C-B",11,0,0,11,0,0,0,11,0,0,0,"upstream_gene_variant",996,362,"VII",0,5269,5.269,0,NA,NA,FALSE,0
"2212","YGR038W",2,2,0,0,0,1,1,0,1,1,0,"synonymous_variant;missense_variant",NA,NA,"VII",2,669,0.669,2.98953662182362,0,0,FALSE,1.7290276521281
"2213","YGR039W",6,4,0,2,0,3,1,2,1,3,0,"upstream_gene_variant;missense_variant;synonymous_variant",94,82,"VII",4,312,0.312,12.8205128205128,0.5,0.156,FALSE,3.58057437019716
"2214","YGR040W",3,3,0,0,0,0,3,0,3,0,0,"synonymous_variant",NA,NA,"VII",3,1107,1.107,2.710027100271,0,0,FALSE,1.64621599441598
"2215","YGR041W",36,26,0,10,0,10,16,10,16,10,0,"upstream_gene_variant;missense_variant;synonymous_variant",968,104,"VII",26,1644,1.644,15.8150851581509,0.384615384615385,0.632307692307692,FALSE,3.97681847186301
"2216","YGR042W",22,12,0,10,0,6,6,10,6,6,0,"upstream_gene_variant;synonymous_variant;missense_variant",290,2,"VII",12,816,0.816,14.7058823529412,0.833333333333333,0.68,FALSE,3.83482494423685
"2217","YGR043C",25,9,0,16,0,2,7,16,7,2,0,"missense_variant;synonymous_variant;upstream_gene_variant",993,6,"VII",9,1002,1.002,8.98203592814371,1.77777777777778,1.78133333333333,FALSE,2.9970044925131
"2218","YGR044C",10,10,0,0,0,2,8,0,8,2,0,"synonymous_variant;missense_variant",NA,NA,"VII",10,903,0.903,11.0741971207087,0,0,FALSE,3.32779162819861
"2219","YGR045C",5,5,0,0,0,2,3,0,3,2,0,"missense_variant;synonymous_variant",NA,NA,"VII",5,363,0.363,13.7741046831956,0,0,FALSE,3.71134809512603
"2220","YGR046W",7,7,0,0,0,2,5,0,5,2,0,"missense_variant;synonymous_variant",NA,NA,"VII",7,1158,1.158,6.04490500863558,0,0,FALSE,2.45863885282804
"2221","YGR047C",31,27,0,4,0,4,23,4,23,4,0,"missense_variant;synonymous_variant;upstream_gene_variant",334,168,"VII",27,3078,3.078,8.7719298245614,0.148148148148148,0.456,FALSE,2.96174438879546
"2222","YGR048W",4,4,0,0,0,0,4,0,4,0,0,"synonymous_variant",NA,NA,"VII",4,1086,1.086,3.68324125230203,0,0,FALSE,1.91917723316582
"2223","YGR049W",3,3,0,0,0,1,2,0,2,1,0,"synonymous_variant;missense_variant",NA,NA,"VII",3,564,0.564,5.31914893617021,0,0,FALSE,2.30632802007221
"2224","YGR050C",9,9,0,0,0,6,2,0,2,6,1,"stop_gained;missense_variant;synonymous_variant",NA,NA,"VII",9,357,0.357,25.2100840336134,0,0,FALSE,5.02096445253434
"2225","YGR051C",4,4,0,0,0,1,2,0,2,1,1,"stop_gained;synonymous_variant;missense_variant",NA,NA,"VII",4,NA,NA,NA,0,NA,FALSE,NA
"2226","YGR052W",10,10,0,0,0,4,6,0,6,4,0,"missense_variant;synonymous_variant",NA,NA,"VII",10,1110,1.11,9.00900900900901,0,0,FALSE,3.00150112593832
"2227","YGR053C",5,5,0,0,0,3,2,0,2,3,0,"missense_variant;synonymous_variant",NA,NA,"VII",5,852,0.852,5.86854460093897,0,0,FALSE,2.42250791555755
"2228","YGR054W",14,14,0,0,0,4,10,0,10,4,0,"synonymous_variant;missense_variant",NA,NA,"VII",14,1929,1.929,7.25764644893727,0,0,FALSE,2.69400193929724
"2229","YGR055W",7,7,0,0,0,0,7,0,7,0,0,"synonymous_variant",NA,NA,"VII",7,1725,1.725,4.05797101449275,0,0,FALSE,2.01444062074134
"2230","YGR056W",23,21,0,2,0,6,15,2,15,6,0,"upstream_gene_variant;synonymous_variant;missense_variant",313,49,"VII",21,2787,2.787,7.53498385360603,0.0952380952380952,0.265428571428571,FALSE,2.74499250520034
"2231","YGR057C",16,7,0,9,0,1,6,9,6,1,0,"synonymous_variant;missense_variant;upstream_gene_variant",632,72,"VII",7,729,0.729,9.60219478737997,1.28571428571429,0.937285714285714,FALSE,3.09874083901509
"2232","YGR058W",4,4,0,0,0,2,2,0,2,2,0,"missense_variant;synonymous_variant",NA,NA,"VII",4,1008,1.008,3.96825396825397,0,0,FALSE,1.99204768222399
"2233","YGR059W",12,12,0,0,0,5,7,0,7,5,0,"missense_variant;synonymous_variant",NA,NA,"VII",12,1539,1.539,7.79727095516569,0,0,FALSE,2.7923593886113
"2234","YGR060W",5,5,0,0,0,0,5,0,5,0,0,"synonymous_variant",NA,NA,"VII",5,930,0.93,5.3763440860215,0,0,TRUE,2.31869447880084
"2235","YGR061C",21,19,0,2,0,9,10,2,10,9,0,"synonymous_variant;missense_variant;upstream_gene_variant",194,56,"VII",19,4077,4.077,4.66028942850135,0.105263157894737,0.429157894736842,FALSE,2.15877035103351
"2236","YGR062C",5,5,0,0,0,3,2,0,2,3,0,"synonymous_variant;missense_variant",NA,NA,"VII",5,951,0.951,5.25762355415352,0,0,FALSE,2.29295083989028
"2237","YGR064W",4,4,0,0,0,4,0,0,0,4,0,"missense_variant",NA,NA,"VII",4,NA,NA,NA,0,NA,FALSE,NA
"2238","YGR065C",21,21,0,0,0,5,16,0,16,5,0,"missense_variant;synonymous_variant",NA,NA,"VII",21,1782,1.782,11.7845117845118,0,0,FALSE,3.43285767029625
"2239","YGR066C",3,3,0,0,0,0,3,0,3,0,0,"synonymous_variant",NA,NA,"VII",3,879,0.879,3.41296928327645,0,0,FALSE,1.84742233484292
"2240","YGR067C",11,11,0,0,0,5,6,0,6,5,0,"missense_variant;synonymous_variant",NA,NA,"VII",11,2415,2.415,4.55486542443064,0,0,FALSE,2.13421306912657
"2241","YGR068C",13,13,0,0,0,7,6,0,6,7,0,"missense_variant;synonymous_variant",NA,NA,"VII",13,1761,1.761,7.38216922203294,0,0,FALSE,2.71701476293982
"2242","YGR069W",10,10,0,0,0,5,4,0,4,5,1,"missense_variant;synonymous_variant;stop_gained",NA,NA,"VII",10,NA,NA,NA,0,NA,FALSE,NA
"2243","YGR070W",40,40,0,0,0,15,25,0,25,15,0,"synonymous_variant;missense_variant",NA,NA,"VII",40,3468,3.468,11.5340253748558,0,0,FALSE,3.39617805405662
"2244","YGR071C",17,17,0,0,0,12,5,0,5,12,0,"synonymous_variant;missense_variant",NA,NA,"VII",17,2583,2.583,6.58149438637243,0,0,FALSE,2.56544233737039
"2245","YGR072W",15,15,0,0,0,6,9,0,9,6,0,"synonymous_variant;missense_variant",NA,NA,"VII",15,1164,1.164,12.8865979381443,0,0,FALSE,3.58979079308869
"2246","YGR073C",2,2,0,0,0,1,1,0,1,1,0,"missense_variant;synonymous_variant",NA,NA,"VII",2,NA,NA,NA,0,NA,FALSE,NA
"2247","YGR075C",5,5,0,0,0,3,2,0,2,3,0,"missense_variant;synonymous_variant",NA,NA,"VII",5,729,0.729,6.85871056241427,0,0,FALSE,2.61891400439462
"2248","YGR076C",2,2,0,0,0,0,2,0,2,0,0,"synonymous_variant",NA,NA,"VII",2,474,0.474,4.21940928270042,0,0,FALSE,2.0541200750444
"2249","YGR077C",11,11,0,0,0,6,5,0,5,6,0,"synonymous_variant;missense_variant",NA,NA,"VII",11,1770,1.77,6.21468926553672,0,0,FALSE,2.49292785004635
"2250","YGR078C",1,1,0,0,0,0,1,0,1,0,0,"synonymous_variant",NA,NA,"VII",1,600,0.6,1.66666666666667,0,0,FALSE,1.29099444873581
"2251","YGR079W",3,3,0,0,0,3,0,0,0,3,0,"missense_variant",NA,NA,"VII",3,1113,1.113,2.69541778975741,0,0,FALSE,1.6417727582578
"2252","YGR080W",13,13,0,0,0,3,10,0,10,3,0,"synonymous_variant;missense_variant",NA,NA,"VII",13,999,0.999,13.013013013013,0,0,FALSE,3.60735540431117
"2253","YGR081C",3,3,0,0,0,2,1,0,1,2,0,"missense_variant;synonymous_variant",NA,NA,"VII",3,633,0.633,4.739336492891,0,0,FALSE,2.17700172092054
"2254","YGR082W",2,2,0,0,0,0,2,0,2,0,0,"synonymous_variant",NA,NA,"VII",2,552,0.552,3.6231884057971,0,0,FALSE,1.9034674690672
"2255","YGR083C",11,11,0,0,0,1,10,0,10,1,0,"synonymous_variant;missense_variant",NA,NA,"VII",11,1956,1.956,5.62372188139059,0,0,FALSE,2.3714387787566
"2256","YGR084C",10,10,0,0,0,3,7,0,7,3,0,"synonymous_variant;missense_variant",NA,NA,"VII",10,1020,1.02,9.80392156862745,0,0,FALSE,3.13112145542575
"2257","YGR085C",2,2,0,0,0,0,2,0,2,0,0,"synonymous_variant",NA,NA,"VII",2,525,0.525,3.80952380952381,0,0,FALSE,1.95180014589707
"2258","YGR086C",7,7,0,0,0,0,7,0,7,0,0,"synonymous_variant",NA,NA,"VII",7,1020,1.02,6.86274509803922,0,0,FALSE,2.61968415997792
"2259","YGR087C",19,19,0,0,0,6,13,0,13,6,0,"synonymous_variant;missense_variant",NA,NA,"VII",19,1692,1.692,11.2293144208038,0,0,FALSE,3.35101692338367
"2260","YGR088W",16,16,0,0,0,2,14,0,14,2,0,"synonymous_variant;missense_variant",NA,NA,"VII",16,1689,1.689,9.47306098283008,0,0,FALSE,3.07783381338728
"2261","YGR089W",20,20,0,0,0,7,13,0,13,7,0,"synonymous_variant;missense_variant",NA,NA,"VII",20,2811,2.811,7.11490572749911,0,0,FALSE,2.6673780623487
"2262","YGR090W",28,20,0,8,0,8,12,8,12,8,0,"upstream_gene_variant;missense_variant;synonymous_variant",524,128,"VII",20,3714,3.714,5.3850296176629,0.4,1.4856,FALSE,2.32056665874154
"2263","YGR091W",16,13,0,3,0,5,8,3,8,5,0,"upstream_gene_variant;synonymous_variant;missense_variant",127,56,"VII",13,1485,1.485,8.75420875420875,0.230769230769231,0.342692307692308,FALSE,2.95875121532865
"2264","YGR092W",9,8,0,1,0,2,6,1,6,2,0,"upstream_gene_variant;missense_variant;synonymous_variant",346,346,"VII",8,1719,1.719,4.65386852821408,0.125,0.214875,FALSE,2.15728267230191
"2265","YGR093W",36,24,0,12,0,7,17,12,17,7,0,"upstream_gene_variant;missense_variant;synonymous_variant",436,14,"VII",24,1524,1.524,15.748031496063,0.5,0.762,FALSE,3.96837895066273
"2266","YGR094W",20,17,0,3,0,2,15,3,15,2,0,"upstream_gene_variant;synonymous_variant;missense_variant",268,127,"VII",17,3315,3.315,5.12820512820513,0.176470588235294,0.585,FALSE,2.26455406828919
"2267","YGR095C",4,3,0,1,0,1,2,1,2,1,0,"synonymous_variant;missense_variant;upstream_gene_variant",175,175,"VII",3,672,0.672,4.46428571428571,0.333333333333333,0.224,FALSE,2.11288563682129
"2268","YGR096W",8,5,0,3,0,1,4,3,4,1,0,"upstream_gene_variant;missense_variant;synonymous_variant",999,996,"VII",5,945,0.945,5.29100529100529,0.6,0.567,FALSE,2.30021853114118
"2269","YGR097W",22,22,0,0,0,6,16,0,16,6,0,"missense_variant;synonymous_variant",NA,NA,"VII",22,3441,3.441,6.39349026445801,0,0,FALSE,2.5285352013484
"2270","YGR098C",31,29,0,2,0,15,14,2,14,15,0,"missense_variant;synonymous_variant;upstream_gene_variant",356,149,"VII",29,4893,4.893,5.92683425301451,0.0689655172413793,0.337448275862069,FALSE,2.43450903736554
"2271","YGR099W",9,9,0,0,0,6,3,0,3,6,0,"missense_variant;synonymous_variant",NA,NA,"VII",9,2067,2.067,4.35413642960813,0,0,FALSE,2.08665675893476
"2272","YGR100W",22,22,0,0,0,3,19,0,19,3,0,"synonymous_variant;missense_variant",NA,NA,"VII",22,2853,2.853,7.7111812127585,0,0,FALSE,2.77690136892877
"2273","YGR101W",7,6,0,1,0,3,3,1,3,3,0,"upstream_gene_variant;missense_variant;synonymous_variant",57,57,"VII",6,1041,1.041,5.76368876080692,0.166666666666667,0.1735,FALSE,2.40076836883672
"2274","YGR102C",5,3,0,2,0,2,1,2,1,2,0,"missense_variant;synonymous_variant;upstream_gene_variant",207,95,"VII",3,552,0.552,5.43478260869565,0.666666666666667,0.368,FALSE,2.33126202060078
"2275","YGR103W",4,2,0,2,0,0,2,2,2,0,0,"upstream_gene_variant;synonymous_variant",912,878,"VII",2,1818,1.818,1.1001100110011,1,1.818,FALSE,1.04886129254592
"2276","YGR104C",13,13,0,0,0,6,7,0,7,6,0,"missense_variant;synonymous_variant",NA,NA,"VII",13,924,0.924,14.0692640692641,0,0,FALSE,3.75090176747726
"2277","YGR107W",4,4,0,0,0,4,0,0,0,4,0,"missense_variant",NA,NA,"VII",4,NA,NA,NA,0,NA,FALSE,NA
"2278","YGR108W",3,3,0,0,0,1,2,0,2,1,0,"missense_variant;synonymous_variant",NA,NA,"VII",3,1416,1.416,2.11864406779661,0,0,FALSE,1.45555627434895
"2279","YGR109C",13,6,0,7,0,3,3,7,3,3,0,"missense_variant;synonymous_variant;upstream_gene_variant",681,139,"VII",6,1143,1.143,5.249343832021,1.16666666666667,1.3335,TRUE,2.29114465541157
"2280","YGR109W-B",10,10,0,0,0,8,1,0,1,8,1,"missense_variant;stop_gained;synonymous_variant",NA,NA,"VII",10,4645,4.645,2.15285252960172,0,0,FALSE,1.46726021196028
"2281","YGR110W",21,7,0,14,0,2,5,14,5,2,0,"upstream_gene_variant;missense_variant;synonymous_variant",993,51,"VII",7,1338,1.338,5.23168908819133,2,2.676,FALSE,2.28728858874243
"2282","YGR111W",32,7,0,25,0,3,4,25,4,3,0,"upstream_gene_variant;synonymous_variant;missense_variant",735,43,"VII",7,1203,1.203,5.8187863674148,3.57142857142857,4.29642857142857,FALSE,2.41221606980279
"2283","YGR112W",8,4,0,4,0,1,3,4,3,1,0,"upstream_gene_variant;missense_variant;synonymous_variant",322,86,"VII",4,1170,1.17,3.41880341880342,1,1.17,FALSE,1.8490006540841
"2284","YGR113W",26,18,0,8,0,9,9,8,9,9,0,"upstream_gene_variant;missense_variant;synonymous_variant",351,88,"VII",18,1032,1.032,17.4418604651163,0.444444444444444,0.458666666666667,FALSE,4.17634534792278
"2285","YGR114C",3,3,0,0,0,2,1,0,1,2,0,"missense_variant;synonymous_variant",NA,NA,"VII",3,NA,NA,NA,0,NA,FALSE,NA
"2286","YGR116W",23,21,0,2,0,3,18,2,18,3,0,"upstream_gene_variant;synonymous_variant;missense_variant",385,381,"VII",21,4356,4.356,4.82093663911846,0.0952380952380952,0.414857142857143,FALSE,2.19566314336204
"2287","YGR117C",28,15,0,13,0,5,10,13,10,5,0,"missense_variant;synonymous_variant;upstream_gene_variant",858,106,"VII",15,1431,1.431,10.482180293501,0.866666666666667,1.2402,FALSE,3.23761954119088
"2288","YGR119C",11,11,0,0,0,5,6,0,6,5,0,"missense_variant;synonymous_variant",NA,NA,"VII",11,1626,1.626,6.76506765067651,0,0,FALSE,2.60097436563233
"2289","YGR120C",6,6,0,0,0,2,4,0,4,2,0,"synonymous_variant;missense_variant",NA,NA,"VII",6,789,0.789,7.60456273764258,0,0,FALSE,2.75763716569867
"2290","YGR121C",8,8,0,0,0,3,5,0,5,3,0,"synonymous_variant;missense_variant",NA,NA,"VII",8,1479,1.479,5.40906017579446,0,0,FALSE,2.32573863015483
"2291","YGR121W-A",2,2,0,0,0,1,1,0,1,1,0,"synonymous_variant;missense_variant",NA,NA,"VII",2,216,0.216,9.25925925925926,0,0,FALSE,3.04290309725092
"2292","YGR122C-A",3,3,0,0,0,2,1,0,1,2,0,"missense_variant;synonymous_variant",NA,NA,"VII",3,NA,NA,NA,0,NA,FALSE,NA
"2293","YGR122W",12,12,0,0,0,2,10,0,10,2,0,"synonymous_variant;missense_variant",NA,NA,"VII",12,1209,1.209,9.92555831265509,0,0,FALSE,3.15048540905288
"2294","YGR123C",7,7,0,0,0,1,6,0,6,1,0,"synonymous_variant;missense_variant",NA,NA,"VII",7,1542,1.542,4.53955901426719,0,0,FALSE,2.13062409032358
"2295","YGR124W",7,7,0,0,0,0,7,0,7,0,0,"synonymous_variant",NA,NA,"VII",7,1719,1.719,4.07213496218732,0,0,FALSE,2.01795316154447
"2296","YGR125W",12,12,0,0,0,2,10,0,10,2,0,"synonymous_variant;missense_variant",NA,NA,"VII",12,3111,3.111,3.8572806171649,0,0,FALSE,1.96399608379571
"2297","YGR126W",13,6,0,7,0,0,6,7,6,0,0,"upstream_gene_variant;synonymous_variant",389,58,"VII",6,693,0.693,8.65800865800866,1.16666666666667,0.8085,FALSE,2.9424494316825
"2298","YGR127W",12,8,0,4,0,3,5,4,5,3,0,"upstream_gene_variant;synonymous_variant;missense_variant",257,170,"VII",8,939,0.939,8.51970181043663,0.5,0.4695,FALSE,2.9188528243878
"2299","YGR128C",19,14,0,5,0,5,9,5,9,5,0,"missense_variant;synonymous_variant;upstream_gene_variant",973,32,"VII",14,2142,2.142,6.5359477124183,0.357142857142857,0.765,FALSE,2.55654996282457
"2300","YGR129W",3,3,0,0,0,1,2,0,2,1,0,"synonymous_variant;missense_variant",NA,NA,"VII",3,648,0.648,4.62962962962963,0,0,FALSE,2.15165741455968
"2301","YGR130C",14,14,0,0,0,5,9,0,9,5,0,"synonymous_variant;missense_variant",NA,NA,"VII",14,2451,2.451,5.71195430436557,0,0,FALSE,2.38996951954739
"2302","YGR131W",2,2,0,0,0,0,2,0,2,0,0,"synonymous_variant",NA,NA,"VII",2,525,0.525,3.80952380952381,0,0,FALSE,1.95180014589707
"2303","YGR132C",1,1,0,0,0,0,1,0,1,0,0,"synonymous_variant",NA,NA,"VII",1,864,0.864,1.15740740740741,0,0,FALSE,1.07582870727984
"2304","YGR133W",2,2,0,0,0,0,2,0,2,0,0,"synonymous_variant",NA,NA,"VII",2,552,0.552,3.6231884057971,0,0,FALSE,1.9034674690672
"2305","YGR134W",6,6,0,0,0,6,0,0,0,6,0,"missense_variant",NA,NA,"VII",6,3369,3.369,1.78094390026714,0,0,FALSE,1.33452010111019
"2306","YGR135W",2,2,0,0,0,0,2,0,2,0,0,"synonymous_variant",NA,NA,"VII",2,777,0.777,2.57400257400257,0,0,FALSE,1.60436983703963
"2307","YGR136W",1,0,0,1,0,0,0,1,0,0,0,"upstream_gene_variant",57,57,"VII",0,726,0.726,0,NA,NA,FALSE,0
"2308","YGR137W",3,3,0,0,0,2,1,0,1,2,0,"missense_variant;synonymous_variant",NA,NA,"VII",3,NA,NA,NA,0,NA,FALSE,NA
"2309","YGR138C",7,5,0,2,0,1,4,2,4,1,0,"synonymous_variant;missense_variant;upstream_gene_variant",739,462,"VII",5,1845,1.845,2.710027100271,0.4,0.738,FALSE,1.64621599441598
"2310","YGR140W",2,2,0,0,0,2,0,0,0,2,0,"missense_variant",NA,NA,"VII",2,2871,2.871,0.696621386276559,0,0,FALSE,0.834638476393557
"2311","YGR141W",2,2,0,0,0,1,1,0,1,1,0,"missense_variant;synonymous_variant",NA,NA,"VII",2,1404,1.404,1.42450142450142,0,0,FALSE,1.19352479006572
"2312","YGR142W",9,9,0,0,0,4,5,0,5,4,0,"synonymous_variant;missense_variant",NA,NA,"VII",9,1233,1.233,7.2992700729927,0,0,FALSE,2.7017161347915
"2313","YGR143W",4,3,0,1,0,1,2,1,2,1,0,"upstream_gene_variant;synonymous_variant;missense_variant",676,676,"VII",3,2316,2.316,1.29533678756477,0.333333333333333,0.772,FALSE,1.13812863401496
"2314","YGR144W",20,3,0,17,0,0,3,17,3,0,0,"upstream_gene_variant;synonymous_variant",633,104,"VII",3,981,0.981,3.05810397553517,5.66666666666667,5.559,FALSE,1.74874354195667
"2315","YGR145W",2,2,0,0,0,1,1,0,1,1,0,"missense_variant;synonymous_variant",NA,NA,"VII",2,2124,2.124,0.941619585687382,0,0,FALSE,0.97037084956597
"2316","YGR146C",3,1,0,2,0,1,0,2,0,1,0,"missense_variant;upstream_gene_variant",807,341,"VII",1,636,0.636,1.57232704402516,2,1.272,FALSE,1.2539246564388
"2317","YGR146C-A",1,1,0,0,0,1,0,0,0,1,0,"missense_variant",NA,NA,"VII",1,162,0.162,6.17283950617284,0,0,FALSE,2.48451997499977
"2318","YGR147C",7,7,0,0,0,4,3,0,3,4,0,"synonymous_variant;missense_variant",NA,NA,"VII",7,867,0.867,8.07381776239908,0,0,FALSE,2.84144642082146
"2319","YGR148C",2,2,0,0,0,0,2,0,2,0,0,"synonymous_variant",NA,NA,"VII",2,468,0.468,4.27350427350427,0,0,FALSE,2.06724557648681
"2320","YGR149W",10,10,0,0,0,0,10,0,10,0,0,"synonymous_variant",NA,NA,"VII",10,1299,1.299,7.69822940723634,0,0,FALSE,2.77456832808931
"2321","YGR150C",34,18,0,16,0,4,14,16,14,4,0,"synonymous_variant;missense_variant;upstream_gene_variant",988,154,"VII",18,2595,2.595,6.9364161849711,0.888888888888889,2.30666666666667,FALSE,2.63370768783688
"2322","YGR151C",4,4,0,0,0,3,0,0,0,3,1,"missense_variant;stop_gained",NA,NA,"VII",4,NA,NA,NA,0,NA,FALSE,NA
"2323","YGR152C",4,4,0,0,0,1,3,0,3,1,0,"missense_variant;synonymous_variant",NA,NA,"VII",4,819,0.819,4.88400488400488,0,0,FALSE,2.20997848043932
"2324","YGR153W",7,7,0,0,0,4,3,0,3,4,0,"synonymous_variant;missense_variant",NA,NA,"VII",7,654,0.654,10.7033639143731,0,0,FALSE,3.2715995956677
"2325","YGR154C",9,9,0,0,0,3,6,0,6,3,0,"synonymous_variant;missense_variant",NA,NA,"VII",9,1071,1.071,8.40336134453782,0,0,FALSE,2.89885517826224
"2326","YGR155W",8,8,0,0,0,2,6,0,6,2,0,"synonymous_variant;missense_variant",NA,NA,"VII",8,1524,1.524,5.249343832021,0,0,FALSE,2.29114465541157
"2327","YGR156W",6,6,0,0,0,0,6,0,6,0,0,"synonymous_variant",NA,NA,"VII",6,1278,1.278,4.69483568075117,0,0,FALSE,2.1667569500872
"2328","YGR157W",25,25,0,0,0,6,19,0,19,6,0,"synonymous_variant;missense_variant",NA,NA,"VII",25,2610,2.61,9.57854406130268,0,0,FALSE,3.09492230295086
"2329","YGR158C",4,3,0,1,0,2,1,1,1,2,0,"synonymous_variant;missense_variant;upstream_gene_variant",80,80,"VII",3,753,0.753,3.98406374501992,0.333333333333333,0.251,FALSE,1.9960119601395
"2330","YGR159C",5,5,0,0,0,2,2,0,2,2,1,"synonymous_variant;stop_gained;missense_variant",NA,NA,"VII",5,1245,1.245,4.01606425702811,0,0,FALSE,2.00401204014051
"2331","YGR160W",1,1,0,0,0,1,0,0,0,1,0,"missense_variant",NA,NA,"VII",1,NA,NA,NA,0,NA,FALSE,NA
"2332","YGR161C",2,2,0,0,0,1,1,0,1,1,0,"missense_variant;synonymous_variant",NA,NA,"VII",2,792,0.792,2.52525252525253,0,0,FALSE,1.58910431540932
"2333","YGR161C-D",10,0,0,10,0,0,0,10,0,0,0,"upstream_gene_variant",868,394,"VII",0,5269,5.269,0,NA,NA,FALSE,0
"2334","YGR161W-C",1,1,0,0,0,1,0,0,0,1,0,"missense_variant",NA,NA,"VII",1,279,0.279,3.584229390681,0,0,FALSE,1.89320611415688
"2335","YGR162W",5,5,0,0,0,3,2,0,2,3,0,"missense_variant;synonymous_variant",NA,NA,"VII",5,2859,2.859,1.74886323889472,0,0,FALSE,1.32244593042389
"2336","YGR163W",5,5,0,0,0,0,5,0,5,0,0,"synonymous_variant",NA,NA,"VII",5,1026,1.026,4.87329434697856,0,0,FALSE,2.20755392844174
"2337","YGR164W",3,3,0,0,0,1,2,0,2,1,0,"synonymous_variant;missense_variant",NA,NA,"VII",3,336,0.336,8.92857142857143,0,0,FALSE,2.98807152333598
"2338","YGR165W",7,7,0,0,0,4,3,0,3,4,0,"missense_variant;synonymous_variant",NA,NA,"VII",7,1038,1.038,6.74373795761079,0,0,FALSE,2.59687080110097
"2339","YGR166W",18,18,0,0,0,8,10,0,10,8,0,"synonymous_variant;missense_variant",NA,NA,"VII",18,1683,1.683,10.6951871657754,0,0,FALSE,3.27034970083864
"2340","YGR167W",4,4,0,0,0,2,2,0,2,2,0,"synonymous_variant;missense_variant",NA,NA,"VII",4,702,0.702,5.6980056980057,0,0,FALSE,2.38704958013144
"2341","YGR168C",15,15,0,0,0,5,10,0,10,5,0,"synonymous_variant;missense_variant",NA,NA,"VII",15,1131,1.131,13.262599469496,0,0,FALSE,3.64178520364615
"2342","YGR169C",9,9,0,0,0,7,2,0,2,7,0,"missense_variant;synonymous_variant",NA,NA,"VII",9,1215,1.215,7.40740740740741,0,0,FALSE,2.72165526975909
"2343","YGR169C-A",1,1,0,0,0,1,0,0,0,1,0,"missense_variant",NA,NA,"VII",1,279,0.279,3.584229390681,0,0,FALSE,1.89320611415688
"2344","YGR170W",20,20,0,0,0,5,15,0,15,5,0,"synonymous_variant;missense_variant",NA,NA,"VII",20,3417,3.417,5.85308750365818,0,0,FALSE,2.41931550312442
"2345","YGR171C",17,13,0,4,0,6,7,4,7,6,0,"missense_variant;synonymous_variant;upstream_gene_variant",54,14,"VII",13,1728,1.728,7.52314814814815,0.307692307692308,0.531692307692308,FALSE,2.7428357858516
"2346","YGR172C",3,3,0,0,0,2,1,0,1,2,0,"missense_variant;synonymous_variant",NA,NA,"VII",3,747,0.747,4.01606425702811,0,0,FALSE,2.00401204014051
"2347","YGR173W",3,3,0,0,0,0,3,0,3,0,0,"synonymous_variant",NA,NA,"VII",3,1107,1.107,2.710027100271,0,0,FALSE,1.64621599441598
"2348","YGR174C",8,8,0,0,0,2,6,0,6,2,0,"synonymous_variant;missense_variant",NA,NA,"VII",8,513,0.513,15.5945419103314,0,0,FALSE,3.94899251839395
"2349","YGR174W-A",6,6,0,0,0,3,1,0,2,3,1,"missense_variant;synonymous_variant;stop_lost&splice_region_variant;splice_region_variant&stop_retained_variant",NA,NA,"VII",6,87,0.087,68.9655172413793,0,0,FALSE,8.304547985374
"2350","YGR175C",7,7,0,0,0,2,5,0,5,2,0,"synonymous_variant;missense_variant",NA,NA,"VII",7,1491,1.491,4.69483568075117,0,0,FALSE,2.1667569500872
"2351","YGR176W",1,1,0,0,0,0,0,0,0,0,1,"stop_gained",NA,NA,"VII",1,NA,NA,NA,0,NA,FALSE,NA
"2352","YGR177C",9,9,0,0,0,6,3,0,3,6,0,"missense_variant;synonymous_variant",NA,NA,"VII",9,1608,1.608,5.59701492537313,0,0,FALSE,2.36580111703692
"2353","YGR178C",16,16,0,0,0,4,12,0,12,4,0,"synonymous_variant;missense_variant",NA,NA,"VII",16,2169,2.169,7.37667127708621,0,0,FALSE,2.71600281242237
"2354","YGR179C",8,8,0,0,0,2,6,0,6,2,0,"missense_variant;synonymous_variant",NA,NA,"VII",8,1221,1.221,6.55200655200655,0,0,FALSE,2.55968876076889
"2355","YGR180C",3,3,0,0,0,2,1,0,1,2,0,"synonymous_variant;missense_variant",NA,NA,"VII",3,1038,1.038,2.89017341040462,0,0,FALSE,1.70005100229511
"2356","YGR181W",5,5,0,0,0,1,4,0,4,1,0,"synonymous_variant;missense_variant",NA,NA,"VII",5,318,0.318,15.7232704402516,0,0,FALSE,3.96525792859072
"2357","YGR182C",3,3,0,0,0,1,1,0,1,1,1,"missense_variant;stop_gained;synonymous_variant",NA,NA,"VII",3,NA,NA,NA,0,NA,FALSE,NA
"2358","YGR183C",1,1,0,0,0,0,1,0,1,0,0,"synonymous_variant",NA,NA,"VII",1,414,0.414,2.41545893719807,0,0,FALSE,1.55417468040052
"2359","YGR184C",56,55,0,1,0,8,47,1,47,8,0,"synonymous_variant;missense_variant;upstream_gene_variant",469,469,"VII",55,5853,5.853,9.39689048351273,0.0181818181818182,0.106418181818182,FALSE,3.06543479518204
"2360","YGR185C",2,2,0,0,0,1,1,0,1,1,0,"missense_variant;synonymous_variant",NA,NA,"VII",2,1185,1.185,1.68776371308017,0,0,FALSE,1.29913960492326
"2361","YGR186W",5,5,0,0,0,1,4,0,4,1,0,"synonymous_variant;missense_variant",NA,NA,"VII",5,2208,2.208,2.26449275362319,0,0,FALSE,1.50482316357211
"2362","YGR187C",5,5,0,0,0,0,5,0,5,0,0,"synonymous_variant",NA,NA,"VII",5,1185,1.185,4.21940928270042,0,0,FALSE,2.0541200750444
"2363","YGR188C",13,13,0,0,0,8,5,0,5,8,0,"missense_variant;synonymous_variant",NA,NA,"VII",13,3066,3.066,4.24005218525766,0,0,FALSE,2.05913869985916
"2364","YGR189C",8,8,0,0,0,3,5,0,5,3,0,"synonymous_variant;missense_variant",NA,NA,"VII",8,1524,1.524,5.249343832021,0,0,FALSE,2.29114465541157
"2365","YGR190C",3,3,0,0,0,0,3,0,3,0,0,"synonymous_variant",NA,NA,"VII",3,NA,NA,NA,0,NA,FALSE,NA
"2366","YGR191W",17,17,0,0,0,3,14,0,14,3,0,"synonymous_variant;missense_variant",NA,NA,"VII",17,1812,1.812,9.38189845474614,0,0,FALSE,3.062988484266
"2367","YGR192C",11,11,0,0,0,3,8,0,8,3,0,"missense_variant;synonymous_variant",NA,NA,"VII",11,999,0.999,11.011011011011,0,0,FALSE,3.31828434752223
"2368","YGR193C",6,6,0,0,0,3,3,0,3,3,0,"synonymous_variant;missense_variant",NA,NA,"VII",6,1233,1.233,4.8661800486618,0,0,FALSE,2.20594198669453
"2369","YGR194C",3,3,0,0,0,1,2,0,2,1,0,"synonymous_variant;missense_variant",NA,NA,"VII",3,1803,1.803,1.66389351081531,0,0,FALSE,1.28991996294937
"2370","YGR195W",1,1,0,0,0,1,0,0,0,1,0,"missense_variant",NA,NA,"VII",1,741,0.741,1.34952766531714,0,0,FALSE,1.16169172559554
"2371","YGR196C",11,11,0,0,0,3,8,0,8,3,0,"missense_variant;synonymous_variant",NA,NA,"VII",11,2454,2.454,4.48247758761206,0,0,FALSE,2.11718624301502
"2372","YGR197C",10,10,0,0,0,2,8,0,8,2,0,"synonymous_variant;missense_variant",NA,NA,"VII",10,1644,1.644,6.08272506082725,0,0,FALSE,2.46631811833495
"2373","YGR198W",12,12,0,0,0,8,4,0,4,8,0,"missense_variant;synonymous_variant",NA,NA,"VII",12,2454,2.454,4.88997555012225,0,0,FALSE,2.21132891043423
"2374","YGR199W",21,21,0,0,0,3,18,0,18,3,0,"synonymous_variant;missense_variant",NA,NA,"VII",21,2280,2.28,9.21052631578947,0,0,FALSE,3.03488489333442
"2375","YGR200C",18,10,0,8,0,5,5,8,5,5,0,"synonymous_variant;missense_variant;upstream_gene_variant",964,17,"VII",10,2367,2.367,4.2247570764681,0.8,1.8936,FALSE,2.05542138659402
"2376","YGR201C",8,8,0,0,0,2,6,0,6,2,0,"missense_variant;synonymous_variant",NA,NA,"VII",8,678,0.678,11.7994100294985,0,0,FALSE,3.43502693286363
"2377","YGR202C",8,8,0,0,0,4,4,0,4,4,0,"synonymous_variant;missense_variant",NA,NA,"VII",8,1275,1.275,6.27450980392157,0,0,FALSE,2.5048971643406
"2378","YGR203W",4,4,0,0,0,0,4,0,4,0,0,"synonymous_variant",NA,NA,"VII",4,447,0.447,8.94854586129754,0,0,FALSE,2.99141201797705
"2379","YGR204W",22,22,0,0,0,3,19,0,19,3,0,"synonymous_variant;missense_variant",NA,NA,"VII",22,2841,2.841,7.7437521999296,0,0,FALSE,2.78275981714729
"2380","YGR205W",9,9,0,0,0,0,9,0,9,0,0,"synonymous_variant",NA,NA,"VII",9,873,0.873,10.3092783505155,0,0,FALSE,3.21080649533968
"2381","YGR206W",5,5,0,0,0,1,4,0,4,1,0,"missense_variant;synonymous_variant",NA,NA,"VII",5,306,0.306,16.3398692810458,0,0,FALSE,4.04226041727222
"2382","YGR207C",7,7,0,0,0,1,6,0,6,1,0,"synonymous_variant;missense_variant",NA,NA,"VII",7,786,0.786,8.9058524173028,0,0,FALSE,2.98426748420828
"2383","YGR208W",5,5,0,0,0,1,4,0,4,1,0,"synonymous_variant;missense_variant",NA,NA,"VII",5,930,0.93,5.3763440860215,0,0,FALSE,2.31869447880084
"2384","YGR209C",6,6,0,0,0,1,5,0,5,1,0,"synonymous_variant;missense_variant",NA,NA,"VII",6,315,0.315,19.047619047619,0,0,FALSE,4.36435780471985
"2385","YGR210C",5,5,0,0,0,1,4,0,4,1,0,"synonymous_variant;missense_variant",NA,NA,"VII",5,1236,1.236,4.0453074433657,0,0,FALSE,2.01129496677282
"2386","YGR211W",9,9,0,0,0,1,8,0,8,1,0,"synonymous_variant;missense_variant",NA,NA,"VII",9,1461,1.461,6.16016427104723,0,0,FALSE,2.48196782232309
"2387","YGR212W",18,18,0,0,0,9,9,0,9,9,0,"synonymous_variant;missense_variant",NA,NA,"VII",18,1407,1.407,12.7931769722814,0,0,FALSE,3.576755089782
"2388","YGR213C",20,13,0,7,0,6,7,7,7,6,0,"synonymous_variant;missense_variant;upstream_gene_variant",821,470,"VII",13,954,0.954,13.6268343815514,0.538461538461538,0.513692307692308,FALSE,3.69145423668659
"2389","YGR214W",2,2,0,0,0,0,2,0,2,0,0,"synonymous_variant",NA,NA,"VII",2,1214,1.214,1.64744645799012,0,0,FALSE,1.28352890812405
"2390","YGR216C",9,9,0,0,0,3,6,0,6,3,0,"synonymous_variant;missense_variant",NA,NA,"VII",9,1830,1.83,4.91803278688525,0,0,FALSE,2.21766381286372
"2391","YGR217W",36,36,0,0,0,14,22,0,22,14,0,"synonymous_variant;missense_variant",NA,NA,"VII",36,6120,6.12,5.88235294117647,0,0,FALSE,2.42535625036333
"2392","YGR218W",11,11,0,0,0,0,11,0,11,0,0,"synonymous_variant",NA,NA,"VII",11,3255,3.255,3.37941628264209,0,0,FALSE,1.83831887403739
"2393","YGR219W",4,3,0,1,0,2,1,1,1,2,0,"upstream_gene_variant;missense_variant;synonymous_variant",5,5,"VII",3,NA,NA,NA,0.333333333333333,NA,FALSE,NA
"2394","YGR220C",2,1,0,1,0,0,1,1,1,0,0,"synonymous_variant;upstream_gene_variant",65,65,"VII",1,810,0.81,1.23456790123457,1,0.81,FALSE,1.11111111111111
"2395","YGR221C",23,23,0,0,0,12,11,0,11,12,0,"missense_variant;synonymous_variant",NA,NA,"VII",23,1869,1.869,12.3060460139112,0,0,TRUE,3.50799743641742
"2396","YGR222W",7,7,0,0,0,2,5,0,5,2,0,"missense_variant;synonymous_variant",NA,NA,"VII",7,882,0.882,7.93650793650794,0,0,FALSE,2.81718084909506
"2397","YGR223C",5,5,0,0,0,2,3,0,3,2,0,"synonymous_variant;missense_variant",NA,NA,"VII",5,1347,1.347,3.71195248700817,0,0,FALSE,1.92664280213229
"2398","YGR224W",8,8,0,0,0,4,4,0,4,4,0,"synonymous_variant;missense_variant",NA,NA,"VII",8,1842,1.842,4.34310532030402,0,0,FALSE,2.08401183305278
"2399","YGR225W",10,10,0,0,0,3,7,0,7,3,0,"missense_variant;synonymous_variant",NA,NA,"VII",10,1875,1.875,5.33333333333333,0,0,FALSE,2.3094010767585
"2400","YGR226C",3,0,0,3,0,0,0,3,0,0,0,"upstream_gene_variant",254,243,"VII",0,NA,NA,NA,NA,NA,FALSE,NA
"2401","YGR227W",14,14,0,0,0,3,11,0,11,3,0,"missense_variant;synonymous_variant",NA,NA,"VII",14,1578,1.578,8.87198986058302,0,0,FALSE,2.97858856853091
"2402","YGR228W",3,3,0,0,0,3,0,0,0,3,0,"missense_variant",NA,NA,"VII",3,NA,NA,NA,0,NA,FALSE,NA
"2403","YGR229C",5,5,0,0,0,2,3,0,3,2,0,"missense_variant;synonymous_variant",NA,NA,"VII",5,1518,1.518,3.29380764163373,0,0,FALSE,1.81488502160157
"2404","YGR230W",5,5,0,0,0,2,3,0,3,2,0,"missense_variant;synonymous_variant",NA,NA,"VII",5,414,0.414,12.0772946859903,0,0,FALSE,3.47524023428458
"2405","YGR231C",5,5,0,0,0,0,5,0,5,0,0,"synonymous_variant",NA,NA,"VII",5,933,0.933,5.35905680600214,0,0,FALSE,2.3149636727176
"2406","YGR232W",4,4,0,0,0,2,2,0,2,2,0,"synonymous_variant;missense_variant",NA,NA,"VII",4,687,0.687,5.82241630276565,0,0,FALSE,2.41296835925498
"2407","YGR233C",65,55,0,10,0,14,41,10,41,14,0,"missense_variant;synonymous_variant;upstream_gene_variant",876,306,"VII",55,3537,3.537,15.5499010460843,0.181818181818182,0.643090909090909,FALSE,3.94333628366695
"2408","YGR234W",8,8,0,0,0,4,4,0,4,4,0,"synonymous_variant;missense_variant",NA,NA,"VII",8,1200,1.2,6.66666666666667,0,0,FALSE,2.58198889747161
"2409","YGR235C",9,9,0,0,0,3,5,0,6,3,0,"splice_region_variant&stop_retained_variant;missense_variant;synonymous_variant",NA,NA,"VII",9,702,0.702,12.8205128205128,0,0,FALSE,3.58057437019716
"2410","YGR237C",18,18,0,0,0,10,8,0,8,10,0,"synonymous_variant;missense_variant",NA,NA,"VII",18,2358,2.358,7.63358778625954,0,0,FALSE,2.76289481997769
"2411","YGR238C",21,21,0,0,0,12,9,0,9,12,0,"missense_variant;synonymous_variant",NA,NA,"VII",21,2649,2.649,7.92751981879955,0,0,FALSE,2.81558516454387
"2412","YGR239C",8,8,0,0,0,3,5,0,5,3,0,"synonymous_variant;missense_variant",NA,NA,"VII",8,867,0.867,9.22722029988466,0,0,FALSE,3.03763399702542
"2413","YGR240C",27,27,0,0,0,1,26,0,26,1,0,"synonymous_variant;missense_variant",NA,NA,"VII",27,2964,2.964,9.10931174089069,0,0,FALSE,3.01816363719575
"2414","YGR240C-A",2,2,0,0,0,2,0,0,0,2,0,"missense_variant",NA,NA,"VII",2,201,0.201,9.9502487562189,0,0,FALSE,3.15440148938256
"2415","YGR241C",15,15,0,0,0,7,8,0,8,7,0,"missense_variant;synonymous_variant",NA,NA,"VII",15,1707,1.707,8.78734622144112,0,0,FALSE,2.96434583364376
"2416","YGR243W",1,1,0,0,0,1,0,0,0,1,0,"missense_variant",NA,NA,"VII",1,441,0.441,2.26757369614512,0,0,FALSE,1.50584650484209
"2417","YGR244C",3,3,0,0,0,0,3,0,3,0,0,"synonymous_variant",NA,NA,"VII",3,1284,1.284,2.33644859813084,0,0,FALSE,1.52854460128936
"2418","YGR245C",8,8,0,0,0,1,7,0,7,1,0,"missense_variant;synonymous_variant",NA,NA,"VII",8,2304,2.304,3.47222222222222,0,0,FALSE,1.86338998124982
"2419","YGR246C",21,21,0,0,0,7,14,0,14,7,0,"synonymous_variant;missense_variant",NA,NA,"VII",21,1791,1.791,11.7252931323283,0,0,FALSE,3.42422153668952
"2420","YGR247W",8,8,0,0,0,3,5,0,5,3,0,"synonymous_variant;missense_variant",NA,NA,"VII",8,720,0.72,11.1111111111111,0,0,FALSE,3.33333333333333
"2421","YGR248W",8,8,0,0,0,2,6,0,6,2,0,"missense_variant;synonymous_variant",NA,NA,"VII",8,768,0.768,10.4166666666667,0,0,FALSE,3.22748612183951
"2422","YGR249W",31,31,0,0,0,11,19,0,19,11,1,"missense_variant;synonymous_variant;stop_gained",NA,NA,"VII",31,1371,1.371,22.6112326768782,0,0,FALSE,4.75512698851231
"2423","YGR250C",34,21,0,13,0,3,18,13,18,3,0,"missense_variant;synonymous_variant;upstream_gene_variant",999,18,"VII",21,2346,2.346,8.95140664961637,0.619047619047619,1.45228571428571,FALSE,2.99189014664917
"2424","YGR251W",3,3,0,0,0,1,2,0,2,1,0,"synonymous_variant;missense_variant",NA,NA,"VII",3,591,0.591,5.0761421319797,0,0,FALSE,2.25302954529666
"2425","YGR252W",4,4,0,0,0,0,4,0,4,0,0,"synonymous_variant",NA,NA,"VII",4,1320,1.32,3.03030303030303,0,0,FALSE,1.74077655955698
"2426","YGR253C",21,3,0,18,0,0,3,18,3,0,0,"synonymous_variant;upstream_gene_variant",597,17,"VII",3,783,0.783,3.83141762452107,6,4.698,FALSE,1.95740073171568
"2427","YGR254W",3,3,0,0,0,1,2,0,2,1,0,"synonymous_variant;missense_variant",NA,NA,"VII",3,1314,1.314,2.28310502283105,0,0,FALSE,1.51099471303875
"2428","YGR255C",17,10,0,7,0,2,8,7,8,2,0,"synonymous_variant;missense_variant;upstream_gene_variant",637,197,"VII",10,1440,1.44,6.94444444444444,0.7,1.008,FALSE,2.63523138347365
"2429","YGR256W",17,17,0,0,0,3,13,0,13,3,1,"synonymous_variant;missense_variant;stop_gained",NA,NA,"VII",17,1479,1.479,11.4942528735632,0,0,FALSE,3.39031751810405
"2430","YGR257C",11,11,0,0,0,1,10,0,10,1,0,"synonymous_variant;missense_variant",NA,NA,"VII",11,1101,1.101,9.99091734786558,0,0,FALSE,3.1608412405348
"2431","YGR258C",35,35,0,0,0,10,25,0,25,10,0,"synonymous_variant;missense_variant",NA,NA,"VII",35,3096,3.096,11.3049095607235,0,0,FALSE,3.36227743660804
"2432","YGR259C",4,4,0,0,0,3,1,0,1,3,0,"missense_variant;synonymous_variant",NA,NA,"VII",4,NA,NA,NA,0,NA,FALSE,NA
"2433","YGR260W",7,7,0,0,0,3,4,0,4,3,0,"missense_variant;synonymous_variant",NA,NA,"VII",7,1605,1.605,4.3613707165109,0,0,FALSE,2.08838950306472
"2434","YGR261C",16,16,0,0,0,5,11,0,11,5,0,"synonymous_variant;missense_variant",NA,NA,"VII",16,2430,2.43,6.5843621399177,0,0,FALSE,2.56600119639834
"2435","YGR262C",1,1,0,0,0,0,1,0,1,0,0,"synonymous_variant",NA,NA,"VII",1,786,0.786,1.27226463104326,0,0,FALSE,1.12794708698735
"2436","YGR263C",5,5,0,0,0,3,2,0,2,3,0,"synonymous_variant;missense_variant",NA,NA,"VII",5,1275,1.275,3.92156862745098,0,0,FALSE,1.98029508595335
"2437","YGR264C",10,10,0,0,0,4,6,0,6,4,0,"missense_variant;synonymous_variant",NA,NA,"VII",10,2256,2.256,4.43262411347518,0,0,FALSE,2.1053798026663
"2438","YGR265W",3,3,0,0,0,2,1,0,1,2,0,"missense_variant;synonymous_variant",NA,NA,"VII",3,NA,NA,NA,0,NA,FALSE,NA
"2439","YGR266W",17,17,0,0,0,9,8,0,8,9,0,"missense_variant;synonymous_variant",NA,NA,"VII",17,2106,2.106,8.07217473884141,0,0,FALSE,2.84115728864866
"2440","YGR267C",4,4,0,0,0,0,4,0,4,0,0,"synonymous_variant",NA,NA,"VII",4,732,0.732,5.46448087431694,0,0,FALSE,2.33762291106092
"2441","YGR268C",1,1,0,0,0,0,1,0,1,0,0,"synonymous_variant",NA,NA,"VII",1,597,0.597,1.6750418760469,0,0,FALSE,1.2942340885817
"2442","YGR269W",1,1,0,0,0,1,0,0,0,1,0,"missense_variant",NA,NA,"VII",1,NA,NA,NA,0,NA,FALSE,NA
"2443","YGR270W",30,30,0,0,0,14,16,0,16,14,0,"missense_variant;synonymous_variant",NA,NA,"VII",30,4140,4.14,7.2463768115942,0,0,FALSE,2.69190951029083
"2444","YGR271C-A",6,0,0,6,0,0,0,6,0,0,0,"upstream_gene_variant",969,188,"VII",0,702,0.702,0,NA,NA,FALSE,0
"2445","YGR271W",25,24,0,0,1,9,15,1,15,9,0,"synonymous_variant;missense_variant;downstream_gene_variant",NA,NA,"VII",24,5904,5.904,4.0650406504065,0,0,FALSE,2.01619459636378
"2446","YGR274C",21,21,0,0,0,6,15,0,15,6,0,"synonymous_variant;missense_variant",NA,NA,"VII",21,3201,3.201,6.56044985941893,0,0,FALSE,2.56133751376482
"2447","YGR275W",3,3,0,0,0,2,1,0,1,2,0,"missense_variant;synonymous_variant",NA,NA,"VII",3,474,0.474,6.32911392405063,0,0,FALSE,2.51577302713314
"2448","YGR276C",17,17,0,0,0,4,13,0,13,4,0,"missense_variant;synonymous_variant",NA,NA,"VII",17,1662,1.662,10.2286401925391,0,0,FALSE,3.19822453754253
"2449","YGR277C",4,4,0,0,0,2,2,0,2,2,0,"missense_variant;synonymous_variant",NA,NA,"VII",4,918,0.918,4.35729847494553,0,0,FALSE,2.08741430361717
"2450","YGR278W",6,6,0,0,0,2,4,0,4,2,0,"missense_variant;synonymous_variant",NA,NA,"VII",6,1734,1.734,3.46020761245675,0,0,FALSE,1.86016332951081
"2451","YGR279C",6,6,0,0,0,3,3,0,3,3,0,"missense_variant;synonymous_variant",NA,NA,"VII",6,1161,1.161,5.16795865633075,0,0,FALSE,2.27331446490158
"2452","YGR280C",3,3,0,0,0,1,2,0,2,1,0,"missense_variant;synonymous_variant",NA,NA,"VII",3,816,0.816,3.67647058823529,0,0,FALSE,1.91741247211843
"2453","YGR281W",22,16,0,0,6,2,14,6,14,2,0,"synonymous_variant;missense_variant;downstream_gene_variant",NA,NA,"VII",16,4434,4.434,3.6084799278304,0,0,FALSE,1.89959993888987
"2454","YGR282C",8,4,0,4,0,0,4,4,4,0,0,"synonymous_variant;upstream_gene_variant",239,177,"VII",4,942,0.942,4.24628450106157,1,0.942,FALSE,2.06065147491311
"2455","YGR283C",12,12,0,0,0,6,6,0,6,6,0,"missense_variant;synonymous_variant",NA,NA,"VII",12,1026,1.026,11.6959064327485,0,0,FALSE,3.41992784028385
"2456","YGR284C",3,3,0,0,0,1,2,0,2,1,0,"synonymous_variant;missense_variant",NA,NA,"VII",3,933,0.933,3.21543408360129,0,0,FALSE,1.79316315030208
"2457","YGR285C",8,8,0,0,0,1,7,0,7,1,0,"missense_variant;synonymous_variant",NA,NA,"VII",8,1302,1.302,6.14439324116743,0,0,FALSE,2.47878866407918
"2458","YGR286C",2,2,0,0,0,1,1,0,1,1,0,"synonymous_variant;missense_variant",NA,NA,"VII",2,1128,1.128,1.77304964539007,0,0,FALSE,1.33155910322827
"2459","YGR287C",70,70,0,0,0,18,52,0,52,18,0,"synonymous_variant;missense_variant",NA,NA,"VII",70,1770,1.77,39.5480225988701,0,0,FALSE,6.28872185733079
"2460","YGR288W",9,9,0,0,0,2,7,0,7,2,0,"synonymous_variant;missense_variant",NA,NA,"VII",9,1422,1.422,6.32911392405063,0,0,FALSE,2.51577302713314
"2461","YGR289C",31,28,0,3,0,22,6,3,6,22,0,"missense_variant;synonymous_variant;upstream_gene_variant",450,151,"VII",28,1851,1.851,15.1269584008644,0.107142857142857,0.198321428571429,FALSE,3.88933906992749
"2462","YGR290W",1,1,0,0,0,0,0,0,0,0,1,"stop_gained",NA,NA,"VII",1,NA,NA,NA,0,NA,FALSE,NA
"2463","YGR291C",2,2,0,0,0,2,0,0,0,2,0,"missense_variant",NA,NA,"VII",2,NA,NA,NA,0,NA,FALSE,NA
"2464","YGR293C",1,1,0,0,0,1,0,0,0,1,0,"missense_variant",NA,NA,"VII",1,NA,NA,NA,0,NA,FALSE,NA
"2465","YGR295C",30,30,0,0,0,17,13,0,13,17,0,"synonymous_variant;missense_variant",NA,NA,"VII",30,1146,1.146,26.1780104712042,0,0,FALSE,5.11644510096651
"2466","YHL002C-A",1,1,0,0,0,0,1,0,1,0,0,"synonymous_variant",NA,NA,"VIII",1,NA,NA,NA,0,NA,FALSE,NA
"2467","YHL002W",1,1,0,0,0,1,0,0,0,1,0,"missense_variant",NA,NA,"VIII",1,1359,1.359,0.735835172921266,0,0,FALSE,0.857808354424965
"2468","YHL003C",2,2,0,0,0,1,1,0,1,1,0,"synonymous_variant;missense_variant",NA,NA,"VIII",2,1236,1.236,1.61812297734628,0,0,FALSE,1.27205462828696
"2469","YHL005C",3,3,0,0,0,1,2,0,2,1,0,"missense_variant;synonymous_variant",NA,NA,"VIII",3,393,0.393,7.63358778625954,0,0,FALSE,2.76289481997769
"2470","YHL006C",5,5,0,0,0,1,4,0,4,1,0,"synonymous_variant;missense_variant",NA,NA,"VIII",5,453,0.453,11.037527593819,0,0,FALSE,3.32227747092548
"2471","YHL007C",7,7,0,0,0,3,4,0,4,3,0,"synonymous_variant;missense_variant",NA,NA,"VIII",7,2820,2.82,2.4822695035461,0,0,FALSE,1.5755219781222
"2472","YHL008C",85,85,0,0,0,33,52,0,52,33,0,"missense_variant;synonymous_variant",NA,NA,"VIII",85,1884,1.884,45.1167728237792,0,0,FALSE,6.71690202576896
"2473","YHL009C",12,12,0,0,0,8,4,0,4,8,0,"missense_variant;synonymous_variant",NA,NA,"VIII",12,993,0.993,12.0845921450151,0,0,FALSE,3.47628999725499
"2474","YHL009W-B",8,0,0,0,8,0,0,8,0,0,0,"downstream_gene_variant",NA,NA,"VIII",0,5410,5.41,0,NA,NA,FALSE,0
"2475","YHL010C",3,3,0,0,0,1,2,0,2,1,0,"synonymous_variant;missense_variant",NA,NA,"VIII",3,1758,1.758,1.70648464163823,0,0,FALSE,1.30632486068291
"2476","YHL012W",8,8,0,0,0,3,5,0,5,3,0,"synonymous_variant;missense_variant",NA,NA,"VIII",8,1482,1.482,5.39811066126856,0,0,FALSE,2.32338345119108
"2477","YHL014C",11,11,0,0,0,2,9,0,9,2,0,"synonymous_variant;missense_variant",NA,NA,"VIII",11,1218,1.218,9.0311986863711,0,0,FALSE,3.00519528256836
"2478","YHL015W",2,2,0,0,0,0,2,0,2,0,0,"synonymous_variant",NA,NA,"VIII",2,366,0.366,5.46448087431694,0,0,FALSE,2.33762291106092
"2479","YHL015W-A",6,6,0,0,0,4,2,0,2,4,0,"missense_variant;synonymous_variant",NA,NA,"VIII",6,84,0.084,71.4285714285714,0,0,FALSE,8.45154254728517
"2480","YHL016C",45,28,0,17,0,3,25,17,25,3,0,"synonymous_variant;missense_variant;upstream_gene_variant",903,329,"VIII",28,2208,2.208,12.6811594202899,0.607142857142857,1.34057142857143,FALSE,3.5610615580596
"2481","YHL017W",6,6,0,0,0,1,5,0,5,1,0,"synonymous_variant;missense_variant",NA,NA,"VIII",6,1599,1.599,3.75234521575985,0,0,FALSE,1.93709711056515
"2482","YHL018W",1,1,0,0,0,0,1,0,1,0,0,"synonymous_variant",NA,NA,"VIII",1,363,0.363,2.75482093663912,0,0,FALSE,1.65976532577323
"2483","YHL019C",4,4,0,0,0,1,3,0,3,1,0,"synonymous_variant;missense_variant",NA,NA,"VIII",4,1818,1.818,2.2002200220022,0,0,FALSE,1.48331386496662
"2484","YHL019W-A",2,2,0,0,0,0,2,0,2,0,0,"synonymous_variant",NA,NA,"VIII",2,NA,NA,NA,0,NA,FALSE,NA
"2485","YHL020C",5,5,0,0,0,1,4,0,4,1,0,"missense_variant;synonymous_variant",NA,NA,"VIII",5,1215,1.215,4.11522633744856,0,0,TRUE,2.02860206483395
"2486","YHL021C",7,7,0,0,0,1,6,0,6,1,0,"synonymous_variant;missense_variant",NA,NA,"VIII",7,1398,1.398,5.0071530758226,0,0,FALSE,2.23766688222859
"2487","YHL022C",13,13,0,0,0,7,6,0,6,7,0,"missense_variant;synonymous_variant",NA,NA,"VIII",13,1197,1.197,10.8604845446951,0,0,FALSE,3.29552492703288
"2488","YHL023C",25,21,0,4,0,7,14,4,14,7,0,"synonymous_variant;missense_variant;upstream_gene_variant",302,24,"VIII",21,3441,3.441,6.10287707061901,0.19047619047619,0.655428571428571,FALSE,2.47040018430598
"2489","YHL024W",20,20,0,0,0,8,12,0,12,8,0,"synonymous_variant;missense_variant",NA,NA,"VIII",20,2142,2.142,9.33706816059757,0,0,FALSE,3.0556616567607
"2490","YHL025W",6,6,0,0,0,2,4,0,4,2,0,"synonymous_variant;missense_variant",NA,NA,"VIII",6,999,0.999,6.00600600600601,0,0,FALSE,2.45071540697936
"2491","YHL026C",13,9,0,4,0,3,6,4,6,3,0,"synonymous_variant;missense_variant;upstream_gene_variant",305,79,"VIII",9,948,0.948,9.49367088607595,0.444444444444444,0.421333333333333,FALSE,3.0811801125666
"2492","YHL027W",19,19,0,0,0,12,7,0,7,12,0,"missense_variant;synonymous_variant",NA,NA,"VIII",19,1878,1.878,10.1171458998935,0,0,FALSE,3.18074612314367
"2493","YHL028W",22,22,0,0,0,11,11,0,11,11,0,"synonymous_variant;missense_variant",NA,NA,"VIII",22,1818,1.818,12.1012101210121,0,0,TRUE,3.47867936450201
"2494","YHL029C",18,10,0,8,0,1,9,8,9,1,0,"synonymous_variant;missense_variant;upstream_gene_variant",683,120,"VIII",10,2040,2.04,4.90196078431373,0.8,1.632,FALSE,2.21403721385024
"2495","YHL030W",58,58,0,0,0,17,41,0,41,17,0,"synonymous_variant;missense_variant",NA,NA,"VIII",58,5607,5.607,10.3442125914036,0,0,FALSE,3.21624199826499
"2496","YHL030W-A",1,1,0,0,0,1,0,0,0,1,0,"missense_variant",NA,NA,"VIII",1,NA,NA,NA,0,NA,FALSE,NA
"2497","YHL031C",3,3,0,0,0,1,2,0,2,1,0,"synonymous_variant;missense_variant",NA,NA,"VIII",3,672,0.672,4.46428571428571,0,0,FALSE,2.11288563682129
"2498","YHL032C",20,20,0,0,0,5,15,0,15,5,0,"missense_variant;synonymous_variant",NA,NA,"VIII",20,2130,2.13,9.38967136150235,0,0,FALSE,3.06425706517948
"2499","YHL033C",6,6,0,0,0,2,4,0,4,2,0,"missense_variant;synonymous_variant",NA,NA,"VIII",6,771,0.771,7.78210116731517,0,0,FALSE,2.78964176325835
"2500","YHL034C",2,2,0,0,0,1,1,0,1,1,0,"synonymous_variant;missense_variant",NA,NA,"VIII",2,885,0.885,2.25988700564972,0,0,FALSE,1.50329205600566
"2501","YHL034W-A",2,2,0,0,0,0,2,0,2,0,0,"synonymous_variant",NA,NA,"VIII",2,NA,NA,NA,0,NA,FALSE,NA
"2502","YHL035C",44,37,0,7,0,21,15,7,15,21,1,"missense_variant;synonymous_variant;stop_gained;upstream_gene_variant",411,27,"VIII",37,4779,4.779,7.74220548231848,0.189189189189189,0.904135135135135,FALSE,2.78248189254099
"2503","YHL036W",7,7,0,0,0,0,7,0,7,0,0,"synonymous_variant",NA,NA,"VIII",7,1641,1.641,4.26569165143205,0,0,FALSE,2.06535509088197
"2504","YHL037C",7,7,0,0,0,3,2,0,2,3,2,"missense_variant;synonymous_variant;start_lost",NA,NA,"VIII",7,402,0.402,17.4129353233831,0,0,FALSE,4.172880938079
"2505","YHL038C",19,17,0,2,0,5,12,2,12,5,0,"synonymous_variant;missense_variant;upstream_gene_variant",675,674,"VIII",17,1893,1.893,8.98045430533545,0.117647058823529,0.222705882352941,FALSE,2.99674061362265
"2506","YHL039W",17,17,0,0,0,10,7,0,7,10,0,"missense_variant;synonymous_variant",NA,NA,"VIII",17,1758,1.758,9.67007963594994,0,0,FALSE,3.1096751656644
"2507","YHL040C",30,20,0,10,0,4,16,10,16,4,0,"synonymous_variant;missense_variant;upstream_gene_variant",756,22,"VIII",20,1884,1.884,10.6157112526539,0.5,0.942,FALSE,3.25817606225537
"2508","YHL041W",4,3,0,1,0,3,0,1,0,3,0,"upstream_gene_variant;missense_variant",33,33,"VIII",3,450,0.45,6.66666666666667,0.333333333333333,0.15,FALSE,2.58198889747161
"2509","YHL042W",3,3,0,0,0,1,2,0,2,1,0,"synonymous_variant;missense_variant",NA,NA,"VIII",3,453,0.453,6.62251655629139,0,0,FALSE,2.57342506327489
"2510","YHL043W",8,8,0,0,0,4,3,0,3,4,1,"missense_variant;stop_gained;synonymous_variant",NA,NA,"VIII",8,513,0.513,15.5945419103314,0,0,FALSE,3.94899251839395
"2511","YHL044W",14,14,0,0,0,10,4,0,4,10,0,"missense_variant;synonymous_variant",NA,NA,"VIII",14,708,0.708,19.774011299435,0,0,FALSE,4.44679787031466
"2512","YHL045W",17,17,0,0,0,14,3,0,3,14,0,"missense_variant;synonymous_variant",NA,NA,"VIII",17,348,0.348,48.8505747126437,0,0,FALSE,6.98931861576246
"2513","YHL046C",3,3,0,0,0,2,1,0,1,2,0,"missense_variant;synonymous_variant",NA,NA,"VIII",3,363,0.363,8.26446280991736,0,0,FALSE,2.87479787288034
"2514","YHL046W-A",3,3,0,0,0,3,0,0,0,3,0,"missense_variant",NA,NA,"VIII",3,NA,NA,NA,0,NA,FALSE,NA
"2515","YHL047C",24,23,0,1,0,5,18,1,18,5,0,"synonymous_variant;missense_variant;upstream_gene_variant",869,869,"VIII",23,1863,1.863,12.3456790123457,0.0434782608695652,0.081,FALSE,3.51364184463153
"2516","YHL048C-A",11,11,0,0,0,8,3,0,3,8,0,"missense_variant;synonymous_variant",NA,NA,"VIII",11,135,0.135,81.4814814814815,0,0,FALSE,9.0267093384844
"2517","YHL048W",69,69,0,0,0,45,22,0,22,45,2,"missense_variant;synonymous_variant;stop_gained",NA,NA,"VIII",69,1146,1.146,60.2094240837696,0,0,FALSE,7.75947318339136
"2518","YHR001W",8,8,0,0,0,2,6,0,6,2,0,"synonymous_variant;missense_variant",NA,NA,"VIII",8,1314,1.314,6.0882800608828,0,0,FALSE,2.46744403399202
"2519","YHR001W-A",1,1,0,0,0,0,1,0,1,0,0,"synonymous_variant",NA,NA,"VIII",1,297,0.297,3.36700336700337,0,0,FALSE,1.83493960854393
"2520","YHR002W",3,1,0,2,0,1,0,2,0,1,0,"upstream_gene_variant;missense_variant",244,77,"VIII",1,1074,1.074,0.931098696461825,2,2.148,FALSE,0.964934555533081
"2521","YHR003C",6,2,0,4,0,1,1,4,1,1,0,"missense_variant;synonymous_variant;upstream_gene_variant",378,147,"VIII",2,1290,1.29,1.55038759689922,2,2.58,FALSE,1.24514561272938
"2522","YHR004C",6,6,0,0,0,4,2,0,2,4,0,"missense_variant;synonymous_variant",NA,NA,"VIII",6,1341,1.341,4.47427293064877,0,0,FALSE,2.11524772323451
"2523","YHR005C",7,7,0,0,0,4,3,0,3,4,0,"missense_variant;synonymous_variant",NA,NA,"VIII",7,1419,1.419,4.93305144467935,0,0,FALSE,2.22104737560444
"2524","YHR006W",9,9,0,0,0,4,5,0,5,4,0,"synonymous_variant;missense_variant",NA,NA,"VIII",9,1626,1.626,5.53505535055351,0,0,FALSE,2.3526698345823
"2525","YHR007C",10,7,0,3,0,2,5,3,5,2,0,"synonymous_variant;missense_variant;upstream_gene_variant",692,564,"VIII",7,1593,1.593,4.39422473320778,0.428571428571429,0.682714285714286,FALSE,2.09624061911026
"2526","YHR007C-A",2,2,0,0,0,0,2,0,2,0,0,"synonymous_variant",NA,NA,"VIII",2,216,0.216,9.25925925925926,0,0,FALSE,3.04290309725092
"2527","YHR008C",3,3,0,0,0,0,3,0,3,0,0,"synonymous_variant",NA,NA,"VIII",3,702,0.702,4.27350427350427,0,0,FALSE,2.06724557648681
"2528","YHR009C",14,14,0,0,0,3,11,0,11,3,0,"synonymous_variant;missense_variant",NA,NA,"VIII",14,1572,1.572,8.9058524173028,0,0,FALSE,2.98426748420828
"2529","YHR011W",3,3,0,0,0,1,2,0,2,1,0,"missense_variant;synonymous_variant",NA,NA,"VIII",3,1341,1.341,2.23713646532438,0,0,TRUE,1.49570600898853
"2530","YHR012W",4,4,0,0,0,0,4,0,4,0,0,"synonymous_variant",NA,NA,"VIII",4,968,0.968,4.13223140495868,0,0,FALSE,2.03278907045435
"2531","YHR013C",5,2,0,3,0,0,2,3,2,0,0,"synonymous_variant;upstream_gene_variant",481,59,"VIII",2,717,0.717,2.78940027894003,1.5,1.0755,FALSE,1.67014977739723
"2532","YHR014W",3,3,0,0,0,2,1,0,1,2,0,"missense_variant;synonymous_variant",NA,NA,"VIII",3,876,0.876,3.42465753424658,0,0,FALSE,1.85058302549401
"2533","YHR015W",15,15,0,0,0,5,10,0,10,5,0,"synonymous_variant;missense_variant",NA,NA,"VIII",15,1980,1.98,7.57575757575758,0,0,FALSE,2.7524094128159
"2534","YHR016C",6,3,0,3,0,3,0,3,0,3,0,"missense_variant;upstream_gene_variant",132,47,"VIII",3,1575,1.575,1.9047619047619,1,1.575,FALSE,1.38013111868471
"2535","YHR017W",21,17,0,4,0,6,11,4,11,6,0,"upstream_gene_variant;missense_variant;synonymous_variant",390,319,"VIII",17,1158,1.158,14.6804835924007,0.235294117647059,0.272470588235294,FALSE,3.83151191990847
"2536","YHR018C",9,9,0,0,0,0,9,0,9,0,0,"synonymous_variant",NA,NA,"VIII",9,1392,1.392,6.46551724137931,0,0,FALSE,2.54273813857804
"2537","YHR019C",6,6,0,0,0,1,5,0,5,1,0,"synonymous_variant;missense_variant",NA,NA,"VIII",6,1665,1.665,3.6036036036036,0,0,FALSE,1.898315991505
"2538","YHR020W",19,19,0,0,0,1,18,0,18,1,0,"synonymous_variant;missense_variant",NA,NA,"VIII",19,2067,2.067,9.19206579583938,0,0,FALSE,3.03184198068425
"2539","YHR021W-A",19,19,0,0,0,14,4,0,4,14,1,"synonymous_variant;missense_variant;stop_gained",NA,NA,"VIII",19,456,0.456,41.6666666666667,0,0,FALSE,6.45497224367903
"2540","YHR022C",13,13,0,0,0,7,5,0,5,7,1,"stop_lost&splice_region_variant;synonymous_variant;missense_variant",NA,NA,"VIII",13,771,0.771,16.8612191958495,0,0,FALSE,4.10624149263649
"2541","YHR023W",55,55,0,0,0,22,33,0,33,22,0,"missense_variant;synonymous_variant",NA,NA,"VIII",55,5787,5.787,9.50406082598929,0,0,FALSE,3.0828656840656
"2542","YHR024C",11,10,0,1,0,1,9,1,9,1,0,"synonymous_variant;missense_variant;upstream_gene_variant",214,214,"VIII",10,1449,1.449,6.90131124913734,0.1,0.1449,FALSE,2.62703468746367
"2543","YHR025W",4,4,0,0,0,0,4,0,4,0,0,"synonymous_variant",NA,NA,"VIII",4,1074,1.074,3.7243947858473,0,0,FALSE,1.92986911106616
"2544","YHR026W",1,1,0,0,0,0,1,0,1,0,0,"synonymous_variant",NA,NA,"VIII",1,642,0.642,1.55763239875389,0,0,FALSE,1.24805144074829
"2545","YHR027C",15,10,0,5,0,4,6,5,6,4,0,"synonymous_variant;missense_variant;upstream_gene_variant",180,152,"VIII",10,2982,2.982,3.35345405767941,0.5,1.491,FALSE,1.83124385532878
"2546","YHR028C",23,23,0,0,0,7,16,0,16,7,0,"synonymous_variant;missense_variant",NA,NA,"VIII",23,2457,2.457,9.36100936100936,0,0,FALSE,3.05957666369211
"2547","YHR028W-A",11,11,0,0,0,7,2,0,2,7,2,"stop_gained;missense_variant;synonymous_variant",NA,NA,"VIII",11,NA,NA,NA,0,NA,FALSE,NA
"2548","YHR029C",7,7,0,0,0,1,6,0,6,1,0,"synonymous_variant;missense_variant",NA,NA,"VIII",7,885,0.885,7.90960451977401,0,0,FALSE,2.81240191291608
"2549","YHR030C",4,4,0,0,0,0,4,0,4,0,0,"synonymous_variant",NA,NA,"VIII",4,1455,1.455,2.74914089347079,0,0,FALSE,1.65805334457936
"2550","YHR031C",11,11,0,0,0,4,7,0,7,4,0,"missense_variant;synonymous_variant",NA,NA,"VIII",11,2172,2.172,5.06445672191528,0,0,FALSE,2.25043478508383
"2551","YHR032W",5,5,0,0,0,1,4,0,4,1,0,"synonymous_variant;missense_variant",NA,NA,"VIII",5,1746,1.746,2.86368843069874,0,0,FALSE,1.69224360855603
"2552","YHR032W-A",3,3,0,0,0,1,1,0,1,1,1,"start_lost;missense_variant;synonymous_variant",NA,NA,"VIII",3,NA,NA,NA,0,NA,FALSE,NA
"2553","YHR033W",6,6,0,0,0,2,4,0,4,2,0,"missense_variant;synonymous_variant",NA,NA,"VIII",6,1272,1.272,4.71698113207547,0,0,FALSE,2.17186121381535
"2554","YHR034C",7,7,0,0,0,3,4,0,4,3,0,"synonymous_variant;missense_variant",NA,NA,"VIII",7,1035,1.035,6.76328502415459,0,0,FALSE,2.60063165868498
"2555","YHR035W",19,19,0,0,0,7,12,0,12,7,0,"synonymous_variant;missense_variant",NA,NA,"VIII",19,1893,1.893,10.0369783412573,0,0,FALSE,3.16811905414826
"2556","YHR036W",10,10,0,0,0,5,5,0,5,5,0,"missense_variant;synonymous_variant",NA,NA,"VIII",10,1416,1.416,7.06214689265537,0,0,FALSE,2.65747001726367
"2557","YHR037W",10,10,0,0,0,2,8,0,8,2,0,"synonymous_variant;missense_variant",NA,NA,"VIII",10,1728,1.728,5.78703703703704,0,0,FALSE,2.40562612162344
"2558","YHR038W",13,8,0,5,0,3,5,5,5,3,0,"upstream_gene_variant;synonymous_variant;missense_variant",345,93,"VIII",8,693,0.693,11.5440115440115,0.625,0.433125,FALSE,3.3976479429175
"2559","YHR039C",13,11,0,2,0,0,11,2,11,0,0,"synonymous_variant;upstream_gene_variant",718,67,"VIII",11,1935,1.935,5.68475452196382,0.181818181818182,0.351818181818182,FALSE,2.38427232546197
"2560","YHR040W",8,8,0,0,0,4,4,0,4,4,0,"synonymous_variant;missense_variant",NA,NA,"VIII",8,1101,1.101,7.2661217075386,0,0,FALSE,2.6955744670735
"2561","YHR041C",5,5,0,0,0,3,2,0,2,3,0,"missense_variant;synonymous_variant",NA,NA,"VIII",5,734,0.734,6.81198910081744,0,0,FALSE,2.6099787548594
"2562","YHR042W",7,7,0,0,0,2,5,0,5,2,0,"synonymous_variant;missense_variant",NA,NA,"VIII",7,2076,2.076,3.3718689788054,0,0,FALSE,1.83626495332384
"2563","YHR043C",9,9,0,0,0,0,9,0,9,0,0,"synonymous_variant",NA,NA,"VIII",9,741,0.741,12.1457489878543,0,0,FALSE,3.48507517678661
"2564","YHR044C",15,15,0,0,0,2,13,0,13,2,0,"synonymous_variant;missense_variant",NA,NA,"VIII",15,741,0.741,20.2429149797571,0,0,FALSE,4.49921270665848
"2565","YHR045W",22,22,0,0,0,4,18,0,18,4,0,"synonymous_variant;missense_variant",NA,NA,"VIII",22,1683,1.683,13.0718954248366,0,0,FALSE,3.61550763031094
"2566","YHR046C",5,5,0,0,0,1,4,0,4,1,0,"synonymous_variant;missense_variant",NA,NA,"VIII",5,888,0.888,5.63063063063063,0,0,FALSE,2.37289498938125
"2567","YHR047C",20,20,0,0,0,7,13,0,13,7,0,"missense_variant;synonymous_variant",NA,NA,"VIII",20,2571,2.571,7.77907429015947,0,0,FALSE,2.78909918973124
"2568","YHR048W",16,16,0,0,0,5,11,0,11,5,0,"synonymous_variant;missense_variant",NA,NA,"VIII",16,1545,1.545,10.3559870550162,0,0,FALSE,3.21807194683652
"2569","YHR049C-A",3,1,0,2,0,0,1,2,1,0,0,"synonymous_variant;upstream_gene_variant",112,94,"VIII",1,NA,NA,NA,2,NA,FALSE,NA
"2570","YHR049W",4,2,0,2,0,1,1,2,1,1,0,"upstream_gene_variant;missense_variant;synonymous_variant",23,2,"VIII",2,732,0.732,2.73224043715847,1,0.732,FALSE,1.65294901226822
"2571","YHR050W",14,14,0,0,0,5,9,0,9,5,0,"synonymous_variant;missense_variant",NA,NA,"VIII",14,1650,1.65,8.48484848484848,0,0,FALSE,2.91287632501768
"2572","YHR050W-A",1,1,0,0,0,0,1,0,1,0,0,"synonymous_variant",NA,NA,"VIII",1,171,0.171,5.84795321637427,0,0,FALSE,2.41825416703337
"2573","YHR051W",2,2,0,0,0,2,0,0,0,2,0,"missense_variant",NA,NA,"VIII",2,447,0.447,4.47427293064877,0,0,FALSE,2.11524772323451
"2574","YHR052W",7,7,0,0,0,2,5,0,5,2,0,"missense_variant;synonymous_variant",NA,NA,"VIII",7,1131,1.131,6.18921308576481,0,0,FALSE,2.48781291213082
"2575","YHR056C",15,15,0,0,0,7,8,0,8,7,0,"missense_variant;synonymous_variant",NA,NA,"VIII",15,2652,2.652,5.65610859728507,0,0,FALSE,2.37825747077247
"2576","YHR056W-A",3,3,0,0,0,3,0,0,0,3,0,"missense_variant",NA,NA,"VIII",3,NA,NA,NA,0,NA,FALSE,NA
"2577","YHR058C",6,6,0,0,0,4,2,0,2,4,0,"synonymous_variant;missense_variant",NA,NA,"VIII",6,888,0.888,6.75675675675676,0,0,FALSE,2.59937622455018
"2578","YHR059W",3,3,0,0,0,1,2,0,2,1,0,"synonymous_variant;missense_variant",NA,NA,"VIII",3,393,0.393,7.63358778625954,0,0,FALSE,2.76289481997769
"2579","YHR060W",5,5,0,0,0,0,5,0,5,0,0,"synonymous_variant",NA,NA,"VIII",5,546,0.546,9.15750915750916,0,0,FALSE,3.02613766334401
"2580","YHR061C",5,5,0,0,0,2,3,0,3,2,0,"synonymous_variant;missense_variant",NA,NA,"VIII",5,945,0.945,5.29100529100529,0,0,FALSE,2.30021853114118
"2581","YHR062C",7,7,0,0,0,1,6,0,6,1,0,"missense_variant;synonymous_variant",NA,NA,"VIII",7,882,0.882,7.93650793650794,0,0,FALSE,2.81718084909506
"2582","YHR063C",2,2,0,0,0,0,2,0,2,0,0,"synonymous_variant",NA,NA,"VIII",2,1140,1.14,1.75438596491228,0,0,FALSE,1.32453235706504
"2583","YHR063W-A",2,2,0,0,0,2,0,0,0,2,0,"missense_variant",NA,NA,"VIII",2,NA,NA,NA,0,NA,FALSE,NA
"2584","YHR064C",8,8,0,0,0,2,6,0,6,2,0,"synonymous_variant;missense_variant",NA,NA,"VIII",8,1617,1.617,4.94743351886209,0,0,FALSE,2.22428269760435
"2585","YHR065C",19,19,0,0,0,7,12,0,12,7,0,"synonymous_variant;missense_variant",NA,NA,"VIII",19,1506,1.506,12.6162018592297,0,0,FALSE,3.55192931506664
"2586","YHR066W",14,14,0,0,0,2,12,0,12,2,0,"synonymous_variant;missense_variant",NA,NA,"VIII",14,1362,1.362,10.2790014684288,0,0,FALSE,3.20608818787456
"2587","YHR067W",9,9,0,0,0,2,7,0,7,2,0,"missense_variant;synonymous_variant",NA,NA,"VIII",9,843,0.843,10.6761565836299,0,0,FALSE,3.26743884160513
"2588","YHR068W",6,6,0,0,0,0,6,0,6,0,0,"synonymous_variant",NA,NA,"VIII",6,1164,1.164,5.15463917525773,0,0,FALSE,2.2703830459325
"2589","YHR069C",7,6,0,1,0,3,3,1,3,3,0,"synonymous_variant;missense_variant;upstream_gene_variant",29,29,"VIII",6,1080,1.08,5.55555555555556,0.166666666666667,0.18,FALSE,2.35702260395516
"2590","YHR069C-A",10,10,0,0,0,3,6,0,6,3,1,"stop_gained;missense_variant;synonymous_variant",NA,NA,"VIII",10,NA,NA,NA,0,NA,FALSE,NA
"2591","YHR070C-A",4,4,0,0,0,4,0,0,0,4,0,"missense_variant",NA,NA,"VIII",4,NA,NA,NA,0,NA,FALSE,NA
"2592","YHR070W",3,3,0,0,0,1,2,0,2,1,0,"synonymous_variant;missense_variant",NA,NA,"VIII",3,1500,1.5,2,0,0,TRUE,1.4142135623731
"2593","YHR071C-A",4,4,0,0,0,2,1,0,1,2,1,"missense_variant;stop_gained;synonymous_variant",NA,NA,"VIII",4,NA,NA,NA,0,NA,FALSE,NA
"2594","YHR071W",7,7,0,0,0,3,4,0,4,3,0,"synonymous_variant;missense_variant",NA,NA,"VIII",7,690,0.69,10.1449275362319,0,0,TRUE,3.18511028635303
"2595","YHR072W",7,7,0,0,0,0,7,0,7,0,0,"synonymous_variant",NA,NA,"VIII",7,2196,2.196,3.18761384335155,0,0,FALSE,1.78538898936662
"2596","YHR072W-A",1,1,0,0,0,0,1,0,1,0,0,"synonymous_variant",NA,NA,"VIII",1,177,0.177,5.64971751412429,0,0,FALSE,2.37691344270764
"2597","YHR073C-B",15,0,0,15,0,0,0,15,0,0,0,"upstream_gene_variant",678,106,"VIII",0,NA,NA,NA,NA,NA,FALSE,NA
"2598","YHR073W",17,17,0,0,0,3,14,0,14,3,0,"missense_variant;synonymous_variant",NA,NA,"VIII",17,2991,2.991,5.68371782012705,0,0,FALSE,2.384054911307
"2599","YHR074W",8,8,0,0,0,0,8,0,8,0,0,"synonymous_variant",NA,NA,"VIII",8,2145,2.145,3.72960372960373,0,0,FALSE,1.93121819834107
"2600","YHR075C",8,3,0,5,0,1,2,5,2,1,0,"synonymous_variant;missense_variant;upstream_gene_variant",971,905,"VIII",3,1203,1.203,2.49376558603491,1.66666666666667,2.005,FALSE,1.57916610463716
"2601","YHR076W",4,4,0,0,0,3,0,0,0,3,1,"missense_variant;stop_lost",NA,NA,"VIII",4,1125,1.125,3.55555555555556,0,0,FALSE,1.88561808316413
"2602","YHR077C",17,16,0,1,0,7,9,1,9,7,0,"synonymous_variant;missense_variant;upstream_gene_variant",263,263,"VIII",16,3383,3.383,4.72953000295596,0.0625,0.2114375,FALSE,2.17474826197332
"2603","YHR078W",19,18,0,1,0,3,15,1,15,3,0,"upstream_gene_variant;missense_variant;synonymous_variant",712,712,"VIII",18,1659,1.659,10.8499095840868,0.0555555555555556,0.0921666666666667,FALSE,3.29392009376166
"2604","YHR079C",26,20,0,6,0,5,15,6,15,5,0,"synonymous_variant;missense_variant;upstream_gene_variant",826,47,"VIII",20,3348,3.348,5.97371565113501,0.3,1.0044,FALSE,2.44411858368922
"2605","YHR079C-A",2,2,0,0,0,1,0,0,1,1,0,"splice_region_variant&synonymous_variant;missense_variant",NA,NA,"VIII",2,362,0.362,5.52486187845304,0,0,FALSE,2.35050247361134
"2606","YHR080C",38,38,0,0,0,17,21,0,21,17,0,"missense_variant;synonymous_variant",NA,NA,"VIII",38,4038,4.038,9.41059930658742,0,0,FALSE,3.06767001266228
"2607","YHR081W",3,3,0,0,0,1,2,0,2,1,0,"synonymous_variant;missense_variant",NA,NA,"VIII",3,555,0.555,5.4054054054054,0,0,FALSE,2.32495277487639
"2608","YHR082C",14,9,0,5,0,3,6,5,6,3,0,"synonymous_variant;missense_variant;upstream_gene_variant",964,389,"VIII",9,3090,3.09,2.9126213592233,0.555555555555556,1.71666666666667,FALSE,1.70664037196572
"2609","YHR083W",11,11,0,0,0,5,6,0,6,5,0,"missense_variant;synonymous_variant",NA,NA,"VIII",11,990,0.99,11.1111111111111,0,0,FALSE,3.33333333333333
"2610","YHR084W",11,11,0,0,0,5,6,0,6,5,0,"synonymous_variant;missense_variant",NA,NA,"VIII",11,2067,2.067,5.32172230285438,0,0,FALSE,2.30688584521523
"2611","YHR085W",8,3,0,5,0,0,3,5,3,0,0,"upstream_gene_variant;synonymous_variant",107,54,"VIII",3,1005,1.005,2.98507462686567,1.66666666666667,1.675,FALSE,1.72773685116272
"2612","YHR086W",17,16,0,1,0,4,12,1,12,4,0,"upstream_gene_variant;synonymous_variant;missense_variant",316,316,"VIII",16,1572,1.572,10.1781170483461,0.0625,0.09825,FALSE,3.19031613611348
"2613","YHR086W-A",6,2,0,4,0,1,1,4,1,1,0,"upstream_gene_variant;synonymous_variant;missense_variant",334,4,"VIII",2,162,0.162,12.3456790123457,2,0.324,FALSE,3.51364184463153
"2614","YHR087W",3,1,0,2,0,0,1,2,1,0,0,"upstream_gene_variant;synonymous_variant",365,178,"VIII",1,336,0.336,2.97619047619048,2,0.672,FALSE,1.72516389835589
"2615","YHR088W",1,0,0,1,0,0,0,1,0,0,0,"upstream_gene_variant",121,121,"VIII",0,888,0.888,0,NA,NA,FALSE,0
"2616","YHR089C",7,3,0,4,0,1,2,4,2,1,0,"synonymous_variant;missense_variant;upstream_gene_variant",379,177,"VIII",3,618,0.618,4.85436893203883,1.33333333333333,0.824,FALSE,2.20326324619616
"2617","YHR090C",7,7,0,0,0,2,5,0,5,2,0,"synonymous_variant;missense_variant",NA,NA,"VIII",7,849,0.849,8.24499411071849,0,0,FALSE,2.87140977756894
"2618","YHR091C",7,7,0,0,0,5,2,0,2,5,0,"missense_variant;synonymous_variant",NA,NA,"VIII",7,1932,1.932,3.6231884057971,0,0,FALSE,1.9034674690672
"2619","YHR092C",11,11,0,0,0,2,9,0,9,2,0,"synonymous_variant;missense_variant",NA,NA,"VIII",11,1731,1.731,6.35470826112074,0,0,FALSE,2.52085466878215
"2620","YHR093W",3,3,0,0,0,3,0,0,0,3,0,"missense_variant",NA,NA,"VIII",3,549,0.549,5.46448087431694,0,0,FALSE,2.33762291106092
"2621","YHR094C",19,19,0,0,0,4,15,0,15,4,0,"synonymous_variant;missense_variant",NA,NA,"VIII",19,1713,1.713,11.0916520723876,0,0,FALSE,3.33041319844665
"2622","YHR095W",5,5,0,0,0,3,2,0,2,3,0,"synonymous_variant;missense_variant",NA,NA,"VIII",5,NA,NA,NA,0,NA,FALSE,NA
"2623","YHR096C",10,10,0,0,0,1,9,0,9,1,0,"synonymous_variant;missense_variant",NA,NA,"VIII",10,1779,1.779,5.62113546936481,0,0,FALSE,2.37089339055235
"2624","YHR097C",11,11,0,0,0,7,1,0,3,7,1,"missense_variant;stop_retained_variant;synonymous_variant;stop_gained",NA,NA,"VIII",11,1225,1.225,8.97959183673469,0,0,FALSE,2.99659670905758
"2625","YHR098C",19,19,0,0,0,1,18,0,18,1,0,"synonymous_variant;missense_variant",NA,NA,"VIII",19,2790,2.79,6.81003584229391,0,0,FALSE,2.60960453752938
"2626","YHR099W",49,49,0,0,0,8,41,0,41,8,0,"missense_variant;synonymous_variant",NA,NA,"VIII",49,11235,11.235,4.3613707165109,0,0,FALSE,2.08838950306472
"2627","YHR100C",5,4,0,1,0,1,3,1,3,1,0,"synonymous_variant;missense_variant;upstream_gene_variant",195,195,"VIII",4,558,0.558,7.16845878136201,0.25,0.1395,FALSE,2.67739776300833
"2628","YHR101C",13,13,0,0,0,10,3,0,3,10,0,"missense_variant;synonymous_variant",NA,NA,"VIII",13,1095,1.095,11.8721461187215,0,0,FALSE,3.44559807852301
"2629","YHR102W",32,32,0,0,0,9,23,0,23,9,0,"synonymous_variant;missense_variant",NA,NA,"VIII",32,3243,3.243,9.86740672217083,0,0,FALSE,3.14124286265338
"2630","YHR103W",21,21,0,0,0,5,16,0,16,5,0,"synonymous_variant;missense_variant",NA,NA,"VIII",21,2559,2.559,8.2063305978898,0,0,FALSE,2.86466936973358
"2631","YHR104W",10,4,0,6,0,0,4,6,4,0,0,"upstream_gene_variant;synonymous_variant",298,2,"VIII",4,984,0.984,4.0650406504065,1.5,1.476,FALSE,2.01619459636378
"2632","YHR105W",9,3,0,6,0,1,2,6,2,1,0,"upstream_gene_variant;missense_variant;synonymous_variant",264,29,"VIII",3,645,0.645,4.65116279069767,2,1.29,FALSE,2.15665546406877
"2633","YHR106W",4,3,0,1,0,2,1,1,1,2,0,"upstream_gene_variant;synonymous_variant;missense_variant",12,12,"VIII",3,1029,1.029,2.91545189504373,0.333333333333333,0.343,FALSE,1.70746944190628
"2634","YHR107C",9,7,0,2,0,0,7,2,7,0,0,"synonymous_variant;upstream_gene_variant",235,19,"VIII",7,1224,1.224,5.71895424836601,0.285714285714286,0.349714285714286,FALSE,2.3914335132648
"2635","YHR108W",6,6,0,0,0,1,5,0,5,1,0,"missense_variant;synonymous_variant",NA,NA,"VIII",6,1758,1.758,3.41296928327645,0,0,FALSE,1.84742233484292
"2636","YHR109W",18,18,0,0,0,8,10,0,10,8,0,"missense_variant;synonymous_variant",NA,NA,"VIII",18,1758,1.758,10.2389078498294,0,0,FALSE,3.19982934698545
"2637","YHR110W",7,7,0,0,0,1,6,0,6,1,0,"synonymous_variant;missense_variant",NA,NA,"VIII",7,639,0.639,10.9546165884194,0,0,FALSE,3.30977591211541
"2638","YHR111W",13,13,0,0,0,1,12,0,12,1,0,"missense_variant;synonymous_variant",NA,NA,"VIII",13,1323,1.323,9.82615268329554,0,0,FALSE,3.13466946954468
"2639","YHR112C",20,4,0,16,0,0,4,16,4,0,0,"synonymous_variant;upstream_gene_variant",503,25,"VIII",4,1137,1.137,3.51802990325418,4,4.548,FALSE,1.87564119789852
"2640","YHR113W",8,8,0,0,0,0,8,0,8,0,0,"synonymous_variant",NA,NA,"VIII",8,1473,1.473,5.43109300746775,0,0,FALSE,2.33047055494545
"2641","YHR114W",10,10,0,0,0,4,6,0,6,4,0,"synonymous_variant;missense_variant",NA,NA,"VIII",10,1902,1.902,5.25762355415352,0,0,FALSE,2.29295083989028
"2642","YHR115C",13,6,0,7,0,1,5,7,5,1,0,"synonymous_variant;missense_variant;upstream_gene_variant",927,24,"VIII",6,1251,1.251,4.79616306954436,1.16666666666667,1.4595,FALSE,2.19001439939201
"2643","YHR116W",3,3,0,0,0,0,3,0,3,0,0,"synonymous_variant",NA,NA,"VIII",3,456,0.456,6.57894736842105,0,0,FALSE,2.56494588021289
"2644","YHR117W",11,11,0,0,0,5,6,0,6,5,0,"missense_variant;synonymous_variant",NA,NA,"VIII",11,1920,1.92,5.72916666666667,0,0,FALSE,2.39356776939085
"2645","YHR118C",11,11,0,0,0,1,10,0,10,1,0,"synonymous_variant;missense_variant",NA,NA,"VIII",11,1308,1.308,8.40978593272171,0,0,FALSE,2.8999630916137
"2646","YHR119W",32,32,0,0,0,11,21,0,21,11,0,"synonymous_variant;missense_variant",NA,NA,"VIII",32,3243,3.243,9.86740672217083,0,0,FALSE,3.14124286265338
"2647","YHR120W",20,20,0,0,0,6,14,0,14,6,0,"missense_variant;synonymous_variant",NA,NA,"VIII",20,2880,2.88,6.94444444444444,0,0,FALSE,2.63523138347365
"2648","YHR121W",12,5,0,7,0,1,4,7,4,1,0,"upstream_gene_variant;missense_variant;synonymous_variant",249,71,"VIII",5,564,0.564,8.86524822695035,1.4,0.7896,FALSE,2.97745667087707
"2649","YHR122W",8,5,0,3,0,2,3,3,3,2,0,"upstream_gene_variant;synonymous_variant;missense_variant",282,32,"VIII",5,696,0.696,7.18390804597701,0.6,0.4176,FALSE,2.68028133709449
"2650","YHR123W",9,5,0,4,0,5,0,4,0,5,0,"upstream_gene_variant;missense_variant",330,68,"VIII",5,1267,1.267,3.94632991318074,0.8,1.0136,FALSE,1.98653716632253
"2651","YHR124W",11,6,0,5,0,1,5,5,5,1,0,"upstream_gene_variant;synonymous_variant;missense_variant",430,270,"VIII",6,1884,1.884,3.18471337579618,0.833333333333333,1.57,TRUE,1.78457652562062
"2652","YHR125W",3,3,0,0,0,1,2,0,2,1,0,"synonymous_variant;missense_variant",NA,NA,"VIII",3,306,0.306,9.80392156862745,0,0,FALSE,3.13112145542575
"2653","YHR126C",5,5,0,0,0,0,5,0,5,0,0,"synonymous_variant",NA,NA,"VIII",5,480,0.48,10.4166666666667,0,0,FALSE,3.22748612183951
"2654","YHR127W",5,5,0,0,0,2,3,0,3,2,0,"missense_variant;synonymous_variant",NA,NA,"VIII",5,732,0.732,6.83060109289617,0,0,FALSE,2.61354186744658
"2655","YHR129C",7,7,0,0,0,0,7,0,7,0,0,"synonymous_variant",NA,NA,"VIII",7,1155,1.155,6.06060606060606,0,0,FALSE,2.46182981958665
"2656","YHR130C",3,3,0,0,0,1,2,0,2,1,0,"missense_variant;synonymous_variant",NA,NA,"VIII",3,336,0.336,8.92857142857143,0,0,FALSE,2.98807152333598
"2657","YHR131C",13,13,0,0,0,5,8,0,8,5,0,"synonymous_variant;missense_variant",NA,NA,"VIII",13,2553,2.553,5.09204857030944,0,0,FALSE,2.2565567952767
"2658","YHR132C",7,7,0,0,0,0,7,0,7,0,0,"synonymous_variant",NA,NA,"VIII",7,1293,1.293,5.41376643464811,0,0,FALSE,2.32675018741766
"2659","YHR133C",4,4,0,0,0,0,4,0,4,0,0,"synonymous_variant",NA,NA,"VIII",4,876,0.876,4.5662100456621,0,0,FALSE,2.13686921585344
"2660","YHR134W",8,8,0,0,0,4,4,0,4,4,0,"missense_variant;synonymous_variant",NA,NA,"VIII",8,810,0.81,9.87654320987654,0,0,FALSE,3.14269680527354
"2661","YHR135C",10,10,0,0,0,3,6,0,7,3,0,"splice_region_variant&stop_retained_variant;missense_variant;synonymous_variant",NA,NA,"VIII",10,1617,1.617,6.18429189857761,0,0,FALSE,2.48682365650997
"2662","YHR136C",4,4,0,0,0,2,2,0,2,2,0,"synonymous_variant;missense_variant",NA,NA,"VIII",4,447,0.447,8.94854586129754,0,0,FALSE,2.99141201797705
"2663","YHR137C-A",2,2,0,0,0,2,0,0,0,2,0,"missense_variant",NA,NA,"VIII",2,NA,NA,NA,0,NA,FALSE,NA
"2664","YHR137W",11,11,0,0,0,7,4,0,4,7,0,"missense_variant;synonymous_variant",NA,NA,"VIII",11,1542,1.542,7.13359273670558,0,0,FALSE,2.67087864507274
"2665","YHR138C",2,2,0,0,0,0,2,0,2,0,0,"synonymous_variant",NA,NA,"VIII",2,345,0.345,5.79710144927536,0,0,FALSE,2.40771706171538
"2666","YHR139C",8,8,0,0,0,1,7,0,7,1,0,"synonymous_variant;missense_variant",NA,NA,"VIII",8,981,0.981,8.15494393476045,0,0,FALSE,2.85568624585413
"2667","YHR140W",5,5,0,0,0,1,4,0,4,1,0,"synonymous_variant;missense_variant",NA,NA,"VIII",5,720,0.72,6.94444444444444,0,0,FALSE,2.63523138347365
"2668","YHR142W",3,3,0,0,0,0,3,0,3,0,0,"synonymous_variant",NA,NA,"VIII",3,951,0.951,3.15457413249211,0,0,FALSE,1.77611208331347
"2669","YHR143W",4,4,0,0,0,1,2,0,3,1,0,"synonymous_variant;missense_variant;splice_region_variant&stop_retained_variant",NA,NA,"VIII",4,978,0.978,4.08997955010225,0,0,FALSE,2.02236978569752
"2670","YHR143W-A",1,1,0,0,0,0,1,0,1,0,0,"synonymous_variant",NA,NA,"VIII",1,213,0.213,4.69483568075117,0,0,FALSE,2.1667569500872
"2671","YHR144C",10,6,0,4,0,1,5,4,5,1,0,"synonymous_variant;missense_variant;upstream_gene_variant",819,65,"VIII",6,939,0.939,6.38977635782748,0.666666666666667,0.626,FALSE,2.52780069582779
"2672","YHR145C",10,10,0,0,0,7,3,0,3,7,0,"missense_variant;synonymous_variant",NA,NA,"VIII",10,NA,NA,NA,0,NA,FALSE,NA
"2673","YHR146W",13,13,0,0,0,4,9,0,9,4,0,"synonymous_variant;missense_variant",NA,NA,"VIII",13,1398,1.398,9.29899856938484,0,0,FALSE,3.04942594095755
"2674","YHR147C",3,3,0,0,0,1,2,0,2,1,0,"missense_variant;synonymous_variant",NA,NA,"VIII",3,645,0.645,4.65116279069767,0,0,FALSE,2.15665546406877
"2675","YHR148W",2,2,0,0,0,0,2,0,2,0,0,"synonymous_variant",NA,NA,"VIII",2,552,0.552,3.6231884057971,0,0,FALSE,1.9034674690672
"2676","YHR149C",16,16,0,0,0,9,7,0,7,9,0,"synonymous_variant;missense_variant",NA,NA,"VIII",16,2205,2.205,7.2562358276644,0,0,FALSE,2.6937401188059
"2677","YHR150W",7,7,0,0,0,4,3,0,3,4,0,"synonymous_variant;missense_variant",NA,NA,"VIII",7,1740,1.74,4.02298850574713,0,0,FALSE,2.00573889271438
"2678","YHR151C",12,12,0,0,0,2,10,0,10,2,0,"synonymous_variant;missense_variant",NA,NA,"VIII",12,1581,1.581,7.59013282732448,0,0,FALSE,2.75501956931788
"2679","YHR152W",2,2,0,0,0,1,1,0,1,1,0,"missense_variant;synonymous_variant",NA,NA,"VIII",2,522,0.522,3.83141762452107,0,0,FALSE,1.95740073171568
"2680","YHR153C",4,4,0,0,0,3,1,0,1,3,0,"synonymous_variant;missense_variant",NA,NA,"VIII",4,597,0.597,6.7001675041876,0,0,FALSE,2.5884681771634
"2681","YHR154W",12,12,0,0,0,4,8,0,8,4,0,"synonymous_variant;missense_variant",NA,NA,"VIII",12,3213,3.213,3.73482726423903,0,0,FALSE,1.93257011884149
"2682","YHR155W",8,8,0,0,0,3,5,0,5,3,0,"synonymous_variant;missense_variant",NA,NA,"VIII",8,3687,3.687,2.1697857336588,0,0,FALSE,1.47301925773521
"2683","YHR156C",9,3,0,6,0,3,0,6,0,3,0,"missense_variant;upstream_gene_variant",474,12,"VIII",3,1023,1.023,2.93255131964809,2,2.046,FALSE,1.71246936312685
"2684","YHR157W",4,4,0,0,0,1,3,0,3,1,0,"synonymous_variant;missense_variant",NA,NA,"VIII",4,549,0.549,7.28597449908925,0,0,FALSE,2.69925443392972
"2685","YHR158C",21,20,0,1,0,5,15,1,15,5,0,"missense_variant;synonymous_variant;upstream_gene_variant",339,339,"VIII",20,3495,3.495,5.72246065808298,0.05,0.17475,FALSE,2.39216651972286
"2686","YHR159W",9,9,0,0,0,2,7,0,7,2,0,"synonymous_variant;missense_variant",NA,NA,"VIII",9,1515,1.515,5.94059405940594,0,0,FALSE,2.43733339110716
"2687","YHR160C",4,4,0,0,0,2,2,0,2,2,0,"synonymous_variant;missense_variant",NA,NA,"VIII",4,852,0.852,4.69483568075117,0,0,FALSE,2.1667569500872
"2688","YHR161C",15,15,0,0,0,5,10,0,10,5,0,"missense_variant;synonymous_variant",NA,NA,"VIII",15,1914,1.914,7.83699059561129,0,0,FALSE,2.79946255477927
"2689","YHR162W",1,1,0,0,0,0,1,0,1,0,0,"synonymous_variant",NA,NA,"VIII",1,390,0.39,2.56410256410256,0,0,FALSE,1.60128153805087
"2690","YHR163W",8,8,0,0,0,1,7,0,7,1,0,"synonymous_variant;missense_variant",NA,NA,"VIII",8,750,0.75,10.6666666666667,0,0,FALSE,3.2659863237109
"2691","YHR164C",33,28,0,5,0,13,15,5,15,13,0,"synonymous_variant;missense_variant;upstream_gene_variant",425,83,"VIII",28,4569,4.569,6.12825563580652,0.178571428571429,0.815892857142857,FALSE,2.47553138453273
"2692","YHR165C",50,49,0,1,0,8,41,1,41,8,0,"synonymous_variant;missense_variant;upstream_gene_variant",66,66,"VIII",49,7242,7.242,6.76608671637669,0.0204081632653061,0.147795918367347,FALSE,2.60117025901356
"2693","YHR165W-A",1,1,0,0,0,1,0,0,0,1,0,"missense_variant",NA,NA,"VIII",1,NA,NA,NA,0,NA,FALSE,NA
"2694","YHR166C",7,7,0,0,0,1,6,0,6,1,0,"synonymous_variant;missense_variant",NA,NA,"VIII",7,1881,1.881,3.72142477405635,0,0,FALSE,1.92909947230731
"2695","YHR167W",5,5,0,0,0,0,5,0,5,0,0,"synonymous_variant",NA,NA,"VIII",5,786,0.786,6.36132315521628,0,0,FALSE,2.52216636152659
"2696","YHR168W",8,8,0,0,0,4,4,0,4,4,0,"synonymous_variant;missense_variant",NA,NA,"VIII",8,1557,1.557,5.13808606294155,0,0,FALSE,2.26673466972682
"2697","YHR169W",3,3,0,0,0,0,3,0,3,0,0,"synonymous_variant",NA,NA,"VIII",3,1296,1.296,2.31481481481481,0,0,FALSE,1.52145154862546
"2698","YHR170W",6,6,0,0,0,0,6,0,6,0,0,"synonymous_variant",NA,NA,"VIII",6,1557,1.557,3.85356454720617,0,0,FALSE,1.96304980762236
"2699","YHR171W",15,11,0,4,0,6,5,4,5,6,0,"upstream_gene_variant;missense_variant;synonymous_variant",163,62,"VIII",11,1893,1.893,5.81088219757,0.363636363636364,0.688363636363636,FALSE,2.41057715030446
"2700","YHR172W",25,19,0,6,0,3,16,6,16,3,0,"upstream_gene_variant;synonymous_variant;missense_variant",617,303,"VIII",19,2472,2.472,7.68608414239482,0.31578947368421,0.780631578947368,FALSE,2.77237878768303
"2701","YHR173C",3,0,0,3,0,0,0,3,0,0,0,"upstream_gene_variant",110,16,"VIII",0,339,0.339,0,NA,NA,FALSE,0
"2702","YHR174W",1,1,0,0,0,0,1,0,1,0,0,"synonymous_variant",NA,NA,"VIII",1,1314,1.314,0.76103500761035,0,0,FALSE,0.872373204317023
"2703","YHR175W",7,7,0,0,0,2,5,0,5,2,0,"missense_variant;synonymous_variant",NA,NA,"VIII",7,570,0.57,12.280701754386,0,0,FALSE,3.50438322025231
"2704","YHR175W-A",4,4,0,0,0,2,2,0,2,2,0,"missense_variant;synonymous_variant",NA,NA,"VIII",4,150,0.15,26.6666666666667,0,0,FALSE,5.16397779494322
"2705","YHR176W",11,11,0,0,0,6,5,0,5,6,0,"synonymous_variant;missense_variant",NA,NA,"VIII",11,1299,1.299,8.46805234795997,0,0,FALSE,2.90999181235274
"2706","YHR177W",20,18,0,2,0,9,9,2,9,9,0,"upstream_gene_variant;missense_variant;synonymous_variant",263,92,"VIII",18,1362,1.362,13.215859030837,0.111111111111111,0.151333333333333,FALSE,3.63536229705335
"2707","YHR178W",35,22,0,13,0,4,18,13,18,4,0,"upstream_gene_variant;synonymous_variant;missense_variant",958,289,"VIII",22,2232,2.232,9.85663082437276,0.590909090909091,1.31890909090909,FALSE,3.13952716573257
"2708","YHR179W",17,8,0,9,0,3,5,9,5,3,0,"upstream_gene_variant;synonymous_variant;missense_variant",925,83,"VIII",8,1203,1.203,6.65004156275977,1.125,1.353375,FALSE,2.5787674503064
"2709","YHR180C-B",2,1,0,1,0,0,0,1,1,0,0,"splice_region_variant&stop_retained_variant;upstream_gene_variant",924,924,"VIII",1,NA,NA,NA,1,NA,FALSE,NA
"2710","YHR180W",34,9,0,25,0,4,5,25,5,4,0,"upstream_gene_variant;missense_variant;synonymous_variant",980,66,"VIII",9,492,0.492,18.2926829268293,2.77777777777778,1.36666666666667,FALSE,4.27699461384151
"2711","YHR180W-A",59,3,0,56,0,3,0,56,0,3,0,"upstream_gene_variant;missense_variant",1000,3,"VIII",3,NA,NA,NA,18.6666666666667,NA,FALSE,NA
"2712","YHR181W",3,3,0,0,0,1,2,0,2,1,0,"synonymous_variant;missense_variant",NA,NA,"VIII",3,687,0.687,4.36681222707424,0,0,FALSE,2.08969189764286
"2713","YHR182C-A",2,2,0,0,0,2,0,0,0,2,0,"missense_variant",NA,NA,"VIII",2,NA,NA,NA,0,NA,FALSE,NA
"2714","YHR182W",25,25,0,0,0,11,14,0,14,11,0,"synonymous_variant;missense_variant",NA,NA,"VIII",25,2358,2.358,10.6022052586938,0,0,FALSE,3.25610277151901
"2715","YHR183W",3,3,0,0,0,1,2,0,2,1,0,"synonymous_variant;missense_variant",NA,NA,"VIII",3,1470,1.47,2.04081632653061,0,0,FALSE,1.42857142857143
"2716","YHR184W",14,14,0,0,0,10,4,0,4,10,0,"missense_variant;synonymous_variant",NA,NA,"VIII",14,1716,1.716,8.15850815850816,0,0,FALSE,2.85631023498992
"2717","YHR185C",3,3,0,0,0,1,2,0,2,1,0,"synonymous_variant;missense_variant",NA,NA,"VIII",3,714,0.714,4.20168067226891,0,0,FALSE,2.04980015422697
"2718","YHR186C",44,41,0,3,0,12,29,3,29,12,0,"synonymous_variant;missense_variant;upstream_gene_variant",307,191,"VIII",41,4674,4.674,8.7719298245614,0.0731707317073171,0.342,FALSE,2.96174438879546
"2719","YHR187W",9,9,0,0,0,7,2,0,2,7,0,"synonymous_variant;missense_variant",NA,NA,"VIII",9,930,0.93,9.67741935483871,0,0,FALSE,3.11085508419128
"2720","YHR188C",28,28,0,0,0,10,18,0,18,10,0,"synonymous_variant;missense_variant",NA,NA,"VIII",28,1833,1.833,15.2755046372068,0,0,FALSE,3.90838900791704
"2721","YHR189W",5,5,0,0,0,1,4,0,4,1,0,"synonymous_variant;missense_variant",NA,NA,"VIII",5,573,0.573,8.7260034904014,0,0,FALSE,2.95398095633696
"2722","YHR190W",10,10,0,0,0,1,9,0,9,1,0,"synonymous_variant;missense_variant",NA,NA,"VIII",10,1335,1.335,7.49063670411985,0,0,FALSE,2.73690275751987
"2723","YHR191C",6,6,0,0,0,2,4,0,4,2,0,"synonymous_variant;missense_variant",NA,NA,"VIII",6,402,0.402,14.9253731343284,0,0,FALSE,3.86333704643128
"2724","YHR192W",9,9,0,0,0,4,5,0,5,4,0,"synonymous_variant;missense_variant",NA,NA,"VIII",9,837,0.837,10.752688172043,0,0,FALSE,3.27912917891976
"2725","YHR193C",2,2,0,0,0,0,2,0,2,0,0,"synonymous_variant",NA,NA,"VIII",2,525,0.525,3.80952380952381,0,0,FALSE,1.95180014589707
"2726","YHR194W",13,13,0,0,0,1,12,0,12,1,0,"synonymous_variant;missense_variant",NA,NA,"VIII",13,1740,1.74,7.47126436781609,0,0,FALSE,2.73336136795267
"2727","YHR195W",12,12,0,0,0,5,7,0,7,5,0,"synonymous_variant;missense_variant",NA,NA,"VIII",12,966,0.966,12.4223602484472,0,0,FALSE,3.52453688425121
"2728","YHR196W",11,11,0,0,0,4,7,0,7,4,0,"synonymous_variant;missense_variant",NA,NA,"VIII",11,1728,1.728,6.36574074074074,0,0,FALSE,2.52304196174791
"2729","YHR197W",26,26,0,0,0,4,22,0,22,4,0,"synonymous_variant;missense_variant",NA,NA,"VIII",26,2292,2.292,11.3438045375218,0,0,FALSE,3.36805649262625
"2730","YHR198C",10,7,0,3,0,4,3,3,3,4,0,"missense_variant;synonymous_variant;upstream_gene_variant",100,7,"VIII",7,966,0.966,7.2463768115942,0.428571428571429,0.414,FALSE,2.69190951029083
"2731","YHR199C",5,5,0,0,0,2,3,0,3,2,0,"missense_variant;synonymous_variant",NA,NA,"VIII",5,933,0.933,5.35905680600214,0,0,FALSE,2.3149636727176
"2732","YHR200W",5,5,0,0,0,3,2,0,2,3,0,"missense_variant;synonymous_variant",NA,NA,"VIII",5,807,0.807,6.19578686493185,0,0,FALSE,2.48913375794308
"2733","YHR201C",15,15,0,0,0,5,10,0,10,5,0,"synonymous_variant;missense_variant",NA,NA,"VIII",15,1194,1.194,12.5628140703518,0,0,FALSE,3.54440602504168
"2734","YHR202W",10,10,0,0,0,2,8,0,8,2,0,"synonymous_variant;missense_variant",NA,NA,"VIII",10,1809,1.809,5.52791597567717,0,0,FALSE,2.35115205286199
"2735","YHR203C",6,3,0,3,0,2,1,3,1,2,0,"missense_variant;synonymous_variant;upstream_gene_variant",749,629,"VIII",3,1055,1.055,2.8436018957346,1,1.055,FALSE,1.68629828195803
"2736","YHR204W",9,9,0,0,0,2,7,0,7,2,0,"missense_variant;synonymous_variant",NA,NA,"VIII",9,2391,2.391,3.76411543287327,0,0,FALSE,1.94013283897605
"2737","YHR205W",8,8,0,0,0,2,6,0,6,2,0,"missense_variant;synonymous_variant",NA,NA,"VIII",8,2475,2.475,3.23232323232323,0,0,FALSE,1.79786629990198
"2738","YHR206W",20,10,0,10,0,2,8,10,8,2,0,"upstream_gene_variant;synonymous_variant;missense_variant",852,57,"VIII",10,1869,1.869,5.35045478865704,1,1.869,FALSE,2.31310501029613
"2739","YHR207C",23,7,0,16,0,2,5,16,5,2,0,"synonymous_variant;missense_variant;upstream_gene_variant",934,157,"VIII",7,1581,1.581,4.42757748260595,2.28571428571429,3.61371428571429,FALSE,2.10418095291397
"2740","YHR208W",3,3,0,0,0,0,3,0,3,0,0,"synonymous_variant",NA,NA,"VIII",3,1182,1.182,2.53807106598985,0,0,FALSE,1.59313246969292
"2741","YHR209W",6,6,0,0,0,0,6,0,6,0,0,"synonymous_variant",NA,NA,"VIII",6,876,0.876,6.84931506849315,0,0,FALSE,2.61711961295107
"2742","YHR210C",21,9,0,12,0,4,5,12,5,4,0,"missense_variant;synonymous_variant;upstream_gene_variant",855,74,"VIII",9,1026,1.026,8.7719298245614,1.33333333333333,1.368,FALSE,2.96174438879546
"2743","YHR211W",82,82,0,0,0,28,54,0,54,28,0,"missense_variant;synonymous_variant",NA,NA,"VIII",82,3228,3.228,25.4027261462206,0,0,FALSE,5.04011171961699
"2744","YHR213W-B",1,1,0,0,0,1,0,0,0,1,0,"missense_variant",NA,NA,"VIII",1,300,0.3,3.33333333333333,0,0,FALSE,1.82574185835055
"2745","YHR214W-A",1,1,0,0,0,1,0,0,0,1,0,"missense_variant",NA,NA,"VIII",1,NA,NA,NA,0,NA,FALSE,NA
"2746","YHR215W",8,8,0,0,0,2,6,0,6,2,0,"synonymous_variant;missense_variant",NA,NA,"VIII",8,1404,1.404,5.6980056980057,0,0,FALSE,2.38704958013144
"2747","YHR216W",42,42,0,0,0,13,29,0,29,13,0,"synonymous_variant;missense_variant",NA,NA,"VIII",42,1572,1.572,26.7175572519084,0,0,FALSE,5.16890290602449
"2748","YHR217C",1,1,0,0,0,0,1,0,1,0,0,"synonymous_variant",NA,NA,"VIII",1,NA,NA,NA,0,NA,FALSE,NA
"2749","YIL001W",6,6,0,0,0,3,3,0,3,3,0,"synonymous_variant;missense_variant",NA,NA,"IX",6,1542,1.542,3.89105058365759,0,0,FALSE,1.97257460788118
"2750","YIL002C",11,10,0,1,0,4,6,1,6,4,0,"synonymous_variant;missense_variant;upstream_gene_variant",99,99,"IX",10,2841,2.841,3.51988736360436,0.1,0.2841,FALSE,1.87613628598894
"2751","YIL002W-A",1,1,0,0,0,1,0,0,0,1,0,"missense_variant",NA,NA,"IX",1,210,0.21,4.76190476190476,0,0,FALSE,2.18217890235992
"2752","YIL003W",5,5,0,0,0,1,4,0,4,1,0,"synonymous_variant;missense_variant",NA,NA,"IX",5,882,0.882,5.66893424036281,0,0,FALSE,2.38095238095238
"2753","YIL004C",6,1,0,5,0,0,1,5,1,0,0,"synonymous_variant;upstream_gene_variant",453,217,"IX",1,560,0.56,1.78571428571429,5,2.8,FALSE,1.33630620956212
"2754","YIL005W",19,19,0,0,0,13,6,0,6,13,0,"missense_variant;synonymous_variant",NA,NA,"IX",19,2106,2.106,9.02184235517569,0,0,FALSE,3.00363818646249
"2755","YIL006W",10,10,0,0,0,3,7,0,7,3,0,"synonymous_variant;missense_variant",NA,NA,"IX",10,1122,1.122,8.9126559714795,0,0,FALSE,2.98540717013266
"2756","YIL007C",4,2,0,2,0,1,1,2,1,1,0,"missense_variant;synonymous_variant;upstream_gene_variant",218,120,"IX",2,663,0.663,3.01659125188537,1,0.663,FALSE,1.73683368572969
"2757","YIL008W",19,0,0,19,0,0,0,19,0,0,0,"upstream_gene_variant",941,57,"IX",0,300,0.3,0,NA,NA,FALSE,0
"2758","YIL009C-A",6,6,0,0,0,4,2,0,2,4,0,"missense_variant;synonymous_variant",NA,NA,"IX",6,547,0.547,10.9689213893967,0,0,FALSE,3.31193619947557
"2759","YIL009W",17,17,0,0,0,5,12,0,12,5,0,"missense_variant;synonymous_variant",NA,NA,"IX",17,2085,2.085,8.15347721822542,0,0,FALSE,2.85542942798897
"2760","YIL010W",10,10,0,0,0,5,5,0,5,5,0,"missense_variant;synonymous_variant",NA,NA,"IX",10,648,0.648,15.4320987654321,0,0,FALSE,3.92837100659193
"2761","YIL011W",6,6,0,0,0,2,4,0,4,2,0,"synonymous_variant;missense_variant",NA,NA,"IX",6,810,0.81,7.40740740740741,0,0,FALSE,2.72165526975909
"2762","YIL012W",2,2,0,0,0,2,0,0,0,2,0,"missense_variant",NA,NA,"IX",2,342,0.342,5.84795321637427,0,0,FALSE,2.41825416703337
"2763","YIL013C",19,13,0,6,0,1,12,6,12,1,0,"synonymous_variant;missense_variant;upstream_gene_variant",505,17,"IX",13,4236,4.236,3.06893295561851,0.461538461538462,1.95507692307692,FALSE,1.75183702313272
"2764","YIL014C-A",1,1,0,0,0,1,0,0,0,1,0,"missense_variant",NA,NA,"IX",1,315,0.315,3.17460317460317,0,0,FALSE,1.7817416127495
"2765","YIL014W",10,10,0,0,0,4,6,0,6,4,0,"synonymous_variant;missense_variant",NA,NA,"IX",10,1893,1.893,5.28262017960909,0,0,FALSE,2.29839513130556
"2766","YIL015W",10,10,0,0,0,0,10,0,10,0,0,"synonymous_variant",NA,NA,"IX",10,1764,1.764,5.66893424036281,0,0,FALSE,2.38095238095238
"2767","YIL016W",2,2,0,0,0,2,0,0,0,2,0,"missense_variant",NA,NA,"IX",2,480,0.48,4.16666666666667,0,0,FALSE,2.04124145231932
"2768","YIL017C",15,14,0,1,0,4,10,1,10,4,0,"synonymous_variant;missense_variant;upstream_gene_variant",456,456,"IX",14,2766,2.766,5.06146059291396,0.0714285714285714,0.197571428571429,FALSE,2.24976900879045
"2769","YIL018W",2,2,0,0,0,2,0,0,0,2,0,"missense_variant",NA,NA,"IX",2,1165,1.165,1.71673819742489,0,0,FALSE,1.31024356416084
"2770","YIL019W",12,12,0,0,0,4,8,0,8,4,0,"missense_variant;synonymous_variant",NA,NA,"IX",12,1041,1.041,11.5273775216138,0,0,FALSE,3.39519918732522
"2771","YIL020C",2,2,0,0,0,1,1,0,1,1,0,"synonymous_variant;missense_variant",NA,NA,"IX",2,786,0.786,2.54452926208651,0,0,FALSE,1.59515806805674
"2772","YIL020C-A",1,1,0,0,0,1,0,0,0,1,0,"missense_variant",NA,NA,"IX",1,NA,NA,NA,0,NA,FALSE,NA
"2773","YIL022W",7,7,0,0,0,1,6,0,6,1,0,"synonymous_variant;missense_variant",NA,NA,"IX",7,1296,1.296,5.40123456790123,0,0,FALSE,2.32405562926132
"2774","YIL023C",6,6,0,0,0,2,4,0,4,2,0,"synonymous_variant;missense_variant",NA,NA,"IX",6,1041,1.041,5.76368876080692,0,0,FALSE,2.40076836883672
"2775","YIL024C",3,3,0,0,0,1,2,0,2,1,0,"synonymous_variant;missense_variant",NA,NA,"IX",3,570,0.57,5.26315789473684,0,0,FALSE,2.29415733870562
"2776","YIL025C",2,2,0,0,0,1,1,0,1,1,0,"synonymous_variant;missense_variant",NA,NA,"IX",2,NA,NA,NA,0,NA,FALSE,NA
"2777","YIL026C",20,20,0,0,0,2,18,0,18,2,0,"synonymous_variant;missense_variant",NA,NA,"IX",20,3453,3.453,5.79206487112656,0,0,FALSE,2.40667091043345
"2778","YIL027C",2,2,0,0,0,2,0,0,0,2,0,"missense_variant",NA,NA,"IX",2,426,0.426,4.69483568075117,0,0,FALSE,2.1667569500872
"2779","YIL028W",8,8,0,0,0,6,2,0,2,6,0,"synonymous_variant;missense_variant",NA,NA,"IX",8,NA,NA,NA,0,NA,FALSE,NA
"2780","YIL029C",1,1,0,0,0,1,0,0,0,1,0,"missense_variant",NA,NA,"IX",1,429,0.429,2.33100233100233,0,0,FALSE,1.52676204138115
"2781","YIL030C",21,11,0,10,0,3,8,10,8,3,0,"missense_variant;synonymous_variant;upstream_gene_variant",747,216,"IX",11,3960,3.96,2.77777777777778,0.909090909090909,3.6,FALSE,1.66666666666667
"2782","YIL031W",15,15,0,0,0,3,12,0,12,3,0,"synonymous_variant;missense_variant",NA,NA,"IX",15,3105,3.105,4.83091787439614,0,0,FALSE,2.19793491131929
"2783","YIL032C",2,2,0,0,0,2,0,0,0,2,0,"missense_variant",NA,NA,"IX",2,NA,NA,NA,0,NA,FALSE,NA
"2784","YIL033C",5,5,0,0,0,0,5,0,5,0,0,"synonymous_variant",NA,NA,"IX",5,1251,1.251,3.99680255795364,0,0,FALSE,1.99920047968022
"2785","YIL034C",3,3,0,0,0,1,2,0,2,1,0,"missense_variant;synonymous_variant",NA,NA,"IX",3,864,0.864,3.47222222222222,0,0,FALSE,1.86338998124982
"2786","YIL035C",4,4,0,0,0,0,4,0,4,0,0,"synonymous_variant",NA,NA,"IX",4,1119,1.119,3.57462019660411,0,0,FALSE,1.89066660112356
"2787","YIL036W",13,13,0,0,0,6,6,0,7,6,0,"missense_variant;synonymous_variant;splice_region_variant&stop_retained_variant",NA,NA,"IX",13,1764,1.764,7.36961451247166,0,0,FALSE,2.71470339309319
"2788","YIL037C",32,32,0,0,0,21,11,0,11,21,0,"missense_variant;synonymous_variant",NA,NA,"IX",32,1971,1.971,16.2354134956875,0,0,FALSE,4.02931923477
"2789","YIL038C",20,18,0,2,0,4,14,2,14,4,0,"missense_variant;synonymous_variant;upstream_gene_variant",279,146,"IX",18,2511,2.511,7.16845878136201,0.111111111111111,0.279,FALSE,2.67739776300833
"2790","YIL039W",12,12,0,0,0,1,11,0,11,1,0,"synonymous_variant;missense_variant",NA,NA,"IX",12,1422,1.422,8.43881856540084,0,0,FALSE,2.90496446887063
"2791","YIL040W",6,6,0,0,0,3,3,0,3,3,0,"synonymous_variant;missense_variant",NA,NA,"IX",6,417,0.417,14.3884892086331,0,0,FALSE,3.79321620905441
"2792","YIL041W",7,7,0,0,0,0,7,0,7,0,0,"synonymous_variant",NA,NA,"IX",7,981,0.981,7.13557594291539,0,0,FALSE,2.67124988402721
"2793","YIL042C",13,13,0,0,0,2,11,0,11,2,0,"missense_variant;synonymous_variant",NA,NA,"IX",13,1185,1.185,10.9704641350211,0,0,FALSE,3.31216909819247
"2794","YIL043C",5,5,0,0,0,2,3,0,3,2,0,"missense_variant;synonymous_variant",NA,NA,"IX",5,855,0.855,5.84795321637427,0,0,FALSE,2.41825416703337
"2795","YIL044C",13,11,0,2,0,5,6,2,6,5,0,"missense_variant;synonymous_variant;upstream_gene_variant",163,42,"IX",11,897,0.897,12.263099219621,0.181818181818182,0.163090909090909,FALSE,3.50187081709491
"2796","YIL045W",10,10,0,0,0,4,6,0,6,4,0,"missense_variant;synonymous_variant",NA,NA,"IX",10,1617,1.617,6.18429189857761,0,0,FALSE,2.48682365650997
"2797","YIL046W",15,15,0,0,0,3,12,0,12,3,0,"missense_variant;synonymous_variant",NA,NA,"IX",15,1923,1.923,7.8003120124805,0,0,FALSE,2.79290386738973
"2798","YIL046W-A",3,3,0,0,0,2,1,0,1,2,0,"missense_variant;synonymous_variant",NA,NA,"IX",3,165,0.165,18.1818181818182,0,0,FALSE,4.26401432711221
"2799","YIL047C",17,17,0,0,0,2,15,0,15,2,0,"synonymous_variant;missense_variant",NA,NA,"IX",17,2709,2.709,6.27537836840162,0,0,FALSE,2.50507053162214
"2800","YIL047C-A",1,1,0,0,0,1,0,0,0,1,0,"missense_variant",NA,NA,"IX",1,NA,NA,NA,0,NA,FALSE,NA
"2801","YIL048W",26,26,0,0,0,0,26,0,26,0,0,"synonymous_variant",NA,NA,"IX",26,3456,3.456,7.52314814814815,0,0,FALSE,2.7428357858516
"2802","YIL049W",12,12,0,0,0,5,7,0,7,5,0,"missense_variant;synonymous_variant",NA,NA,"IX",12,762,0.762,15.748031496063,0,0,FALSE,3.96837895066273
"2803","YIL050W",8,8,0,0,0,2,6,0,6,2,0,"synonymous_variant;missense_variant",NA,NA,"IX",8,858,0.858,9.32400932400932,0,0,FALSE,3.0535240827623
"2804","YIL051C",1,1,0,0,0,0,1,0,1,0,0,"synonymous_variant",NA,NA,"IX",1,438,0.438,2.28310502283105,0,0,FALSE,1.51099471303875
"2805","YIL052C",1,1,0,0,0,1,0,0,0,1,0,"missense_variant",NA,NA,"IX",1,838,0.838,1.19331742243437,0,0,FALSE,1.09239069129793
"2806","YIL053W",4,4,0,0,0,1,3,0,3,1,0,"synonymous_variant;missense_variant",NA,NA,"IX",4,753,0.753,5.31208499335989,0,0,FALSE,2.3047960849845
"2807","YIL054W",5,5,0,0,0,4,1,0,1,4,0,"missense_variant;synonymous_variant",NA,NA,"IX",5,318,0.318,15.7232704402516,0,0,FALSE,3.96525792859072
"2808","YIL055C",22,16,0,6,0,10,6,6,6,10,0,"missense_variant;synonymous_variant;upstream_gene_variant",498,100,"IX",16,1884,1.884,8.49256900212314,0.375,0.7065,FALSE,2.91420126314624
"2809","YIL056W",23,23,0,0,0,4,19,0,19,4,0,"synonymous_variant;missense_variant",NA,NA,"IX",23,1923,1.923,11.9604784191368,0,0,FALSE,3.45839246169904
"2810","YIL057C",2,2,0,0,0,2,0,0,0,2,0,"missense_variant",NA,NA,"IX",2,495,0.495,4.04040404040404,0,0,FALSE,2.01007563051842
"2811","YIL058W",8,8,0,0,0,6,2,0,2,6,0,"synonymous_variant;missense_variant",NA,NA,"IX",8,NA,NA,NA,0,NA,FALSE,NA
"2812","YIL060W",4,4,0,0,0,1,3,0,3,1,0,"synonymous_variant;missense_variant",NA,NA,"IX",4,435,0.435,9.19540229885057,0,0,FALSE,3.03239217431561
"2813","YIL061C",9,9,0,0,0,4,5,0,5,4,0,"synonymous_variant;missense_variant",NA,NA,"IX",9,903,0.903,9.96677740863787,0,0,FALSE,3.15702033706435
"2814","YIL062C",3,3,0,0,0,2,1,0,1,2,0,"missense_variant;synonymous_variant",NA,NA,"IX",3,465,0.465,6.45161290322581,0,0,FALSE,2.54000254000381
"2815","YIL063C",12,12,0,0,0,6,6,0,6,6,0,"missense_variant;synonymous_variant",NA,NA,"IX",12,984,0.984,12.1951219512195,0,0,FALSE,3.49215147884789
"2816","YIL064W",5,5,0,0,0,4,1,0,1,4,0,"missense_variant;synonymous_variant",NA,NA,"IX",5,690,0.69,7.2463768115942,0,0,TRUE,2.69190951029083
"2817","YIL065C",1,1,0,0,0,1,0,0,0,1,0,"missense_variant",NA,NA,"IX",1,468,0.468,2.13675213675214,0,0,FALSE,1.46176336551172
"2818","YIL066C",14,14,0,0,0,1,13,0,13,1,0,"missense_variant;synonymous_variant",NA,NA,"IX",14,2610,2.61,5.3639846743295,0,0,FALSE,2.3160277792655
"2819","YIL066W-A",1,1,0,0,0,1,0,0,0,1,0,"missense_variant",NA,NA,"IX",1,NA,NA,NA,0,NA,FALSE,NA
"2820","YIL067C",5,5,0,0,0,3,2,0,2,3,0,"missense_variant;synonymous_variant",NA,NA,"IX",5,2037,2.037,2.45459008345606,0,0,FALSE,1.56671314651281
"2821","YIL068C",7,7,0,0,0,1,6,0,6,1,0,"synonymous_variant;missense_variant",NA,NA,"IX",7,2418,2.418,2.89495450785773,0,0,FALSE,1.70145658418243
"2822","YIL068W-A",4,4,0,0,0,2,2,0,2,2,0,"missense_variant;synonymous_variant",NA,NA,"IX",4,NA,NA,NA,0,NA,FALSE,NA
"2823","YIL069C",2,2,0,0,0,0,2,0,2,0,0,"synonymous_variant",NA,NA,"IX",2,817,0.817,2.44798041615667,0,0,FALSE,1.56460231885188
"2824","YIL070C",3,3,0,0,0,1,2,0,2,1,0,"synonymous_variant;missense_variant",NA,NA,"IX",3,801,0.801,3.74531835205992,0,0,FALSE,1.93528249929046
"2825","YIL071C",1,1,0,0,0,0,1,0,1,0,0,"synonymous_variant",NA,NA,"IX",1,1335,1.335,0.749063670411985,0,0,FALSE,0.865484644815831
"2826","YIL071W-A",4,4,0,0,0,1,3,0,3,1,0,"synonymous_variant;missense_variant",NA,NA,"IX",4,NA,NA,NA,0,NA,FALSE,NA
"2827","YIL072W",14,14,0,0,0,6,8,0,8,6,0,"synonymous_variant;missense_variant",NA,NA,"IX",14,1818,1.818,7.7007700770077,0,0,FALSE,2.77502613987827
"2828","YIL073C",25,25,0,0,0,20,4,0,5,20,0,"missense_variant;synonymous_variant;stop_retained_variant",NA,NA,"IX",25,3018,3.018,8.28363154406892,0,0,FALSE,2.87812986921524
"2829","YIL074C",2,2,0,0,0,2,0,0,0,2,0,"missense_variant",NA,NA,"IX",2,1410,1.41,1.41843971631206,0,0,FALSE,1.19098266835083
"2830","YIL075C",14,14,0,0,0,4,10,0,10,4,0,"missense_variant;synonymous_variant",NA,NA,"IX",14,2838,2.838,4.93305144467935,0,0,FALSE,2.22104737560444
"2831","YIL076W",5,5,0,0,0,1,4,0,4,1,0,"synonymous_variant;missense_variant",NA,NA,"IX",5,891,0.891,5.61167227833895,0,0,FALSE,2.36889684839567
"2832","YIL077C",3,3,0,0,0,2,1,0,1,2,0,"missense_variant;synonymous_variant",NA,NA,"IX",3,963,0.963,3.11526479750779,0,0,FALSE,1.76501127404552
"2833","YIL078W",13,13,0,0,0,3,10,0,10,3,0,"missense_variant;synonymous_variant",NA,NA,"IX",13,2205,2.205,5.89569160997732,0,0,FALSE,2.42810453028228
"2834","YIL079C",13,8,0,5,0,4,4,5,4,4,0,"synonymous_variant;missense_variant;upstream_gene_variant",330,119,"IX",8,1083,1.083,7.38688827331487,0.625,0.676875,FALSE,2.71788304997012
"2835","YIL082W-A",6,6,0,0,0,6,0,0,0,6,0,"missense_variant",NA,NA,"IX",6,4498,4.498,1.33392618941752,0,0,FALSE,1.15495722406396
"2836","YIL083C",4,4,0,0,0,1,3,0,3,1,0,"missense_variant;synonymous_variant",NA,NA,"IX",4,1098,1.098,3.64298724954463,0,0,FALSE,1.90866111437956
"2837","YIL084C",8,8,0,0,0,2,6,0,6,2,0,"synonymous_variant;missense_variant",NA,NA,"IX",8,984,0.984,8.13008130081301,0,0,FALSE,2.85132974256101
"2838","YIL085C",14,14,0,0,0,4,10,0,10,4,0,"synonymous_variant;missense_variant",NA,NA,"IX",14,1554,1.554,9.00900900900901,0,0,FALSE,3.00150112593832
"2839","YIL086C",16,16,0,0,0,12,3,0,3,12,1,"synonymous_variant;missense_variant;stop_gained",NA,NA,"IX",16,309,0.309,51.7799352750809,0,0,FALSE,7.19582762961155
"2840","YIL088C",17,12,0,5,0,2,10,5,10,2,0,"synonymous_variant;missense_variant;upstream_gene_variant",225,42,"IX",12,1473,1.473,8.14663951120163,0.416666666666667,0.61375,FALSE,2.85423186009855
"2841","YIL089W",9,9,0,0,0,4,5,0,5,4,0,"synonymous_variant;missense_variant",NA,NA,"IX",9,618,0.618,14.5631067961165,0,0,FALSE,3.81616388486088
"2842","YIL090W",9,9,0,0,0,2,7,0,7,2,0,"synonymous_variant;missense_variant",NA,NA,"IX",9,1476,1.476,6.09756097560976,0,0,FALSE,2.46932399162397
"2843","YIL091C",19,19,0,0,0,5,14,0,14,5,0,"synonymous_variant;missense_variant",NA,NA,"IX",19,2166,2.166,8.7719298245614,0,0,FALSE,2.96174438879546
"2844","YIL092W",41,41,0,0,0,24,17,0,17,24,0,"missense_variant;synonymous_variant",NA,NA,"IX",41,1902,1.902,21.5562565720294,0,0,FALSE,4.64287158685543
"2845","YIL093C",1,1,0,0,0,0,1,0,1,0,0,"synonymous_variant",NA,NA,"IX",1,795,0.795,1.25786163522013,0,0,FALSE,1.12154430818409
"2846","YIL094C",8,8,0,0,0,0,8,0,8,0,0,"synonymous_variant",NA,NA,"IX",8,1116,1.116,7.16845878136201,0,0,FALSE,2.67739776300833
"2847","YIL095W",16,16,0,0,0,9,7,0,7,9,0,"missense_variant;synonymous_variant",NA,NA,"IX",16,2433,2.433,6.57624332100288,0,0,FALSE,2.56441871015692
"2848","YIL096C",8,8,0,0,0,3,5,0,5,3,0,"synonymous_variant;missense_variant",NA,NA,"IX",8,1011,1.011,7.91295746785361,0,0,FALSE,2.8129979502043
"2849","YIL097W",8,8,0,0,0,3,5,0,5,3,0,"synonymous_variant;missense_variant",NA,NA,"IX",8,1551,1.551,5.15796260477112,0,0,FALSE,2.27111483742481
"2850","YIL098C",5,5,0,0,0,2,3,0,3,2,0,"missense_variant;synonymous_variant",NA,NA,"IX",5,468,0.468,10.6837606837607,0,0,FALSE,3.26860225230307
"2851","YIL099W",12,12,0,0,0,5,7,0,7,5,0,"missense_variant;synonymous_variant",NA,NA,"IX",12,1650,1.65,7.27272727272727,0,0,FALSE,2.69679944985297
"2852","YIL100C-A",2,2,0,0,0,2,0,0,0,2,0,"missense_variant",NA,NA,"IX",2,NA,NA,NA,0,NA,FALSE,NA
"2853","YIL100W",2,2,0,0,0,2,0,0,0,2,0,"missense_variant",NA,NA,"IX",2,NA,NA,NA,0,NA,FALSE,NA
"2854","YIL101C",21,21,0,0,0,9,12,0,12,9,0,"missense_variant;synonymous_variant",NA,NA,"IX",21,1944,1.944,10.8024691358025,0,0,FALSE,3.2867109906109
"2855","YIL102C",7,7,0,0,0,6,1,0,1,6,0,"missense_variant;synonymous_variant",NA,NA,"IX",7,306,0.306,22.8758169934641,0,0,FALSE,4.7828670265296
"2856","YIL103W",10,10,0,0,0,3,7,0,7,3,0,"missense_variant;synonymous_variant",NA,NA,"IX",10,1278,1.278,7.82472613458529,0,0,FALSE,2.7972711943223
"2857","YIL104C",11,11,0,0,0,3,8,0,8,3,0,"synonymous_variant;missense_variant",NA,NA,"IX",11,1524,1.524,7.21784776902887,0,0,FALSE,2.68660524994441
"2858","YIL105C",12,12,0,0,0,1,11,0,11,1,0,"synonymous_variant;missense_variant",NA,NA,"IX",12,2061,2.061,5.82241630276565,0,0,FALSE,2.41296835925498
"2859","YIL106W",5,5,0,0,0,4,0,0,1,4,0,"missense_variant;stop_retained_variant",NA,NA,"IX",5,1030,1.03,4.85436893203883,0,0,FALSE,2.20326324619616
"2860","YIL107C",19,11,0,8,0,4,7,8,7,4,0,"missense_variant;synonymous_variant;upstream_gene_variant",749,313,"IX",11,2484,2.484,4.42834138486312,0.727272727272727,1.80654545454545,FALSE,2.10436246518111
"2861","YIL108W",10,10,0,0,0,0,10,0,10,0,0,"synonymous_variant",NA,NA,"IX",10,2091,2.091,4.78240076518412,0,0,FALSE,2.18687008420348
"2862","YIL109C",22,14,0,8,0,1,13,8,13,1,0,"synonymous_variant;missense_variant;upstream_gene_variant",715,5,"IX",14,2781,2.781,5.0341603739662,0.571428571428571,1.58914285714286,FALSE,2.243693467024
"2863","YIL110W",12,7,0,5,0,4,3,5,3,4,0,"upstream_gene_variant;missense_variant;synonymous_variant",775,16,"IX",7,1134,1.134,6.17283950617284,0.714285714285714,0.81,FALSE,2.48451997499977
"2864","YIL111W",9,6,0,3,0,4,0,3,0,4,2,"upstream_gene_variant;missense_variant;stop_gained",206,22,"IX",6,544,0.544,11.0294117647059,0.5,0.272,FALSE,3.32105582077536
"2865","YIL112W",26,26,0,0,0,14,12,0,12,14,0,"missense_variant;synonymous_variant",NA,NA,"IX",26,3252,3.252,7.99507995079951,0,0,FALSE,2.82755724094129
"2866","YIL113W",3,3,0,0,0,1,2,0,2,1,0,"missense_variant;synonymous_variant",NA,NA,"IX",3,630,0.63,4.76190476190476,0,0,FALSE,2.18217890235992
"2867","YIL114C",10,10,0,0,0,4,6,0,6,4,0,"missense_variant;synonymous_variant",NA,NA,"IX",10,846,0.846,11.8203309692671,0,0,FALSE,3.43807082086264
"2868","YIL115C",42,35,0,7,0,20,15,7,15,20,0,"missense_variant;synonymous_variant;upstream_gene_variant",413,125,"IX",35,4383,4.383,7.9853981291353,0.2,0.8766,FALSE,2.82584467533785
"2869","YIL115W-A",3,3,0,0,0,1,2,0,2,1,0,"missense_variant;synonymous_variant",NA,NA,"IX",3,NA,NA,NA,0,NA,FALSE,NA
"2870","YIL116W",5,5,0,0,0,1,4,0,4,1,0,"synonymous_variant;missense_variant",NA,NA,"IX",5,1158,1.158,4.31778929188256,0,0,FALSE,2.07792908730846
"2871","YIL117C",13,13,0,0,0,8,5,0,5,8,0,"missense_variant;synonymous_variant",NA,NA,"IX",13,957,0.957,13.5841170323929,0,0,FALSE,3.68566371667206
"2872","YIL118W",1,1,0,0,0,0,1,0,1,0,0,"synonymous_variant",NA,NA,"IX",1,696,0.696,1.4367816091954,0,0,FALSE,1.19865825371346
"2873","YIL119C",33,15,0,18,0,9,6,18,6,9,0,"synonymous_variant;missense_variant;upstream_gene_variant",915,52,"IX",15,1224,1.224,12.2549019607843,1.2,1.4688,FALSE,3.50070021007002
"2874","YIL120W",17,16,0,1,0,8,8,1,8,8,0,"upstream_gene_variant;synonymous_variant;missense_variant",137,137,"IX",16,1692,1.692,9.45626477541371,0.0625,0.10575,FALSE,3.07510402676295
"2875","YIL121W",25,17,0,8,0,2,14,8,14,2,1,"upstream_gene_variant;missense_variant;synonymous_variant;stop_lost&splice_region_variant",541,93,"IX",17,1629,1.629,10.4358502148557,0.470588235294118,0.766588235294118,FALSE,3.23045665732505
"2876","YIL122W",30,15,0,15,0,4,11,15,11,4,0,"upstream_gene_variant;missense_variant;synonymous_variant",826,24,"IX",15,1056,1.056,14.2045454545455,1,1.056,FALSE,3.76889180722205
"2877","YIL123W",10,3,0,7,0,1,2,7,2,1,0,"upstream_gene_variant;missense_variant;synonymous_variant",730,283,"IX",3,1431,1.431,2.09643605870021,2.33333333333333,3.339,FALSE,1.4479074758769
"2878","YIL124W",13,5,0,8,0,1,4,8,4,1,0,"upstream_gene_variant;synonymous_variant;missense_variant",368,13,"IX",5,894,0.894,5.59284116331096,1.6,1.4304,FALSE,2.36491884920201
"2879","YIL125W",12,12,0,0,0,5,7,0,7,5,0,"missense_variant;synonymous_variant",NA,NA,"IX",12,3045,3.045,3.94088669950739,0,0,FALSE,1.98516666794186
"2880","YIL126W",16,16,0,0,0,10,6,0,6,10,0,"missense_variant;synonymous_variant",NA,NA,"IX",16,4080,4.08,3.92156862745098,0,0,FALSE,1.98029508595335
"2881","YIL127C",6,6,0,0,0,3,3,0,3,3,0,"missense_variant;synonymous_variant",NA,NA,"IX",6,621,0.621,9.66183574879227,0,0,FALSE,3.10834936080105
"2882","YIL128W",29,29,0,0,0,13,16,0,16,13,0,"synonymous_variant;missense_variant",NA,NA,"IX",29,3099,3.099,9.35785737334624,0,0,FALSE,3.05906151839845
"2883","YIL129C",39,33,0,6,0,10,23,6,23,10,0,"synonymous_variant;missense_variant;upstream_gene_variant",562,280,"IX",33,7131,7.131,4.62768195204039,0.181818181818182,1.29654545454545,FALSE,2.15120476757569
"2884","YIL130W",25,25,0,0,0,9,16,0,16,9,0,"synonymous_variant;missense_variant",NA,NA,"IX",25,2895,2.895,8.63557858376511,0,0,FALSE,2.93863549692117
"2885","YIL131C",17,17,0,0,0,4,13,0,13,4,0,"synonymous_variant;missense_variant",NA,NA,"IX",17,1455,1.455,11.6838487972509,0,0,FALSE,3.41816453630466
"2886","YIL132C",5,5,0,0,0,3,2,0,2,3,0,"synonymous_variant;missense_variant",NA,NA,"IX",5,642,0.642,7.78816199376947,0,0,FALSE,2.79072786092974
"2887","YIL133C",6,6,0,0,0,2,2,0,2,2,2,"missense_variant;synonymous_variant;stop_lost",NA,NA,"IX",6,890,0.89,6.74157303370786,0,0,FALSE,2.59645393444749
"2888","YIL134W",11,11,0,0,0,3,8,0,8,3,0,"synonymous_variant;missense_variant",NA,NA,"IX",11,936,0.936,11.7521367521368,0,0,FALSE,3.42813896336434
"2889","YIL135C",4,4,0,0,0,3,1,0,1,3,0,"missense_variant;synonymous_variant",NA,NA,"IX",4,1311,1.311,3.0511060259344,0,0,FALSE,1.74674154525917
"2890","YIL136W",10,10,0,0,0,1,9,0,9,1,0,"synonymous_variant;missense_variant",NA,NA,"IX",10,1182,1.182,8.46023688663283,0,0,FALSE,2.90864863581575
"2891","YIL137C",30,30,0,0,0,9,21,0,21,9,0,"synonymous_variant;missense_variant",NA,NA,"IX",30,2841,2.841,10.5596620908131,0,0,FALSE,3.24956336925641
"2892","YIL138C",6,6,0,0,0,1,5,0,5,1,0,"synonymous_variant;missense_variant",NA,NA,"IX",6,486,0.486,12.3456790123457,0,0,FALSE,3.51364184463153
"2893","YIL139C",7,3,0,4,0,2,1,4,1,2,0,"missense_variant;synonymous_variant;upstream_gene_variant",463,70,"IX",3,738,0.738,4.0650406504065,1.33333333333333,0.984,FALSE,2.01619459636378
"2894","YIL140W",22,22,0,0,0,6,16,0,16,6,0,"synonymous_variant;missense_variant",NA,NA,"IX",22,2472,2.472,8.89967637540453,0,0,FALSE,2.98323253793675
"2895","YIL141W",3,3,0,0,0,3,0,0,0,3,0,"missense_variant",NA,NA,"IX",3,NA,NA,NA,0,NA,FALSE,NA
"2896","YIL142C-A",2,2,0,0,0,1,1,0,1,1,0,"missense_variant;synonymous_variant",NA,NA,"IX",2,NA,NA,NA,0,NA,FALSE,NA
"2897","YIL142W",7,7,0,0,0,1,6,0,6,1,0,"synonymous_variant;missense_variant",NA,NA,"IX",7,1584,1.584,4.41919191919192,0,0,FALSE,2.1021874129563
"2898","YIL143C",22,16,0,6,0,2,14,6,14,2,0,"synonymous_variant;missense_variant;upstream_gene_variant",63,20,"IX",16,2532,2.532,6.31911532385466,0.375,0.9495,FALSE,2.51378505919951
"2899","YIL144W",16,16,0,0,0,3,13,0,13,3,0,"synonymous_variant;missense_variant",NA,NA,"IX",16,2076,2.076,7.70712909441233,0,0,FALSE,2.77617166155343
"2900","YIL145C",6,6,0,0,0,0,6,0,6,0,0,"synonymous_variant",NA,NA,"IX",6,930,0.93,6.45161290322581,0,0,FALSE,2.54000254000381
"2901","YIL146C",14,14,0,0,0,2,12,0,12,2,0,"synonymous_variant;missense_variant",NA,NA,"IX",14,1590,1.59,8.80503144654088,0,0,FALSE,2.96732732379508
"2902","YIL147C",74,65,0,9,0,28,37,9,37,28,0,"synonymous_variant;missense_variant;upstream_gene_variant",702,205,"IX",65,3663,3.663,17.7450177450177,0.138461538461538,0.507184615384615,FALSE,4.21248356020742
"2903","YIL148W",1,1,0,0,0,1,0,0,0,1,0,"missense_variant",NA,NA,"IX",1,821,0.821,1.21802679658953,0,0,FALSE,1.10364251304013
"2904","YIL149C",82,54,0,28,0,23,31,28,31,23,0,"synonymous_variant;missense_variant;upstream_gene_variant",997,5,"IX",54,5040,5.04,10.7142857142857,0.518518518518518,2.61333333333333,FALSE,3.27326835353989
"2905","YIL150C",9,9,0,0,0,3,6,0,6,3,0,"synonymous_variant;missense_variant",NA,NA,"IX",9,1716,1.716,5.24475524475525,0,0,FALSE,2.29014306207172
"2906","YIL151C",26,24,0,2,0,5,19,2,19,5,0,"missense_variant;synonymous_variant;upstream_gene_variant",185,150,"IX",24,3357,3.357,7.14924039320822,0.0833333333333333,0.27975,FALSE,2.67380634923478
"2907","YIL152W",4,4,0,0,0,1,3,0,3,1,0,"synonymous_variant;missense_variant",NA,NA,"IX",4,708,0.708,5.64971751412429,0,0,FALSE,2.37691344270764
"2908","YIL153W",12,12,0,0,0,3,9,0,9,3,0,"synonymous_variant;missense_variant",NA,NA,"IX",12,1182,1.182,10.1522842639594,0,0,FALSE,3.18626493938583
"2909","YIL154C",4,4,0,0,0,1,3,0,3,1,0,"synonymous_variant;missense_variant",NA,NA,"IX",4,1041,1.041,3.84245917387128,0,0,FALSE,1.96021916475461
"2910","YIL155C",16,11,0,5,0,1,10,5,10,1,0,"synonymous_variant;missense_variant;upstream_gene_variant",257,9,"IX",11,1950,1.95,5.64102564102564,0.454545454545455,0.886363636363636,FALSE,2.37508434398142
"2911","YIL156W",21,21,0,0,0,3,18,0,18,3,0,"synonymous_variant;missense_variant",NA,NA,"IX",21,3216,3.216,6.52985074626866,0,0,FALSE,2.55535726391999
"2912","YIL156W-A",1,1,0,0,0,1,0,0,0,1,0,"missense_variant",NA,NA,"IX",1,NA,NA,NA,0,NA,FALSE,NA
"2913","YIL156W-B",3,3,0,0,0,0,3,0,3,0,0,"synonymous_variant",NA,NA,"IX",3,284,0.284,10.5633802816901,0,0,FALSE,3.2501354251308
"2914","YIL157C",6,6,0,0,0,1,5,0,5,1,0,"synonymous_variant;missense_variant",NA,NA,"IX",6,594,0.594,10.1010101010101,0,0,FALSE,3.17820863081864
"2915","YIL158W",7,7,0,0,0,5,2,0,2,5,0,"missense_variant;synonymous_variant",NA,NA,"IX",7,615,0.615,11.3821138211382,0,0,FALSE,3.37373884898316
"2916","YIL159W",38,38,0,0,0,11,27,0,27,11,0,"missense_variant;synonymous_variant",NA,NA,"IX",38,4128,4.128,9.20542635658915,0,0,FALSE,3.0340445541536
"2917","YIL160C",11,11,0,0,0,2,9,0,9,2,0,"synonymous_variant;missense_variant",NA,NA,"IX",11,1254,1.254,8.7719298245614,0,0,FALSE,2.96174438879546
"2918","YIL161W",5,5,0,0,0,3,1,0,2,3,0,"missense_variant;synonymous_variant;splice_region_variant&stop_retained_variant",NA,NA,"IX",5,708,0.708,7.06214689265537,0,0,FALSE,2.65747001726367
"2919","YIL162W",101,101,0,0,0,25,76,0,76,25,0,"missense_variant;synonymous_variant",NA,NA,"IX",101,1599,1.599,63.1644777986241,0,0,FALSE,7.94760830681936
"2920","YIL163C",6,6,0,0,0,6,0,0,0,6,0,"missense_variant",NA,NA,"IX",6,354,0.354,16.9491525423729,0,0,FALSE,4.11693484796309
"2921","YIL164C",6,6,0,0,0,0,5,0,5,0,1,"stop_lost&splice_region_variant;synonymous_variant",NA,NA,"IX",6,600,0.6,10,0,0,FALSE,3.16227766016838
"2922","YIL165C",7,7,0,0,0,2,5,0,5,2,0,"synonymous_variant;missense_variant",NA,NA,"IX",7,360,0.36,19.4444444444444,0,0,FALSE,4.40958551844098
"2923","YIL166C",61,13,0,48,0,1,12,48,12,1,0,"synonymous_variant;missense_variant;upstream_gene_variant",996,3,"IX",13,1629,1.629,7.98035604665439,3.69230769230769,6.01476923076923,FALSE,2.82495239723688
"2924","YIL168W",1,1,0,0,0,0,0,0,1,0,0,"splice_region_variant&non_coding_transcript_exon_variant",NA,NA,"IX",1,NA,NA,NA,0,NA,FALSE,NA
"2925","YIL169C",77,39,0,38,0,12,27,38,27,12,0,"missense_variant;synonymous_variant;upstream_gene_variant",993,94,"IX",39,2988,2.988,13.0522088353414,0.974358974358974,2.91138461538462,FALSE,3.6127840836869
"2926","YIR001C",3,3,0,0,0,1,1,0,2,1,0,"splice_region_variant&stop_retained_variant;missense_variant;synonymous_variant",NA,NA,"IX",3,753,0.753,3.98406374501992,0,0,FALSE,1.9960119601395
"2927","YIR002C",15,15,0,0,0,7,8,0,8,7,0,"missense_variant;synonymous_variant",NA,NA,"IX",15,2982,2.982,5.03018108651911,0,0,FALSE,2.24280652008128
"2928","YIR003W",20,20,0,0,0,14,6,0,6,14,0,"synonymous_variant;missense_variant",NA,NA,"IX",20,2040,2.04,9.80392156862745,0,0,FALSE,3.13112145542575
"2929","YIR004W",5,5,0,0,0,2,3,0,3,2,0,"missense_variant;synonymous_variant",NA,NA,"IX",5,1299,1.299,3.84911470361817,0,0,FALSE,1.96191607965738
"2930","YIR005W",1,1,0,0,0,0,1,0,1,0,0,"synonymous_variant",NA,NA,"IX",1,447,0.447,2.23713646532438,0,0,FALSE,1.49570600898853
"2931","YIR006C",19,14,0,5,0,4,10,5,10,4,0,"synonymous_variant;missense_variant;upstream_gene_variant",749,428,"IX",14,4443,4.443,3.15102408282692,0.357142857142857,1.58678571428571,FALSE,1.77511241413802
"2932","YIR007W",14,14,0,0,0,2,12,0,12,2,0,"synonymous_variant;missense_variant",NA,NA,"IX",14,2295,2.295,6.10021786492375,0,0,FALSE,2.46986191211649
"2933","YIR008C",13,8,0,5,0,2,6,5,6,2,0,"synonymous_variant;missense_variant;upstream_gene_variant",973,686,"IX",8,1230,1.23,6.50406504065041,0.625,0.76875,FALSE,2.55030685225335
"2934","YIR010W",3,3,0,0,0,1,2,0,2,1,0,"missense_variant;synonymous_variant",NA,NA,"IX",3,1731,1.731,1.73310225303293,0,0,FALSE,1.31647341523972
"2935","YIR011C",3,3,0,0,0,1,2,0,2,1,0,"missense_variant;synonymous_variant",NA,NA,"IX",3,960,0.96,3.125,0,0,FALSE,1.76776695296637
"2936","YIR012W",8,8,0,0,0,2,6,0,6,2,0,"missense_variant;synonymous_variant",NA,NA,"IX",8,1296,1.296,6.17283950617284,0,0,FALSE,2.48451997499977
"2937","YIR013C",3,3,0,0,0,1,2,0,2,1,0,"synonymous_variant;missense_variant",NA,NA,"IX",3,366,0.366,8.19672131147541,0,0,FALSE,2.86299167156934
"2938","YIR014W",5,5,0,0,0,3,2,0,2,3,0,"synonymous_variant;missense_variant",NA,NA,"IX",5,729,0.729,6.85871056241427,0,0,FALSE,2.61891400439462
"2939","YIR015W",5,5,0,0,0,0,5,0,5,0,0,"synonymous_variant",NA,NA,"IX",5,435,0.435,11.4942528735632,0,0,FALSE,3.39031751810405
"2940","YIR016W",13,13,0,0,0,7,6,0,6,7,0,"synonymous_variant;missense_variant",NA,NA,"IX",13,798,0.798,16.2907268170426,0,0,FALSE,4.03617725292666
"2941","YIR017C",1,1,0,0,0,0,0,0,0,0,1,"start_lost",NA,NA,"IX",1,564,0.564,1.77304964539007,0,0,FALSE,1.33155910322827
"2942","YIR017W-A",1,1,0,0,0,0,0,0,0,0,1,"stop_gained",NA,NA,"IX",1,NA,NA,NA,0,NA,FALSE,NA
"2943","YIR018C-A",3,3,0,0,0,3,0,0,0,3,0,"missense_variant",NA,NA,"IX",3,138,0.138,21.7391304347826,0,0,FALSE,4.66252404120157
"2944","YIR018W",4,4,0,0,0,2,2,0,2,2,0,"synonymous_variant;missense_variant",NA,NA,"IX",4,738,0.738,5.42005420054201,0,0,FALSE,2.32810098589859
"2945","YIR019C",59,43,0,16,0,27,16,16,16,27,0,"missense_variant;synonymous_variant;upstream_gene_variant",976,63,"IX",43,4104,4.104,10.4775828460039,0.372093023255814,1.52706976744186,FALSE,3.23690945903711
"2946","YIR020C",4,4,0,0,0,4,0,0,0,4,0,"missense_variant",NA,NA,"IX",4,303,0.303,13.2013201320132,0,0,FALSE,3.6333620975638
"2947","YIR020C-B",12,12,0,0,0,4,7,0,7,4,1,"synonymous_variant;missense_variant;stop_gained",NA,NA,"IX",12,NA,NA,NA,0,NA,FALSE,NA
"2948","YIR020W-A",8,8,0,0,0,6,2,0,2,6,0,"synonymous_variant;missense_variant",NA,NA,"IX",8,NA,NA,NA,0,NA,FALSE,NA
"2949","YIR021W",9,9,0,0,0,4,5,0,5,4,0,"synonymous_variant;missense_variant",NA,NA,"IX",9,1092,1.092,8.24175824175824,0,0,FALSE,2.87084625881607
"2950","YIR021W-A",4,4,0,0,0,3,1,0,1,3,0,"missense_variant;synonymous_variant",NA,NA,"IX",4,213,0.213,18.7793427230047,0,0,FALSE,4.33351390017439
"2951","YIR022W",4,4,0,0,0,0,4,0,4,0,0,"synonymous_variant",NA,NA,"IX",4,504,0.504,7.93650793650794,0,0,FALSE,2.81718084909506
"2952","YIR023C-A",4,0,0,4,0,0,0,4,0,0,0,"upstream_gene_variant",932,804,"IX",0,NA,NA,NA,NA,NA,FALSE,NA
"2953","YIR023W",16,16,0,0,0,4,12,0,12,4,0,"missense_variant;synonymous_variant",NA,NA,"IX",16,2913,2.913,5.49261929282527,0,0,FALSE,2.34363377958786
"2954","YIR024C",7,7,0,0,0,3,4,0,4,3,0,"synonymous_variant;missense_variant",NA,NA,"IX",7,651,0.651,10.752688172043,0,0,FALSE,3.27912917891976
"2955","YIR025W",12,12,0,0,0,3,9,0,9,3,0,"synonymous_variant;missense_variant",NA,NA,"IX",12,1107,1.107,10.840108401084,0,0,FALSE,3.29243198883197
"2956","YIR026C",11,11,0,0,0,2,9,0,9,2,0,"missense_variant;synonymous_variant",NA,NA,"IX",11,1095,1.095,10.0456621004566,0,0,FALSE,3.16948924914672
"2957","YIR027C",11,11,0,0,0,4,7,0,7,4,0,"missense_variant;synonymous_variant",NA,NA,"IX",11,1383,1.383,7.95372378886479,0,0,FALSE,2.82023470457067
"2958","YIR028W",19,19,0,0,0,3,16,0,16,3,0,"synonymous_variant;missense_variant",NA,NA,"IX",19,1908,1.908,9.958071278826,0,0,FALSE,3.15564118347223
"2959","YIR029W",4,4,0,0,0,0,4,0,4,0,0,"synonymous_variant",NA,NA,"IX",4,1032,1.032,3.87596899224806,0,0,FALSE,1.96874807739539
"2960","YIR030C",11,11,0,0,0,4,7,0,7,4,0,"synonymous_variant;missense_variant",NA,NA,"IX",11,735,0.735,14.9659863945578,0,0,FALSE,3.86858971649331
"2961","YIR031C",6,6,0,0,0,2,4,0,4,2,0,"synonymous_variant;missense_variant",NA,NA,"IX",6,1665,1.665,3.6036036036036,0,0,FALSE,1.898315991505
"2962","YIR032C",4,4,0,0,0,2,2,0,2,2,0,"synonymous_variant;missense_variant",NA,NA,"IX",4,588,0.588,6.80272108843537,0,0,FALSE,2.60820265478651
"2963","YIR033W",19,19,0,0,0,6,13,0,13,6,0,"synonymous_variant;missense_variant",NA,NA,"IX",19,3342,3.342,5.6852184320766,0,0,FALSE,2.38436960894837
"2964","YIR034C",15,11,0,4,0,1,10,4,10,1,0,"synonymous_variant;missense_variant;upstream_gene_variant",183,52,"IX",11,1122,1.122,9.80392156862745,0.363636363636364,0.408,FALSE,3.13112145542575
"2965","YIR035C",5,5,0,0,0,2,3,0,3,2,0,"synonymous_variant;missense_variant",NA,NA,"IX",5,765,0.765,6.5359477124183,0,0,FALSE,2.55654996282457
"2966","YIR036C",4,4,0,0,0,2,2,0,2,2,0,"synonymous_variant;missense_variant",NA,NA,"IX",4,792,0.792,5.05050505050505,0,0,FALSE,2.24733287487747
"2967","YIR036W-A",3,3,0,0,0,1,2,0,2,1,0,"missense_variant;synonymous_variant",NA,NA,"IX",3,NA,NA,NA,0,NA,FALSE,NA
"2968","YIR037W",3,3,0,0,0,0,3,0,3,0,0,"synonymous_variant",NA,NA,"IX",3,492,0.492,6.09756097560976,0,0,FALSE,2.46932399162397
"2969","YIR038C",5,5,0,0,0,1,4,0,4,1,0,"missense_variant;synonymous_variant",NA,NA,"IX",5,705,0.705,7.09219858156028,0,0,FALSE,2.66311820645654
"2970","YIR039C",52,18,0,34,0,6,12,34,12,6,0,"synonymous_variant;missense_variant;upstream_gene_variant",961,128,"IX",18,1614,1.614,11.1524163568773,1.88888888888889,3.04866666666667,FALSE,3.33952337271014
"2971","YIR040C",1,1,0,0,0,1,0,0,0,1,0,"missense_variant",NA,NA,"IX",1,NA,NA,NA,0,NA,FALSE,NA
"2972","YIR042C",43,43,0,0,0,20,23,0,23,20,0,"synonymous_variant;missense_variant",NA,NA,"IX",43,711,0.711,60.478199718706,0,0,FALSE,7.77677309163036
"2973","YIR044C",1,1,0,0,0,0,0,0,1,0,0,"splice_region_variant&non_coding_transcript_exon_variant",NA,NA,"IX",1,NA,NA,NA,0,NA,FALSE,NA
"2974","YJL001W",2,2,0,0,0,2,0,0,0,2,0,"missense_variant",NA,NA,"X",2,764,0.764,2.61780104712042,0,0,FALSE,1.61796200422643
"2975","YJL002C",8,8,0,0,0,4,4,0,4,4,0,"missense_variant;synonymous_variant",NA,NA,"X",8,1431,1.431,5.59049615653389,0,0,FALSE,2.36442300710636
"2976","YJL004C",5,3,0,2,0,2,1,2,1,2,0,"missense_variant;synonymous_variant;upstream_gene_variant",872,378,"X",3,612,0.612,4.90196078431373,0.666666666666667,0.408,FALSE,2.21403721385024
"2977","YJL005W",33,33,0,0,0,12,21,0,21,12,0,"synonymous_variant;missense_variant",NA,NA,"X",33,6081,6.081,5.42673902318698,0,0,FALSE,2.32953622491409
"2978","YJL006C",3,3,0,0,0,1,2,0,2,1,0,"synonymous_variant;missense_variant",NA,NA,"X",3,972,0.972,3.08641975308642,0,0,FALSE,1.75682092231577
"2979","YJL007C",2,2,0,0,0,2,0,0,0,2,0,"missense_variant",NA,NA,"X",2,315,0.315,6.34920634920635,0,0,FALSE,2.51976315339485
"2980","YJL008C",6,6,0,0,0,1,5,0,5,1,0,"synonymous_variant;missense_variant",NA,NA,"X",6,1707,1.707,3.51493848857645,0,0,FALSE,1.87481692134898
"2981","YJL009W",2,2,0,0,0,2,0,0,0,2,0,"missense_variant",NA,NA,"X",2,NA,NA,NA,0,NA,FALSE,NA
"2982","YJL010C",7,7,0,0,0,2,5,0,5,2,0,"missense_variant;synonymous_variant",NA,NA,"X",7,2001,2.001,3.49825087456272,0,0,FALSE,1.87036116153077
"2983","YJL012C",7,7,0,0,0,1,6,0,6,1,0,"synonymous_variant;missense_variant",NA,NA,"X",7,2166,2.166,3.23176361957525,0,0,FALSE,1.79771066069467
"2984","YJL013C",17,17,0,0,0,9,8,0,8,9,0,"missense_variant;synonymous_variant",NA,NA,"X",17,1548,1.548,10.9819121447028,0,0,FALSE,3.31389682167427
"2985","YJL014W",3,3,0,0,0,0,3,0,3,0,0,"synonymous_variant",NA,NA,"X",3,1605,1.605,1.86915887850467,0,0,FALSE,1.36717185404933
"2986","YJL015C",2,0,0,2,0,0,0,2,0,0,0,"upstream_gene_variant",109,17,"X",0,NA,NA,NA,NA,NA,FALSE,NA
"2987","YJL016W",11,11,0,0,0,2,9,0,9,2,0,"missense_variant;synonymous_variant",NA,NA,"X",11,1686,1.686,6.52431791221827,0,0,FALSE,2.55427443948732
"2988","YJL019W",7,7,0,0,0,3,4,0,4,3,0,"synonymous_variant;missense_variant",NA,NA,"X",7,2049,2.049,3.41630063445583,0,0,FALSE,1.84832373637732
"2989","YJL020C",27,27,0,0,0,15,12,0,12,15,0,"synonymous_variant;missense_variant",NA,NA,"X",27,3474,3.474,7.7720207253886,0,0,FALSE,2.78783441498748
"2990","YJL022W",1,1,0,0,0,1,0,0,0,1,0,"missense_variant",NA,NA,"X",1,NA,NA,NA,0,NA,FALSE,NA
"2991","YJL023C",8,8,0,0,0,6,2,0,2,6,0,"missense_variant;synonymous_variant",NA,NA,"X",8,1044,1.044,7.66283524904215,0,0,FALSE,2.76818266179133
"2992","YJL024C",2,2,0,0,0,2,0,0,0,2,0,"missense_variant",NA,NA,"X",2,662,0.662,3.02114803625378,0,0,FALSE,1.7381449986275
"2993","YJL025W",11,11,0,0,0,5,6,0,6,5,0,"missense_variant;synonymous_variant",NA,NA,"X",11,1545,1.545,7.11974110032363,0,0,FALSE,2.66828429900632
"2994","YJL026W",6,6,0,0,0,1,5,0,5,1,0,"synonymous_variant;missense_variant",NA,NA,"X",6,1200,1.2,5,0,0,FALSE,2.23606797749979
"2995","YJL027C",1,1,0,0,0,0,1,0,1,0,0,"synonymous_variant",NA,NA,"X",1,417,0.417,2.39808153477218,0,0,FALSE,1.54857403270628
"2996","YJL028W",1,1,0,0,0,1,0,0,0,1,0,"missense_variant",NA,NA,"X",1,336,0.336,2.97619047619048,0,0,FALSE,1.72516389835589
"2997","YJL029C",20,20,0,0,0,3,17,0,17,3,0,"synonymous_variant;missense_variant",NA,NA,"X",20,2469,2.469,8.10044552450385,0,0,FALSE,2.84612816375227
"2998","YJL030W",10,7,0,3,0,0,7,3,7,0,0,"upstream_gene_variant;synonymous_variant",276,238,"X",7,591,0.591,11.844331641286,0.428571428571429,0.253285714285714,FALSE,3.44155947809797
"2999","YJL031C",4,1,0,3,0,1,0,3,0,1,0,"missense_variant;upstream_gene_variant",837,199,"X",1,1071,1.071,0.933706816059757,3,3.213,FALSE,0.966285059420747
"3000","YJL032W",7,4,0,3,0,2,2,3,2,2,0,"upstream_gene_variant;synonymous_variant;missense_variant",181,52,"X",4,NA,NA,NA,0.75,NA,FALSE,NA
"3001","YJL033W",23,23,0,0,0,6,17,0,17,6,0,"missense_variant;synonymous_variant",NA,NA,"X",23,2313,2.313,9.94379593601383,0,0,FALSE,3.15337849552093
"3002","YJL034W",8,8,0,0,0,1,7,0,7,1,0,"synonymous_variant;missense_variant",NA,NA,"X",8,2049,2.049,3.90434358223524,0,0,FALSE,1.97594118896166
"3003","YJL035C",13,9,0,4,0,4,5,4,5,4,0,"missense_variant;synonymous_variant;upstream_gene_variant",119,22,"X",9,753,0.753,11.9521912350598,0.444444444444444,0.334666666666667,FALSE,3.45719412747675
"3004","YJL036W",7,7,0,0,0,1,6,0,6,1,0,"synonymous_variant;missense_variant",NA,NA,"X",7,1272,1.272,5.50314465408805,0,0,FALSE,2.3458782266111
"3005","YJL037W",1,1,0,0,0,0,1,0,1,0,0,"synonymous_variant",NA,NA,"X",1,675,0.675,1.48148148148148,0,0,TRUE,1.21716123890037
"3006","YJL038C",6,6,0,0,0,3,2,0,3,3,0,"splice_region_variant&stop_retained_variant;synonymous_variant;missense_variant",NA,NA,"X",6,660,0.66,9.09090909090909,0,0,FALSE,3.01511344577764
"3007","YJL039C",38,25,0,13,0,7,18,13,18,7,0,"synonymous_variant;missense_variant;upstream_gene_variant",900,397,"X",25,5052,5.052,4.94853523357086,0.52,2.62704,FALSE,2.22453033999783
"3008","YJL041W",23,23,0,0,0,19,0,0,0,19,4,"missense_variant;stop_gained;stop_lost",NA,NA,"X",23,2590,2.59,8.88030888030888,0,0,FALSE,2.979984711422
"3009","YJL042W",34,34,0,0,0,12,22,0,22,12,0,"missense_variant;synonymous_variant",NA,NA,"X",34,4197,4.197,8.10102454133905,0,0,FALSE,2.84622988202623
"3010","YJL043W",9,9,0,0,0,5,4,0,4,5,0,"synonymous_variant;missense_variant",NA,NA,"X",9,774,0.774,11.6279069767442,0,0,FALSE,3.40997169735237
"3011","YJL044C",20,15,0,5,0,5,10,5,10,5,0,"synonymous_variant;missense_variant;upstream_gene_variant",376,26,"X",15,1377,1.377,10.8932461873638,0.333333333333333,0.459,FALSE,3.30049180992225
"3012","YJL045W",13,13,0,0,0,2,11,0,11,2,0,"missense_variant;synonymous_variant",NA,NA,"X",13,1905,1.905,6.8241469816273,0,0,FALSE,2.6123068314475
"3013","YJL046W",6,6,0,0,0,2,4,0,4,2,0,"missense_variant;synonymous_variant",NA,NA,"X",6,1230,1.23,4.8780487804878,0,0,FALSE,2.20863052149693
"3014","YJL047C",21,21,0,0,0,3,18,0,18,3,0,"synonymous_variant;missense_variant",NA,NA,"X",21,2529,2.529,8.30367734282325,0,0,FALSE,2.88161019966672
"3015","YJL048C",19,7,0,12,0,0,7,12,7,0,0,"synonymous_variant;upstream_gene_variant",759,15,"X",7,1191,1.191,5.87741393786734,1.71428571428571,2.04171428571429,FALSE,2.42433783492882
"3016","YJL049W",8,7,0,1,0,2,5,1,5,2,0,"upstream_gene_variant;synonymous_variant;missense_variant",11,11,"X",7,1353,1.353,5.17368810051737,0.142857142857143,0.193285714285714,FALSE,2.27457426797134
"3017","YJL050W",28,28,0,0,0,9,19,0,19,9,0,"missense_variant;synonymous_variant",NA,NA,"X",28,3222,3.222,8.69025450031037,0,0,FALSE,2.94792376093928
"3018","YJL051W",16,16,0,0,0,6,10,0,10,6,0,"synonymous_variant;missense_variant",NA,NA,"X",16,2469,2.469,6.48035641960308,0,0,FALSE,2.54565441873069
"3019","YJL052W",5,5,0,0,0,2,3,0,3,2,0,"synonymous_variant;missense_variant",NA,NA,"X",5,999,0.999,5.005005005005,0,0,FALSE,2.23718685071341
"3020","YJL053W",7,7,0,0,0,1,6,0,6,1,0,"missense_variant;synonymous_variant",NA,NA,"X",7,1140,1.14,6.14035087719298,0,0,FALSE,2.47797313891676
"3021","YJL054W",9,9,0,0,0,4,5,0,5,4,0,"synonymous_variant;missense_variant",NA,NA,"X",9,1437,1.437,6.26304801670146,0,0,FALSE,2.50260824275424
"3022","YJL055W",3,3,0,0,0,1,2,0,2,1,0,"missense_variant;synonymous_variant",NA,NA,"X",3,738,0.738,4.0650406504065,0,0,FALSE,2.01619459636378
"3023","YJL056C",11,11,0,0,0,6,5,0,5,6,0,"missense_variant;synonymous_variant",NA,NA,"X",11,2643,2.643,4.16193719258419,0,0,FALSE,2.04008264356721
"3024","YJL057C",11,11,0,0,0,7,4,0,4,7,0,"missense_variant;synonymous_variant",NA,NA,"X",11,2004,2.004,5.48902195608782,0,0,FALSE,2.34286618399085
"3025","YJL058C",5,5,0,0,0,2,3,0,3,2,0,"synonymous_variant;missense_variant",NA,NA,"X",5,1632,1.632,3.06372549019608,0,0,FALSE,1.75035010503501
"3026","YJL059W",7,4,0,3,0,2,2,3,2,2,0,"upstream_gene_variant;missense_variant;synonymous_variant",51,40,"X",4,1227,1.227,3.2599837000815,0.75,0.92025,FALSE,1.80554249467618
"3027","YJL060W",20,3,0,17,0,0,3,17,3,0,0,"upstream_gene_variant;synonymous_variant",935,1,"X",3,1335,1.335,2.24719101123596,5.66666666666667,7.565,FALSE,1.49906337799172
"3028","YJL061W",22,22,0,0,0,10,12,0,12,10,0,"synonymous_variant;missense_variant",NA,NA,"X",22,2142,2.142,10.2707749766573,0,0,FALSE,3.20480498262489
"3029","YJL062W",22,22,0,0,0,10,12,0,12,10,0,"missense_variant;synonymous_variant",NA,NA,"X",22,2493,2.493,8.82470918572002,0,0,FALSE,2.97064120784049
"3030","YJL063C",3,3,0,0,0,2,1,0,1,2,0,"missense_variant;synonymous_variant",NA,NA,"X",3,717,0.717,4.18410041841004,0,0,FALSE,2.04550737432307
"3031","YJL065C",3,3,0,0,0,0,3,0,3,0,0,"synonymous_variant",NA,NA,"X",3,504,0.504,5.95238095238095,0,0,FALSE,2.43975018237133
"3032","YJL066C",6,6,0,0,0,0,6,0,6,0,0,"synonymous_variant",NA,NA,"X",6,759,0.759,7.90513833992095,0,0,FALSE,2.81160778557767
"3033","YJL067W",1,1,0,0,0,1,0,0,0,1,0,"missense_variant",NA,NA,"X",1,NA,NA,NA,0,NA,FALSE,NA
"3034","YJL068C",17,17,0,0,0,5,12,0,12,5,0,"synonymous_variant;missense_variant",NA,NA,"X",17,900,0.9,18.8888888888889,0,0,FALSE,4.34613493680177
"3035","YJL069C",11,11,0,0,0,3,8,0,8,3,0,"synonymous_variant;missense_variant",NA,NA,"X",11,1785,1.785,6.1624649859944,0,0,FALSE,2.48243126510975
"3036","YJL070C",35,35,0,0,0,11,24,0,24,11,0,"synonymous_variant;missense_variant",NA,NA,"X",35,2667,2.667,13.1233595800525,0,0,FALSE,3.62261778001109
"3037","YJL071W",18,18,0,0,0,6,12,0,12,6,0,"missense_variant;synonymous_variant",NA,NA,"X",18,1725,1.725,10.4347826086957,0,0,FALSE,3.23029141234899
"3038","YJL072C",1,1,0,0,0,0,1,0,1,0,0,"synonymous_variant",NA,NA,"X",1,642,0.642,1.55763239875389,0,0,FALSE,1.24805144074829
"3039","YJL073W",21,21,0,0,0,10,11,0,11,10,0,"missense_variant;synonymous_variant",NA,NA,"X",21,1938,1.938,10.8359133126935,0,0,FALSE,3.2917948466898
"3040","YJL074C",33,33,0,0,0,8,25,0,25,8,0,"synonymous_variant;missense_variant",NA,NA,"X",33,3693,3.693,8.93582453290008,0,0,FALSE,2.98928495344624
"3041","YJL075C",1,1,0,0,0,1,0,0,0,1,0,"missense_variant",NA,NA,"X",1,417,0.417,2.39808153477218,0,0,FALSE,1.54857403270628
"3042","YJL076W",33,33,0,0,0,16,17,0,17,16,0,"missense_variant;synonymous_variant",NA,NA,"X",33,3570,3.57,9.2436974789916,0,0,FALSE,3.0403449605253
"3043","YJL077C",6,6,0,0,0,4,2,0,2,4,0,"missense_variant;synonymous_variant",NA,NA,"X",6,396,0.396,15.1515151515152,0,0,FALSE,3.89249472080761
"3044","YJL077W-B",1,1,0,0,0,1,0,0,0,1,0,"missense_variant",NA,NA,"X",1,99,0.099,10.1010101010101,0,0,FALSE,3.17820863081864
"3045","YJL078C",53,53,0,0,0,22,31,0,31,22,0,"synonymous_variant;missense_variant",NA,NA,"X",53,2646,2.646,20.0302343159486,0,0,FALSE,4.47551497773704
"3046","YJL079C",12,12,0,0,0,4,8,0,8,4,0,"synonymous_variant;missense_variant",NA,NA,"X",12,900,0.9,13.3333333333333,0,0,FALSE,3.65148371670111
"3047","YJL080C",24,24,0,0,0,8,16,0,16,8,0,"missense_variant;synonymous_variant",NA,NA,"X",24,3669,3.669,6.54129190515127,0,0,FALSE,2.55759494548126
"3048","YJL081C",8,4,0,4,0,0,4,4,4,0,0,"synonymous_variant;upstream_gene_variant",284,7,"X",4,1470,1.47,2.72108843537415,1,1.47,FALSE,1.64957219768464
"3049","YJL082W",8,8,0,0,0,0,8,0,8,0,0,"synonymous_variant",NA,NA,"X",8,2196,2.196,3.64298724954463,0,0,FALSE,1.90866111437956
"3050","YJL083W",5,5,0,0,0,2,3,0,3,2,0,"missense_variant;synonymous_variant",NA,NA,"X",5,1815,1.815,2.75482093663912,0,0,FALSE,1.65976532577323
"3051","YJL084C",16,15,0,1,0,7,8,1,8,7,0,"missense_variant;synonymous_variant;upstream_gene_variant",224,224,"X",15,3141,3.141,4.77554918815664,0.0666666666666667,0.2094,FALSE,2.18530299687632
"3052","YJL085W",2,2,0,0,0,0,2,0,2,0,0,"synonymous_variant",NA,NA,"X",2,1872,1.872,1.06837606837607,0,0,FALSE,1.0336227882434
"3053","YJL087C",1,1,0,0,0,1,0,0,0,1,0,"missense_variant",NA,NA,"X",1,2484,2.484,0.402576489533011,0,0,FALSE,0.634489156355734
"3054","YJL089W",6,6,0,0,0,3,3,0,3,3,0,"missense_variant;synonymous_variant",NA,NA,"X",6,2490,2.49,2.40963855421687,0,0,FALSE,1.55230105141267
"3055","YJL090C",2,2,0,0,0,1,1,0,1,1,0,"synonymous_variant;missense_variant",NA,NA,"X",2,2295,2.295,0.871459694989107,0,0,FALSE,0.933520056018673
"3056","YJL091C",2,2,0,0,0,1,1,0,1,1,0,"missense_variant;synonymous_variant",NA,NA,"X",2,1473,1.473,1.35777325186694,0,0,FALSE,1.16523527747272
"3057","YJL092W",6,6,0,0,0,2,4,0,4,2,0,"synonymous_variant;missense_variant",NA,NA,"X",6,3525,3.525,1.70212765957447,0,0,FALSE,1.30465614610688
"3058","YJL094C",3,2,0,1,0,1,1,1,1,1,0,"missense_variant;synonymous_variant;upstream_gene_variant",210,210,"X",2,2622,2.622,0.7627765064836,0.5,1.311,FALSE,0.873370772629586
"3059","YJL095W",10,10,0,0,0,9,1,0,1,9,0,"synonymous_variant;missense_variant",NA,NA,"X",10,4437,4.437,2.25377507324769,0,0,FALSE,1.50125783037015
"3060","YJL098W",4,3,0,1,0,3,0,1,0,3,0,"upstream_gene_variant;missense_variant",416,416,"X",3,3177,3.177,0.944287063267233,0.333333333333333,1.059,FALSE,0.971744340486341
"3061","YJL099W",13,13,0,0,0,1,12,0,12,1,0,"synonymous_variant;missense_variant",NA,NA,"X",13,2241,2.241,5.80098170459616,0,0,FALSE,2.40852272245793
"3062","YJL100W",17,17,0,0,0,6,11,0,11,6,0,"synonymous_variant;missense_variant",NA,NA,"X",17,1824,1.824,9.32017543859649,0,0,FALSE,3.05289623777103
"3063","YJL101C",20,10,0,10,0,3,7,10,7,3,0,"missense_variant;synonymous_variant;upstream_gene_variant",805,545,"X",10,2037,2.037,4.90918016691213,1,2.037,FALSE,2.21566698014664
"3064","YJL102W",18,18,0,0,0,5,13,0,13,5,0,"missense_variant;synonymous_variant",NA,NA,"X",18,2460,2.46,7.31707317073171,0,0,FALSE,2.7050089040023
"3065","YJL103C",13,13,0,0,0,4,9,0,9,4,0,"synonymous_variant;missense_variant",NA,NA,"X",13,1857,1.857,7.00053850296177,0,0,FALSE,2.64585307660153
"3066","YJL104W",5,1,0,4,0,0,1,4,1,0,0,"upstream_gene_variant;synonymous_variant",484,24,"X",1,450,0.45,2.22222222222222,4,1.8,FALSE,1.49071198499986
"3067","YJL105W",6,6,0,0,0,3,3,0,3,3,0,"missense_variant;synonymous_variant",NA,NA,"X",6,1683,1.683,3.5650623885918,0,0,FALSE,1.8881372801234
"3068","YJL106W",5,5,0,0,0,2,3,0,3,2,0,"synonymous_variant;missense_variant",NA,NA,"X",5,1938,1.938,2.57997936016512,0,0,FALSE,1.60623141550809
"3069","YJL107C",10,10,0,0,0,4,6,0,6,4,0,"synonymous_variant;missense_variant",NA,NA,"X",10,1164,1.164,8.59106529209622,0,0,FALSE,2.93105190880275
"3070","YJL108C",13,13,0,0,0,0,13,0,13,0,0,"synonymous_variant",NA,NA,"X",13,1152,1.152,11.2847222222222,0,0,FALSE,3.35927406179106
"3071","YJL109C",25,24,0,1,0,9,15,1,15,9,0,"synonymous_variant;missense_variant;upstream_gene_variant",58,58,"X",24,5310,5.31,4.51977401129944,0.0416666666666667,0.22125,FALSE,2.12597601381094
"3072","YJL110C",25,17,0,8,0,9,8,8,8,9,0,"missense_variant;synonymous_variant;upstream_gene_variant",360,61,"X",17,1656,1.656,10.2657004830918,0.470588235294118,0.779294117647059,FALSE,3.20401318397596
"3073","YJL111W",6,4,0,2,0,1,3,2,3,1,0,"upstream_gene_variant;synonymous_variant;missense_variant",228,182,"X",4,1653,1.653,2.41984271022384,0.5,0.8265,FALSE,1.55558436294013
"3074","YJL112W",13,9,0,4,0,3,6,4,6,3,0,"upstream_gene_variant;synonymous_variant;missense_variant",456,121,"X",9,2145,2.145,4.1958041958042,0.444444444444444,0.953333333333333,FALSE,2.04836622599676
"3075","YJL113W",7,7,0,0,0,5,2,0,2,5,0,"synonymous_variant;missense_variant",NA,NA,"X",7,4648,4.648,1.50602409638554,0,0,FALSE,1.22720173418454
"3076","YJL114W",1,1,0,0,0,1,0,0,0,1,0,"missense_variant",NA,NA,"X",1,681,0.681,1.46842878120411,0,0,FALSE,1.21178743235112
"3077","YJL115W",4,4,0,0,0,0,4,0,4,0,0,"synonymous_variant",NA,NA,"X",4,840,0.84,4.76190476190476,0,0,FALSE,2.18217890235992
"3078","YJL116C",2,2,0,0,0,0,2,0,2,0,0,"synonymous_variant",NA,NA,"X",2,1014,1.014,1.9723865877712,0,0,FALSE,1.40441681411581
"3079","YJL117W",2,2,0,0,0,0,2,0,2,0,0,"synonymous_variant",NA,NA,"X",2,936,0.936,2.13675213675214,0,0,FALSE,1.46176336551172
"3080","YJL118W",1,1,0,0,0,0,1,0,1,0,0,"synonymous_variant",NA,NA,"X",1,660,0.66,1.51515151515152,0,0,FALSE,1.23091490979333
"3081","YJL119C",1,1,0,0,0,1,0,0,0,1,0,"missense_variant",NA,NA,"X",1,NA,NA,NA,0,NA,FALSE,NA
"3082","YJL120W",3,3,0,0,0,3,0,0,0,3,0,"missense_variant",NA,NA,"X",3,NA,NA,NA,0,NA,FALSE,NA
"3083","YJL123C",8,8,0,0,0,2,6,0,6,2,0,"synonymous_variant;missense_variant",NA,NA,"X",8,1437,1.437,5.56715379262352,0,0,FALSE,2.3594816788065
"3084","YJL125C",4,4,0,0,0,3,1,0,1,3,0,"missense_variant;synonymous_variant",NA,NA,"X",4,1152,1.152,3.47222222222222,0,0,FALSE,1.86338998124982
"3085","YJL126W",6,6,0,0,0,3,3,0,3,3,0,"synonymous_variant;missense_variant",NA,NA,"X",6,924,0.924,6.49350649350649,0,0,FALSE,2.54823595718813
"3086","YJL127C",9,9,0,0,0,5,4,0,4,5,0,"missense_variant;synonymous_variant",NA,NA,"X",9,1923,1.923,4.6801872074883,0,0,FALSE,2.16337403319174
"3087","YJL127W-A",2,2,0,0,0,1,1,0,1,1,0,"missense_variant;synonymous_variant",NA,NA,"X",2,NA,NA,NA,0,NA,FALSE,NA
"3088","YJL128C",7,7,0,0,0,1,6,0,6,1,0,"synonymous_variant;missense_variant",NA,NA,"X",7,2007,2.007,3.48779272546089,0,0,FALSE,1.8675633123032
"3089","YJL129C",21,16,0,5,0,7,9,5,9,7,0,"missense_variant;synonymous_variant;upstream_gene_variant",704,226,"X",16,3708,3.708,4.31499460625674,0.3125,1.15875,FALSE,2.07725650949919
"3090","YJL130C",28,25,0,3,0,3,22,3,22,3,0,"synonymous_variant;missense_variant;upstream_gene_variant",859,309,"X",25,6645,6.645,3.76222723852521,0.12,0.7974,FALSE,1.93964616322803
"3091","YJL131C",5,4,0,1,0,1,3,1,3,1,0,"synonymous_variant;missense_variant;upstream_gene_variant",21,21,"X",4,1071,1.071,3.73482726423903,0.25,0.26775,FALSE,1.93257011884149
"3092","YJL132W",17,17,0,0,0,9,8,0,8,9,0,"synonymous_variant;missense_variant",NA,NA,"X",17,2253,2.253,7.54549489569463,0,0,FALSE,2.7469064228136
"3093","YJL133C-A",2,2,0,0,0,1,1,0,1,1,0,"missense_variant;synonymous_variant",NA,NA,"X",2,225,0.225,8.88888888888889,0,0,FALSE,2.98142396999972
"3094","YJL133W",1,1,0,0,0,0,1,0,1,0,0,"synonymous_variant",NA,NA,"X",1,945,0.945,1.05820105820106,0,0,FALSE,1.02868899974728
"3095","YJL134W",10,10,0,0,0,2,8,0,8,2,0,"missense_variant;synonymous_variant",NA,NA,"X",10,1230,1.23,8.13008130081301,0,0,FALSE,2.85132974256101
"3096","YJL135W",3,3,0,0,0,2,1,0,1,2,0,"synonymous_variant;missense_variant",NA,NA,"X",3,NA,NA,NA,0,NA,FALSE,NA
"3097","YJL137C",16,16,0,0,0,6,10,0,10,6,0,"missense_variant;synonymous_variant",NA,NA,"X",16,1143,1.143,13.9982502187227,0,0,FALSE,3.74142355510876
"3098","YJL138C",1,1,0,0,0,0,1,0,1,0,0,"synonymous_variant",NA,NA,"X",1,1188,1.188,0.841750841750842,0,0,FALSE,0.917469804271967
"3099","YJL139C",8,8,0,0,0,1,7,0,7,1,0,"missense_variant;synonymous_variant",NA,NA,"X",8,1287,1.287,6.21600621600622,0,0,FALSE,2.49319197335589
"3100","YJL140W",4,4,0,0,0,0,4,0,4,0,0,"synonymous_variant",NA,NA,"X",4,666,0.666,6.00600600600601,0,0,FALSE,2.45071540697936
"3101","YJL141C",15,15,0,0,0,4,11,0,11,4,0,"missense_variant;synonymous_variant",NA,NA,"X",15,2424,2.424,6.18811881188119,0,0,FALSE,2.48759297552497
"3102","YJL142C",7,7,0,0,0,6,1,0,1,6,0,"synonymous_variant;missense_variant",NA,NA,"X",7,393,0.393,17.8117048346056,0,0,FALSE,4.22039154991638
"3103","YJL143W",3,3,0,0,0,0,3,0,3,0,0,"synonymous_variant",NA,NA,"X",3,477,0.477,6.28930817610063,0,0,FALSE,2.5078493128776
"3104","YJL144W",9,9,0,0,0,1,8,0,8,1,0,"synonymous_variant;missense_variant",NA,NA,"X",9,315,0.315,28.5714285714286,0,0,FALSE,5.34522483824849
"3105","YJL145W",8,8,0,0,0,3,5,0,5,3,0,"missense_variant;synonymous_variant",NA,NA,"X",8,885,0.885,9.03954802259887,0,0,FALSE,3.00658411201132
"3106","YJL146W",9,9,0,0,0,2,7,0,7,2,0,"synonymous_variant;missense_variant",NA,NA,"X",9,1410,1.41,6.38297872340426,0,0,FALSE,2.52645576319956
"3107","YJL147C",19,19,0,0,0,8,11,0,11,8,0,"synonymous_variant;missense_variant",NA,NA,"X",19,1149,1.149,16.5361183637946,0,0,FALSE,4.06646263523896
"3108","YJL148W",6,6,0,0,0,1,5,0,5,1,0,"synonymous_variant;missense_variant",NA,NA,"X",6,702,0.702,8.54700854700855,0,0,FALSE,2.92352673102343
"3109","YJL149W",15,15,0,0,0,3,12,0,12,3,0,"missense_variant;synonymous_variant",NA,NA,"X",15,1992,1.992,7.53012048192771,0,0,FALSE,2.74410649974226
"3110","YJL150W",1,1,0,0,0,1,0,0,0,1,0,"missense_variant",NA,NA,"X",1,NA,NA,NA,0,NA,FALSE,NA
"3111","YJL151C",2,2,0,0,0,2,0,0,0,2,0,"missense_variant",NA,NA,"X",2,402,0.402,4.97512437810945,0,0,FALSE,2.23049868372735
"3112","YJL152W",4,4,0,0,0,3,1,0,1,3,0,"missense_variant;synonymous_variant",NA,NA,"X",4,NA,NA,NA,0,NA,FALSE,NA
"3113","YJL153C",14,14,0,0,0,4,10,0,10,4,0,"synonymous_variant;missense_variant",NA,NA,"X",14,1602,1.602,8.73907615480649,0,0,FALSE,2.95619284804062
"3114","YJL154C",21,21,0,0,0,5,16,0,16,5,0,"missense_variant;synonymous_variant",NA,NA,"X",21,2835,2.835,7.40740740740741,0,0,FALSE,2.72165526975909
"3115","YJL155C",14,14,0,0,0,2,12,0,12,2,0,"synonymous_variant;missense_variant",NA,NA,"X",14,1359,1.359,10.3016924208977,0,0,FALSE,3.20962496577057
"3116","YJL156C",16,16,0,0,0,9,7,0,7,9,0,"synonymous_variant;missense_variant",NA,NA,"X",16,2100,2.1,7.61904761904762,0,0,FALSE,2.76026223736942
"3117","YJL156W-A",2,2,0,0,0,2,0,0,0,2,0,"missense_variant",NA,NA,"X",2,NA,NA,NA,0,NA,FALSE,NA
"3118","YJL157C",13,13,0,0,0,3,10,0,10,3,0,"missense_variant;synonymous_variant",NA,NA,"X",13,2493,2.493,5.21460088247092,0,0,FALSE,2.28355006130168
"3119","YJL158C",2,2,0,0,0,0,2,0,2,0,0,"synonymous_variant",NA,NA,"X",2,684,0.684,2.92397660818713,0,0,FALSE,1.70996392014192
"3120","YJL159W",25,25,0,0,0,3,22,0,22,3,0,"synonymous_variant;missense_variant",NA,NA,"X",25,1242,1.242,20.1288244766506,0,0,FALSE,4.48651585048471
"3121","YJL160C",5,5,0,0,0,0,5,0,5,0,0,"synonymous_variant",NA,NA,"X",5,864,0.864,5.78703703703704,0,0,FALSE,2.40562612162344
"3122","YJL161W",2,2,0,0,0,0,2,0,2,0,0,"synonymous_variant",NA,NA,"X",2,543,0.543,3.68324125230203,0,0,FALSE,1.91917723316582
"3123","YJL162C",6,6,0,0,0,2,4,0,4,2,0,"synonymous_variant;missense_variant",NA,NA,"X",6,1752,1.752,3.42465753424658,0,0,FALSE,1.85058302549401
"3124","YJL163C",12,12,0,0,0,4,8,0,8,4,0,"missense_variant;synonymous_variant",NA,NA,"X",12,1668,1.668,7.19424460431655,0,0,FALSE,2.6822089039291
"3125","YJL164C",5,5,0,0,0,2,3,0,3,2,0,"synonymous_variant;missense_variant",NA,NA,"X",5,1194,1.194,4.18760469011725,0,0,FALSE,2.04636377267515
"3126","YJL165C",24,22,0,2,0,5,17,2,17,5,0,"missense_variant;synonymous_variant;upstream_gene_variant",465,20,"X",22,2568,2.568,8.56697819314642,0.0909090909090909,0.233454545454545,FALSE,2.92694007337807
"3127","YJL167W",5,5,0,0,0,0,5,0,5,0,0,"synonymous_variant",NA,NA,"X",5,1059,1.059,4.72143531633617,0,0,FALSE,2.17288640207816
"3128","YJL168C",9,9,0,0,0,3,6,0,6,3,0,"synonymous_variant;missense_variant",NA,NA,"X",9,2202,2.202,4.08719346049046,0,0,FALSE,2.02168085030513
"3129","YJL169W",3,3,0,0,0,2,1,0,1,2,0,"missense_variant;synonymous_variant",NA,NA,"X",3,NA,NA,NA,0,NA,FALSE,NA
"3130","YJL170C",1,1,0,0,0,0,1,0,1,0,0,"synonymous_variant",NA,NA,"X",1,630,0.63,1.58730158730159,0,0,FALSE,1.25988157669742
"3131","YJL171C",4,4,0,0,0,1,3,0,3,1,0,"synonymous_variant;missense_variant",NA,NA,"X",4,1191,1.191,3.35852225020991,0,0,FALSE,1.8326271443504
"3132","YJL172W",6,6,0,0,0,1,5,0,5,1,0,"synonymous_variant;missense_variant",NA,NA,"X",6,1731,1.731,3.46620450606586,0,0,FALSE,1.86177455833564
"3133","YJL173C",5,5,0,0,0,2,3,0,3,2,0,"synonymous_variant;missense_variant",NA,NA,"X",5,369,0.369,13.550135501355,0,0,TRUE,3.68105086916155
"3134","YJL174W",2,2,0,0,0,0,2,0,2,0,0,"synonymous_variant",NA,NA,"X",2,831,0.831,2.40673886883273,0,0,FALSE,1.55136677443883
"3135","YJL176C",14,14,0,0,0,5,9,0,9,5,0,"synonymous_variant;missense_variant",NA,NA,"X",14,2478,2.478,5.64971751412429,0,0,FALSE,2.37691344270764
"3136","YJL179W",2,2,0,0,0,0,2,0,2,0,0,"synonymous_variant",NA,NA,"X",2,330,0.33,6.06060606060606,0,0,FALSE,2.46182981958665
"3137","YJL180C",8,8,0,0,0,0,8,0,8,0,0,"synonymous_variant",NA,NA,"X",8,978,0.978,8.1799591002045,0,0,FALSE,2.86006277906701
"3138","YJL181W",22,22,0,0,0,10,12,0,12,10,0,"synonymous_variant;missense_variant",NA,NA,"X",22,1836,1.836,11.9825708061002,0,0,FALSE,3.46158501355957
"3139","YJL182C",10,10,0,0,0,5,3,0,3,5,2,"synonymous_variant;missense_variant;stop_gained",NA,NA,"X",10,NA,NA,NA,0,NA,FALSE,NA
"3140","YJL183W",4,4,0,0,0,1,3,0,3,1,0,"synonymous_variant;missense_variant",NA,NA,"X",4,1269,1.269,3.15208825847124,0,0,FALSE,1.77541213763769
"3141","YJL184W",5,5,0,0,0,1,4,0,4,1,0,"synonymous_variant;missense_variant",NA,NA,"X",5,372,0.372,13.4408602150538,0,0,FALSE,3.66617787553383
"3142","YJL185C",10,10,0,0,0,5,5,0,5,5,0,"synonymous_variant;missense_variant",NA,NA,"X",10,882,0.882,11.3378684807256,0,0,FALSE,3.36717514850737
"3143","YJL186W",24,24,0,0,0,13,11,0,11,13,0,"synonymous_variant;missense_variant",NA,NA,"X",24,1761,1.761,13.6286201022147,0,0,FALSE,3.6916961010103
"3144","YJL187C",12,12,0,0,0,4,8,0,8,4,0,"synonymous_variant;missense_variant",NA,NA,"X",12,2460,2.46,4.8780487804878,0,0,FALSE,2.20863052149693
"3145","YJL190C",4,4,0,0,0,0,4,0,4,0,0,"synonymous_variant",NA,NA,"X",4,393,0.393,10.1781170483461,0,0,FALSE,3.19031613611348
"3146","YJL191W",3,3,0,0,0,3,0,0,0,3,0,"missense_variant",NA,NA,"X",3,825,0.825,3.63636363636364,0,0,FALSE,1.90692517849118
"3147","YJL192C",5,5,0,0,0,1,4,0,4,1,0,"synonymous_variant;missense_variant",NA,NA,"X",5,705,0.705,7.09219858156028,0,0,FALSE,2.66311820645654
"3148","YJL193W",6,6,0,0,0,0,6,0,6,0,0,"synonymous_variant",NA,NA,"X",6,1209,1.209,4.96277915632754,0,0,FALSE,2.22772959677056
"3149","YJL194W",6,6,0,0,0,0,6,0,6,0,0,"synonymous_variant",NA,NA,"X",6,1542,1.542,3.89105058365759,0,0,FALSE,1.97257460788118
"3150","YJL195C",7,7,0,0,0,3,4,0,4,3,0,"missense_variant;synonymous_variant",NA,NA,"X",7,NA,NA,NA,0,NA,FALSE,NA
"3151","YJL196C",4,4,0,0,0,1,3,0,3,1,0,"synonymous_variant;missense_variant",NA,NA,"X",4,933,0.933,4.28724544480171,0,0,FALSE,2.07056645505565
"3152","YJL197W",20,20,0,0,0,7,13,0,13,7,0,"missense_variant;synonymous_variant",NA,NA,"X",20,3765,3.765,5.31208499335989,0,0,FALSE,2.3047960849845
"3153","YJL198W",26,26,0,0,0,4,22,0,22,4,0,"missense_variant;synonymous_variant",NA,NA,"X",26,2646,2.646,9.82615268329554,0,0,FALSE,3.13466946954468
"3154","YJL199C",2,2,0,0,0,2,0,0,0,2,0,"missense_variant",NA,NA,"X",2,327,0.327,6.11620795107034,0,0,FALSE,2.47309683414749
"3155","YJL200C",26,17,0,9,0,4,13,9,13,4,0,"missense_variant;synonymous_variant;upstream_gene_variant",978,491,"X",17,2370,2.37,7.17299578059072,0.529411764705882,1.25470588235294,FALSE,2.6782449067609
"3156","YJL201W",16,16,0,0,0,3,12,0,13,3,0,"synonymous_variant;missense_variant;splice_region_variant&stop_retained_variant",NA,NA,"X",16,1800,1.8,8.88888888888889,0,0,FALSE,2.98142396999972
"3157","YJL202C",2,2,0,0,0,2,0,0,0,2,0,"missense_variant",NA,NA,"X",2,NA,NA,NA,0,NA,FALSE,NA
"3158","YJL203W",9,9,0,0,0,4,5,0,5,4,0,"missense_variant;synonymous_variant",NA,NA,"X",9,843,0.843,10.6761565836299,0,0,FALSE,3.26743884160513
"3159","YJL204C",20,20,0,0,0,7,13,0,13,7,0,"synonymous_variant;missense_variant",NA,NA,"X",20,2523,2.523,7.92707094728498,0,0,FALSE,2.81550545147492
"3160","YJL205C",1,1,0,0,0,1,0,0,0,1,0,"missense_variant",NA,NA,"X",1,305,0.305,3.27868852459016,0,0,FALSE,1.81071492085037
"3161","YJL206C",18,18,0,0,0,8,10,0,10,8,0,"synonymous_variant;missense_variant",NA,NA,"X",18,2277,2.277,7.90513833992095,0,0,FALSE,2.81160778557767
"3162","YJL207C",39,38,0,1,0,8,30,1,30,8,0,"missense_variant;synonymous_variant;upstream_gene_variant",40,40,"X",38,6045,6.045,6.28618693134822,0.0263157894736842,0.159078947368421,FALSE,2.50722694053574
"3163","YJL208C",5,5,0,0,0,1,4,0,4,1,0,"synonymous_variant;missense_variant",NA,NA,"X",5,990,0.99,5.05050505050505,0,0,FALSE,2.24733287487747
"3164","YJL209W",18,18,0,0,0,6,12,0,12,6,0,"missense_variant;synonymous_variant",NA,NA,"X",18,1965,1.965,9.16030534351145,0,0,FALSE,3.02659963383191
"3165","YJL210W",1,1,0,0,0,0,1,0,1,0,0,"synonymous_variant",NA,NA,"X",1,816,0.816,1.22549019607843,0,0,FALSE,1.10701860692512
"3166","YJL211C",5,5,0,0,0,4,1,0,1,4,0,"missense_variant;synonymous_variant",NA,NA,"X",5,NA,NA,NA,0,NA,FALSE,NA
"3167","YJL212C",41,34,0,7,0,4,30,7,30,4,0,"synonymous_variant;missense_variant;upstream_gene_variant",473,108,"X",34,2400,2.4,14.1666666666667,0.205882352941176,0.494117647058823,FALSE,3.7638632635454
"3168","YJL213W",18,6,0,12,0,2,4,12,4,2,0,"upstream_gene_variant;synonymous_variant;missense_variant",389,112,"X",6,996,0.996,6.02409638554217,2,1.992,FALSE,2.45440346836908
"3169","YJL214W",47,47,0,0,0,9,37,0,37,9,1,"synonymous_variant;missense_variant;stop_gained",NA,NA,"X",47,1710,1.71,27.4853801169591,0,0,FALSE,5.24265010438033
"3170","YJL215C",9,9,0,0,0,5,3,0,3,5,1,"synonymous_variant;missense_variant;stop_gained",NA,NA,"X",9,NA,NA,NA,0,NA,FALSE,NA
"3171","YJL216C",164,156,0,8,0,38,118,8,118,38,0,"synonymous_variant;missense_variant;upstream_gene_variant",721,22,"X",156,1746,1.746,89.3470790378007,0.0512820512820513,0.0895384615384615,FALSE,9.45235838496408
"3172","YJL217W",2,2,0,0,0,1,1,0,1,1,0,"synonymous_variant;missense_variant",NA,NA,"X",2,597,0.597,3.3500837520938,0,0,FALSE,1.83032340095782
"3173","YJL218W",4,4,0,0,0,1,3,0,3,1,0,"missense_variant;synonymous_variant",NA,NA,"X",4,591,0.591,6.76818950930626,0,0,TRUE,2.60157442893842
"3174","YJL219W",13,13,0,0,0,1,12,0,12,1,0,"missense_variant;synonymous_variant",NA,NA,"X",13,1704,1.704,7.62910798122066,0,0,FALSE,2.76208399242685
"3175","YJL221C",9,0,0,9,0,0,0,9,0,0,0,"upstream_gene_variant",900,370,"X",0,1770,1.77,0,NA,NA,FALSE,0
"3176","YJR001W",4,4,0,0,0,1,3,0,3,1,0,"missense_variant;synonymous_variant",NA,NA,"X",4,1809,1.809,2.21116639027087,0,0,FALSE,1.4869991224849
"3177","YJR002W",4,4,0,0,0,3,1,0,1,3,0,"missense_variant;synonymous_variant",NA,NA,"X",4,1782,1.782,2.24466891133558,0,0,FALSE,1.49822191658498
"3178","YJR003C",9,8,0,1,0,2,6,1,6,2,0,"synonymous_variant;missense_variant;upstream_gene_variant",260,260,"X",8,1560,1.56,5.12820512820513,0.125,0.195,FALSE,2.26455406828919
"3179","YJR004C",10,10,0,0,0,7,3,0,3,7,0,"missense_variant;synonymous_variant",NA,NA,"X",10,1953,1.953,5.12032770097286,0,0,FALSE,2.2628141110071
"3180","YJR005W",12,12,0,0,0,5,7,0,7,5,0,"missense_variant;synonymous_variant",NA,NA,"X",12,2103,2.103,5.70613409415121,0,0,FALSE,2.38875157648325
"3181","YJR006W",9,9,0,0,0,4,5,0,5,4,0,"synonymous_variant;missense_variant",NA,NA,"X",9,1464,1.464,6.14754098360656,0,0,FALSE,2.47942351840232
"3182","YJR007W",4,4,0,0,0,0,4,0,4,0,0,"synonymous_variant",NA,NA,"X",4,915,0.915,4.37158469945355,0,0,TRUE,2.09083349395727
"3183","YJR008W",7,7,0,0,0,4,3,0,3,4,0,"missense_variant;synonymous_variant",NA,NA,"X",7,1017,1.017,6.88298918387414,0,0,FALSE,2.6235451556766
"3184","YJR009C",12,1,0,11,0,0,1,11,1,0,0,"synonymous_variant;upstream_gene_variant",882,282,"X",1,999,0.999,1.001001001001,11,10.989,FALSE,1.00050037531277
"3185","YJR010C-A",1,1,0,0,0,0,1,0,1,0,0,"synonymous_variant",NA,NA,"X",1,285,0.285,3.50877192982456,0,0,FALSE,1.87317162316339
"3186","YJR010W",5,5,0,0,0,0,5,0,5,0,0,"synonymous_variant",NA,NA,"X",5,1536,1.536,3.25520833333333,0,0,FALSE,1.80421959121758
"3187","YJR011C",7,7,0,0,0,5,2,0,2,5,0,"synonymous_variant;missense_variant",NA,NA,"X",7,786,0.786,8.9058524173028,0,0,FALSE,2.98426748420828
"3188","YJR012C",8,8,0,0,0,4,4,0,4,4,0,"synonymous_variant;missense_variant",NA,NA,"X",8,399,0.399,20.0501253132832,0,0,FALSE,4.47773662839645
"3189","YJR013W",12,12,0,0,0,7,5,0,5,7,0,"synonymous_variant;missense_variant",NA,NA,"X",12,1212,1.212,9.9009900990099,0,0,FALSE,3.14658387763776
"3190","YJR014W",5,5,0,0,0,0,5,0,5,0,0,"synonymous_variant",NA,NA,"X",5,597,0.597,8.37520938023451,0,0,FALSE,2.89399540086616
"3191","YJR015W",15,15,0,0,0,6,8,0,9,6,0,"missense_variant;synonymous_variant;splice_region_variant&stop_retained_variant",NA,NA,"X",15,1533,1.533,9.78473581213307,0,0,FALSE,3.12805623544927
"3192","YJR016C",12,7,0,5,0,1,6,5,6,1,0,"missense_variant;synonymous_variant;upstream_gene_variant",991,123,"X",7,1758,1.758,3.98179749715586,0.714285714285714,1.25571428571429,FALSE,1.99544418542736
"3193","YJR017C",3,3,0,0,0,3,0,0,0,3,0,"missense_variant",NA,NA,"X",3,513,0.513,5.84795321637427,0,0,FALSE,2.41825416703337
"3194","YJR018W",1,1,0,0,0,0,1,0,1,0,0,"synonymous_variant",NA,NA,"X",1,NA,NA,NA,0,NA,FALSE,NA
"3195","YJR019C",6,6,0,0,0,1,5,0,5,1,0,"synonymous_variant;missense_variant",NA,NA,"X",6,1050,1.05,5.71428571428571,0,0,FALSE,2.39045721866879
"3196","YJR020W",1,1,0,0,0,1,0,0,0,1,0,"missense_variant",NA,NA,"X",1,NA,NA,NA,0,NA,FALSE,NA
"3197","YJR021C",12,12,0,0,0,7,4,0,4,7,1,"missense_variant;stop_gained;synonymous_variant",NA,NA,"X",12,1025,1.025,11.7073170731707,0,0,FALSE,3.42159569107321
"3198","YJR023C",5,5,0,0,0,2,3,0,3,2,0,"missense_variant;synonymous_variant",NA,NA,"X",5,NA,NA,NA,0,NA,FALSE,NA
"3199","YJR024C",6,6,0,0,0,4,2,0,2,4,0,"synonymous_variant;missense_variant",NA,NA,"X",6,735,0.735,8.16326530612245,0,0,FALSE,2.85714285714286
"3200","YJR025C",4,4,0,0,0,1,3,0,3,1,0,"synonymous_variant;missense_variant",NA,NA,"X",4,534,0.534,7.49063670411985,0,0,FALSE,2.73690275751987
"3201","YJR030C",22,16,0,6,0,12,4,6,4,12,0,"synonymous_variant;missense_variant;upstream_gene_variant",305,26,"X",16,2238,2.238,7.14924039320822,0.375,0.83925,FALSE,2.67380634923478
"3202","YJR031C",22,22,0,0,0,8,14,0,14,8,0,"synonymous_variant;missense_variant",NA,NA,"X",22,4227,4.227,5.20463685829193,0,0,FALSE,2.28136732208821
"3203","YJR032W",8,8,0,0,0,3,5,0,5,3,0,"missense_variant;synonymous_variant",NA,NA,"X",8,1182,1.182,6.76818950930626,0,0,FALSE,2.60157442893842
"3204","YJR033C",25,23,0,2,0,11,12,2,12,11,0,"missense_variant;synonymous_variant;upstream_gene_variant",635,71,"X",23,4074,4.074,5.64555719194894,0.0869565217391304,0.354260869565217,FALSE,2.37603812931294
"3205","YJR035W",28,28,0,0,0,11,17,0,17,11,0,"missense_variant;synonymous_variant",NA,NA,"X",28,3258,3.258,8.59422958870473,0,0,FALSE,2.93159164767277
"3206","YJR036C",25,21,0,4,0,3,18,4,18,3,0,"synonymous_variant;missense_variant;upstream_gene_variant",297,151,"X",21,2679,2.679,7.83874580067189,0.19047619047619,0.510285714285714,FALSE,2.79977602687642
"3207","YJR037W",1,1,0,0,0,1,0,0,0,1,0,"missense_variant",NA,NA,"X",1,NA,NA,NA,0,NA,FALSE,NA
"3208","YJR038C",4,4,0,0,0,2,2,0,2,2,0,"synonymous_variant;missense_variant",NA,NA,"X",4,NA,NA,NA,0,NA,FALSE,NA
"3209","YJR039W",37,37,0,0,0,24,13,0,13,24,0,"missense_variant;synonymous_variant",NA,NA,"X",37,3366,3.366,10.9922756981581,0,0,FALSE,3.31546010353888
"3210","YJR040W",14,14,0,0,0,6,8,0,8,6,0,"missense_variant;synonymous_variant",NA,NA,"X",14,2340,2.34,5.98290598290598,0,0,FALSE,2.44599795235114
"3211","YJR041C",38,34,0,4,0,19,15,4,15,19,0,"synonymous_variant;missense_variant;upstream_gene_variant",111,1,"X",34,3525,3.525,9.64539007092199,0.117647058823529,0.414705882352941,FALSE,3.10570283042695
"3212","YJR042W",29,29,0,0,0,10,19,0,19,10,0,"synonymous_variant;missense_variant",NA,NA,"X",29,2235,2.235,12.9753914988814,0,0,FALSE,3.60213707386066
"3213","YJR043C",10,10,0,0,0,6,4,0,4,6,0,"synonymous_variant;missense_variant",NA,NA,"X",10,1053,1.053,9.49667616334283,0,0,FALSE,3.08166775680683
"3214","YJR044C",1,1,0,0,0,0,1,0,1,0,0,"synonymous_variant",NA,NA,"X",1,423,0.423,2.36406619385343,0,0,FALSE,1.53755201338148
"3215","YJR045C",6,6,0,0,0,1,5,0,5,1,0,"missense_variant;synonymous_variant",NA,NA,"X",6,1965,1.965,3.05343511450382,0,0,FALSE,1.74740811332208
"3216","YJR046W",16,16,0,0,0,3,13,0,13,3,0,"synonymous_variant;missense_variant",NA,NA,"X",16,1815,1.815,8.81542699724518,0,0,FALSE,2.96907847610082
"3217","YJR049C",5,5,0,0,0,2,3,0,3,2,0,"missense_variant;synonymous_variant",NA,NA,"X",5,1593,1.593,3.13873195229127,0,0,FALSE,1.77164667817578
"3218","YJR050W",6,6,0,0,0,3,3,0,3,3,0,"synonymous_variant;missense_variant",NA,NA,"X",6,708,0.708,8.47457627118644,0,0,FALSE,2.91111254869791
"3219","YJR051W",8,8,0,0,0,2,6,0,6,2,0,"synonymous_variant;missense_variant",NA,NA,"X",8,1506,1.506,5.31208499335989,0,0,FALSE,2.3047960849845
"3220","YJR052W",10,10,0,0,0,4,6,0,6,4,0,"synonymous_variant;missense_variant",NA,NA,"X",10,1698,1.698,5.88928150765607,0,0,FALSE,2.42678419058145
"3221","YJR053W",13,11,0,2,0,4,7,2,7,4,0,"upstream_gene_variant;synonymous_variant;missense_variant",194,25,"X",11,1725,1.725,6.3768115942029,0.181818181818182,0.313636363636364,FALSE,2.52523495821733
"3222","YJR054W",11,8,0,3,0,2,6,3,6,2,0,"upstream_gene_variant;synonymous_variant;missense_variant",290,126,"X",8,1494,1.494,5.35475234270415,0.375,0.56025,FALSE,2.31403378166874
"3223","YJR055W",1,0,0,1,0,0,0,1,0,0,0,"upstream_gene_variant",116,116,"X",0,495,0.495,0,NA,NA,FALSE,0
"3224","YJR056C",16,6,0,10,0,0,6,10,6,0,0,"synonymous_variant;upstream_gene_variant",988,135,"X",6,711,0.711,8.43881856540084,1.66666666666667,1.185,FALSE,2.90496446887063
"3225","YJR057W",6,6,0,0,0,0,6,0,6,0,0,"synonymous_variant",NA,NA,"X",6,651,0.651,9.21658986175115,0,0,FALSE,3.03588370359458
"3226","YJR058C",3,3,0,0,0,0,3,0,3,0,0,"synonymous_variant",NA,NA,"X",3,444,0.444,6.75675675675676,0,0,FALSE,2.59937622455018
"3227","YJR059W",18,18,0,0,0,7,11,0,11,7,0,"missense_variant;synonymous_variant",NA,NA,"X",18,2457,2.457,7.32600732600733,0,0,FALSE,2.70665980980383
"3228","YJR060W",4,4,0,0,0,3,1,0,1,3,0,"missense_variant;synonymous_variant",NA,NA,"X",4,1056,1.056,3.78787878787879,0,0,FALSE,1.94624736040381
"3229","YJR061W",20,15,0,5,0,8,7,5,7,8,0,"upstream_gene_variant;missense_variant;synonymous_variant",205,111,"X",15,2808,2.808,5.34188034188034,0.333333333333333,0.936,FALSE,2.31125081760512
"3230","YJR062C",20,14,0,6,0,5,9,6,9,5,0,"missense_variant;synonymous_variant;upstream_gene_variant",874,46,"X",14,1374,1.374,10.1892285298399,0.428571428571429,0.588857142857143,FALSE,3.19205710002811
"3231","YJR063W",1,1,0,0,0,0,1,0,1,0,0,"synonymous_variant",NA,NA,"X",1,378,0.378,2.64550264550265,0,0,FALSE,1.62650012158089
"3232","YJR064W",8,8,0,0,0,0,8,0,8,0,0,"synonymous_variant",NA,NA,"X",8,1689,1.689,4.73653049141504,0,0,FALSE,2.1763571608114
"3233","YJR065C",9,9,0,0,0,1,8,0,8,1,0,"synonymous_variant;missense_variant",NA,NA,"X",9,1350,1.35,6.66666666666667,0,0,FALSE,2.58198889747161
"3234","YJR066W",38,38,0,0,0,8,30,0,30,8,0,"missense_variant;synonymous_variant",NA,NA,"X",38,7413,7.413,5.12612977202212,0,0,FALSE,2.26409579568138
"3235","YJR067C",7,5,0,2,0,2,3,2,3,2,0,"synonymous_variant;missense_variant;upstream_gene_variant",81,18,"X",5,426,0.426,11.7370892018779,0.4,0.1704,FALSE,3.42594354913766
"3236","YJR068W",4,2,0,2,0,1,1,2,1,1,0,"upstream_gene_variant;synonymous_variant;missense_variant",700,681,"X",2,1062,1.062,1.88323917137476,1,1.062,FALSE,1.3723116159877
"3237","YJR069C",1,1,0,0,0,0,1,0,1,0,0,"synonymous_variant",NA,NA,"X",1,594,0.594,1.68350168350168,0,0,FALSE,1.2974982402692
"3238","YJR070C",3,3,0,0,0,0,3,0,3,0,0,"synonymous_variant",NA,NA,"X",3,978,0.978,3.06748466257669,0,0,FALSE,1.75142361026015
"3239","YJR071W",2,2,0,0,0,2,0,0,0,2,0,"missense_variant",NA,NA,"X",2,NA,NA,NA,0,NA,FALSE,NA
"3240","YJR072C",10,10,0,0,0,2,8,0,8,2,0,"synonymous_variant;missense_variant",NA,NA,"X",10,1158,1.158,8.63557858376511,0,0,FALSE,2.93863549692117
"3241","YJR073C",5,5,0,0,0,1,4,0,4,1,0,"synonymous_variant;missense_variant",NA,NA,"X",5,621,0.621,8.05152979066023,0,0,FALSE,2.83752176919583
"3242","YJR074W",8,8,0,0,0,4,4,0,4,4,0,"synonymous_variant;missense_variant",NA,NA,"X",8,657,0.657,12.1765601217656,0,0,FALSE,3.48949281726809
"3243","YJR075W",12,12,0,0,0,1,11,0,11,1,0,"missense_variant;synonymous_variant",NA,NA,"X",12,1191,1.191,10.0755667506297,0,0,FALSE,3.17420332534476
"3244","YJR076C",11,11,0,0,0,0,11,0,11,0,0,"synonymous_variant",NA,NA,"X",11,1248,1.248,8.81410256410256,0,0,FALSE,2.96885542997677
"3245","YJR077C",5,5,0,0,0,0,5,0,5,0,0,"synonymous_variant",NA,NA,"X",5,936,0.936,5.34188034188034,0,0,FALSE,2.31125081760512
"3246","YJR078W",14,14,0,0,0,6,8,0,8,6,0,"missense_variant;synonymous_variant",NA,NA,"X",14,1362,1.362,10.2790014684288,0,0,FALSE,3.20608818787456
"3247","YJR079W",5,5,0,0,0,2,1,0,1,2,2,"missense_variant;synonymous_variant;stop_lost",NA,NA,"X",5,1035,1.035,4.83091787439614,0,0,FALSE,2.19793491131929
"3248","YJR080C",8,8,0,0,0,1,7,0,7,1,0,"synonymous_variant;missense_variant",NA,NA,"X",8,1185,1.185,6.75105485232067,0,0,FALSE,2.59827920984652
"3249","YJR082C",3,3,0,0,0,1,2,0,2,1,0,"missense_variant;synonymous_variant",NA,NA,"X",3,342,0.342,8.7719298245614,0,0,FALSE,2.96174438879546
"3250","YJR083C",6,6,0,0,0,2,4,0,4,2,0,"synonymous_variant;missense_variant",NA,NA,"X",6,930,0.93,6.45161290322581,0,0,FALSE,2.54000254000381
"3251","YJR084W",15,15,0,0,0,3,12,0,12,3,0,"missense_variant;synonymous_variant",NA,NA,"X",15,1272,1.272,11.7924528301887,0,0,FALSE,3.43401409871723
"3252","YJR086W",2,2,0,0,0,0,2,0,2,0,0,"synonymous_variant",NA,NA,"X",2,333,0.333,6.00600600600601,0,0,FALSE,2.45071540697936
"3253","YJR087W",4,4,0,0,0,3,1,0,1,3,0,"synonymous_variant;missense_variant",NA,NA,"X",4,NA,NA,NA,0,NA,FALSE,NA
"3254","YJR088C",7,7,0,0,0,3,4,0,4,3,0,"missense_variant;synonymous_variant",NA,NA,"X",7,879,0.879,7.96359499431172,0,0,FALSE,2.8219842299899
"3255","YJR089W",27,27,0,0,0,14,13,0,13,14,0,"missense_variant;synonymous_variant",NA,NA,"X",27,2865,2.865,9.42408376963351,0,0,FALSE,3.0698670605799
"3256","YJR090C",36,29,0,7,0,11,18,7,18,11,0,"synonymous_variant;missense_variant;upstream_gene_variant",714,361,"X",29,3456,3.456,8.3912037037037,0.241379310344828,0.834206896551724,FALSE,2.8967574464742
"3257","YJR091C",25,25,0,0,0,4,21,0,21,4,0,"synonymous_variant;missense_variant",NA,NA,"X",25,3276,3.276,7.63125763125763,0,0,FALSE,2.76247310054915
"3258","YJR092W",44,44,0,0,0,23,21,0,21,23,0,"missense_variant;synonymous_variant",NA,NA,"X",44,4344,4.344,10.1289134438306,0,0,FALSE,3.18259539430173
"3259","YJR093C",13,11,0,2,0,5,6,2,6,5,0,"missense_variant;synonymous_variant;upstream_gene_variant",164,24,"X",11,984,0.984,11.1788617886179,0.181818181818182,0.178909090909091,FALSE,3.34348049024036
"3260","YJR094C",18,18,0,0,0,8,10,0,10,8,0,"missense_variant;synonymous_variant",NA,NA,"X",18,1083,1.083,16.6204986149584,0,0,FALSE,4.07682457495518
"3261","YJR095W",4,4,0,0,0,1,3,0,3,1,0,"synonymous_variant;missense_variant",NA,NA,"X",4,969,0.969,4.12796697626419,0,0,FALSE,2.03173988892875
"3262","YJR096W",13,7,0,6,0,1,6,6,6,1,0,"upstream_gene_variant;synonymous_variant;missense_variant",411,43,"X",7,849,0.849,8.24499411071849,0.857142857142857,0.727714285714286,FALSE,2.87140977756894
"3263","YJR097W",16,4,0,12,0,2,2,12,2,2,0,"upstream_gene_variant;synonymous_variant;missense_variant",360,16,"X",4,519,0.519,7.70712909441233,3,1.557,FALSE,2.77617166155343
"3264","YJR098C",35,21,0,14,0,8,13,14,13,8,0,"synonymous_variant;missense_variant;upstream_gene_variant",419,13,"X",21,1971,1.971,10.6544901065449,0.666666666666667,1.314,FALSE,3.26412164395644
"3265","YJR099W",4,4,0,0,0,2,2,0,2,2,0,"synonymous_variant;missense_variant",NA,NA,"X",4,711,0.711,5.62587904360056,0,0,FALSE,2.3718935565494
"3266","YJR100C",7,7,0,0,0,2,5,0,5,2,0,"synonymous_variant;missense_variant",NA,NA,"X",7,984,0.984,7.11382113821138,0,0,FALSE,2.66717474834541
"3267","YJR101W",3,3,0,0,0,0,3,0,3,0,0,"synonymous_variant",NA,NA,"X",3,801,0.801,3.74531835205992,0,0,FALSE,1.93528249929046
"3268","YJR102C",4,4,0,0,0,4,0,0,0,4,0,"missense_variant",NA,NA,"X",4,609,0.609,6.56814449917898,0,0,FALSE,2.5628391481283
"3269","YJR103W",12,12,0,0,0,1,11,0,11,1,0,"synonymous_variant;missense_variant",NA,NA,"X",12,1737,1.737,6.90846286701209,0,0,FALSE,2.62839549288384
"3270","YJR104C",4,4,0,0,0,0,4,0,4,0,0,"synonymous_variant",NA,NA,"X",4,465,0.465,8.60215053763441,0,0,FALSE,2.93294230042707
"3271","YJR105W",4,4,0,0,0,1,3,0,3,1,0,"synonymous_variant;missense_variant",NA,NA,"X",4,1023,1.023,3.91006842619746,0,0,FALSE,1.97738929556055
"3272","YJR106W",20,20,0,0,0,6,14,0,14,6,0,"synonymous_variant;missense_variant",NA,NA,"X",20,2178,2.178,9.18273645546373,0,0,FALSE,3.03030303030303
"3273","YJR107W",12,12,0,0,0,5,6,0,6,5,1,"start_lost;missense_variant;synonymous_variant",NA,NA,"X",12,987,0.987,12.1580547112462,0,0,FALSE,3.48684021877203
"3274","YJR108W",8,5,0,3,0,2,2,3,2,2,1,"upstream_gene_variant;missense_variant;synonymous_variant;stop_lost&splice_region_variant",277,89,"X",5,372,0.372,13.4408602150538,0.6,0.2232,FALSE,3.66617787553383
"3275","YJR109C",19,17,0,2,0,1,16,2,16,1,0,"synonymous_variant;missense_variant;upstream_gene_variant",546,272,"X",17,3357,3.357,5.06404527852249,0.117647058823529,0.394941176470588,FALSE,2.25034336902671
"3276","YJR110W",13,13,0,0,0,3,10,0,10,3,0,"synonymous_variant;missense_variant",NA,NA,"X",13,2067,2.067,6.28930817610063,0,0,FALSE,2.5078493128776
"3277","YJR111C",3,3,0,0,0,0,3,0,3,0,0,"synonymous_variant",NA,NA,"X",3,852,0.852,3.52112676056338,0,0,FALSE,1.876466562602
"3278","YJR112W",5,5,0,0,0,3,2,0,2,3,0,"synonymous_variant;missense_variant",NA,NA,"X",5,606,0.606,8.25082508250825,0,0,FALSE,2.87242494810713
"3279","YJR112W-A",3,3,0,0,0,2,1,0,1,2,0,"synonymous_variant;missense_variant",NA,NA,"X",3,379,0.379,7.9155672823219,0,0,FALSE,2.81346179684777
"3280","YJR113C",5,5,0,0,0,1,4,0,4,1,0,"synonymous_variant;missense_variant",NA,NA,"X",5,744,0.744,6.72043010752688,0,0,FALSE,2.59237923682606
"3281","YJR114W",1,1,0,0,0,1,0,0,0,1,0,"missense_variant",NA,NA,"X",1,NA,NA,NA,0,NA,FALSE,NA
"3282","YJR115W",6,6,0,0,0,3,2,0,2,3,1,"synonymous_variant;missense_variant;stop_lost&splice_region_variant",NA,NA,"X",6,510,0.51,11.7647058823529,0,0,FALSE,3.42997170285018
"3283","YJR116W",8,8,0,0,0,2,6,0,6,2,0,"missense_variant;synonymous_variant",NA,NA,"X",8,840,0.84,9.52380952380952,0,0,FALSE,3.08606699924184
"3284","YJR117W",4,4,0,0,0,1,3,0,3,1,0,"missense_variant;synonymous_variant",NA,NA,"X",4,1362,1.362,2.93685756240822,0,0,FALSE,1.71372622154422
"3285","YJR118C",4,4,0,0,0,3,1,0,1,3,0,"missense_variant;synonymous_variant",NA,NA,"X",4,612,0.612,6.5359477124183,0,0,FALSE,2.55654996282457
"3286","YJR119C",24,24,0,0,0,9,15,0,15,9,0,"synonymous_variant;missense_variant",NA,NA,"X",24,2187,2.187,10.9739368998628,0,0,FALSE,3.31269329999969
"3287","YJR120W",4,4,0,0,0,3,0,0,0,3,1,"missense_variant;stop_gained",NA,NA,"X",4,351,0.351,11.3960113960114,0,0,FALSE,3.37579789027889
"3288","YJR121W",8,8,0,0,0,1,7,0,7,1,0,"synonymous_variant;missense_variant",NA,NA,"X",8,1536,1.536,5.20833333333333,0,0,FALSE,2.28217732293819
"3289","YJR122W",18,18,0,0,0,8,10,0,10,8,0,"synonymous_variant;missense_variant",NA,NA,"X",18,1494,1.494,12.0481927710843,0,0,FALSE,3.47105067250312
"3290","YJR123W",1,1,0,0,0,0,1,0,1,0,0,"synonymous_variant",NA,NA,"X",1,678,0.678,1.47492625368732,0,0,FALSE,1.21446541889315
"3291","YJR124C",17,10,0,7,0,4,6,7,6,4,0,"missense_variant;synonymous_variant;upstream_gene_variant",387,6,"X",10,1347,1.347,7.42390497401633,0.7,0.9429,FALSE,2.72468438062399
"3292","YJR125C",9,9,0,0,0,3,6,0,6,3,0,"synonymous_variant;missense_variant",NA,NA,"X",9,1227,1.227,7.33496332518337,0,0,FALSE,2.70831374201428
"3293","YJR126C",17,17,0,0,0,4,13,0,13,4,0,"synonymous_variant;missense_variant",NA,NA,"X",17,2436,2.436,6.97865353037767,0,0,FALSE,2.64171412730024
"3294","YJR127C",47,44,0,3,0,19,25,3,25,19,0,"synonymous_variant;missense_variant;upstream_gene_variant",909,647,"X",44,4143,4.143,10.6203234371229,0.0681818181818182,0.282477272727273,FALSE,3.25888377164987
"3295","YJR128W",4,4,0,0,0,3,1,0,1,3,0,"synonymous_variant;missense_variant",NA,NA,"X",4,360,0.36,11.1111111111111,0,0,FALSE,3.33333333333333
"3296","YJR129C",11,11,0,0,0,6,5,0,5,6,0,"missense_variant;synonymous_variant",NA,NA,"X",11,1020,1.02,10.7843137254902,0,0,FALSE,3.28394788714593
"3297","YJR130C",13,13,0,0,0,5,8,0,8,5,0,"synonymous_variant;missense_variant",NA,NA,"X",13,1920,1.92,6.77083333333333,0,0,FALSE,2.60208249933267
"3298","YJR131W",9,9,0,0,0,2,7,0,7,2,0,"missense_variant;synonymous_variant",NA,NA,"X",9,1650,1.65,5.45454545454546,0,0,FALSE,2.33549683248457
"3299","YJR132W",15,15,0,0,0,2,13,0,13,2,0,"synonymous_variant;missense_variant",NA,NA,"X",15,3147,3.147,4.76644423260248,0,0,FALSE,2.18321877799786
"3300","YJR133W",9,2,0,7,0,0,2,7,2,0,0,"upstream_gene_variant;synonymous_variant",263,18,"X",2,630,0.63,3.17460317460317,3.5,2.205,FALSE,1.7817416127495
"3301","YJR134C",14,12,0,2,0,4,8,2,8,4,0,"synonymous_variant;missense_variant;upstream_gene_variant",49,20,"X",12,2124,2.124,5.64971751412429,0.166666666666667,0.354,FALSE,2.37691344270764
"3302","YJR135C",3,3,0,0,0,2,1,0,1,2,0,"missense_variant;synonymous_variant",NA,NA,"X",3,720,0.72,4.16666666666667,0,0,FALSE,2.04124145231932
"3303","YJR135W-A",1,1,0,0,0,0,1,0,1,0,0,"synonymous_variant",NA,NA,"X",1,264,0.264,3.78787878787879,0,0,FALSE,1.94624736040381
"3304","YJR136C",11,11,0,0,0,6,5,0,5,6,0,"synonymous_variant;missense_variant",NA,NA,"X",11,1266,1.266,8.68878357030016,0,0,FALSE,2.94767426461951
"3305","YJR137C",29,20,0,9,0,5,15,9,15,5,0,"synonymous_variant;missense_variant;upstream_gene_variant",967,535,"X",20,4329,4.329,4.62000462000462,0.45,1.94805,FALSE,2.14941960073054
"3306","YJR138W",23,23,0,0,0,8,15,0,15,8,0,"missense_variant;synonymous_variant",NA,NA,"X",23,4755,4.755,4.83701366982124,0,0,FALSE,2.19932118387043
"3307","YJR139C",8,6,0,2,0,1,5,2,5,1,0,"synonymous_variant;missense_variant;upstream_gene_variant",219,157,"X",6,1080,1.08,5.55555555555556,0.333333333333333,0.36,FALSE,2.35702260395516
"3308","YJR140C",32,29,0,3,0,8,21,3,21,8,0,"synonymous_variant;missense_variant;upstream_gene_variant",161,5,"X",29,4947,4.947,5.86213866990095,0.103448275862069,0.511758620689655,FALSE,2.42118538528155
"3309","YJR140W-A",2,2,0,0,0,1,0,0,0,1,1,"start_lost;missense_variant",NA,NA,"X",2,NA,NA,NA,0,NA,FALSE,NA
"3310","YJR141W",5,5,0,0,0,3,2,0,2,3,0,"synonymous_variant;missense_variant",NA,NA,"X",5,1044,1.044,4.78927203065134,0,0,FALSE,2.18844054766204
"3311","YJR142W",7,7,0,0,0,4,3,0,3,4,0,"synonymous_variant;missense_variant",NA,NA,"X",7,1029,1.029,6.80272108843537,0,0,FALSE,2.60820265478651
"3312","YJR143C",16,15,0,1,0,6,9,1,9,6,0,"missense_variant;synonymous_variant;upstream_gene_variant",250,250,"X",15,2289,2.289,6.55307994757536,0.0666666666666667,0.1526,FALSE,2.55989842524569
"3313","YJR144W",5,5,0,0,0,1,4,0,4,1,0,"synonymous_variant;missense_variant",NA,NA,"X",5,810,0.81,6.17283950617284,0,0,FALSE,2.48451997499977
"3314","YJR145C",3,3,0,0,0,3,0,0,0,3,0,"missense_variant",NA,NA,"X",3,1042,1.042,2.87907869481766,0,0,FALSE,1.69678481099333
"3315","YJR146W",2,2,0,0,0,1,1,0,1,1,0,"synonymous_variant;missense_variant",NA,NA,"X",2,354,0.354,5.64971751412429,0,0,FALSE,2.37691344270764
"3316","YJR147W",13,13,0,0,0,7,6,0,6,7,0,"missense_variant;synonymous_variant",NA,NA,"X",13,1077,1.077,12.0705663881151,0,0,FALSE,3.47427206593196
"3317","YJR148W",10,10,0,0,0,2,8,0,8,2,0,"synonymous_variant;missense_variant",NA,NA,"X",10,1131,1.131,8.84173297966401,0,0,FALSE,2.97350516725026
"3318","YJR149W",14,14,0,0,0,8,6,0,6,8,0,"missense_variant;synonymous_variant",NA,NA,"X",14,1215,1.215,11.522633744856,0,0,FALSE,3.3945005147821
"3319","YJR150C",14,8,0,6,0,2,6,6,6,2,0,"synonymous_variant;missense_variant;upstream_gene_variant",762,33,"X",8,897,0.897,8.91861761426979,0.75,0.67275,FALSE,2.98640546715776
"3320","YJR151C",39,34,0,5,0,22,12,5,12,22,0,"missense_variant;synonymous_variant;upstream_gene_variant",907,545,"X",34,3486,3.486,9.75329890992542,0.147058823529412,0.512647058823529,FALSE,3.12302720287951
"3321","YJR151W-A",1,1,0,0,0,1,0,0,0,1,0,"missense_variant",NA,NA,"X",1,51,0.051,19.6078431372549,0,0,FALSE,4.42807442770048
"3322","YJR152W",7,7,0,0,0,1,6,0,6,1,0,"synonymous_variant;missense_variant",NA,NA,"X",7,1632,1.632,4.28921568627451,0,0,FALSE,2.07104217394878
"3323","YJR153W",13,5,0,8,0,1,4,8,4,1,0,"upstream_gene_variant;synonymous_variant;missense_variant",929,126,"X",5,1086,1.086,4.60405156537753,1.6,1.7376,FALSE,2.14570537711437
"3324","YJR154W",22,6,0,16,0,2,4,16,4,2,0,"upstream_gene_variant;missense_variant;synonymous_variant",965,8,"X",6,1041,1.041,5.76368876080692,2.66666666666667,2.776,FALSE,2.40076836883672
"3325","YJR155W",7,4,0,3,0,1,3,3,3,1,0,"upstream_gene_variant;synonymous_variant;missense_variant",382,36,"X",4,867,0.867,4.61361014994233,0.75,0.65025,FALSE,2.14793159805948
"3326","YJR156C",2,2,0,0,0,1,1,0,1,1,0,"synonymous_variant;missense_variant",NA,NA,"X",2,1023,1.023,1.95503421309873,0,0,FALSE,1.39822537993656
"3327","YJR160C",4,4,0,0,0,1,3,0,3,1,0,"synonymous_variant;missense_variant",NA,NA,"X",4,1809,1.809,2.21116639027087,0,0,FALSE,1.4869991224849
"3328","YJR161C",2,1,0,1,0,1,0,1,0,1,0,"missense_variant;upstream_gene_variant",842,842,"X",1,1152,1.152,0.868055555555556,1,1.152,FALSE,0.931694990624912
"3329","YJR162C",2,2,0,0,0,1,1,0,1,1,0,"missense_variant;synonymous_variant",NA,NA,"X",2,NA,NA,NA,0,NA,FALSE,NA
"3330","YKL001C",6,6,0,0,0,0,6,0,6,0,0,"synonymous_variant",NA,NA,"XI",6,609,0.609,9.85221674876847,0,0,FALSE,3.13882410287172
"3331","YKL002W",1,1,0,0,0,1,0,0,0,1,0,"missense_variant",NA,NA,"XI",1,767,0.767,1.30378096479791,0,0,FALSE,1.14183228400581
"3332","YKL003C",2,2,0,0,0,1,1,0,1,1,0,"missense_variant;synonymous_variant",NA,NA,"XI",2,396,0.396,5.05050505050505,0,0,FALSE,2.24733287487747
"3333","YKL004W",1,1,0,0,0,0,1,0,1,0,0,"synonymous_variant",NA,NA,"XI",1,1206,1.206,0.829187396351575,0,0,FALSE,0.910597274513588
"3334","YKL005C",7,7,0,0,0,6,1,0,1,6,0,"synonymous_variant;missense_variant",NA,NA,"XI",7,1785,1.785,3.92156862745098,0,0,FALSE,1.98029508595335
"3335","YKL006W",1,1,0,0,0,1,0,0,0,1,0,"missense_variant",NA,NA,"XI",1,815,0.815,1.22699386503067,0,0,FALSE,1.10769755124342
"3336","YKL007W",5,5,0,0,0,1,4,0,4,1,0,"missense_variant;synonymous_variant",NA,NA,"XI",5,807,0.807,6.19578686493185,0,0,FALSE,2.48913375794308
"3337","YKL008C",5,5,0,0,0,0,5,0,5,0,0,"synonymous_variant",NA,NA,"XI",5,1257,1.257,3.97772474144789,0,0,FALSE,1.99442341077513
"3338","YKL009W",3,3,0,0,0,0,3,0,3,0,0,"synonymous_variant",NA,NA,"XI",3,711,0.711,4.21940928270042,0,0,FALSE,2.0541200750444
"3339","YKL010C",19,19,0,0,0,9,10,0,10,9,0,"synonymous_variant;missense_variant",NA,NA,"XI",19,4452,4.452,4.26774483378257,0,0,FALSE,2.06585208419736
"3340","YKL011C",4,4,0,0,0,0,4,0,4,0,0,"synonymous_variant",NA,NA,"XI",4,1062,1.062,3.76647834274953,0,0,FALSE,1.94074169913194
"3341","YKL012W",7,7,0,0,0,5,1,0,2,5,0,"missense_variant;synonymous_variant;splice_region_variant&stop_retained_variant",NA,NA,"XI",7,1752,1.752,3.99543378995434,0,0,FALSE,1.99885812151697
"3342","YKL013C",1,1,0,0,0,0,1,0,1,0,0,"synonymous_variant",NA,NA,"XI",1,516,0.516,1.93798449612403,0,0,FALSE,1.39211511597426
"3343","YKL014C",47,40,0,7,0,18,22,7,22,18,0,"synonymous_variant;missense_variant;upstream_gene_variant",521,136,"XI",40,5295,5.295,7.55429650613787,0.175,0.926625,FALSE,2.74850805095016
"3344","YKL015W",32,32,0,0,0,12,20,0,20,12,0,"synonymous_variant;missense_variant",NA,NA,"XI",32,2940,2.94,10.8843537414966,0,0,FALSE,3.29914439536929
"3345","YKL016C",2,2,0,0,0,1,1,0,1,1,0,"missense_variant;synonymous_variant",NA,NA,"XI",2,525,0.525,3.80952380952381,0,0,FALSE,1.95180014589707
"3346","YKL017C",17,17,0,0,0,3,14,0,14,3,0,"missense_variant;synonymous_variant",NA,NA,"XI",17,2052,2.052,8.28460038986355,0,0,FALSE,2.87829817598239
"3347","YKL018C-A",2,2,0,0,0,1,1,0,1,1,0,"missense_variant;synonymous_variant",NA,NA,"XI",2,300,0.3,6.66666666666667,0,0,FALSE,2.58198889747161
"3348","YKL018W",8,8,0,0,0,1,7,0,7,1,0,"synonymous_variant;missense_variant",NA,NA,"XI",8,990,0.99,8.08080808080808,0,0,FALSE,2.84267621807481
"3349","YKL019W",1,1,0,0,0,0,1,0,1,0,0,"synonymous_variant",NA,NA,"XI",1,951,0.951,1.0515247108307,0,0,FALSE,1.02543878941198
"3350","YKL020C",20,20,0,0,0,5,15,0,15,5,0,"missense_variant;synonymous_variant",NA,NA,"XI",20,3249,3.249,6.15574022776239,0,0,FALSE,2.48107642521596
"3351","YKL021C",15,15,0,0,0,5,10,0,10,5,0,"synonymous_variant;missense_variant",NA,NA,"XI",15,1407,1.407,10.6609808102345,0,0,FALSE,3.2651157422417
"3352","YKL022C",23,23,0,0,0,3,20,0,20,3,0,"missense_variant;synonymous_variant",NA,NA,"XI",23,2523,2.523,9.11613158937772,0,0,FALSE,3.01929322679625
"3353","YKL023C-A",2,2,0,0,0,1,1,0,1,1,0,"missense_variant;synonymous_variant",NA,NA,"XI",2,228,0.228,8.7719298245614,0,0,FALSE,2.96174438879546
"3354","YKL023W",7,7,0,0,0,2,5,0,5,2,0,"synonymous_variant;missense_variant",NA,NA,"XI",7,834,0.834,8.39328537170264,0,0,FALSE,2.89711673422088
"3355","YKL024C",7,7,0,0,0,3,4,0,4,3,0,"missense_variant;synonymous_variant",NA,NA,"XI",7,615,0.615,11.3821138211382,0,0,FALSE,3.37373884898316
"3356","YKL025C",19,19,0,0,0,5,14,0,14,5,0,"synonymous_variant;missense_variant",NA,NA,"XI",19,2040,2.04,9.31372549019608,0,0,FALSE,3.05183968946537
"3357","YKL026C",8,2,0,6,0,1,1,6,1,1,0,"missense_variant;synonymous_variant;upstream_gene_variant",305,34,"XI",2,504,0.504,3.96825396825397,3,1.512,FALSE,1.99204768222399
"3358","YKL027W",5,5,0,0,0,3,2,0,2,3,0,"missense_variant;synonymous_variant",NA,NA,"XI",5,1344,1.344,3.7202380952381,0,0,FALSE,1.92879187452615
"3359","YKL028W",13,13,0,0,0,4,9,0,9,4,0,"synonymous_variant;missense_variant",NA,NA,"XI",13,1449,1.449,8.97170462387854,0,0,FALSE,2.99528039152907
"3360","YKL029C",17,17,0,0,0,2,15,0,15,2,0,"synonymous_variant;missense_variant",NA,NA,"XI",17,2010,2.01,8.45771144278607,0,0,FALSE,2.90821447675134
"3361","YKL030W",4,4,0,0,0,3,1,0,1,3,0,"missense_variant;synonymous_variant",NA,NA,"XI",4,NA,NA,NA,0,NA,FALSE,NA
"3362","YKL031W",1,1,0,0,0,1,0,0,0,1,0,"missense_variant",NA,NA,"XI",1,NA,NA,NA,0,NA,FALSE,NA
"3363","YKL032C",18,17,0,1,0,7,9,1,10,7,0,"splice_region_variant&stop_retained_variant;synonymous_variant;missense_variant;upstream_gene_variant",74,74,"XI",17,1794,1.794,9.47603121516165,0.0588235294117647,0.105529411764706,FALSE,3.07831629550338
"3364","YKL033W",21,21,0,0,0,9,12,0,12,9,0,"synonymous_variant;missense_variant",NA,NA,"XI",21,3117,3.117,6.73724735322425,0,0,FALSE,2.59562080304968
"3365","YKL033W-A",3,3,0,0,0,1,2,0,2,1,0,"synonymous_variant;missense_variant",NA,NA,"XI",3,711,0.711,4.21940928270042,0,0,FALSE,2.0541200750444
"3366","YKL034W",15,15,0,0,0,4,11,0,11,4,0,"missense_variant;synonymous_variant",NA,NA,"XI",15,2277,2.277,6.58761528326746,0,0,FALSE,2.56663501169673
"3367","YKL035W",6,6,0,0,0,1,5,0,5,1,0,"synonymous_variant;missense_variant",NA,NA,"XI",6,1500,1.5,4,0,0,FALSE,2
"3368","YKL036C",1,1,0,0,0,1,0,0,0,1,0,"missense_variant",NA,NA,"XI",1,NA,NA,NA,0,NA,FALSE,NA
"3369","YKL037W",3,3,0,0,0,3,0,0,0,3,0,"missense_variant",NA,NA,"XI",3,357,0.357,8.40336134453782,0,0,FALSE,2.89885517826224
"3370","YKL038W",49,49,0,0,0,8,41,0,41,8,0,"synonymous_variant;missense_variant",NA,NA,"XI",49,3513,3.513,13.9481924281241,0,0,FALSE,3.73472789211264
"3371","YKL039W",9,9,0,0,0,1,8,0,8,1,0,"synonymous_variant;missense_variant",NA,NA,"XI",9,1572,1.572,5.72519083969466,0,0,FALSE,2.39273710208511
"3372","YKL040C",24,10,0,14,0,4,6,14,6,4,0,"synonymous_variant;missense_variant;upstream_gene_variant",494,33,"XI",10,771,0.771,12.970168612192,1.4,1.0794,FALSE,3.6014120303281
"3373","YKL041W",9,4,0,5,0,1,3,5,3,1,0,"upstream_gene_variant;missense_variant;synonymous_variant",547,124,"XI",4,675,0.675,5.92592592592593,1.25,0.84375,FALSE,2.43432247780074
"3374","YKL042W",11,6,0,5,0,3,3,5,3,3,0,"upstream_gene_variant;synonymous_variant;missense_variant",583,152,"XI",6,1092,1.092,5.49450549450549,0.833333333333333,0.91,FALSE,2.34403615469248
"3375","YKL043W",5,5,0,0,0,2,3,0,3,2,0,"missense_variant;synonymous_variant",NA,NA,"XI",5,1101,1.101,4.54132606721163,0,0,FALSE,2.13103872963671
"3376","YKL044W",3,3,0,0,0,3,0,0,0,3,0,"missense_variant",NA,NA,"XI",3,321,0.321,9.34579439252336,0,0,FALSE,3.05708920257872
"3377","YKL045W",17,17,0,0,0,3,14,0,14,3,0,"synonymous_variant;missense_variant",NA,NA,"XI",17,1587,1.587,10.7120352867045,0,0,FALSE,3.272924576996
"3378","YKL046C",13,13,0,0,0,1,12,0,12,1,0,"missense_variant;synonymous_variant",NA,NA,"XI",13,1350,1.35,9.62962962962963,0,0,FALSE,3.10316445417088
"3379","YKL047W",16,16,0,0,0,9,7,0,7,9,0,"synonymous_variant;missense_variant",NA,NA,"XI",16,1551,1.551,10.3159252095422,0,0,FALSE,3.21184140479293
"3380","YKL048C",10,10,0,0,0,4,6,0,6,4,0,"missense_variant;synonymous_variant",NA,NA,"XI",10,1923,1.923,5.20020800832033,0,0,FALSE,2.28039645858354
"3381","YKL049C",1,1,0,0,0,1,0,0,0,1,0,"missense_variant",NA,NA,"XI",1,690,0.69,1.44927536231884,0,0,FALSE,1.20385853085769
"3382","YKL050C",25,24,0,1,0,14,10,1,10,14,0,"synonymous_variant;missense_variant;upstream_gene_variant",3,3,"XI",24,2769,2.769,8.66738894907909,0.0416666666666667,0.115375,FALSE,2.94404295978831
"3383","YKL051W",9,9,0,0,0,5,4,0,4,5,0,"synonymous_variant;missense_variant",NA,NA,"XI",9,1062,1.062,8.47457627118644,0,0,FALSE,2.91111254869791
"3384","YKL052C",7,7,0,0,0,3,4,0,4,3,0,"synonymous_variant;missense_variant",NA,NA,"XI",7,879,0.879,7.96359499431172,0,0,FALSE,2.8219842299899
"3385","YKL053C-A",1,1,0,0,0,0,1,0,1,0,0,"synonymous_variant",NA,NA,"XI",1,261,0.261,3.83141762452107,0,0,FALSE,1.95740073171568
"3386","YKL054C",18,18,0,0,0,8,10,0,10,8,0,"synonymous_variant;missense_variant",NA,NA,"XI",18,2217,2.217,8.1190798376184,0,0,FALSE,2.84939990833481
"3387","YKL055C",12,12,0,0,0,8,4,0,4,8,0,"missense_variant;synonymous_variant",NA,NA,"XI",12,837,0.837,14.336917562724,0,0,FALSE,3.78641222831377
"3388","YKL056C",2,2,0,0,0,1,1,0,1,1,0,"synonymous_variant;missense_variant",NA,NA,"XI",2,504,0.504,3.96825396825397,0,0,FALSE,1.99204768222399
"3389","YKL057C",18,17,0,1,0,5,12,1,12,5,0,"synonymous_variant;missense_variant;upstream_gene_variant",993,993,"XI",17,3114,3.114,5.4592164418754,0.0588235294117647,0.183176470588235,FALSE,2.33649661713331
"3390","YKL059C",6,6,0,0,0,0,6,0,6,0,0,"synonymous_variant",NA,NA,"XI",6,1326,1.326,4.52488687782805,0,0,FALSE,2.12717814905759
"3391","YKL060C",16,5,0,11,0,3,2,11,2,3,0,"missense_variant;synonymous_variant;upstream_gene_variant",615,161,"XI",5,1080,1.08,4.62962962962963,2.2,2.376,FALSE,2.15165741455968
"3392","YKL062W",14,14,0,0,0,8,6,0,6,8,0,"synonymous_variant;missense_variant",NA,NA,"XI",14,1893,1.893,7.39566825145272,0,0,FALSE,2.71949779397828
"3393","YKL063C",4,3,0,1,0,1,2,1,2,1,0,"missense_variant;synonymous_variant;upstream_gene_variant",658,658,"XI",3,504,0.504,5.95238095238095,0.333333333333333,0.168,FALSE,2.43975018237133
"3394","YKL064W",13,13,0,0,0,5,8,0,8,5,0,"missense_variant;synonymous_variant",NA,NA,"XI",13,2910,2.91,4.46735395189003,0,0,FALSE,2.11361158964698
"3395","YKL065C",5,5,0,0,0,1,4,0,4,1,0,"synonymous_variant;missense_variant",NA,NA,"XI",5,621,0.621,8.05152979066023,0,0,FALSE,2.83752176919583
"3396","YKL065W-A",4,4,0,0,0,0,4,0,4,0,0,"synonymous_variant",NA,NA,"XI",4,222,0.222,18.018018018018,0,0,FALSE,4.24476359978009
"3397","YKL066W",2,2,0,0,0,2,0,0,0,2,0,"missense_variant",NA,NA,"XI",2,NA,NA,NA,0,NA,FALSE,NA
"3398","YKL067W",7,7,0,0,0,3,4,0,4,3,0,"synonymous_variant;missense_variant",NA,NA,"XI",7,462,0.462,15.1515151515152,0,0,FALSE,3.89249472080761
"3399","YKL068W",57,57,0,0,0,27,30,0,30,27,0,"missense_variant;synonymous_variant",NA,NA,"XI",57,2880,2.88,19.7916666666667,0,0,FALSE,4.44878260501305
"3400","YKL068W-A",2,2,0,0,0,1,1,0,1,1,0,"missense_variant;synonymous_variant",NA,NA,"XI",2,237,0.237,8.43881856540084,0,0,FALSE,2.90496446887063
"3401","YKL069W",5,4,0,1,0,3,1,1,1,3,0,"upstream_gene_variant;missense_variant;synonymous_variant",18,18,"XI",4,543,0.543,7.36648250460405,0.25,0.13575,FALSE,2.71412647174078
"3402","YKL070W",2,2,0,0,0,2,0,0,0,2,0,"missense_variant",NA,NA,"XI",2,510,0.51,3.92156862745098,0,0,FALSE,1.98029508595335
"3403","YKL071W",2,1,0,1,0,1,0,1,0,1,0,"upstream_gene_variant;missense_variant",58,58,"XI",1,771,0.771,1.2970168612192,1,0.771,FALSE,1.13886648085682
"3404","YKL072W",4,4,0,0,0,1,3,0,3,1,0,"synonymous_variant;missense_variant",NA,NA,"XI",4,2301,2.301,1.73837461973055,0,0,FALSE,1.31847435308031
"3405","YKL073W",11,11,0,0,0,6,5,0,5,6,0,"synonymous_variant;missense_variant",NA,NA,"XI",11,2646,2.646,4.15721844293273,0,0,FALSE,2.03892580613732
"3406","YKL074C",1,1,0,0,0,0,1,0,1,0,0,"synonymous_variant",NA,NA,"XI",1,1584,1.584,0.631313131313131,0,0,FALSE,0.79455215770466
"3407","YKL075C",3,3,0,0,0,2,1,0,1,2,0,"missense_variant;synonymous_variant",NA,NA,"XI",3,1353,1.353,2.21729490022173,0,0,FALSE,1.48905839382535
"3408","YKL077W",2,1,0,1,0,0,1,1,1,0,0,"upstream_gene_variant;synonymous_variant",317,317,"XI",1,1179,1.179,0.848176420695505,1,1.179,FALSE,0.920964939992563
"3409","YKL078W",4,3,0,1,0,1,2,1,2,1,0,"upstream_gene_variant;synonymous_variant;missense_variant",104,104,"XI",3,2208,2.208,1.35869565217391,0.333333333333333,0.736,FALSE,1.16563101030039
"3410","YKL079W",9,9,0,0,0,3,6,0,6,3,0,"missense_variant;synonymous_variant",NA,NA,"XI",9,1971,1.971,4.5662100456621,0,0,FALSE,2.13686921585344
"3411","YKL080W",5,5,0,0,0,0,5,0,5,0,0,"synonymous_variant",NA,NA,"XI",5,1179,1.179,4.24088210347752,0,0,FALSE,2.05934021071739
"3412","YKL081W",8,8,0,0,0,6,2,0,2,6,0,"missense_variant;synonymous_variant",NA,NA,"XI",8,1565,1.565,5.11182108626198,0,0,FALSE,2.26093367577689
"3413","YKL082C",6,4,0,2,0,2,2,2,2,2,0,"missense_variant;synonymous_variant;upstream_gene_variant",857,838,"XI",4,1305,1.305,3.06513409961686,0.5,0.6525,FALSE,1.75075243812963
"3414","YKL083W",5,5,0,0,0,2,3,0,3,2,0,"missense_variant;synonymous_variant",NA,NA,"XI",5,NA,NA,NA,0,NA,FALSE,NA
"3415","YKL084W",3,3,0,0,0,1,2,0,2,1,0,"synonymous_variant;missense_variant",NA,NA,"XI",3,351,0.351,8.54700854700855,0,0,FALSE,2.92352673102343
"3416","YKL085W",7,7,0,0,0,2,5,0,5,2,0,"synonymous_variant;missense_variant",NA,NA,"XI",7,1005,1.005,6.96517412935323,0,0,FALSE,2.63916163380594
"3417","YKL086W",5,5,0,0,0,1,4,0,4,1,0,"missense_variant;synonymous_variant",NA,NA,"XI",5,384,0.384,13.0208333333333,0,0,FALSE,3.60843918243516
"3418","YKL087C",19,8,0,11,0,4,4,11,4,4,0,"synonymous_variant;missense_variant;upstream_gene_variant",913,104,"XI",8,675,0.675,11.8518518518519,1.375,0.928125,FALSE,3.44265186329548
"3419","YKL088W",10,10,0,0,0,3,7,0,7,3,0,"synonymous_variant;missense_variant",NA,NA,"XI",10,1716,1.716,5.82750582750583,0,0,FALSE,2.41402274792634
"3420","YKL089W",17,17,0,0,0,4,13,0,13,4,0,"synonymous_variant;missense_variant",NA,NA,"XI",17,1650,1.65,10.3030303030303,0,0,FALSE,3.20983337620978
"3421","YKL090W",11,11,0,0,0,6,5,0,5,6,0,"missense_variant;synonymous_variant",NA,NA,"XI",11,1332,1.332,8.25825825825826,0,0,FALSE,2.87371854193452
"3422","YKL091C",7,7,0,0,0,1,6,0,6,1,0,"synonymous_variant;missense_variant",NA,NA,"XI",7,933,0.933,7.502679528403,0,0,FALSE,2.73910195655492
"3423","YKL092C",37,34,0,3,0,7,27,3,27,7,0,"synonymous_variant;missense_variant;upstream_gene_variant",104,41,"XI",34,3315,3.315,10.2564102564103,0.0882352941176471,0.2925,FALSE,3.20256307610174
"3424","YKL093W",25,14,0,11,0,5,9,11,9,5,0,"upstream_gene_variant;missense_variant;synonymous_variant",435,5,"XI",14,1020,1.02,13.7254901960784,0.785714285714286,0.801428571428571,FALSE,3.70479286817474
"3425","YKL094W",8,8,0,0,0,3,5,0,5,3,0,"synonymous_variant;missense_variant",NA,NA,"XI",8,942,0.942,8.49256900212314,0,0,FALSE,2.91420126314624
"3426","YKL095W",6,6,0,0,0,1,5,0,5,1,0,"synonymous_variant;missense_variant",NA,NA,"XI",6,837,0.837,7.16845878136201,0,0,FALSE,2.67739776300833
"3427","YKL096C-B",2,2,0,0,0,2,0,0,0,2,0,"missense_variant",NA,NA,"XI",2,150,0.15,13.3333333333333,0,0,FALSE,3.65148371670111
"3428","YKL096W",7,7,0,0,0,3,4,0,4,3,0,"missense_variant;synonymous_variant",NA,NA,"XI",7,720,0.72,9.72222222222222,0,0,TRUE,3.11804782231162
"3429","YKL096W-A",4,4,0,0,0,1,3,0,3,1,0,"missense_variant;synonymous_variant",NA,NA,"XI",4,279,0.279,14.336917562724,0,0,FALSE,3.78641222831377
"3430","YKL097C",5,5,0,0,0,4,0,0,0,4,1,"missense_variant;stop_gained",NA,NA,"XI",5,411,0.411,12.1654501216545,0,0,FALSE,3.48790053207578
"3431","YKL098W",3,3,0,0,0,1,2,0,2,1,0,"synonymous_variant;missense_variant",NA,NA,"XI",3,1074,1.074,2.79329608938547,0,0,FALSE,1.67131567616219
"3432","YKL100C",17,15,0,2,0,6,9,2,9,6,0,"missense_variant;synonymous_variant;upstream_gene_variant",254,140,"XI",15,1764,1.764,8.50340136054422,0.133333333333333,0.2352,FALSE,2.91605921759902
"3433","YKL100W-A",1,0,0,1,0,0,0,1,0,0,0,"upstream_gene_variant",551,551,"XI",0,NA,NA,NA,NA,NA,FALSE,NA
"3434","YKL101W",39,39,0,0,0,12,27,0,27,12,0,"missense_variant;synonymous_variant",NA,NA,"XI",39,4557,4.557,8.55826201448321,0,0,FALSE,2.92545073697767
"3435","YKL102C",4,4,0,0,0,4,0,0,0,4,0,"missense_variant",NA,NA,"XI",4,306,0.306,13.0718954248366,0,0,FALSE,3.61550763031094
"3436","YKL103C",10,10,0,0,0,4,6,0,6,4,0,"synonymous_variant;missense_variant",NA,NA,"XI",10,1545,1.545,6.47249190938511,0,0,FALSE,2.54410925657392
"3437","YKL104C",14,14,0,0,0,0,14,0,14,0,0,"synonymous_variant",NA,NA,"XI",14,2154,2.154,6.49953574744661,0,0,FALSE,2.54941870775411
"3438","YKL105C",50,39,0,11,0,26,13,11,13,26,0,"synonymous_variant;missense_variant;upstream_gene_variant",628,51,"XI",39,3399,3.399,11.4739629302736,0.282051282051282,0.958692307692308,FALSE,3.38732385966763
"3439","YKL106C-A",6,1,0,5,0,1,0,5,0,1,0,"missense_variant;upstream_gene_variant",262,21,"XI",1,120,0.12,8.33333333333333,5,0.6,FALSE,2.88675134594813
"3440","YKL106W",6,6,0,0,0,1,5,0,5,1,0,"synonymous_variant;missense_variant",NA,NA,"XI",6,1356,1.356,4.42477876106195,0,0,FALSE,2.10351580955836
"3441","YKL107W",19,12,0,7,0,4,8,7,8,4,0,"upstream_gene_variant;missense_variant;synonymous_variant",344,12,"XI",12,930,0.93,12.9032258064516,0.583333333333333,0.5425,FALSE,3.5921060405355
"3442","YKL108W",22,22,0,0,0,12,10,0,10,12,0,"synonymous_variant;missense_variant",NA,NA,"XI",22,1362,1.362,16.1527165932452,0,0,FALSE,4.01904423877683
"3443","YKL109W",15,15,0,0,0,6,9,0,9,6,0,"synonymous_variant;missense_variant",NA,NA,"XI",15,1665,1.665,9.00900900900901,0,0,FALSE,3.00150112593832
"3444","YKL110C",1,1,0,0,0,1,0,0,0,1,0,"missense_variant",NA,NA,"XI",1,942,0.942,1.06157112526539,0,0,FALSE,1.03032573745655
"3445","YKL111C",3,3,0,0,0,2,1,0,1,2,0,"missense_variant;synonymous_variant",NA,NA,"XI",3,NA,NA,NA,0,NA,FALSE,NA
"3446","YKL112W",19,19,0,0,0,8,11,0,11,8,0,"synonymous_variant;missense_variant",NA,NA,"XI",19,2196,2.196,8.65209471766849,0,0,FALSE,2.94144432510093
"3447","YKL113C",7,7,0,0,0,1,6,0,6,1,0,"missense_variant;synonymous_variant",NA,NA,"XI",7,1149,1.149,6.09225413402959,0,0,FALSE,2.46824920419912
"3448","YKL114C",3,3,0,0,0,1,2,0,2,1,0,"missense_variant;synonymous_variant",NA,NA,"XI",3,1104,1.104,2.71739130434783,0,0,FALSE,1.64845118348947
"3449","YKL115C",3,3,0,0,0,3,0,0,0,3,0,"missense_variant",NA,NA,"XI",3,NA,NA,NA,0,NA,FALSE,NA
"3450","YKL116C",13,13,0,0,0,5,8,0,8,5,0,"synonymous_variant;missense_variant",NA,NA,"XI",13,1557,1.557,8.34938985228003,0,0,FALSE,2.88953107826859
"3451","YKL117W",12,12,0,0,0,5,7,0,7,5,0,"missense_variant;synonymous_variant",NA,NA,"XI",12,651,0.651,18.4331797235023,0,0,FALSE,4.29338790741092
"3452","YKL118W",4,2,0,2,0,0,2,2,2,0,0,"upstream_gene_variant;synonymous_variant",584,582,"XI",2,NA,NA,NA,1,NA,FALSE,NA
"3453","YKL119C",26,10,0,16,0,7,3,16,3,7,0,"missense_variant;synonymous_variant;upstream_gene_variant",949,237,"XI",10,648,0.648,15.4320987654321,1.6,1.0368,FALSE,3.92837100659193
"3454","YKL120W",7,7,0,0,0,0,7,0,7,0,0,"synonymous_variant",NA,NA,"XI",7,975,0.975,7.17948717948718,0,0,FALSE,2.67945650822833
"3455","YKL121W",18,18,0,0,0,6,12,0,12,6,0,"missense_variant;synonymous_variant",NA,NA,"XI",18,2559,2.559,7.03399765533411,0,0,FALSE,2.65216848170212
"3456","YKL122C",22,4,0,18,0,1,3,18,3,1,0,"synonymous_variant;missense_variant;upstream_gene_variant",979,6,"XI",4,504,0.504,7.93650793650794,4.5,2.268,FALSE,2.81718084909506
"3457","YKL123W",1,1,0,0,0,1,0,0,0,1,0,"missense_variant",NA,NA,"XI",1,NA,NA,NA,0,NA,FALSE,NA
"3458","YKL124W",11,10,0,1,0,3,7,1,7,3,0,"upstream_gene_variant;synonymous_variant;missense_variant",212,212,"XI",10,1740,1.74,5.74712643678161,0.1,0.174,FALSE,2.39731650742692
"3459","YKL125W",22,19,0,3,0,4,15,3,15,4,0,"upstream_gene_variant;synonymous_variant;missense_variant",133,66,"XI",19,1884,1.884,10.0849256900212,0.157894736842105,0.297473684210526,FALSE,3.17567720179826
"3460","YKL126W",8,8,0,0,0,1,7,0,7,1,0,"synonymous_variant;missense_variant",NA,NA,"XI",8,2043,2.043,3.91581008321096,0,0,FALSE,1.97884059065175
"3461","YKL127W",7,7,0,0,0,2,5,0,5,2,0,"synonymous_variant;missense_variant",NA,NA,"XI",7,1713,1.713,4.08639813193228,0,0,FALSE,2.02148414090546
"3462","YKL128C",8,8,0,0,0,3,5,0,5,3,0,"missense_variant;synonymous_variant",NA,NA,"XI",8,888,0.888,9.00900900900901,0,0,FALSE,3.00150112593832
"3463","YKL129C",33,33,0,0,0,11,22,0,22,11,0,"synonymous_variant;missense_variant",NA,NA,"XI",33,3819,3.819,8.64100549882168,0,0,FALSE,2.93955872518677
"3464","YKL130C",4,4,0,0,0,0,4,0,4,0,0,"synonymous_variant",NA,NA,"XI",4,741,0.741,5.39811066126856,0,0,FALSE,2.32338345119108
"3465","YKL131W",1,1,0,0,0,0,1,0,1,0,0,"synonymous_variant",NA,NA,"XI",1,NA,NA,NA,0,NA,FALSE,NA
"3466","YKL132C",17,17,0,0,0,10,7,0,7,10,0,"missense_variant;synonymous_variant",NA,NA,"XI",17,1293,1.293,13.1477184841454,0,0,FALSE,3.62597827960199
"3467","YKL133C",10,10,0,0,0,6,4,0,4,6,0,"synonymous_variant;missense_variant",NA,NA,"XI",10,1392,1.392,7.18390804597701,0,0,FALSE,2.68028133709449
"3468","YKL134C",12,12,0,0,0,4,8,0,8,4,0,"synonymous_variant;missense_variant",NA,NA,"XI",12,2319,2.319,5.17464424320828,0,0,FALSE,2.27478443884432
"3469","YKL135C",6,6,0,0,0,1,5,0,5,1,0,"missense_variant;synonymous_variant",NA,NA,"XI",6,2181,2.181,2.75103163686382,0,0,FALSE,1.6586234162292
"3470","YKL136W",5,5,0,0,0,3,2,0,2,3,0,"missense_variant;synonymous_variant",NA,NA,"XI",5,NA,NA,NA,0,NA,FALSE,NA
"3471","YKL137W",2,2,0,0,0,1,1,0,1,1,0,"synonymous_variant;missense_variant",NA,NA,"XI",2,336,0.336,5.95238095238095,0,0,FALSE,2.43975018237133
"3472","YKL138C",2,2,0,0,0,2,0,0,0,2,0,"missense_variant",NA,NA,"XI",2,396,0.396,5.05050505050505,0,0,FALSE,2.24733287487747
"3473","YKL138C-A",5,2,0,3,0,0,2,3,2,0,0,"synonymous_variant;upstream_gene_variant",737,268,"XI",2,210,0.21,9.52380952380952,1.5,0.315,FALSE,3.08606699924184
"3474","YKL139W",11,5,0,6,0,0,5,6,5,0,0,"upstream_gene_variant;synonymous_variant",425,8,"XI",5,1587,1.587,3.15059861373661,1.2,1.9044,FALSE,1.77499256723419
"3475","YKL140W",10,10,0,0,0,4,6,0,6,4,0,"synonymous_variant;missense_variant",NA,NA,"XI",10,1647,1.647,6.07164541590771,0,0,FALSE,2.46407090318191
"3476","YKL141W",10,10,0,0,0,2,8,0,8,2,0,"synonymous_variant;missense_variant",NA,NA,"XI",10,597,0.597,16.750418760469,0,0,FALSE,4.09272754535029
"3477","YKL143W",14,14,0,0,0,2,12,0,12,2,0,"missense_variant;synonymous_variant",NA,NA,"XI",14,1392,1.392,10.0574712643678,0,0,FALSE,3.17135164628078
"3478","YKL144C",6,6,0,0,0,0,6,0,6,0,0,"synonymous_variant",NA,NA,"XI",6,639,0.639,9.38967136150235,0,0,FALSE,3.06425706517948
"3479","YKL145W",6,6,0,0,0,0,6,0,6,0,0,"synonymous_variant",NA,NA,"XI",6,1404,1.404,4.27350427350427,0,0,FALSE,2.06724557648681
"3480","YKL146W",15,15,0,0,0,3,12,0,12,3,0,"missense_variant;synonymous_variant",NA,NA,"XI",15,2079,2.079,7.21500721500721,0,0,FALSE,2.68607654675127
"3481","YKL147C",7,7,0,0,0,3,3,0,3,3,1,"missense_variant;synonymous_variant;stop_gained",NA,NA,"XI",7,NA,NA,NA,0,NA,FALSE,NA
"3482","YKL148C",4,4,0,0,0,0,4,0,4,0,0,"synonymous_variant",NA,NA,"XI",4,1923,1.923,2.08008320332813,0,0,FALSE,1.44224935546116
"3483","YKL149C",6,6,0,0,0,3,3,0,3,3,0,"missense_variant;synonymous_variant",NA,NA,"XI",6,1218,1.218,4.92610837438424,0,0,FALSE,2.21948380809238
"3484","YKL150W",6,6,0,0,0,2,4,0,4,2,0,"synonymous_variant;missense_variant",NA,NA,"XI",6,909,0.909,6.6006600660066,0,0,FALSE,2.56917497769354
"3485","YKL151C",10,10,0,0,0,1,9,0,9,1,0,"synonymous_variant;missense_variant",NA,NA,"XI",10,1014,1.014,9.86193293885602,0,0,FALSE,3.14037146510664
"3486","YKL153W",2,2,0,0,0,2,0,0,0,2,0,"missense_variant",NA,NA,"XI",2,NA,NA,NA,0,NA,FALSE,NA
"3487","YKL154W",3,3,0,0,0,1,2,0,2,1,0,"synonymous_variant;missense_variant",NA,NA,"XI",3,735,0.735,4.08163265306122,0,0,FALSE,2.02030508910442
"3488","YKL155C",15,15,0,0,0,4,11,0,11,4,0,"missense_variant;synonymous_variant",NA,NA,"XI",15,1887,1.887,7.94912559618442,0,0,FALSE,2.819419372173
"3489","YKL156W",2,2,0,0,0,0,2,0,2,0,0,"synonymous_variant",NA,NA,"XI",2,600,0.6,3.33333333333333,0,0,FALSE,1.82574185835055
"3490","YKL157W",16,16,0,0,0,15,0,0,1,15,0,"missense_variant;stop_retained_variant",NA,NA,"XI",16,3242,3.242,4.93522516964837,0,0,FALSE,2.22153666853563
"3491","YKL159C",2,2,0,0,0,0,2,0,2,0,0,"synonymous_variant",NA,NA,"XI",2,636,0.636,3.14465408805031,0,0,FALSE,1.77331725532977
"3492","YKL160W",1,1,0,0,0,0,1,0,1,0,0,"synonymous_variant",NA,NA,"XI",1,438,0.438,2.28310502283105,0,0,FALSE,1.51099471303875
"3493","YKL161C",10,10,0,0,0,5,4,0,4,5,1,"stop_lost&splice_region_variant;synonymous_variant;missense_variant",NA,NA,"XI",10,1302,1.302,7.68049155145929,0,0,FALSE,2.77136997736847
"3494","YKL162C",15,15,0,0,0,7,7,0,7,7,1,"synonymous_variant;missense_variant;start_lost",NA,NA,"XI",15,1209,1.209,12.4069478908189,0,0,FALSE,3.52234976838173
"3495","YKL162C-A",2,2,0,0,0,2,0,0,0,2,0,"missense_variant",NA,NA,"XI",2,NA,NA,NA,0,NA,FALSE,NA
"3496","YKL163W",16,16,0,0,0,0,16,0,16,0,0,"synonymous_variant",NA,NA,"XI",16,978,0.978,16.359918200409,0,0,FALSE,4.04473957139505
"3497","YKL164C",11,11,0,0,0,5,6,0,6,5,0,"missense_variant;synonymous_variant",NA,NA,"XI",11,1026,1.026,10.7212475633528,0,0,FALSE,3.27433162085834
"3498","YKL165C",21,11,0,10,0,2,9,10,9,2,0,"synonymous_variant;missense_variant;upstream_gene_variant",816,411,"XI",11,2760,2.76,3.98550724637681,0.909090909090909,2.50909090909091,FALSE,1.99637352376173
"3499","YKL165C-A",1,1,0,0,0,0,1,0,1,0,0,"synonymous_variant",NA,NA,"XI",1,NA,NA,NA,0,NA,FALSE,NA
"3500","YKL166C",5,5,0,0,0,2,3,0,3,2,0,"synonymous_variant;missense_variant",NA,NA,"XI",5,1197,1.197,4.17710944026734,0,0,FALSE,2.04379779828322
"3501","YKL167C",3,3,0,0,0,1,2,0,2,1,0,"missense_variant;synonymous_variant",NA,NA,"XI",3,414,0.414,7.2463768115942,0,0,FALSE,2.69190951029083
"3502","YKL168C",20,20,0,0,0,8,12,0,12,8,0,"synonymous_variant;missense_variant",NA,NA,"XI",20,2175,2.175,9.19540229885058,0,0,FALSE,3.03239217431561
"3503","YKL169C",2,2,0,0,0,2,0,0,0,2,0,"missense_variant",NA,NA,"XI",2,NA,NA,NA,0,NA,FALSE,NA
"3504","YKL170W",7,2,0,5,0,0,2,5,2,0,0,"upstream_gene_variant;synonymous_variant",212,50,"XI",2,417,0.417,4.79616306954436,2.5,1.0425,FALSE,2.19001439939201
"3505","YKL171W",17,17,0,0,0,5,12,0,12,5,0,"missense_variant;synonymous_variant",NA,NA,"XI",17,2787,2.787,6.09974883387155,0,0,FALSE,2.46976695942584
"3506","YKL172W",7,7,0,0,0,1,6,0,6,1,0,"synonymous_variant;missense_variant",NA,NA,"XI",7,1284,1.284,5.45171339563863,0,0,FALSE,2.33489044617486
"3507","YKL173W",32,32,0,0,0,9,23,0,23,9,0,"missense_variant;synonymous_variant",NA,NA,"XI",32,3027,3.027,10.5715229600264,0,0,FALSE,3.25138785136846
"3508","YKL174C",11,11,0,0,0,1,10,0,10,1,0,"synonymous_variant;missense_variant",NA,NA,"XI",11,1857,1.857,5.92353257942919,0,0,FALSE,2.43383084445678
"3509","YKL175W",12,12,0,0,0,4,8,0,8,4,0,"missense_variant;synonymous_variant",NA,NA,"XI",12,1512,1.512,7.93650793650794,0,0,FALSE,2.81718084909506
"3510","YKL176C",15,15,0,0,0,2,13,0,13,2,0,"synonymous_variant;missense_variant",NA,NA,"XI",15,2487,2.487,6.0313630880579,0,0,FALSE,2.45588336206301
"3511","YKL178C",7,7,0,0,0,1,6,0,6,1,0,"synonymous_variant;missense_variant",NA,NA,"XI",7,1413,1.413,4.95399858457183,0,0,FALSE,2.22575797978393
"3512","YKL179C",19,14,0,5,0,3,11,5,11,3,0,"synonymous_variant;missense_variant;upstream_gene_variant",665,169,"XI",14,2040,2.04,6.86274509803922,0.357142857142857,0.728571428571429,FALSE,2.61968415997792
"3513","YKL180W",8,0,0,8,0,0,0,8,0,0,0,"upstream_gene_variant",489,169,"XI",0,861,0.861,0,NA,NA,FALSE,0
"3514","YKL181W",10,5,0,5,0,0,5,5,5,0,0,"upstream_gene_variant;synonymous_variant",394,18,"XI",5,1284,1.284,3.89408099688473,1,1.284,FALSE,1.97334259490965
"3515","YKL182W",21,21,0,0,0,2,19,0,19,2,0,"synonymous_variant;missense_variant",NA,NA,"XI",21,6156,6.156,3.41130604288499,0,0,FALSE,1.84697212834547
"3516","YKL183C-A",8,3,0,5,0,1,2,5,2,1,0,"synonymous_variant;missense_variant;upstream_gene_variant",100,1,"XI",3,213,0.213,14.0845070422535,1.66666666666667,0.355,FALSE,3.75293312520401
"3517","YKL183W",8,6,0,2,0,2,4,2,4,2,0,"upstream_gene_variant;synonymous_variant;missense_variant",397,396,"XI",6,921,0.921,6.51465798045603,0.333333333333333,0.307,FALSE,2.55238280445078
"3518","YKL184W",24,24,0,0,0,6,18,0,18,6,0,"missense_variant;synonymous_variant",NA,NA,"XI",24,1401,1.401,17.1306209850107,0,0,FALSE,4.13891543583711
"3519","YKL185W",9,9,0,0,0,2,7,0,7,2,0,"synonymous_variant;missense_variant",NA,NA,"XI",9,1767,1.767,5.09337860780985,0,0,FALSE,2.25685148111475
"3520","YKL186C",2,2,0,0,0,0,2,0,2,0,0,"synonymous_variant",NA,NA,"XI",2,555,0.555,3.6036036036036,0,0,FALSE,1.898315991505
"3521","YKL187C",26,26,0,0,0,6,19,0,20,6,0,"splice_region_variant&stop_retained_variant;synonymous_variant;missense_variant",NA,NA,"XI",26,2253,2.253,11.5401686640036,0,0,FALSE,3.39708237521605
"3522","YKL188C",23,15,0,8,0,5,10,8,10,5,0,"synonymous_variant;missense_variant;upstream_gene_variant",487,277,"XI",15,2562,2.562,5.85480093676815,0.533333333333333,1.3664,FALSE,2.41966959247914
"3523","YKL189W",14,14,0,0,0,4,10,0,10,4,0,"synonymous_variant;missense_variant",NA,NA,"XI",14,1200,1.2,11.6666666666667,0,0,FALSE,3.41565025531987
"3524","YKL190W",5,4,1,0,0,2,0,0,1,2,2,"splice_acceptor_variant&intron_variant;missense_variant;stop_gained;splice_region_variant&synonymous_variant",NA,NA,"XI",5,604,0.604,8.27814569536424,0,0,FALSE,2.87717668824218
"3525","YKL191W",23,23,0,0,0,4,19,0,19,4,0,"synonymous_variant;missense_variant",NA,NA,"XI",23,1605,1.605,14.3302180685358,0,0,FALSE,3.78552744918536
"3526","YKL192C",2,2,0,0,0,0,2,0,2,0,0,"synonymous_variant",NA,NA,"XI",2,378,0.378,5.29100529100529,0,0,FALSE,2.30021853114118
"3527","YKL193C",12,12,0,0,0,2,10,0,10,2,0,"synonymous_variant;missense_variant",NA,NA,"XI",12,1017,1.017,11.7994100294985,0,0,FALSE,3.43502693286363
"3528","YKL194C",13,13,0,0,0,3,10,0,10,3,0,"missense_variant;synonymous_variant",NA,NA,"XI",13,1389,1.389,9.35925125989921,0,0,FALSE,3.05928933902944
"3529","YKL195W",10,10,0,0,0,7,3,0,3,7,0,"missense_variant;synonymous_variant",NA,NA,"XI",10,1212,1.212,8.25082508250825,0,0,FALSE,2.87242494810713
"3530","YKL196C",2,2,0,0,0,0,2,0,2,0,0,"synonymous_variant",NA,NA,"XI",2,603,0.603,3.3167495854063,0,0,FALSE,1.82119454902718
"3531","YKL197C",31,31,0,0,0,8,23,0,23,8,0,"synonymous_variant;missense_variant",NA,NA,"XI",31,3132,3.132,9.8978288633461,0,0,FALSE,3.14608150932968
"3532","YKL198C",26,26,0,0,0,11,15,0,15,11,0,"synonymous_variant;missense_variant",NA,NA,"XI",26,1989,1.989,13.0718954248366,0,0,FALSE,3.61550763031094
"3533","YKL201C",18,18,0,0,0,4,14,0,14,4,0,"missense_variant;synonymous_variant",NA,NA,"XI",18,3537,3.537,5.08905852417303,0,0,FALSE,2.25589417397471
"3534","YKL202W",6,6,0,0,0,6,0,0,0,6,0,"missense_variant",NA,NA,"XI",6,NA,NA,NA,0,NA,FALSE,NA
"3535","YKL203C",16,16,0,0,0,8,8,0,8,8,0,"missense_variant;synonymous_variant",NA,NA,"XI",16,7425,7.425,2.15488215488215,0,0,FALSE,1.46795168683515
"3536","YKL204W",1,1,0,0,0,0,1,0,1,0,0,"synonymous_variant",NA,NA,"XI",1,1899,1.899,0.526592943654555,0,0,FALSE,0.725667240306847
"3537","YKL205W",4,4,0,0,0,2,2,0,2,2,0,"synonymous_variant;missense_variant",NA,NA,"XI",4,3303,3.303,1.21102028458977,0,0,FALSE,1.1004636680008
"3538","YKL207W",7,7,0,0,0,2,5,0,5,2,0,"synonymous_variant;missense_variant",NA,NA,"XI",7,762,0.762,9.18635170603675,0,0,FALSE,3.03089948794689
"3539","YKL208W",10,10,0,0,0,2,8,0,8,2,0,"synonymous_variant;missense_variant",NA,NA,"XI",10,816,0.816,12.2549019607843,0,0,FALSE,3.50070021007002
"3540","YKL209C",53,43,0,10,0,15,27,10,28,15,0,"splice_region_variant&stop_retained_variant;synonymous_variant;missense_variant;upstream_gene_variant",728,149,"XI",43,3873,3.873,11.1025045184611,0.232558139534884,0.900697674418605,FALSE,3.33204209434112
"3541","YKL210W",23,23,0,0,0,6,17,0,17,6,0,"missense_variant;synonymous_variant",NA,NA,"XI",23,3075,3.075,7.47967479674797,0,0,FALSE,2.73489941254664
"3542","YKL211C",17,16,0,1,0,0,16,1,16,0,0,"synonymous_variant;upstream_gene_variant",974,974,"XI",16,1455,1.455,10.9965635738832,0.0625,0.0909375,FALSE,3.31610668915871
"3543","YKL212W",11,11,0,0,0,1,10,0,10,1,0,"synonymous_variant;missense_variant",NA,NA,"XI",11,1872,1.872,5.87606837606838,0,0,FALSE,2.42406030784475
"3544","YKL213C",10,10,0,0,0,4,5,0,5,4,1,"stop_lost&splice_region_variant;missense_variant;synonymous_variant",NA,NA,"XI",10,2148,2.148,4.65549348230912,0,0,FALSE,2.15765926001052
"3545","YKL214C",3,3,0,0,0,2,1,0,1,2,0,"synonymous_variant;missense_variant",NA,NA,"XI",3,612,0.612,4.90196078431373,0,0,FALSE,2.21403721385024
"3546","YKL215C",25,22,0,3,0,2,20,3,20,2,0,"synonymous_variant;missense_variant;upstream_gene_variant",355,29,"XI",22,3861,3.861,5.6980056980057,0.136363636363636,0.5265,FALSE,2.38704958013144
"3547","YKL216W",23,8,0,15,0,2,6,15,6,2,0,"upstream_gene_variant;missense_variant;synonymous_variant",933,61,"XI",8,945,0.945,8.46560846560847,1.875,1.771875,FALSE,2.90957186981323
"3548","YKL217W",6,6,0,0,0,1,5,0,5,1,0,"missense_variant;synonymous_variant",NA,NA,"XI",6,1851,1.851,3.24149108589951,0,0,FALSE,1.80041414288477
"3549","YKL218C",15,4,0,11,0,2,2,11,2,2,0,"missense_variant;synonymous_variant;upstream_gene_variant",996,387,"XI",4,981,0.981,4.07747196738022,2.75,2.69775,FALSE,2.01927510938461
"3550","YKL219W",14,5,0,0,9,3,2,9,2,3,0,"synonymous_variant;missense_variant;downstream_gene_variant",NA,NA,"XI",5,1224,1.224,4.08496732026144,0,0,FALSE,2.02113020863611
"3551","YKL220C",17,9,0,8,0,2,7,8,7,2,0,"synonymous_variant;missense_variant;upstream_gene_variant",998,431,"XI",9,2136,2.136,4.21348314606742,0.888888888888889,1.89866666666667,FALSE,2.0526770681399
"3552","YKL221W",7,7,0,0,0,5,2,0,2,5,0,"missense_variant;synonymous_variant",NA,NA,"XI",7,1422,1.422,4.92264416315049,0,0,FALSE,2.21870326162614
"3553","YKL222C",14,14,0,0,0,5,9,0,9,5,0,"synonymous_variant;missense_variant",NA,NA,"XI",14,2118,2.118,6.61000944287063,0,0,FALSE,2.57099386286133
"3554","YKL223W",3,1,0,2,0,0,0,2,0,0,1,"upstream_gene_variant;stop_lost&splice_region_variant",710,620,"XI",1,NA,NA,NA,2,NA,FALSE,NA
"3555","YKL224C",20,1,0,19,0,0,1,19,1,0,0,"synonymous_variant;upstream_gene_variant",955,170,"XI",1,372,0.372,2.68817204301075,19,7.068,FALSE,1.63956458945988
"3556","YKL225W",6,6,0,0,0,4,2,0,2,4,0,"missense_variant;synonymous_variant",NA,NA,"XI",6,NA,NA,NA,0,NA,FALSE,NA
"3557","YKR001C",4,4,0,0,0,1,3,0,3,1,0,"synonymous_variant;missense_variant",NA,NA,"XI",4,2115,2.115,1.89125295508274,0,0,FALSE,1.37522832834506
"3558","YKR002W",9,9,0,0,0,0,9,0,9,0,0,"synonymous_variant",NA,NA,"XI",9,1707,1.707,5.27240773286468,0,0,FALSE,2.29617240922033
"3559","YKR003W",4,4,0,0,0,2,2,0,2,2,0,"missense_variant;synonymous_variant",NA,NA,"XI",4,1347,1.347,2.96956198960653,0,0,FALSE,1.72324170957139
"3560","YKR004C",17,9,0,8,0,8,1,8,1,8,0,"missense_variant;synonymous_variant;upstream_gene_variant",475,21,"XI",9,1238,1.238,7.26978998384491,0.888888888888889,1.10044444444444,FALSE,2.69625480692106
"3561","YKR005C",11,11,0,0,0,7,4,0,4,7,0,"missense_variant;synonymous_variant",NA,NA,"XI",11,1647,1.647,6.67880995749848,0,0,FALSE,2.5843393657758
"3562","YKR006C",6,6,0,0,0,2,4,0,4,2,0,"synonymous_variant;missense_variant",NA,NA,"XI",6,795,0.795,7.54716981132075,0,0,FALSE,2.74721127897378
"3563","YKR007W",2,2,0,0,0,1,1,0,1,1,0,"synonymous_variant;missense_variant",NA,NA,"XI",2,555,0.555,3.6036036036036,0,0,FALSE,1.898315991505
"3564","YKR008W",9,9,0,0,0,4,5,0,5,4,0,"synonymous_variant;missense_variant",NA,NA,"XI",9,1878,1.878,4.79233226837061,0,0,FALSE,2.18913961829085
"3565","YKR009C",28,11,0,17,0,4,7,17,7,4,0,"synonymous_variant;missense_variant;upstream_gene_variant",986,61,"XI",11,2703,2.703,4.06955234924158,1.54545454545455,4.17736363636364,FALSE,2.01731315101091
"3566","YKR010C",19,19,0,0,0,13,6,0,6,13,0,"missense_variant;synonymous_variant",NA,NA,"XI",19,2316,2.316,8.20379965457686,0,0,FALSE,2.86422758428461
"3567","YKR011C",2,2,0,0,0,0,2,0,2,0,0,"synonymous_variant",NA,NA,"XI",2,1062,1.062,1.88323917137476,0,0,FALSE,1.3723116159877
"3568","YKR012C",2,2,0,0,0,1,1,0,1,1,0,"missense_variant;synonymous_variant",NA,NA,"XI",2,NA,NA,NA,0,NA,FALSE,NA
"3569","YKR013W",5,5,0,0,0,1,4,0,4,1,0,"synonymous_variant;missense_variant",NA,NA,"XI",5,990,0.99,5.05050505050505,0,0,FALSE,2.24733287487747
"3570","YKR014C",3,3,0,0,0,0,3,0,3,0,0,"synonymous_variant",NA,NA,"XI",3,705,0.705,4.25531914893617,0,0,FALSE,2.06284249251759
"3571","YKR015C",23,23,0,0,0,11,12,0,12,11,0,"missense_variant;synonymous_variant",NA,NA,"XI",23,1707,1.707,13.4739308728764,0,0,FALSE,3.67068534103325
"3572","YKR016W",16,16,0,0,0,4,11,0,11,4,1,"start_lost;missense_variant;synonymous_variant",NA,NA,"XI",16,1623,1.623,9.85828712261245,0,0,FALSE,3.13979093613133
"3573","YKR017C",6,5,0,1,0,1,4,1,4,1,0,"synonymous_variant;missense_variant;upstream_gene_variant",369,369,"XI",5,1656,1.656,3.01932367149758,0.2,0.3312,FALSE,1.73762011714229
"3574","YKR018C",16,16,0,0,0,4,12,0,12,4,0,"synonymous_variant;missense_variant",NA,NA,"XI",16,2178,2.178,7.34618916437098,0,0,FALSE,2.71038542727247
"3575","YKR019C",11,11,0,0,0,5,6,0,6,5,0,"missense_variant;synonymous_variant",NA,NA,"XI",11,1848,1.848,5.95238095238095,0,0,FALSE,2.43975018237133
"3576","YKR020W",3,3,0,0,0,0,3,0,3,0,0,"synonymous_variant",NA,NA,"XI",3,495,0.495,6.06060606060606,0,0,FALSE,2.46182981958665
"3577","YKR021W",18,18,0,0,0,2,16,0,16,2,0,"synonymous_variant;missense_variant",NA,NA,"XI",18,2748,2.748,6.55021834061135,0,0,FALSE,2.55933943442666
"3578","YKR022C",9,8,0,1,0,5,3,1,3,5,0,"missense_variant;synonymous_variant;upstream_gene_variant",211,211,"XI",8,969,0.969,8.25593395252838,0.125,0.121125,FALSE,2.87331410613744
"3579","YKR023W",18,18,0,0,0,7,11,0,11,7,0,"synonymous_variant;missense_variant",NA,NA,"XI",18,1593,1.593,11.2994350282486,0,0,FALSE,3.36146322726407
"3580","YKR024C",10,10,0,0,0,4,6,0,6,4,0,"synonymous_variant;missense_variant",NA,NA,"XI",10,2229,2.229,4.48631673396142,0,0,FALSE,2.11809271137064
"3581","YKR025W",7,7,0,0,0,2,5,0,5,2,0,"missense_variant;synonymous_variant",NA,NA,"XI",7,849,0.849,8.24499411071849,0,0,FALSE,2.87140977756894
"3582","YKR026C",1,1,0,0,0,0,1,0,1,0,0,"synonymous_variant",NA,NA,"XI",1,918,0.918,1.08932461873638,0,0,FALSE,1.04370715180858
"3583","YKR027W",9,9,0,0,0,4,5,0,5,4,0,"synonymous_variant;missense_variant",NA,NA,"XI",9,2298,2.298,3.91644908616188,0,0,FALSE,1.97900204299083
"3584","YKR028W",21,21,0,0,0,5,16,0,16,5,0,"synonymous_variant;missense_variant",NA,NA,"XI",21,3102,3.102,6.76982591876209,0,0,FALSE,2.60188891360913
"3585","YKR029C",26,22,0,4,0,8,14,4,14,8,0,"synonymous_variant;missense_variant;upstream_gene_variant",429,166,"XI",22,2256,2.256,9.75177304964539,0.181818181818182,0.410181818181818,FALSE,3.12278290145911
"3586","YKR030W",3,3,0,0,0,0,3,0,3,0,0,"synonymous_variant",NA,NA,"XI",3,822,0.822,3.64963503649635,0,0,FALSE,1.91040179975218
"3587","YKR031C",45,44,0,1,0,10,34,1,34,10,0,"synonymous_variant;missense_variant;upstream_gene_variant",479,479,"XI",44,5052,5.052,8.70942201108472,0.0227272727272727,0.114818181818182,FALSE,2.95117298901381
"3588","YKR032W",2,2,0,0,0,1,1,0,1,1,0,"missense_variant;synonymous_variant",NA,NA,"XI",2,315,0.315,6.34920634920635,0,0,FALSE,2.51976315339485
"3589","YKR033C",2,2,0,0,0,0,2,0,2,0,0,"synonymous_variant",NA,NA,"XI",2,NA,NA,NA,0,NA,FALSE,NA
"3590","YKR034W",3,3,0,0,0,0,3,0,3,0,0,"synonymous_variant",NA,NA,"XI",3,810,0.81,3.7037037037037,0,0,FALSE,1.92450089729875
"3591","YKR035C",4,4,0,0,0,2,2,0,2,2,0,"missense_variant;synonymous_variant",NA,NA,"XI",4,NA,NA,NA,0,NA,FALSE,NA
"3592","YKR036C",13,13,0,0,0,7,6,0,6,7,0,"synonymous_variant;missense_variant",NA,NA,"XI",13,1932,1.932,6.7287784679089,0,0,FALSE,2.59398891052157
"3593","YKR037C",8,8,0,0,0,0,8,0,8,0,0,"synonymous_variant",NA,NA,"XI",8,888,0.888,9.00900900900901,0,0,FALSE,3.00150112593832
"3594","YKR038C",8,8,0,0,0,2,6,0,6,2,0,"synonymous_variant;missense_variant",NA,NA,"XI",8,1161,1.161,6.89061154177433,0,0,FALSE,2.62499743652719
"3595","YKR039W",18,18,0,0,0,9,9,0,9,9,0,"synonymous_variant;missense_variant",NA,NA,"XI",18,1809,1.809,9.95024875621891,0,0,FALSE,3.15440148938256
"3596","YKR040C",6,2,0,4,0,2,0,4,0,2,0,"missense_variant;upstream_gene_variant",924,755,"XI",2,NA,NA,NA,2,NA,FALSE,NA
"3597","YKR041W",3,3,0,0,0,2,1,0,1,2,0,"missense_variant;synonymous_variant",NA,NA,"XI",3,753,0.753,3.98406374501992,0,0,FALSE,1.9960119601395
"3598","YKR042W",10,10,0,0,0,3,7,0,7,3,0,"synonymous_variant;missense_variant",NA,NA,"XI",10,1098,1.098,9.10746812386157,0,0,FALSE,3.01785820141728
"3599","YKR043C",5,5,0,0,0,1,4,0,4,1,0,"synonymous_variant;missense_variant",NA,NA,"XI",5,816,0.816,6.12745098039216,0,0,FALSE,2.47536885744169
"3600","YKR044W",10,10,0,0,0,5,5,0,5,5,0,"missense_variant;synonymous_variant",NA,NA,"XI",10,1332,1.332,7.50750750750751,0,0,FALSE,2.73998312175595
"3601","YKR045C",1,1,0,0,0,0,1,0,1,0,0,"synonymous_variant",NA,NA,"XI",1,552,0.552,1.81159420289855,0,0,FALSE,1.34595475514541
"3602","YKR046C",4,4,0,0,0,0,4,0,4,0,0,"synonymous_variant",NA,NA,"XI",4,852,0.852,4.69483568075117,0,0,FALSE,2.1667569500872
"3603","YKR047W",2,2,0,0,0,2,0,0,0,2,0,"missense_variant",NA,NA,"XI",2,NA,NA,NA,0,NA,FALSE,NA
"3604","YKR048C",4,4,0,0,0,0,4,0,4,0,0,"synonymous_variant",NA,NA,"XI",4,1254,1.254,3.18979266347687,0,0,FALSE,1.78599906592273
"3605","YKR049C",1,1,0,0,0,0,1,0,1,0,0,"synonymous_variant",NA,NA,"XI",1,402,0.402,2.48756218905473,0,0,FALSE,1.57720074469128
"3606","YKR050W",18,18,0,0,0,6,12,0,12,6,0,"synonymous_variant;missense_variant",NA,NA,"XI",18,2670,2.67,6.74157303370787,0,0,FALSE,2.59645393444749
"3607","YKR051W",5,5,0,0,0,0,5,0,5,0,0,"synonymous_variant",NA,NA,"XI",5,1257,1.257,3.97772474144789,0,0,FALSE,1.99442341077513
"3608","YKR052C",3,2,0,1,0,0,2,1,2,0,0,"synonymous_variant;upstream_gene_variant",483,483,"XI",2,915,0.915,2.18579234972678,0.5,0.4575,FALSE,1.47844254190915
"3609","YKR053C",3,3,0,0,0,1,2,0,2,1,0,"missense_variant;synonymous_variant",NA,NA,"XI",3,1215,1.215,2.46913580246914,0,0,FALSE,1.57134840263677
"3610","YKR054C",60,57,0,3,0,30,27,3,27,30,0,"missense_variant;synonymous_variant;upstream_gene_variant",250,85,"XI",57,12279,12.279,4.64207182995358,0.0526315789473684,0.646263157894737,FALSE,2.15454678063707
"3611","YKR055W",3,3,0,0,0,2,1,0,1,2,0,"missense_variant;synonymous_variant",NA,NA,"XI",3,876,0.876,3.42465753424658,0,0,FALSE,1.85058302549401
"3612","YKR056W",21,21,0,0,0,8,12,0,12,8,1,"missense_variant;stop_gained;synonymous_variant",NA,NA,"XI",21,1920,1.92,10.9375,0,0,FALSE,3.30718913883074
"3613","YKR058W",24,24,0,0,0,10,14,0,14,10,0,"missense_variant;synonymous_variant",NA,NA,"XI",24,1851,1.851,12.9659643435981,0,0,FALSE,3.60082828576955
"3614","YKR059W",2,0,0,2,0,0,0,2,0,0,0,"upstream_gene_variant",82,42,"XI",0,1188,1.188,0,NA,NA,FALSE,0
"3615","YKR060W",7,5,0,2,0,3,2,2,2,3,0,"upstream_gene_variant;missense_variant;synonymous_variant",43,34,"XI",5,825,0.825,6.06060606060606,0.4,0.33,FALSE,2.46182981958665
"3616","YKR061W",8,8,0,0,0,2,6,0,6,2,0,"synonymous_variant;missense_variant",NA,NA,"XI",8,1278,1.278,6.25978090766823,0,0,FALSE,2.50195541680267
"3617","YKR062W",8,4,0,4,0,1,3,4,3,1,0,"upstream_gene_variant;missense_variant;synonymous_variant",496,353,"XI",4,987,0.987,4.05268490374873,1,0.987,FALSE,2.01312813892925
"3618","YKR063C",10,10,0,0,0,4,6,0,6,4,0,"synonymous_variant;missense_variant",NA,NA,"XI",10,1509,1.509,6.62690523525514,0,0,FALSE,2.57427761425514
"3619","YKR064W",20,20,0,0,0,10,10,0,10,10,0,"synonymous_variant;missense_variant",NA,NA,"XI",20,2592,2.592,7.71604938271605,0,0,FALSE,2.77777777777778
"3620","YKR065C",4,4,0,0,0,1,3,0,3,1,0,"synonymous_variant;missense_variant",NA,NA,"XI",4,594,0.594,6.73400673400673,0,0,FALSE,2.59499648053841
"3621","YKR066C",5,5,0,0,0,1,4,0,4,1,0,"synonymous_variant;missense_variant",NA,NA,"XI",5,1086,1.086,4.60405156537753,0,0,FALSE,2.14570537711437
"3622","YKR067W",19,19,0,0,0,5,14,0,14,5,0,"missense_variant;synonymous_variant",NA,NA,"XI",19,2232,2.232,8.51254480286738,0,0,FALSE,2.91762657015379
"3623","YKR068C",3,3,0,0,0,0,3,0,3,0,0,"synonymous_variant",NA,NA,"XI",3,582,0.582,5.15463917525773,0,0,FALSE,2.2703830459325
"3624","YKR069W",18,18,0,0,0,4,13,0,13,4,1,"synonymous_variant;missense_variant;stop_gained",NA,NA,"XI",18,1782,1.782,10.1010101010101,0,0,FALSE,3.17820863081864
"3625","YKR070W",1,1,0,0,0,0,1,0,1,0,0,"synonymous_variant",NA,NA,"XI",1,1059,1.059,0.944287063267233,0,0,FALSE,0.971744340486341
"3626","YKR071C",10,9,0,1,0,3,6,1,6,3,0,"synonymous_variant;missense_variant;upstream_gene_variant",420,420,"XI",9,1047,1.047,8.59598853868195,0.111111111111111,0.116333333333333,FALSE,2.93189163146968
"3627","YKR072C",6,6,0,0,0,2,4,0,4,2,0,"synonymous_variant;missense_variant",NA,NA,"XI",6,1689,1.689,3.55239786856128,0,0,FALSE,1.88478058897084
"3628","YKR073C",1,1,0,0,0,1,0,0,0,1,0,"missense_variant",NA,NA,"XI",1,321,0.321,3.11526479750779,0,0,FALSE,1.76501127404552
"3629","YKR074W",2,2,0,0,0,0,2,0,2,0,0,"synonymous_variant",NA,NA,"XI",2,468,0.468,4.27350427350427,0,0,FALSE,2.06724557648681
"3630","YKR075C",6,6,0,0,0,5,1,0,1,5,0,"missense_variant;synonymous_variant",NA,NA,"XI",6,924,0.924,6.49350649350649,0,0,FALSE,2.54823595718813
"3631","YKR075W-A",1,1,0,0,0,0,0,0,1,0,0,"splice_region_variant&stop_retained_variant",NA,NA,"XI",1,NA,NA,NA,0,NA,FALSE,NA
"3632","YKR076W",10,10,0,0,0,0,10,0,10,0,0,"synonymous_variant",NA,NA,"XI",10,1113,1.113,8.98472596585804,0,0,FALSE,2.9974532466509
"3633","YKR077W",8,8,0,0,0,0,8,0,8,0,0,"synonymous_variant",NA,NA,"XI",8,1092,1.092,7.32600732600733,0,0,FALSE,2.70665980980383
"3634","YKR078W",22,22,0,0,0,8,14,0,14,8,0,"synonymous_variant;missense_variant",NA,NA,"XI",22,1758,1.758,12.514220705347,0,0,FALSE,3.53754444570623
"3635","YKR079C",18,11,0,7,0,4,7,7,7,4,0,"synonymous_variant;missense_variant;upstream_gene_variant",718,229,"XI",11,2517,2.517,4.37028208184346,0.636363636363636,1.60172727272727,FALSE,2.09052196397059
"3636","YKR080W",1,1,0,0,0,1,0,0,0,1,0,"missense_variant",NA,NA,"XI",1,963,0.963,1.03842159916926,0,0,FALSE,1.01902973419291
"3637","YKR081C",7,7,0,0,0,2,5,0,5,2,0,"synonymous_variant;missense_variant",NA,NA,"XI",7,1035,1.035,6.76328502415459,0,0,FALSE,2.60063165868498
"3638","YKR082W",8,8,0,0,0,2,6,0,6,2,0,"missense_variant;synonymous_variant",NA,NA,"XI",8,3474,3.474,2.3028209556707,0,0,FALSE,1.51750484535328
"3639","YKR083C",1,1,0,0,0,1,0,0,0,1,0,"missense_variant",NA,NA,"XI",1,402,0.402,2.48756218905473,0,0,FALSE,1.57720074469128
"3640","YKR084C",8,8,0,0,0,5,3,0,3,5,0,"synonymous_variant;missense_variant",NA,NA,"XI",8,1836,1.836,4.35729847494553,0,0,FALSE,2.08741430361717
"3641","YKR085C",5,5,0,0,0,1,4,0,4,1,0,"synonymous_variant;missense_variant",NA,NA,"XI",5,588,0.588,8.50340136054422,0,0,FALSE,2.91605921759902
"3642","YKR086W",18,18,0,0,0,4,14,0,14,4,0,"synonymous_variant;missense_variant",NA,NA,"XI",18,3216,3.216,5.59701492537313,0,0,FALSE,2.36580111703692
"3643","YKR087C",2,2,0,0,0,1,1,0,1,1,0,"synonymous_variant;missense_variant",NA,NA,"XI",2,1038,1.038,1.92678227360308,0,0,FALSE,1.38808583077671
"3644","YKR088C",1,1,0,0,0,1,0,0,0,1,0,"missense_variant",NA,NA,"XI",1,1014,1.014,0.986193293885602,0,0,FALSE,0.993072652873697
"3645","YKR089C",10,10,0,0,0,1,9,0,9,1,0,"synonymous_variant;missense_variant",NA,NA,"XI",10,2733,2.733,3.65898280278083,0,0,FALSE,1.912846779745
"3646","YKR090W",13,13,0,0,0,7,6,0,6,7,0,"missense_variant;synonymous_variant",NA,NA,"XI",13,2121,2.121,6.12918434700613,0,0,FALSE,2.47571895557758
"3647","YKR091W",4,4,0,0,0,2,2,0,2,2,0,"synonymous_variant;missense_variant",NA,NA,"XI",4,741,0.741,5.39811066126856,0,0,FALSE,2.32338345119108
"3648","YKR092C",21,12,0,9,0,3,9,9,9,3,0,"synonymous_variant;missense_variant;upstream_gene_variant",846,363,"XI",12,1221,1.221,9.82800982800983,0.75,0.91575,FALSE,3.13496568211038
"3649","YKR093W",12,12,0,0,0,4,8,0,8,4,0,"missense_variant;synonymous_variant",NA,NA,"XI",12,1806,1.806,6.64451827242525,0,0,FALSE,2.57769631113234
"3650","YKR094C",7,0,0,7,0,0,0,7,0,0,0,"upstream_gene_variant",921,257,"XI",0,755,0.755,0,NA,NA,FALSE,0
"3651","YKR095W",45,45,0,0,0,18,27,0,27,18,0,"synonymous_variant;missense_variant",NA,NA,"XI",45,5628,5.628,7.99573560767591,0,0,FALSE,2.82767317907779
"3652","YKR095W-A",7,0,0,7,0,0,0,7,0,0,0,"upstream_gene_variant",394,41,"XI",0,342,0.342,0,NA,NA,FALSE,0
"3653","YKR096W",35,30,0,5,0,8,22,5,22,8,0,"upstream_gene_variant;missense_variant;synonymous_variant",412,241,"XI",30,3588,3.588,8.36120401337793,0.166666666666667,0.598,FALSE,2.8915746598312
"3654","YKR097W",12,11,0,1,0,2,9,1,9,2,0,"upstream_gene_variant;missense_variant;synonymous_variant",537,537,"XI",11,1650,1.65,6.66666666666667,0.0909090909090909,0.15,FALSE,2.58198889747161
"3655","YKR098C",17,13,0,4,0,2,10,4,11,2,0,"splice_region_variant&stop_retained_variant;synonymous_variant;missense_variant;upstream_gene_variant",492,58,"XI",13,2154,2.154,6.03528319405757,0.307692307692308,0.662769230769231,FALSE,2.45668133750749
"3656","YKR099W",10,10,0,0,0,2,8,0,8,2,0,"synonymous_variant;missense_variant",NA,NA,"XI",10,2436,2.436,4.10509031198686,0,0,TRUE,2.02610224618277
"3657","YKR100C",1,1,0,0,0,0,1,0,1,0,0,"synonymous_variant",NA,NA,"XI",1,1068,1.068,0.936329588014981,0,0,FALSE,0.96764124964523
"3658","YKR101W",9,9,0,0,0,5,4,0,4,5,0,"missense_variant;synonymous_variant",NA,NA,"XI",9,1965,1.965,4.58015267175572,0,0,FALSE,2.14012912501927
"3659","YKR102W",24,19,0,5,0,11,7,5,7,11,1,"upstream_gene_variant;missense_variant;synonymous_variant;stop_gained",666,216,"XI",19,3510,3.51,5.41310541310541,0.263157894736842,0.923684210526316,FALSE,2.32660813484038
"3660","YKR103W",40,28,0,12,0,13,14,12,14,13,1,"upstream_gene_variant;missense_variant;synonymous_variant;stop_lost&splice_region_variant",840,67,"XI",28,3657,3.657,7.65654908394859,0.428571428571429,1.56728571428571,FALSE,2.76704699706178
"3661","YKR104W",9,8,0,1,0,4,4,1,4,4,0,"upstream_gene_variant;missense_variant;synonymous_variant",3,3,"XI",8,921,0.921,8.68621064060804,0.125,0.115125,FALSE,2.94723779844926
"3662","YKR105C",3,0,0,3,0,0,0,3,0,0,0,"upstream_gene_variant",960,909,"XI",0,1749,1.749,0,NA,NA,FALSE,0
"3663","YKR106W",8,8,0,0,0,5,2,0,2,5,1,"missense_variant;stop_gained;synonymous_variant",NA,NA,"XI",8,1848,1.848,4.32900432900433,0,0,FALSE,2.0806259464412
"3664","YLL001W",6,6,0,0,0,0,6,0,6,0,0,"synonymous_variant",NA,NA,"XII",6,2274,2.274,2.63852242744063,0,0,TRUE,1.62435292576479
"3665","YLL002W",12,7,0,5,0,2,5,5,5,2,0,"upstream_gene_variant;missense_variant;synonymous_variant",203,29,"XII",7,1311,1.311,5.3394355453852,0.714285714285714,0.936428571428571,FALSE,2.31072186673022
"3666","YLL003W",17,17,0,0,0,7,10,0,10,7,0,"synonymous_variant;missense_variant",NA,NA,"XII",17,2841,2.841,5.98380851812742,0,0,FALSE,2.44618243762141
"3667","YLL004W",11,11,0,0,0,1,10,0,10,1,0,"synonymous_variant;missense_variant",NA,NA,"XII",11,1851,1.851,5.94273365748244,0,0,FALSE,2.43777227350761
"3668","YLL005C",16,16,0,0,0,5,10,0,10,5,1,"missense_variant;synonymous_variant;stop_gained",NA,NA,"XII",16,2607,2.607,6.1373225930188,0,0,FALSE,2.47736202300326
"3669","YLL006W",6,6,0,0,0,1,5,0,5,1,0,"synonymous_variant;missense_variant",NA,NA,"XII",6,1281,1.281,4.68384074941452,0,0,FALSE,2.16421827674903
"3670","YLL006W-A",1,1,0,0,0,0,1,0,1,0,0,"synonymous_variant",NA,NA,"XII",1,177,0.177,5.64971751412429,0,0,FALSE,2.37691344270764
"3671","YLL007C",8,7,0,1,0,3,4,1,4,3,0,"missense_variant;synonymous_variant;upstream_gene_variant",228,228,"XII",7,1998,1.998,3.5035035035035,0.142857142857143,0.285428571428571,FALSE,1.87176480987957
"3672","YLL008W",19,19,0,0,0,4,15,0,15,4,0,"synonymous_variant;missense_variant",NA,NA,"XII",19,2259,2.259,8.4108012394865,0,0,FALSE,2.90013814144887
"3673","YLL009C",2,2,0,0,0,0,2,0,2,0,0,"synonymous_variant",NA,NA,"XII",2,210,0.21,9.52380952380952,0,0,FALSE,3.08606699924184
"3674","YLL010C",19,11,0,8,0,4,7,8,7,4,0,"synonymous_variant;missense_variant;upstream_gene_variant",363,1,"XII",11,1284,1.284,8.56697819314642,0.727272727272727,0.933818181818182,FALSE,2.92694007337807
"3675","YLL011W",5,5,0,0,0,0,5,0,5,0,0,"synonymous_variant",NA,NA,"XII",5,1470,1.47,3.40136054421769,0,0,FALSE,1.84427778390829
"3676","YLL012W",3,3,0,0,0,1,2,0,2,1,0,"missense_variant;synonymous_variant",NA,NA,"XII",3,1722,1.722,1.74216027874564,0,0,FALSE,1.31990919337114
"3677","YLL013C",18,16,0,2,0,6,10,2,10,6,0,"synonymous_variant;missense_variant;upstream_gene_variant",569,393,"XII",16,2640,2.64,6.06060606060606,0.125,0.33,FALSE,2.46182981958665
"3678","YLL014W",4,2,0,2,0,1,1,2,1,1,0,"upstream_gene_variant;synonymous_variant;missense_variant",202,116,"XII",2,327,0.327,6.11620795107034,1,0.327,FALSE,2.47309683414749
"3679","YLL015W",17,17,0,0,0,9,8,0,8,9,0,"missense_variant;synonymous_variant",NA,NA,"XII",17,4680,4.68,3.63247863247863,0,0,FALSE,1.90590624965622
"3680","YLL018C",3,3,0,0,0,0,3,0,3,0,0,"synonymous_variant",NA,NA,"XII",3,1674,1.674,1.7921146953405,0,0,FALSE,1.33869888150416
"3681","YLL018C-A",2,2,0,0,0,0,2,0,2,0,0,"synonymous_variant",NA,NA,"XII",2,297,0.297,6.73400673400673,0,0,FALSE,2.59499648053841
"3682","YLL019C",15,15,0,0,0,2,13,0,13,2,0,"synonymous_variant;missense_variant",NA,NA,"XII",15,2214,2.214,6.77506775067751,0,0,FALSE,2.60289603147677
"3683","YLL021W",34,34,0,0,0,20,14,0,14,20,0,"synonymous_variant;missense_variant",NA,NA,"XII",34,4401,4.401,7.72551692797092,0,0,FALSE,2.77948141349621
"3684","YLL022C",7,7,0,0,0,5,2,0,2,5,0,"missense_variant;synonymous_variant",NA,NA,"XII",7,1158,1.158,6.04490500863558,0,0,FALSE,2.45863885282804
"3685","YLL023C",5,5,0,0,0,3,2,0,2,3,0,"synonymous_variant;missense_variant",NA,NA,"XII",5,840,0.84,5.95238095238095,0,0,FALSE,2.43975018237133
"3686","YLL024C",14,8,0,6,0,1,7,6,7,1,0,"synonymous_variant;missense_variant;upstream_gene_variant",343,74,"XII",8,1920,1.92,4.16666666666667,0.75,1.44,FALSE,2.04124145231932
"3687","YLL025W",7,2,0,5,0,1,1,5,1,1,0,"upstream_gene_variant;synonymous_variant;missense_variant",703,314,"XII",2,375,0.375,5.33333333333333,2.5,0.9375,FALSE,2.3094010767585
"3688","YLL026W",20,17,0,3,0,3,14,3,14,3,0,"upstream_gene_variant;synonymous_variant;missense_variant",325,171,"XII",17,2727,2.727,6.23395672900623,0.176470588235294,0.481235294117647,FALSE,2.49678928406188
"3689","YLL027W",9,4,0,5,0,1,3,5,3,1,0,"upstream_gene_variant;synonymous_variant;missense_variant",702,63,"XII",4,753,0.753,5.31208499335989,1.25,0.94125,FALSE,2.3047960849845
"3690","YLL028W",16,16,0,0,0,4,12,0,12,4,0,"synonymous_variant;missense_variant",NA,NA,"XII",16,1761,1.761,9.08574673480977,0,0,FALSE,3.01425724429913
"3691","YLL029W",15,15,0,0,0,4,11,0,11,4,0,"synonymous_variant;missense_variant",NA,NA,"XII",15,2250,2.25,6.66666666666667,0,0,FALSE,2.58198889747161
"3692","YLL030C",12,12,0,0,0,7,4,0,4,7,1,"missense_variant;synonymous_variant;start_lost",NA,NA,"XII",12,342,0.342,35.0877192982456,0,0,FALSE,5.92348877759092
"3693","YLL031C",24,24,0,0,0,5,19,0,19,5,0,"missense_variant;synonymous_variant",NA,NA,"XII",24,3054,3.054,7.85854616895874,0,0,FALSE,2.80330985960502
"3694","YLL032C",14,14,0,0,0,9,5,0,5,9,0,"synonymous_variant;missense_variant",NA,NA,"XII",14,2478,2.478,5.64971751412429,0,0,FALSE,2.37691344270764
"3695","YLL033W",5,5,0,0,0,1,4,0,4,1,0,"synonymous_variant;missense_variant",NA,NA,"XII",5,693,0.693,7.21500721500722,0,0,FALSE,2.68607654675127
"3696","YLL034C",18,15,0,3,0,3,12,3,12,3,0,"synonymous_variant;missense_variant;upstream_gene_variant",262,144,"XII",15,2514,2.514,5.96658711217184,0.2,0.5028,FALSE,2.44265984373016
"3697","YLL035W",18,18,0,0,0,10,8,0,8,10,0,"synonymous_variant;missense_variant",NA,NA,"XII",18,1899,1.899,9.47867298578199,0,0,FALSE,3.0787453590354
"3698","YLL036C",12,12,0,0,0,8,4,0,4,8,0,"missense_variant;synonymous_variant",NA,NA,"XII",12,1512,1.512,7.93650793650794,0,0,FALSE,2.81718084909506
"3699","YLL037W",7,7,0,0,0,4,2,0,2,4,1,"missense_variant;synonymous_variant;stop_gained",NA,NA,"XII",7,NA,NA,NA,0,NA,FALSE,NA
"3700","YLL038C",2,2,0,0,0,1,1,0,1,1,0,"missense_variant;synonymous_variant",NA,NA,"XII",2,744,0.744,2.68817204301075,0,0,FALSE,1.63956458945988
"3701","YLL039C",14,14,0,0,0,0,14,0,14,0,0,"synonymous_variant",NA,NA,"XII",14,1146,1.146,12.216404886562,0,0,FALSE,3.49519740308927
"3702","YLL040C",44,40,0,4,0,7,33,4,33,7,0,"synonymous_variant;missense_variant;upstream_gene_variant",267,148,"XII",40,9435,9.435,4.23953365129836,0.1,0.9435,FALSE,2.05901278560828
"3703","YLL041C",3,3,0,0,0,0,3,0,3,0,0,"synonymous_variant",NA,NA,"XII",3,801,0.801,3.74531835205992,0,0,FALSE,1.93528249929046
"3704","YLL042C",9,9,0,0,0,4,5,0,5,4,0,"missense_variant;synonymous_variant",NA,NA,"XII",9,504,0.504,17.8571428571429,0,0,FALSE,4.22577127364258
"3705","YLL043W",20,20,0,0,0,3,17,0,17,3,0,"synonymous_variant;missense_variant",NA,NA,"XII",20,2010,2.01,9.95024875621891,0,0,FALSE,3.15440148938256
"3706","YLL045C",3,3,0,0,0,2,1,0,1,2,0,"synonymous_variant;missense_variant",NA,NA,"XII",3,771,0.771,3.89105058365759,0,0,FALSE,1.97257460788118
"3707","YLL046C",4,4,0,0,0,1,3,0,3,1,0,"synonymous_variant;missense_variant",NA,NA,"XII",4,750,0.75,5.33333333333333,0,0,FALSE,2.3094010767585
"3708","YLL047W",2,2,0,0,0,2,0,0,0,2,0,"missense_variant",NA,NA,"XII",2,NA,NA,NA,0,NA,FALSE,NA
"3709","YLL048C",31,26,0,5,0,5,21,5,21,5,0,"synonymous_variant;missense_variant;upstream_gene_variant",395,25,"XII",26,4986,4.986,5.21460088247092,0.192307692307692,0.958846153846154,FALSE,2.28355006130168
"3710","YLL049W",3,3,0,0,0,2,1,0,1,2,0,"missense_variant;synonymous_variant",NA,NA,"XII",3,540,0.54,5.55555555555556,0,0,FALSE,2.35702260395516
"3711","YLL050C",1,1,0,0,0,1,0,0,0,1,0,"missense_variant",NA,NA,"XII",1,611,0.611,1.6366612111293,0,0,FALSE,1.2793206052938
"3712","YLL051C",16,16,0,0,0,5,11,0,11,5,0,"synonymous_variant;missense_variant",NA,NA,"XII",16,2139,2.139,7.48013090229079,0,0,FALSE,2.73498279743965
"3713","YLL052C",6,6,0,0,0,2,4,0,4,2,0,"missense_variant;synonymous_variant",NA,NA,"XII",6,450,0.45,13.3333333333333,0,0,FALSE,3.65148371670111
"3714","YLL053C",11,11,0,0,0,5,6,0,6,5,0,"missense_variant;synonymous_variant",NA,NA,"XII",11,459,0.459,23.9651416122004,0,0,FALSE,4.8954204734834
"3715","YLL054C",26,17,0,9,0,8,9,9,9,8,0,"missense_variant;synonymous_variant;upstream_gene_variant",278,3,"XII",17,2532,2.532,6.71406003159558,0.529411764705882,1.34047058823529,FALSE,2.59115032979478
"3716","YLL055W",10,10,0,0,0,1,9,0,9,1,0,"missense_variant;synonymous_variant",NA,NA,"XII",10,1596,1.596,6.265664160401,0,0,FALSE,2.50313087160879
"3717","YLL056C",3,3,0,0,0,2,1,0,1,2,0,"missense_variant;synonymous_variant",NA,NA,"XII",3,897,0.897,3.34448160535117,0,0,FALSE,1.82879238989864
"3718","YLL057C",8,8,0,0,0,2,6,0,6,2,0,"missense_variant;synonymous_variant",NA,NA,"XII",8,1239,1.239,6.45682001614205,0,0,FALSE,2.54102735446552
"3719","YLL058W",14,14,0,0,0,7,7,0,7,7,0,"synonymous_variant;missense_variant",NA,NA,"XII",14,1728,1.728,8.10185185185185,0,0,FALSE,2.84637521276656
"3720","YLL059C",3,3,0,0,0,2,0,0,0,2,1,"stop_gained;missense_variant",NA,NA,"XII",3,NA,NA,NA,0,NA,FALSE,NA
"3721","YLL060C",4,4,0,0,0,0,4,0,4,0,0,"synonymous_variant",NA,NA,"XII",4,702,0.702,5.6980056980057,0,0,FALSE,2.38704958013144
"3722","YLL061W",26,26,0,0,0,5,20,0,20,5,1,"synonymous_variant;missense_variant;stop_gained",NA,NA,"XII",26,1752,1.752,14.8401826484018,0,0,FALSE,3.85229576336005
"3723","YLL062C",6,6,0,0,0,1,5,0,5,1,0,"synonymous_variant;missense_variant",NA,NA,"XII",6,975,0.975,6.15384615384615,0,0,FALSE,2.48069469178417
"3724","YLL063C",15,15,0,0,0,6,9,0,9,6,0,"synonymous_variant;missense_variant",NA,NA,"XII",15,1425,1.425,10.5263157894737,0,0,FALSE,3.24442842261525
"3725","YLL065W",3,3,0,0,0,2,1,0,1,2,0,"synonymous_variant;missense_variant",NA,NA,"XII",3,NA,NA,NA,0,NA,FALSE,NA
"3726","YLR001C",18,17,0,1,0,9,8,1,8,9,0,"missense_variant;synonymous_variant;upstream_gene_variant",333,333,"XII",17,2589,2.589,6.56624179219776,0.0588235294117647,0.152294117647059,FALSE,2.56246791047181
"3727","YLR002C",5,5,0,0,0,2,3,0,3,2,0,"synonymous_variant;missense_variant",NA,NA,"XII",5,1992,1.992,2.51004016064257,0,0,FALSE,1.58431062631119
"3728","YLR003C",9,9,0,0,0,0,9,0,9,0,0,"synonymous_variant",NA,NA,"XII",9,876,0.876,10.2739726027397,0,0,FALSE,3.20530382378016
"3729","YLR004C",6,6,0,0,0,0,6,0,6,0,0,"synonymous_variant",NA,NA,"XII",6,1572,1.572,3.81679389312977,0,0,FALSE,1.95366166291141
"3730","YLR005W",9,9,0,0,0,1,8,0,8,1,0,"missense_variant;synonymous_variant",NA,NA,"XII",9,1386,1.386,6.49350649350649,0,0,FALSE,2.54823595718813
"3731","YLR006C",10,10,0,0,0,7,3,0,3,7,0,"synonymous_variant;missense_variant",NA,NA,"XII",10,2139,2.139,4.67508181393174,0,0,FALSE,2.16219375032205
"3732","YLR007W",10,10,0,0,0,5,5,0,5,5,0,"synonymous_variant;missense_variant",NA,NA,"XII",10,1011,1.011,9.89119683481701,0,0,FALSE,3.1450273186122
"3733","YLR008C",3,3,0,0,0,0,3,0,3,0,0,"synonymous_variant",NA,NA,"XII",3,507,0.507,5.91715976331361,0,0,FALSE,2.4325212770526
"3734","YLR009W",3,3,0,0,0,0,3,0,3,0,0,"synonymous_variant",NA,NA,"XII",3,600,0.6,5,0,0,FALSE,2.23606797749979
"3735","YLR010C",5,5,0,0,0,3,2,0,2,3,0,"synonymous_variant;missense_variant",NA,NA,"XII",5,483,0.483,10.351966873706,0,0,FALSE,3.21744726043893
"3736","YLR011W",3,3,0,0,0,1,2,0,2,1,0,"missense_variant;synonymous_variant",NA,NA,"XII",3,576,0.576,5.20833333333333,0,0,FALSE,2.28217732293819
"3737","YLR012C",2,2,0,0,0,0,2,0,2,0,0,"synonymous_variant",NA,NA,"XII",2,300,0.3,6.66666666666667,0,0,FALSE,2.58198889747161
"3738","YLR013W",1,1,0,0,0,0,1,0,1,0,0,"synonymous_variant",NA,NA,"XII",1,426,0.426,2.34741784037559,0,0,FALSE,1.53212853258974
"3739","YLR014C",16,16,0,0,0,7,9,0,9,7,0,"synonymous_variant;missense_variant",NA,NA,"XII",16,2715,2.715,5.89318600368324,0,0,FALSE,2.42758851613762
"3740","YLR015W",13,13,0,0,0,2,11,0,11,2,0,"missense_variant;synonymous_variant",NA,NA,"XII",13,1518,1.518,8.56389986824769,0,0,FALSE,2.92641416553565
"3741","YLR016C",3,3,0,0,0,2,1,0,1,2,0,"missense_variant;synonymous_variant",NA,NA,"XII",3,615,0.615,4.8780487804878,0,0,FALSE,2.20863052149693
"3742","YLR017W",11,11,0,0,0,0,11,0,11,0,0,"synonymous_variant",NA,NA,"XII",11,1014,1.014,10.8481262327416,0,0,FALSE,3.2936493791449
"3743","YLR018C",12,12,0,0,0,4,8,0,8,4,0,"synonymous_variant;missense_variant",NA,NA,"XII",12,900,0.9,13.3333333333333,0,0,FALSE,3.65148371670111
"3744","YLR019W",8,8,0,0,0,4,4,0,4,4,0,"missense_variant;synonymous_variant",NA,NA,"XII",8,1194,1.194,6.7001675041876,0,0,FALSE,2.5884681771634
"3745","YLR020C",20,20,0,0,0,1,19,0,19,1,0,"synonymous_variant;missense_variant",NA,NA,"XII",20,1617,1.617,12.3685837971552,0,0,FALSE,3.51689974226665
"3746","YLR021W",4,4,0,0,0,2,2,0,2,2,0,"missense_variant;synonymous_variant",NA,NA,"XII",4,540,0.54,7.40740740740741,0,0,FALSE,2.72165526975909
"3747","YLR022C",3,3,0,0,0,0,3,0,3,0,0,"synonymous_variant",NA,NA,"XII",3,753,0.753,3.98406374501992,0,0,FALSE,1.9960119601395
"3748","YLR023C",14,14,0,0,0,7,7,0,7,7,0,"missense_variant;synonymous_variant",NA,NA,"XII",14,1632,1.632,8.57843137254902,0,0,FALSE,2.92889593064503
"3749","YLR024C",36,26,0,10,0,11,15,10,15,11,0,"missense_variant;synonymous_variant;upstream_gene_variant",996,187,"XII",26,5619,5.619,4.62715785726998,0.384615384615385,2.16115384615385,FALSE,2.15108294988129
"3750","YLR025W",2,2,0,0,0,0,2,0,2,0,0,"synonymous_variant",NA,NA,"XII",2,723,0.723,2.76625172890733,0,0,FALSE,1.66320525759971
"3751","YLR026C",6,6,0,0,0,3,3,0,3,3,0,"synonymous_variant;missense_variant",NA,NA,"XII",6,1023,1.023,5.86510263929619,0,0,FALSE,2.42179739848241
"3752","YLR027C",6,6,0,0,0,3,3,0,3,3,0,"missense_variant;synonymous_variant",NA,NA,"XII",6,1257,1.257,4.77326968973747,0,0,FALSE,2.18478138259586
"3753","YLR028C",9,9,0,0,0,1,8,0,8,1,0,"synonymous_variant;missense_variant",NA,NA,"XII",9,1776,1.776,5.06756756756757,0,0,FALSE,2.25112584445374
"3754","YLR029C",3,3,0,0,0,1,2,0,2,1,0,"synonymous_variant;missense_variant",NA,NA,"XII",3,615,0.615,4.8780487804878,0,0,FALSE,2.20863052149693
"3755","YLR030W",9,9,0,0,0,7,2,0,2,7,0,"missense_variant;synonymous_variant",NA,NA,"XII",9,792,0.792,11.3636363636364,0,0,FALSE,3.37099931231621
"3756","YLR031W",3,3,0,0,0,1,2,0,2,1,0,"missense_variant;synonymous_variant",NA,NA,"XII",3,561,0.561,5.3475935828877,0,0,FALSE,2.3124864503144
"3757","YLR032W",43,43,0,0,0,13,30,0,30,13,0,"synonymous_variant;missense_variant",NA,NA,"XII",43,3510,3.51,12.2507122507123,0,0,FALSE,3.50010174862278
"3758","YLR033W",14,12,0,2,0,4,8,2,8,4,0,"upstream_gene_variant;synonymous_variant;missense_variant",110,10,"XII",12,1509,1.509,7.95228628230616,0.166666666666667,0.2515,FALSE,2.81997983721625
"3759","YLR034C",22,19,0,3,0,0,19,3,19,0,0,"synonymous_variant;upstream_gene_variant",256,93,"XII",19,1422,1.422,13.3614627285513,0.157894736842105,0.224526315789474,FALSE,3.65533346338625
"3760","YLR035C",26,26,0,0,0,14,12,0,12,14,0,"synonymous_variant;missense_variant",NA,NA,"XII",26,2088,2.088,12.4521072796935,0,0,FALSE,3.5287543524158
"3761","YLR036C",2,2,0,0,0,0,2,0,2,0,0,"synonymous_variant",NA,NA,"XII",2,612,0.612,3.26797385620915,0,0,FALSE,1.80775381515547
"3762","YLR039C",31,31,0,0,0,8,23,0,23,8,0,"synonymous_variant;missense_variant",NA,NA,"XII",31,3171,3.171,9.7760958688111,0,0,FALSE,3.12667489016864
"3763","YLR040C",8,8,0,0,0,4,4,0,4,4,0,"missense_variant;synonymous_variant",NA,NA,"XII",8,675,0.675,11.8518518518519,0,0,FALSE,3.44265186329548
"3764","YLR041W",4,4,0,0,0,4,0,0,0,4,0,"missense_variant",NA,NA,"XII",4,NA,NA,NA,0,NA,FALSE,NA
"3765","YLR042C",4,4,0,0,0,2,2,0,2,2,0,"synonymous_variant;missense_variant",NA,NA,"XII",4,486,0.486,8.23045267489712,0,0,FALSE,2.86887655274623
"3766","YLR044C",2,2,0,0,0,1,1,0,1,1,0,"synonymous_variant;missense_variant",NA,NA,"XII",2,1692,1.692,1.18203309692671,0,0,FALSE,1.08721345508907
"3767","YLR045C",13,13,0,0,0,5,8,0,8,5,0,"synonymous_variant;missense_variant",NA,NA,"XII",13,2667,2.667,4.87439070116235,0,0,FALSE,2.20780223325423
"3768","YLR046C",7,7,0,0,0,1,6,0,6,1,0,"synonymous_variant;missense_variant",NA,NA,"XII",7,813,0.813,8.61008610086101,0,0,FALSE,2.93429482173503
"3769","YLR047C",8,8,0,0,0,3,5,0,5,3,0,"missense_variant;synonymous_variant",NA,NA,"XII",8,2061,2.061,3.88161086851043,0,0,FALSE,1.97018041521847
"3770","YLR048W",3,3,0,0,0,0,3,0,3,0,0,"synonymous_variant",NA,NA,"XII",3,1118,1.118,2.68336314847943,0,0,FALSE,1.6380974172739
"3771","YLR049C",3,3,0,0,0,0,3,0,3,0,0,"synonymous_variant",NA,NA,"XII",3,1287,1.287,2.33100233100233,0,0,FALSE,1.52676204138115
"3772","YLR050C",1,1,0,0,0,0,1,0,1,0,0,"synonymous_variant",NA,NA,"XII",1,486,0.486,2.05761316872428,0,0,TRUE,1.43443827637312
"3773","YLR051C",4,4,0,0,0,1,3,0,3,1,0,"synonymous_variant;missense_variant",NA,NA,"XII",4,654,0.654,6.11620795107034,0,0,FALSE,2.47309683414749
"3774","YLR052W",5,5,0,0,0,1,4,0,4,1,0,"synonymous_variant;missense_variant",NA,NA,"XII",5,753,0.753,6.64010624169987,0,0,FALSE,2.57684036015037
"3775","YLR054C",23,23,0,0,0,16,2,0,2,16,5,"missense_variant;synonymous_variant;stop_gained;stop_lost",NA,NA,"XII",23,2262,2.262,10.1679929266136,0,0,FALSE,3.18872904565653
"3776","YLR055C",5,5,0,0,0,2,3,0,3,2,0,"synonymous_variant;missense_variant",NA,NA,"XII",5,1809,1.809,2.76395798783859,0,0,FALSE,1.66251556017939
"3777","YLR056W",3,3,0,0,0,1,2,0,2,1,0,"synonymous_variant;missense_variant",NA,NA,"XII",3,1098,1.098,2.73224043715847,0,0,FALSE,1.65294901226822
"3778","YLR057W",16,16,0,0,0,9,7,0,7,9,0,"synonymous_variant;missense_variant",NA,NA,"XII",16,2550,2.55,6.27450980392157,0,0,FALSE,2.5048971643406
"3779","YLR058C",9,7,0,2,0,0,7,2,7,0,0,"synonymous_variant;upstream_gene_variant",244,97,"XII",7,1410,1.41,4.9645390070922,0.285714285714286,0.402857142857143,FALSE,2.22812454927731
"3780","YLR059C",2,2,0,0,0,1,1,0,1,1,0,"synonymous_variant;missense_variant",NA,NA,"XII",2,810,0.81,2.46913580246914,0,0,FALSE,1.57134840263677
"3781","YLR060W",6,6,0,0,0,0,6,0,6,0,0,"synonymous_variant",NA,NA,"XII",6,1788,1.788,3.35570469798658,0,0,FALSE,1.83185826361828
"3782","YLR063W",4,4,0,0,0,1,3,0,3,1,0,"missense_variant;synonymous_variant",NA,NA,"XII",4,1098,1.098,3.64298724954463,0,0,FALSE,1.90866111437956
"3783","YLR064W",1,1,0,0,0,0,1,0,1,0,0,"synonymous_variant",NA,NA,"XII",1,822,0.822,1.21654501216545,0,0,TRUE,1.10297099334726
"3784","YLR065C",5,5,0,0,0,2,3,0,3,2,0,"missense_variant;synonymous_variant",NA,NA,"XII",5,546,0.546,9.15750915750916,0,0,FALSE,3.02613766334401
"3785","YLR066W",1,1,0,0,0,1,0,0,0,1,0,"missense_variant",NA,NA,"XII",1,555,0.555,1.8018018018018,0,0,FALSE,1.34231211042805
"3786","YLR067C",7,7,0,0,0,3,4,0,4,3,0,"synonymous_variant;missense_variant",NA,NA,"XII",7,2898,2.898,2.41545893719807,0,0,FALSE,1.55417468040052
"3787","YLR068W",3,3,0,0,0,2,1,0,1,2,0,"synonymous_variant;missense_variant",NA,NA,"XII",3,456,0.456,6.57894736842105,0,0,FALSE,2.56494588021289
"3788","YLR069C",6,6,0,0,0,2,4,0,4,2,0,"synonymous_variant;missense_variant",NA,NA,"XII",6,2286,2.286,2.6246719160105,0,0,FALSE,1.62008392252084
"3789","YLR070C",5,5,0,0,0,2,3,0,3,2,0,"missense_variant;synonymous_variant",NA,NA,"XII",5,1071,1.071,4.66853408029879,0,0,FALSE,2.16067907850721
"3790","YLR071C",10,10,0,0,0,3,7,0,7,3,0,"synonymous_variant;missense_variant",NA,NA,"XII",10,3249,3.249,3.07787011388119,0,0,FALSE,1.75438596491228
"3791","YLR072W",6,6,0,0,0,0,5,0,5,0,1,"synonymous_variant;stop_gained",NA,NA,"XII",6,2082,2.082,2.88184438040346,0,0,FALSE,1.69759959366261
"3792","YLR073C",5,5,0,0,0,0,5,0,5,0,0,"synonymous_variant",NA,NA,"XII",5,603,0.603,8.29187396351576,0,0,FALSE,2.87956141860453
"3793","YLR074C",8,8,0,0,0,1,7,0,7,1,0,"synonymous_variant;missense_variant",NA,NA,"XII",8,501,0.501,15.9680638722555,0,0,FALSE,3.99600599001747
"3794","YLR077W",8,8,0,0,0,2,6,0,6,2,0,"synonymous_variant;missense_variant",NA,NA,"XII",8,1752,1.752,4.5662100456621,0,0,FALSE,2.13686921585344
"3795","YLR078C",5,5,0,0,0,0,5,0,5,0,0,"synonymous_variant",NA,NA,"XII",5,824,0.824,6.06796116504854,0,0,FALSE,2.46332319541073
"3796","YLR080W",14,14,0,0,0,7,7,0,7,7,0,"missense_variant;synonymous_variant",NA,NA,"XII",14,1335,1.335,10.4868913857678,0,0,FALSE,3.23834701441457
"3797","YLR081W",14,14,0,0,0,3,11,0,11,3,0,"synonymous_variant;missense_variant",NA,NA,"XII",14,1725,1.725,8.11594202898551,0,0,FALSE,2.84884924644768
"3798","YLR082C",10,8,0,2,0,1,7,2,7,1,0,"missense_variant;synonymous_variant;upstream_gene_variant",310,267,"XII",8,1179,1.179,6.78541136556404,0.25,0.29475,FALSE,2.60488221721521
"3799","YLR083C",11,11,0,0,0,2,8,0,9,2,0,"splice_region_variant&stop_retained_variant;synonymous_variant;missense_variant",NA,NA,"XII",11,2004,2.004,5.48902195608782,0,0,FALSE,2.34286618399085
"3800","YLR084C",23,23,0,0,0,11,12,0,12,11,0,"synonymous_variant;missense_variant",NA,NA,"XII",23,3663,3.663,6.27900627900628,0,0,FALSE,2.50579454046142
"3801","YLR085C",8,8,0,0,0,1,7,0,7,1,0,"synonymous_variant;missense_variant",NA,NA,"XII",8,1317,1.317,6.07441154138193,0,0,FALSE,2.46463213104551
"3802","YLR086W",25,25,0,0,0,9,16,0,16,9,0,"missense_variant;synonymous_variant",NA,NA,"XII",25,4257,4.257,5.87268029128494,0,0,FALSE,2.42336136209294
"3803","YLR087C",42,40,0,2,0,7,33,2,33,7,0,"synonymous_variant;missense_variant;upstream_gene_variant",333,298,"XII",40,8877,8.877,4.50602681085952,0.05,0.44385,FALSE,2.12274040119359
"3804","YLR088W",17,17,0,0,0,4,13,0,13,4,0,"synonymous_variant;missense_variant",NA,NA,"XII",17,1845,1.845,9.21409214092141,0,0,FALSE,3.03547230936495
"3805","YLR089C",9,9,0,0,0,2,7,0,7,2,0,"synonymous_variant;missense_variant",NA,NA,"XII",9,1779,1.779,5.05902192242833,0,0,FALSE,2.24922696107537
"3806","YLR090W",9,9,0,0,0,1,8,0,8,1,0,"synonymous_variant;missense_variant",NA,NA,"XII",9,1380,1.38,6.52173913043478,0,0,FALSE,2.55376959227625
"3807","YLR091W",2,2,0,0,0,1,1,0,1,1,0,"synonymous_variant;missense_variant",NA,NA,"XII",2,882,0.882,2.26757369614512,0,0,FALSE,1.50584650484209
"3808","YLR092W",17,17,0,0,0,5,12,0,12,5,0,"missense_variant;synonymous_variant",NA,NA,"XII",17,2682,2.682,6.33855331841909,0,0,FALSE,2.51764837068624
"3809","YLR093C",7,4,0,3,0,4,0,3,0,4,0,"missense_variant;upstream_gene_variant",99,89,"XII",4,903,0.903,4.4296788482835,0.75,0.67725,FALSE,2.10468022470956
"3810","YLR094C",8,8,0,0,0,2,6,0,6,2,0,"synonymous_variant;missense_variant",NA,NA,"XII",8,1509,1.509,5.30152418820411,0,0,FALSE,2.30250389537219
"3811","YLR095C",18,18,0,0,0,8,10,0,10,8,0,"synonymous_variant;missense_variant",NA,NA,"XII",18,2439,2.439,7.38007380073801,0,0,FALSE,2.71662912462081
"3812","YLR096W",19,19,0,0,0,5,14,0,14,5,0,"missense_variant;synonymous_variant",NA,NA,"XII",19,3444,3.444,5.51684088269454,0,0,FALSE,2.34879562386653
"3813","YLR097C",7,7,0,0,0,4,3,0,3,4,0,"synonymous_variant;missense_variant",NA,NA,"XII",7,1035,1.035,6.76328502415459,0,0,FALSE,2.60063165868498
"3814","YLR098C",9,9,0,0,0,1,8,0,8,1,0,"synonymous_variant;missense_variant",NA,NA,"XII",9,1947,1.947,4.62249614791988,0,0,FALSE,2.14999910416723
"3815","YLR099C",15,15,0,0,0,3,12,0,12,3,0,"synonymous_variant;missense_variant",NA,NA,"XII",15,1185,1.185,12.6582278481013,0,0,FALSE,3.5578403348241
"3816","YLR099W-A",1,1,0,0,0,0,1,0,1,0,0,"synonymous_variant",NA,NA,"XII",1,264,0.264,3.78787878787879,0,0,FALSE,1.94624736040381
"3817","YLR100W",6,6,0,0,0,1,5,0,5,1,0,"synonymous_variant;missense_variant",NA,NA,"XII",6,1044,1.044,5.74712643678161,0,0,FALSE,2.39731650742692
"3818","YLR101C",1,1,0,0,0,1,0,0,0,1,0,"missense_variant",NA,NA,"XII",1,NA,NA,NA,0,NA,FALSE,NA
"3819","YLR102C",3,3,0,0,0,0,3,0,3,0,0,"synonymous_variant",NA,NA,"XII",3,798,0.798,3.7593984962406,0,0,FALSE,1.9389168358237
"3820","YLR103C",20,20,0,0,0,6,14,0,14,6,0,"missense_variant;synonymous_variant",NA,NA,"XII",20,1953,1.953,10.2406554019457,0,0,TRUE,3.20010240491546
"3821","YLR104W",2,2,0,0,0,1,1,0,1,1,0,"synonymous_variant;missense_variant",NA,NA,"XII",2,396,0.396,5.05050505050505,0,0,FALSE,2.24733287487747
"3822","YLR105C",10,10,0,0,0,3,7,0,7,3,0,"synonymous_variant;missense_variant",NA,NA,"XII",10,1134,1.134,8.81834215167549,0,0,FALSE,2.96956935458249
"3823","YLR106C",63,60,0,3,0,26,34,3,34,26,0,"synonymous_variant;missense_variant;upstream_gene_variant",351,67,"XII",60,14733,14.733,4.07249032783547,0.05,0.73665,FALSE,2.01804121063854
"3824","YLR107W",8,8,0,0,0,3,5,0,5,3,0,"synonymous_variant;missense_variant",NA,NA,"XII",8,1215,1.215,6.5843621399177,0,0,FALSE,2.56600119639834
"3825","YLR108C",19,17,0,2,0,11,6,2,6,11,0,"synonymous_variant;missense_variant;upstream_gene_variant",646,624,"XII",17,1458,1.458,11.6598079561043,0.117647058823529,0.171529411764706,FALSE,3.41464609529366
"3826","YLR109W",2,2,0,0,0,0,2,0,2,0,0,"synonymous_variant",NA,NA,"XII",2,531,0.531,3.76647834274953,0,0,TRUE,1.94074169913194
"3827","YLR110C",3,3,0,0,0,1,2,0,2,1,0,"missense_variant;synonymous_variant",NA,NA,"XII",3,402,0.402,7.46268656716418,0,0,TRUE,2.73179182354077
"3828","YLR111W",6,6,0,0,0,3,3,0,3,3,0,"missense_variant;synonymous_variant",NA,NA,"XII",6,333,0.333,18.018018018018,0,0,FALSE,4.24476359978009
"3829","YLR112W",2,2,0,0,0,2,0,0,0,2,0,"missense_variant",NA,NA,"XII",2,420,0.42,4.76190476190476,0,0,FALSE,2.18217890235992
"3830","YLR113W",7,7,0,0,0,1,6,0,6,1,0,"synonymous_variant;missense_variant",NA,NA,"XII",7,1308,1.308,5.35168195718654,0,0,FALSE,2.3133702594238
"3831","YLR114C",46,36,0,10,0,16,20,10,20,16,0,"synonymous_variant;missense_variant;upstream_gene_variant",710,14,"XII",36,2295,2.295,15.6862745098039,0.277777777777778,0.6375,FALSE,3.9605901719067
"3832","YLR115W",19,19,0,0,0,4,15,0,15,4,0,"synonymous_variant;missense_variant",NA,NA,"XII",19,2580,2.58,7.36434108527132,0,0,FALSE,2.7137319479402
"3833","YLR116W",10,10,0,0,0,4,6,0,6,4,0,"synonymous_variant;missense_variant",NA,NA,"XII",10,1431,1.431,6.98812019566737,0,0,FALSE,2.64350528572715
"3834","YLR117C",19,18,0,1,0,7,11,1,11,7,0,"missense_variant;synonymous_variant;upstream_gene_variant",31,31,"XII",18,2064,2.064,8.72093023255814,0.0555555555555556,0.114666666666667,FALSE,2.95312211609309
"3835","YLR118C",3,3,0,0,0,1,2,0,2,1,0,"missense_variant;synonymous_variant",NA,NA,"XII",3,684,0.684,4.3859649122807,0,0,FALSE,2.09426954145848
"3836","YLR119W",10,10,0,0,0,5,5,0,5,5,0,"missense_variant;synonymous_variant",NA,NA,"XII",10,642,0.642,15.5763239875389,0,0,FALSE,3.94668518981929
"3837","YLR120C",11,11,0,0,0,2,9,0,9,2,0,"synonymous_variant;missense_variant",NA,NA,"XII",11,1710,1.71,6.4327485380117,0,0,FALSE,2.53628636750894
"3838","YLR120W-A",1,1,0,0,0,1,0,0,0,1,0,"missense_variant",NA,NA,"XII",1,NA,NA,NA,0,NA,FALSE,NA
"3839","YLR121C",18,18,0,0,0,4,14,0,14,4,0,"synonymous_variant;missense_variant",NA,NA,"XII",18,1527,1.527,11.7878192534381,0,0,FALSE,3.43333937347273
"3840","YLR122C",7,7,0,0,0,5,1,0,1,5,1,"synonymous_variant;stop_gained;missense_variant",NA,NA,"XII",7,378,0.378,18.5185185185185,0,0,FALSE,4.30331482911935
"3841","YLR123C",1,1,0,0,0,1,0,0,0,1,0,"missense_variant",NA,NA,"XII",1,NA,NA,NA,0,NA,FALSE,NA
"3842","YLR124W",12,12,0,0,0,9,3,0,3,9,0,"missense_variant;synonymous_variant",NA,NA,"XII",12,NA,NA,NA,0,NA,FALSE,NA
"3843","YLR125W",1,1,0,0,0,1,0,0,0,1,0,"missense_variant",NA,NA,"XII",1,411,0.411,2.4330900243309,0,0,FALSE,1.55983653769583
"3844","YLR126C",16,16,0,0,0,6,10,0,10,6,0,"missense_variant;synonymous_variant",NA,NA,"XII",16,756,0.756,21.1640211640212,0,0,FALSE,4.60043706228236
"3845","YLR127C",40,40,0,0,0,9,31,0,31,9,0,"synonymous_variant;missense_variant",NA,NA,"XII",40,2562,2.562,15.6128024980484,0,0,FALSE,3.951303898468
"3846","YLR128W",15,15,0,0,0,7,8,0,8,7,0,"missense_variant;synonymous_variant",NA,NA,"XII",15,904,0.904,16.5929203539823,0,0,FALSE,4.07344084945176
"3847","YLR129W",26,26,0,0,0,6,20,0,20,6,0,"synonymous_variant;missense_variant",NA,NA,"XII",26,2832,2.832,9.18079096045198,0,0,FALSE,3.02998200662182
"3848","YLR130C",18,17,0,1,0,7,10,1,10,7,0,"synonymous_variant;missense_variant;upstream_gene_variant",416,416,"XII",17,1269,1.269,13.3963750985028,0.0588235294117647,0.0746470588235294,FALSE,3.66010588624192
"3849","YLR131C",12,12,0,0,0,7,5,0,5,7,0,"missense_variant;synonymous_variant",NA,NA,"XII",12,2313,2.313,5.18806744487678,0,0,FALSE,2.27773296171364
"3850","YLR132C",16,16,0,0,0,7,9,0,9,7,0,"missense_variant;synonymous_variant",NA,NA,"XII",16,873,0.873,18.3276059564719,0,0,FALSE,4.28107532711957
"3851","YLR133W",13,13,0,0,0,6,7,0,7,6,0,"synonymous_variant;missense_variant",NA,NA,"XII",13,1749,1.749,7.43281875357347,0,0,FALSE,2.72631963525436
"3852","YLR134W",23,23,0,0,0,5,18,0,18,5,0,"synonymous_variant;missense_variant",NA,NA,"XII",23,1692,1.692,13.5933806146572,0,0,FALSE,3.68692020725391
"3853","YLR135W",15,15,0,0,0,11,4,0,4,11,0,"missense_variant;synonymous_variant",NA,NA,"XII",15,2247,2.247,6.67556742323097,0,0,FALSE,2.58371194664401
"3854","YLR136C",10,6,0,4,0,3,3,4,3,3,0,"missense_variant;synonymous_variant;upstream_gene_variant",260,135,"XII",6,858,0.858,6.99300699300699,0.666666666666667,0.572,FALSE,2.64442942673973
"3855","YLR137W",13,13,0,0,0,6,7,0,7,6,0,"synonymous_variant;missense_variant",NA,NA,"XII",13,1104,1.104,11.7753623188406,0,0,FALSE,3.43152478044973
"3856","YLR138W",22,22,0,0,0,4,18,0,18,4,0,"synonymous_variant;missense_variant",NA,NA,"XII",22,2958,2.958,7.43745774171738,0,0,FALSE,2.72717028102709
"3857","YLR139C",14,14,0,0,0,5,9,0,9,5,0,"missense_variant;synonymous_variant",NA,NA,"XII",14,1932,1.932,7.2463768115942,0,0,FALSE,2.69190951029083
"3858","YLR140W",1,1,0,0,0,1,0,0,0,1,0,"missense_variant",NA,NA,"XII",1,NA,NA,NA,0,NA,FALSE,NA
"3859","YLR141W",9,9,0,0,0,5,4,0,4,5,0,"missense_variant;synonymous_variant",NA,NA,"XII",9,1092,1.092,8.24175824175824,0,0,FALSE,2.87084625881607
"3860","YLR142W",8,8,0,0,0,2,6,0,6,2,0,"synonymous_variant;missense_variant",NA,NA,"XII",8,1431,1.431,5.59049615653389,0,0,FALSE,2.36442300710636
"3861","YLR143W",14,14,0,0,0,5,9,0,9,5,0,"synonymous_variant;missense_variant",NA,NA,"XII",14,2058,2.058,6.80272108843537,0,0,FALSE,2.60820265478651
"3862","YLR144C",12,10,0,2,0,6,4,2,4,6,0,"synonymous_variant;missense_variant;upstream_gene_variant",782,127,"XII",10,2340,2.34,4.27350427350427,0.2,0.468,FALSE,2.06724557648681
"3863","YLR145W",2,2,0,0,0,1,1,0,1,1,0,"synonymous_variant;missense_variant",NA,NA,"XII",2,606,0.606,3.3003300330033,0,0,FALSE,1.8166810487819
"3864","YLR146C",5,5,0,0,0,2,3,0,3,2,0,"synonymous_variant;missense_variant",NA,NA,"XII",5,903,0.903,5.53709856035437,0,0,FALSE,2.35310402667506
"3865","YLR146W-A",1,1,0,0,0,0,1,0,1,0,0,"synonymous_variant",NA,NA,"XII",1,189,0.189,5.29100529100529,0,0,FALSE,2.30021853114118
"3866","YLR147C",2,2,0,0,0,0,2,0,2,0,0,"synonymous_variant",NA,NA,"XII",2,306,0.306,6.5359477124183,0,0,FALSE,2.55654996282457
"3867","YLR148W",27,27,0,0,0,5,22,0,22,5,0,"synonymous_variant;missense_variant",NA,NA,"XII",27,2757,2.757,9.79325353645267,0,0,FALSE,3.12941744362312
"3868","YLR149C",22,17,0,5,0,9,8,5,8,9,0,"missense_variant;synonymous_variant;upstream_gene_variant",519,54,"XII",17,2193,2.193,7.75193798449612,0.294117647058824,0.645,FALSE,2.78423023194852
"3869","YLR150W",2,2,0,0,0,1,1,0,1,1,0,"synonymous_variant;missense_variant",NA,NA,"XII",2,822,0.822,2.4330900243309,0,0,FALSE,1.55983653769583
"3870","YLR151C",1,1,0,0,0,1,0,0,0,1,0,"missense_variant",NA,NA,"XII",1,1023,1.023,0.977517106549365,0,0,FALSE,0.988694647780276
"3871","YLR152C",11,11,0,0,0,5,6,0,6,5,0,"missense_variant;synonymous_variant",NA,NA,"XII",11,1731,1.731,6.35470826112074,0,0,FALSE,2.52085466878215
"3872","YLR153C",9,9,0,0,0,4,5,0,5,4,0,"missense_variant;synonymous_variant",NA,NA,"XII",9,2052,2.052,4.3859649122807,0,0,FALSE,2.09426954145848
"3873","YLR154C",3,3,0,0,0,2,1,0,1,2,0,"missense_variant;synonymous_variant",NA,NA,"XII",3,333,0.333,9.00900900900901,0,0,FALSE,3.00150112593832
"3874","YLR162W-A",3,3,0,0,0,3,0,0,0,3,0,"missense_variant",NA,NA,"XII",3,189,0.189,15.8730158730159,0,0,FALSE,3.98409536444798
"3875","YLR163C",9,4,0,5,0,1,3,5,3,1,0,"synonymous_variant;missense_variant;upstream_gene_variant",588,325,"XII",4,1389,1.389,2.87976961843053,1.25,1.73625,FALSE,1.69698839666938
"3876","YLR164W",5,5,0,0,0,1,4,0,4,1,0,"missense_variant;synonymous_variant",NA,NA,"XII",5,507,0.507,9.86193293885602,0,0,FALSE,3.14037146510664
"3877","YLR165C",3,3,0,0,0,3,0,0,0,3,0,"missense_variant",NA,NA,"XII",3,765,0.765,3.92156862745098,0,0,FALSE,1.98029508595335
"3878","YLR166C",8,8,0,0,0,0,8,0,8,0,0,"synonymous_variant",NA,NA,"XII",8,2616,2.616,3.05810397553517,0,0,FALSE,1.74874354195667
"3879","YLR168C",3,3,0,0,0,0,3,0,3,0,0,"synonymous_variant",NA,NA,"XII",3,693,0.693,4.32900432900433,0,0,FALSE,2.0806259464412
"3880","YLR169W",3,3,0,0,0,3,0,0,0,3,0,"missense_variant",NA,NA,"XII",3,NA,NA,NA,0,NA,FALSE,NA
"3881","YLR170C",1,1,0,0,0,1,0,0,0,1,0,"missense_variant",NA,NA,"XII",1,471,0.471,2.12314225053079,0,0,FALSE,1.45710063157312
"3882","YLR171W",1,1,0,0,0,0,1,0,1,0,0,"synonymous_variant",NA,NA,"XII",1,NA,NA,NA,0,NA,FALSE,NA
"3883","YLR172C",6,6,0,0,0,0,6,0,6,0,0,"synonymous_variant",NA,NA,"XII",6,903,0.903,6.64451827242525,0,0,FALSE,2.57769631113234
"3884","YLR173W",25,25,0,0,0,9,16,0,16,9,0,"missense_variant;synonymous_variant",NA,NA,"XII",25,1827,1.827,13.6836343732895,0,0,FALSE,3.69913968015396
"3885","YLR174W",9,9,0,0,0,0,9,0,9,0,0,"synonymous_variant",NA,NA,"XII",9,1239,1.239,7.26392251815981,0,0,FALSE,2.69516651028463
"3886","YLR175W",7,7,0,0,0,1,6,0,6,1,0,"synonymous_variant;missense_variant",NA,NA,"XII",7,1452,1.452,4.82093663911846,0,0,FALSE,2.19566314336204
"3887","YLR176C",52,36,0,16,0,8,27,16,27,8,1,"synonymous_variant;missense_variant;start_lost;upstream_gene_variant",669,108,"XII",36,2436,2.436,14.7783251231527,0.444444444444444,1.08266666666667,FALSE,3.84425872219245
"3888","YLR177W",15,15,0,0,0,4,11,0,11,4,0,"synonymous_variant;missense_variant",NA,NA,"XII",15,1887,1.887,7.94912559618442,0,0,FALSE,2.819419372173
"3889","YLR178C",4,4,0,0,0,2,2,0,2,2,0,"missense_variant;synonymous_variant",NA,NA,"XII",4,660,0.66,6.06060606060606,0,0,FALSE,2.46182981958665
"3890","YLR179C",5,5,0,0,0,2,3,0,3,2,0,"synonymous_variant;missense_variant",NA,NA,"XII",5,606,0.606,8.25082508250825,0,0,FALSE,2.87242494810713
"3891","YLR180W",10,10,0,0,0,1,9,0,9,1,0,"synonymous_variant;missense_variant",NA,NA,"XII",10,1149,1.149,8.70322019147084,0,0,FALSE,2.95012206382564
"3892","YLR181C",10,10,0,0,0,5,5,0,5,5,0,"synonymous_variant;missense_variant",NA,NA,"XII",10,993,0.993,10.0704934541793,0,0,FALSE,3.17340407987688
"3893","YLR182W",22,22,0,0,0,6,16,0,16,6,0,"missense_variant;synonymous_variant",NA,NA,"XII",22,2412,2.412,9.12106135986733,0,0,FALSE,3.02010949468183
"3894","YLR183C",11,9,0,2,0,1,8,2,8,1,0,"synonymous_variant;missense_variant;upstream_gene_variant",934,902,"XII",9,1470,1.47,6.12244897959184,0.222222222222222,0.326666666666667,FALSE,2.47435829652697
"3895","YLR185W",1,1,0,0,0,0,0,0,0,0,1,"stop_gained",NA,NA,"XII",1,626,0.626,1.59744408945687,0,0,FALSE,1.2639003479139
"3896","YLR187W",30,30,0,0,0,11,19,0,19,11,0,"synonymous_variant;missense_variant",NA,NA,"XII",30,3081,3.081,9.73709834469328,0,0,FALSE,3.12043239707148
"3897","YLR188W",27,25,0,2,0,8,17,2,17,8,0,"upstream_gene_variant;missense_variant;synonymous_variant",109,80,"XII",25,2088,2.088,11.9731800766284,0.08,0.16704,FALSE,3.46022832723917
"3898","YLR189C",31,29,0,2,0,7,22,2,22,7,0,"missense_variant;synonymous_variant;upstream_gene_variant",720,218,"XII",29,3597,3.597,8.06227411731999,0.0689655172413793,0.248068965517241,FALSE,2.83941439689947
"3899","YLR190W",12,12,0,0,0,2,10,0,10,2,0,"missense_variant;synonymous_variant",NA,NA,"XII",12,1476,1.476,8.13008130081301,0,0,FALSE,2.85132974256101
"3900","YLR191W",8,8,0,0,0,2,6,0,6,2,0,"missense_variant;synonymous_variant",NA,NA,"XII",8,1161,1.161,6.89061154177433,0,0,FALSE,2.62499743652719
"3901","YLR192C",8,1,0,7,0,0,1,7,1,0,0,"synonymous_variant;upstream_gene_variant",390,35,"XII",1,798,0.798,1.2531328320802,7,5.586,FALSE,1.11943415709911
"3902","YLR193C",5,5,0,0,0,0,5,0,5,0,0,"synonymous_variant",NA,NA,"XII",5,528,0.528,9.46969696969697,0,0,FALSE,3.07728727448332
"3903","YLR194C",10,10,0,0,0,4,6,0,6,4,0,"missense_variant;synonymous_variant",NA,NA,"XII",10,765,0.765,13.0718954248366,0,0,FALSE,3.61550763031094
"3904","YLR195C",5,5,0,0,0,3,2,0,2,3,0,"missense_variant;synonymous_variant",NA,NA,"XII",5,1368,1.368,3.65497076023392,0,0,FALSE,1.91179778225468
"3905","YLR196W",18,18,0,0,0,5,13,0,13,5,0,"synonymous_variant;missense_variant",NA,NA,"XII",18,1731,1.731,10.3986135181976,0,0,FALSE,3.22468812727643
"3906","YLR197W",6,6,0,0,0,1,5,0,5,1,0,"synonymous_variant;missense_variant",NA,NA,"XII",6,1515,1.515,3.96039603960396,0,0,FALSE,1.99007438041998
"3907","YLR199C",5,5,0,0,0,1,4,0,4,1,0,"synonymous_variant;missense_variant",NA,NA,"XII",5,917,0.917,5.4525627044711,0,0,FALSE,2.33507231247152
"3908","YLR200W",2,2,0,0,0,1,1,0,1,1,0,"synonymous_variant;missense_variant",NA,NA,"XII",2,345,0.345,5.79710144927536,0,0,FALSE,2.40771706171538
"3909","YLR201C",6,6,0,0,0,1,5,0,5,1,0,"synonymous_variant;missense_variant",NA,NA,"XII",6,783,0.783,7.66283524904215,0,0,FALSE,2.76818266179133
"3910","YLR202C",1,1,0,0,0,0,1,0,1,0,0,"synonymous_variant",NA,NA,"XII",1,NA,NA,NA,0,NA,FALSE,NA
"3911","YLR203C",7,7,0,0,0,2,5,0,5,2,0,"missense_variant;synonymous_variant",NA,NA,"XII",7,1311,1.311,5.3394355453852,0,0,FALSE,2.31072186673022
"3912","YLR204W",1,1,0,0,0,0,1,0,1,0,0,"synonymous_variant",NA,NA,"XII",1,336,0.336,2.97619047619048,0,0,FALSE,1.72516389835589
"3913","YLR205C",8,8,0,0,0,2,6,0,6,2,0,"synonymous_variant;missense_variant",NA,NA,"XII",8,954,0.954,8.38574423480084,0,0,FALSE,2.8958149517538
"3914","YLR206W",15,15,0,0,0,2,13,0,13,2,0,"synonymous_variant;missense_variant",NA,NA,"XII",15,1842,1.842,8.14332247557003,0,0,FALSE,2.85365072767675
"3915","YLR207W",16,16,0,0,0,5,11,0,11,5,0,"missense_variant;synonymous_variant",NA,NA,"XII",16,2502,2.502,6.39488409272582,0,0,FALSE,2.52881080603627
"3916","YLR208W",6,4,0,2,0,0,4,2,4,0,0,"upstream_gene_variant;synonymous_variant",40,10,"XII",4,894,0.894,4.47427293064877,0.5,0.447,FALSE,2.11524772323451
"3917","YLR209C",4,1,0,3,0,0,1,3,1,0,0,"synonymous_variant;upstream_gene_variant",243,49,"XII",1,936,0.936,1.06837606837607,3,2.808,FALSE,1.0336227882434
"3918","YLR210W",9,9,0,0,0,2,7,0,7,2,0,"synonymous_variant;missense_variant",NA,NA,"XII",9,1383,1.383,6.50759219088937,0,0,FALSE,2.55099827339992
"3919","YLR211C",5,5,0,0,0,2,3,0,3,2,0,"synonymous_variant;missense_variant",NA,NA,"XII",5,740,0.74,6.75675675675676,0,0,FALSE,2.59937622455018
"3920","YLR212C",8,8,0,0,0,0,7,0,8,0,0,"splice_region_variant&stop_retained_variant;synonymous_variant",NA,NA,"XII",8,1422,1.422,5.62587904360056,0,0,FALSE,2.3718935565494
"3921","YLR213C",1,1,0,0,0,0,1,0,1,0,0,"synonymous_variant",NA,NA,"XII",1,1269,1.269,0.788022064617809,0,0,FALSE,0.887706068818846
"3922","YLR214W",8,8,0,0,0,3,5,0,5,3,0,"synonymous_variant;missense_variant",NA,NA,"XII",8,2061,2.061,3.88161086851043,0,0,FALSE,1.97018041521847
"3923","YLR215C",7,7,0,0,0,2,5,0,5,2,0,"missense_variant;synonymous_variant",NA,NA,"XII",7,1083,1.083,6.46352723915051,0,0,FALSE,2.54234679757709
"3924","YLR216C",5,5,0,0,0,3,2,0,2,3,0,"missense_variant;synonymous_variant",NA,NA,"XII",5,1116,1.116,4.48028673835125,0,0,TRUE,2.11666878333651
"3925","YLR218C",5,5,0,0,0,4,1,0,1,4,0,"missense_variant;synonymous_variant",NA,NA,"XII",5,453,0.453,11.037527593819,0,0,FALSE,3.32227747092548
"3926","YLR219W",16,16,0,0,0,7,9,0,9,7,0,"missense_variant;synonymous_variant",NA,NA,"XII",16,2187,2.187,7.31595793324188,0,0,FALSE,2.70480275311193
"3927","YLR220W",3,3,0,0,0,0,3,0,3,0,0,"synonymous_variant",NA,NA,"XII",3,969,0.969,3.09597523219814,0,0,FALSE,1.75953835769447
"3928","YLR221C",4,3,0,1,0,3,0,1,0,3,0,"missense_variant;upstream_gene_variant",292,292,"XII",3,663,0.663,4.52488687782805,0.333333333333333,0.221,FALSE,2.12717814905759
"3929","YLR222C",6,6,0,0,0,1,5,0,5,1,0,"missense_variant;synonymous_variant",NA,NA,"XII",6,2454,2.454,2.44498777506112,0,0,FALSE,1.56364566800191
"3930","YLR223C",16,16,0,0,0,7,9,0,9,7,0,"missense_variant;synonymous_variant",NA,NA,"XII",16,3258,3.258,4.9109883364027,0,0,FALSE,2.21607498438178
"3931","YLR224W",4,4,0,0,0,2,2,0,2,2,0,"missense_variant;synonymous_variant",NA,NA,"XII",4,1110,1.11,3.6036036036036,0,0,FALSE,1.898315991505
"3932","YLR225C",3,3,0,0,0,0,3,0,3,0,0,"synonymous_variant",NA,NA,"XII",3,1224,1.224,2.45098039215686,0,0,FALSE,1.56556072771287
"3933","YLR226W",4,4,0,0,0,1,3,0,3,1,0,"missense_variant;synonymous_variant",NA,NA,"XII",4,1188,1.188,3.36700336700337,0,0,FALSE,1.83493960854393
"3934","YLR227C",12,12,0,0,0,5,7,0,7,5,0,"missense_variant;synonymous_variant",NA,NA,"XII",12,1482,1.482,8.09716599190283,0,0,FALSE,2.84555196612236
"3935","YLR228C",33,19,0,14,0,7,12,14,12,7,0,"synonymous_variant;missense_variant;upstream_gene_variant",911,16,"XII",19,2445,2.445,7.77096114519427,0.736842105263158,1.80157894736842,FALSE,2.78764437208089
"3936","YLR229C",1,1,0,0,0,1,0,0,0,1,0,"missense_variant",NA,NA,"XII",1,576,0.576,1.73611111111111,0,0,FALSE,1.31761569173682
"3937","YLR230W",1,1,0,0,0,1,0,0,0,1,0,"missense_variant",NA,NA,"XII",1,NA,NA,NA,0,NA,FALSE,NA
"3938","YLR231C",15,15,0,0,0,0,15,0,15,0,0,"synonymous_variant",NA,NA,"XII",15,1362,1.362,11.0132158590308,0,0,FALSE,3.31861655799986
"3939","YLR232W",2,2,0,0,0,2,0,0,0,2,0,"missense_variant",NA,NA,"XII",2,NA,NA,NA,0,NA,FALSE,NA
"3940","YLR233C",36,36,0,0,0,14,22,0,22,14,0,"missense_variant;synonymous_variant",NA,NA,"XII",36,2100,2.1,17.1428571428571,0,0,FALSE,4.14039335605413
"3941","YLR234W",18,18,0,0,0,3,15,0,15,3,0,"synonymous_variant;missense_variant",NA,NA,"XII",18,1971,1.971,9.1324200913242,0,0,FALSE,3.0219894260775
"3942","YLR235C",5,5,0,0,0,3,2,0,2,3,0,"missense_variant;synonymous_variant",NA,NA,"XII",5,NA,NA,NA,0,NA,FALSE,NA
"3943","YLR236C",2,2,0,0,0,2,0,0,0,2,0,"missense_variant",NA,NA,"XII",2,324,0.324,6.17283950617284,0,0,FALSE,2.48451997499977
"3944","YLR237W",38,38,0,0,0,9,28,0,29,9,0,"missense_variant;synonymous_variant;splice_region_variant&stop_retained_variant",NA,NA,"XII",38,1797,1.797,21.1463550361714,0,0,FALSE,4.59851661257969
"3945","YLR238W",4,4,0,0,0,1,3,0,3,1,0,"synonymous_variant;missense_variant",NA,NA,"XII",4,1437,1.437,2.78357689631176,0,0,FALSE,1.66840549516949
"3946","YLR239C",6,4,0,2,0,1,3,2,3,1,0,"synonymous_variant;missense_variant;upstream_gene_variant",58,54,"XII",4,987,0.987,4.05268490374873,0.5,0.4935,FALSE,2.01312813892925
"3947","YLR240W",13,13,0,0,0,0,13,0,13,0,0,"synonymous_variant",NA,NA,"XII",13,2628,2.628,4.94672754946728,0,0,FALSE,2.22412399597398
"3948","YLR241W",9,9,0,0,0,2,7,0,7,2,0,"synonymous_variant;missense_variant",NA,NA,"XII",9,2349,2.349,3.83141762452107,0,0,FALSE,1.95740073171568
"3949","YLR242C",11,10,0,1,0,0,10,1,10,0,0,"synonymous_variant;upstream_gene_variant",88,88,"XII",10,966,0.966,10.351966873706,0.1,0.0966,FALSE,3.21744726043893
"3950","YLR243W",1,1,0,0,0,0,1,0,1,0,0,"synonymous_variant",NA,NA,"XII",1,819,0.819,1.22100122100122,0,0,FALSE,1.10498924021966
"3951","YLR245C",3,3,0,0,0,0,3,0,3,0,0,"synonymous_variant",NA,NA,"XII",3,429,0.429,6.99300699300699,0,0,FALSE,2.64442942673973
"3952","YLR246W",11,11,0,0,0,4,7,0,7,4,0,"missense_variant;synonymous_variant",NA,NA,"XII",11,1080,1.08,10.1851851851852,0,0,FALSE,3.19142369252113
"3953","YLR247C",30,25,0,5,0,11,14,5,14,11,0,"missense_variant;synonymous_variant;upstream_gene_variant",865,1,"XII",25,4671,4.671,5.35217298223079,0.2,0.9342,FALSE,2.31347638462786
"3954","YLR248W",9,9,0,0,0,1,8,0,8,1,0,"synonymous_variant;missense_variant",NA,NA,"XII",9,1833,1.833,4.90998363338789,0,0,FALSE,2.21584828753863
"3955","YLR249W",7,7,0,0,0,2,5,0,5,2,0,"missense_variant;synonymous_variant",NA,NA,"XII",7,3135,3.135,2.23285486443381,0,0,FALSE,1.49427402588475
"3956","YLR250W",3,1,0,2,0,0,1,2,1,0,0,"upstream_gene_variant;synonymous_variant",226,4,"XII",1,705,0.705,1.41843971631206,2,1.41,FALSE,1.19098266835083
"3957","YLR251W",11,8,0,3,0,1,7,3,7,1,0,"upstream_gene_variant;synonymous_variant;missense_variant",319,49,"XII",8,594,0.594,13.4680134680135,0.375,0.22275,FALSE,3.66987921708787
"3958","YLR252W",1,1,0,0,0,1,0,0,0,1,0,"missense_variant",NA,NA,"XII",1,NA,NA,NA,0,NA,FALSE,NA
"3959","YLR253W",4,2,0,2,0,0,2,2,2,0,0,"upstream_gene_variant;synonymous_variant",195,90,"XII",2,1710,1.71,1.16959064327485,1,1.71,FALSE,1.08147614087175
"3960","YLR254C",14,1,0,13,0,0,1,13,1,0,0,"synonymous_variant;upstream_gene_variant",523,1,"XII",1,570,0.57,1.75438596491228,13,7.41,FALSE,1.32453235706504
"3961","YLR255C",2,2,0,0,0,2,0,0,0,2,0,"missense_variant",NA,NA,"XII",2,354,0.354,5.64971751412429,0,0,FALSE,2.37691344270764
"3962","YLR256W",57,57,0,0,0,16,41,0,41,16,0,"synonymous_variant;missense_variant",NA,NA,"XII",57,4509,4.509,12.6413838988689,0,0,FALSE,3.55547238758353
"3963","YLR257W",1,1,0,0,0,0,1,0,1,0,0,"synonymous_variant",NA,NA,"XII",1,966,0.966,1.0351966873706,0,0,FALSE,1.0174461594456
"3964","YLR258W",8,8,0,0,0,2,6,0,6,2,0,"missense_variant;synonymous_variant",NA,NA,"XII",8,2118,2.118,3.77714825306893,0,0,FALSE,1.94348868097268
"3965","YLR259C",5,3,0,2,0,1,2,2,2,1,0,"synonymous_variant;missense_variant;upstream_gene_variant",407,218,"XII",3,1719,1.719,1.74520069808028,0.666666666666667,1.146,FALSE,1.32106044452185
"3966","YLR260W",4,4,0,0,0,0,4,0,4,0,0,"synonymous_variant",NA,NA,"XII",4,2064,2.064,1.93798449612403,0,0,FALSE,1.39211511597426
"3967","YLR261C",1,1,0,0,0,1,0,0,0,1,0,"missense_variant",NA,NA,"XII",1,327,0.327,3.05810397553517,0,0,FALSE,1.74874354195667
"3968","YLR262C-A",1,1,0,0,0,1,0,0,0,1,0,"missense_variant",NA,NA,"XII",1,195,0.195,5.12820512820513,0,0,FALSE,2.26455406828919
"3969","YLR263W",19,19,0,0,0,10,9,0,9,10,0,"missense_variant;synonymous_variant",NA,NA,"XII",19,2484,2.484,7.64895330112721,0,0,FALSE,2.76567411332702
"3970","YLR264C-A",1,1,0,0,0,1,0,0,0,1,0,"missense_variant",NA,NA,"XII",1,117,0.117,8.54700854700855,0,0,FALSE,2.92352673102343
"3971","YLR265C",5,5,0,0,0,4,1,0,1,4,0,"synonymous_variant;missense_variant",NA,NA,"XII",5,1029,1.029,4.85908649173955,0,0,FALSE,2.20433357088703
"3972","YLR266C",29,29,0,0,0,10,19,0,19,10,0,"synonymous_variant;missense_variant",NA,NA,"XII",29,2106,2.106,13.7701804368471,0,0,FALSE,3.71081937540041
"3973","YLR267W",15,15,0,0,0,6,9,0,9,6,0,"missense_variant;synonymous_variant",NA,NA,"XII",15,1713,1.713,8.75656742556918,0,0,FALSE,2.95914978086091
"3974","YLR268W",2,2,0,0,0,0,2,0,2,0,0,"synonymous_variant",NA,NA,"XII",2,645,0.645,3.10077519379845,0,0,FALSE,1.76090181265125
"3975","YLR269C",2,2,0,0,0,0,2,0,2,0,0,"synonymous_variant",NA,NA,"XII",2,NA,NA,NA,0,NA,FALSE,NA
"3976","YLR270W",4,4,0,0,0,0,4,0,4,0,0,"synonymous_variant",NA,NA,"XII",4,1053,1.053,3.79867046533713,0,0,FALSE,1.94901782068229
"3977","YLR271W",7,7,0,0,0,4,3,0,3,4,0,"missense_variant;synonymous_variant",NA,NA,"XII",7,825,0.825,8.48484848484848,0,0,FALSE,2.91287632501768
"3978","YLR272C",42,29,0,13,0,2,27,13,27,2,0,"synonymous_variant;missense_variant;upstream_gene_variant",821,24,"XII",29,3531,3.531,8.21297082979326,0.448275862068966,1.58286206896552,FALSE,2.86582812286314
"3979","YLR273C",14,14,0,0,0,6,8,0,8,6,0,"synonymous_variant;missense_variant",NA,NA,"XII",14,1947,1.947,7.19054956343092,0,0,FALSE,2.68152000988822
"3980","YLR274W",8,8,0,0,0,0,8,0,8,0,0,"synonymous_variant",NA,NA,"XII",8,2328,2.328,3.43642611683849,0,0,FALSE,1.85375999440016
"3981","YLR275W",1,1,0,0,0,1,0,0,0,1,0,"missense_variant",NA,NA,"XII",1,423,0.423,2.36406619385343,0,0,FALSE,1.53755201338148
"3982","YLR276C",10,6,0,4,0,1,5,4,5,1,0,"synonymous_variant;missense_variant;upstream_gene_variant",268,85,"XII",6,1785,1.785,3.36134453781513,0.666666666666667,1.19,FALSE,1.83339699405642
"3983","YLR277C",6,6,0,0,0,2,4,0,4,2,0,"missense_variant;synonymous_variant",NA,NA,"XII",6,2340,2.34,2.56410256410256,0,0,FALSE,1.60128153805087
"3984","YLR278C",24,24,0,0,0,3,21,0,21,3,0,"synonymous_variant;missense_variant",NA,NA,"XII",24,4026,4.026,5.96125186289121,0,0,FALSE,2.44156750119492
"3985","YLR279W",1,1,0,0,0,1,0,0,0,1,0,"missense_variant",NA,NA,"XII",1,NA,NA,NA,0,NA,FALSE,NA
"3986","YLR280C",4,4,0,0,0,3,0,0,0,3,1,"stop_gained;missense_variant",NA,NA,"XII",4,NA,NA,NA,0,NA,FALSE,NA
"3987","YLR282C",3,3,0,0,0,0,3,0,3,0,0,"synonymous_variant",NA,NA,"XII",3,NA,NA,NA,0,NA,FALSE,NA
"3988","YLR283W",3,3,0,0,0,1,2,0,2,1,0,"missense_variant;synonymous_variant",NA,NA,"XII",3,945,0.945,3.17460317460317,0,0,FALSE,1.7817416127495
"3989","YLR284C",11,11,0,0,0,2,9,0,9,2,0,"synonymous_variant;missense_variant",NA,NA,"XII",11,843,0.843,13.0486358244365,0,0,FALSE,3.6122895543459
"3990","YLR285C-A",2,2,0,0,0,1,1,0,1,1,0,"missense_variant;synonymous_variant",NA,NA,"XII",2,171,0.171,11.6959064327485,0,0,FALSE,3.41992784028385
"3991","YLR285W",1,1,0,0,0,0,1,0,1,0,0,"synonymous_variant",NA,NA,"XII",1,786,0.786,1.27226463104326,0,0,FALSE,1.12794708698735
"3992","YLR286C",9,9,0,0,0,2,7,0,7,2,0,"synonymous_variant;missense_variant",NA,NA,"XII",9,1689,1.689,5.32859680284192,0,0,FALSE,2.30837536004046
"3993","YLR287C",5,5,0,0,0,1,4,0,4,1,0,"missense_variant;synonymous_variant",NA,NA,"XII",5,1068,1.068,4.68164794007491,0,0,FALSE,2.16371161203958
"3994","YLR288C",7,7,0,0,0,0,7,0,7,0,0,"synonymous_variant",NA,NA,"XII",7,1425,1.425,4.91228070175439,0,0,FALSE,2.21636655401456
"3995","YLR289W",13,13,0,0,0,2,11,0,11,2,0,"missense_variant;synonymous_variant",NA,NA,"XII",13,1938,1.938,6.70794633642931,0,0,FALSE,2.58997033504813
"3996","YLR290C",3,3,0,0,0,0,3,0,3,0,0,"synonymous_variant",NA,NA,"XII",3,834,0.834,3.59712230215827,0,0,FALSE,1.8966081045272
"3997","YLR291C",5,5,0,0,0,0,5,0,5,0,0,"synonymous_variant",NA,NA,"XII",5,1146,1.146,4.3630017452007,0,0,FALSE,2.08877996572178
"3998","YLR292C",2,2,0,0,0,0,2,0,2,0,0,"synonymous_variant",NA,NA,"XII",2,582,0.582,3.43642611683849,0,0,FALSE,1.85375999440016
"3999","YLR293C",2,2,0,0,0,0,2,0,2,0,0,"synonymous_variant",NA,NA,"XII",2,660,0.66,3.03030303030303,0,0,FALSE,1.74077655955698
"4000","YLR294C",3,3,0,0,0,2,1,0,1,2,0,"missense_variant;synonymous_variant",NA,NA,"XII",3,NA,NA,NA,0,NA,FALSE,NA
"4001","YLR296W",1,1,0,0,0,1,0,0,0,1,0,"missense_variant",NA,NA,"XII",1,327,0.327,3.05810397553517,0,0,FALSE,1.74874354195667
"4002","YLR297W",1,1,0,0,0,1,0,0,0,1,0,"missense_variant",NA,NA,"XII",1,390,0.39,2.56410256410256,0,0,FALSE,1.60128153805087
"4003","YLR298C",4,4,0,0,0,3,1,0,1,3,0,"missense_variant;synonymous_variant",NA,NA,"XII",4,696,0.696,5.74712643678161,0,0,FALSE,2.39731650742692
"4004","YLR299W",9,9,0,0,0,3,6,0,6,3,0,"missense_variant;synonymous_variant",NA,NA,"XII",9,1983,1.983,4.53857791225416,0,0,FALSE,2.13039383970527
"4005","YLR300W",8,8,0,0,0,1,7,0,7,1,0,"synonymous_variant;missense_variant",NA,NA,"XII",8,1347,1.347,5.93912397921307,0,0,FALSE,2.43703179692286
"4006","YLR301W",5,5,0,0,0,3,2,0,2,3,0,"missense_variant;synonymous_variant",NA,NA,"XII",5,735,0.735,6.80272108843537,0,0,FALSE,2.60820265478651
"4007","YLR302C",5,5,0,0,0,3,2,0,2,3,0,"missense_variant;synonymous_variant",NA,NA,"XII",5,363,0.363,13.7741046831956,0,0,FALSE,3.71134809512603
"4008","YLR303W",4,4,0,0,0,2,2,0,2,2,0,"missense_variant;synonymous_variant",NA,NA,"XII",4,1335,1.335,2.99625468164794,0,0,TRUE,1.73096928963166
"4009","YLR304C",12,8,0,4,0,0,8,4,8,0,0,"synonymous_variant;upstream_gene_variant",577,213,"XII",8,2337,2.337,3.42319212665811,0.5,1.1685,FALSE,1.85018705180263
"4010","YLR305C",32,31,0,1,0,7,24,1,24,7,0,"synonymous_variant;missense_variant;upstream_gene_variant",255,255,"XII",31,5703,5.703,5.43573557776609,0.032258064516129,0.183967741935484,FALSE,2.33146640073712
"4011","YLR306W",4,4,0,0,0,2,2,0,2,2,0,"synonymous_variant;missense_variant",NA,NA,"XII",4,701,0.701,5.70613409415121,0,0,FALSE,2.38875157648325
"4012","YLR307W",5,5,0,0,0,1,4,0,4,1,0,"missense_variant;synonymous_variant",NA,NA,"XII",5,906,0.906,5.51876379690949,0,0,FALSE,2.3492049286747
"4013","YLR308W",3,3,0,0,0,2,1,0,1,2,0,"missense_variant;synonymous_variant",NA,NA,"XII",3,939,0.939,3.19488817891374,0,0,FALSE,1.78742501350791
"4014","YLR309C",13,13,0,0,0,3,10,0,10,3,0,"synonymous_variant;missense_variant",NA,NA,"XII",13,2736,2.736,4.75146198830409,0,0,FALSE,2.17978484908582
"4015","YLR310C",18,16,0,2,0,8,8,2,8,8,0,"missense_variant;synonymous_variant;upstream_gene_variant",138,97,"XII",16,4770,4.77,3.35429769392034,0.125,0.59625,FALSE,1.83147418598252
"4016","YLR312C",3,3,0,0,0,2,1,0,1,2,0,"missense_variant;synonymous_variant",NA,NA,"XII",3,1197,1.197,2.5062656641604,0,0,FALSE,1.58311896715326
"4017","YLR312W-A",7,7,0,0,0,1,6,0,6,1,0,"synonymous_variant;missense_variant",NA,NA,"XII",7,762,0.762,9.18635170603675,0,0,FALSE,3.03089948794689
"4018","YLR313C",19,19,0,0,0,12,7,0,7,12,0,"synonymous_variant;missense_variant",NA,NA,"XII",19,1593,1.593,11.9271814187068,0,0,FALSE,3.45357516476866
"4019","YLR314C",4,4,0,0,0,0,4,0,4,0,0,"synonymous_variant",NA,NA,"XII",4,1563,1.563,2.55918106206014,0,0,FALSE,1.59974406142362
"4020","YLR315W",5,5,0,0,0,2,3,0,3,2,0,"synonymous_variant;missense_variant",NA,NA,"XII",5,462,0.462,10.8225108225108,0,0,FALSE,3.28975847479884
"4021","YLR316C",3,3,0,0,0,3,0,0,0,3,0,"missense_variant",NA,NA,"XII",3,1093,1.093,2.74473924977127,0,0,FALSE,1.65672545998764
"4022","YLR317W",1,1,0,0,0,0,0,0,0,0,1,"stop_gained",NA,NA,"XII",1,NA,NA,NA,0,NA,FALSE,NA
"4023","YLR318W",4,4,0,0,0,3,1,0,1,3,0,"synonymous_variant;missense_variant",NA,NA,"XII",4,2655,2.655,1.50659133709981,0,0,FALSE,1.22743282386443
"4024","YLR319C",12,11,0,1,0,2,9,1,9,2,0,"synonymous_variant;missense_variant;upstream_gene_variant",115,115,"XII",11,2367,2.367,4.64723278411491,0.0909090909090909,0.215181818181818,FALSE,2.15574413697797
"4025","YLR320W",21,21,0,0,0,6,15,0,15,6,0,"missense_variant;synonymous_variant",NA,NA,"XII",21,4365,4.365,4.81099656357388,0,0,FALSE,2.19339840511793
"4026","YLR321C",9,7,0,2,0,0,7,2,7,0,0,"synonymous_variant;upstream_gene_variant",282,250,"XII",7,1281,1.281,5.46448087431694,0.285714285714286,0.366,FALSE,2.33762291106092
"4027","YLR322W",2,2,0,0,0,2,0,0,0,2,0,"missense_variant",NA,NA,"XII",2,NA,NA,NA,0,NA,FALSE,NA
"4028","YLR323C",3,3,0,0,0,0,3,0,3,0,0,"synonymous_variant",NA,NA,"XII",3,780,0.78,3.84615384615385,0,0,FALSE,1.96116135138184
"4029","YLR324W",11,11,0,0,0,3,8,0,8,3,0,"missense_variant;synonymous_variant",NA,NA,"XII",11,1572,1.572,6.99745547073791,0,0,FALSE,2.64527039652621
"4030","YLR326W",4,4,0,0,0,0,4,0,4,0,0,"synonymous_variant",NA,NA,"XII",4,723,0.723,5.53250345781466,0,0,FALSE,2.35212743230775
"4031","YLR327C",2,2,0,0,0,1,1,0,1,1,0,"synonymous_variant;missense_variant",NA,NA,"XII",2,261,0.261,7.66283524904215,0,0,FALSE,2.76818266179133
"4032","YLR328W",5,5,0,0,0,1,4,0,4,1,0,"synonymous_variant;missense_variant",NA,NA,"XII",5,1206,1.206,4.14593698175788,0,0,FALSE,2.03615740593842
"4033","YLR329W",8,8,0,0,0,3,5,0,5,3,0,"synonymous_variant;missense_variant",NA,NA,"XII",8,892,0.892,8.96860986547085,0,0,FALSE,2.9947637411774
"4034","YLR330W",28,28,0,0,0,15,13,0,13,15,0,"synonymous_variant;missense_variant",NA,NA,"XII",28,2016,2.016,13.8888888888889,0,0,FALSE,3.72677996249965
"4035","YLR331C",1,1,0,0,0,0,1,0,1,0,0,"synonymous_variant",NA,NA,"XII",1,378,0.378,2.64550264550265,0,0,FALSE,1.62650012158089
"4036","YLR332W",7,2,0,5,0,0,2,5,2,0,0,"upstream_gene_variant;synonymous_variant",985,176,"XII",2,1131,1.131,1.7683465959328,2.5,2.8275,FALSE,1.32979193708369
"4037","YLR333C",1,1,0,0,0,0,1,0,1,0,0,"synonymous_variant",NA,NA,"XII",1,327,0.327,3.05810397553517,0,0,FALSE,1.74874354195667
"4038","YLR334C",4,4,0,0,0,2,2,0,2,2,0,"synonymous_variant;missense_variant",NA,NA,"XII",4,NA,NA,NA,0,NA,FALSE,NA
"4039","YLR335W",5,5,0,0,0,3,2,0,2,3,0,"synonymous_variant;missense_variant",NA,NA,"XII",5,2163,2.163,2.31160425335183,0,0,FALSE,1.5203960843648
"4040","YLR336C",8,7,0,1,0,5,2,1,2,5,0,"missense_variant;synonymous_variant;upstream_gene_variant",114,114,"XII",7,2700,2.7,2.59259259259259,0.142857142857143,0.385714285714286,FALSE,1.61015297179883
"4041","YLR337C",17,17,0,0,0,6,11,0,11,6,0,"synonymous_variant;missense_variant",NA,NA,"XII",17,2454,2.454,6.92746536267319,0,0,FALSE,2.63200785763895
"4042","YLR338W",1,1,0,0,0,1,0,0,0,1,0,"missense_variant",NA,NA,"XII",1,NA,NA,NA,0,NA,FALSE,NA
"4043","YLR339C",1,1,0,0,0,1,0,0,0,1,0,"missense_variant",NA,NA,"XII",1,NA,NA,NA,0,NA,FALSE,NA
"4044","YLR341W",13,13,0,0,0,7,6,0,6,7,0,"missense_variant;synonymous_variant",NA,NA,"XII",13,1434,1.434,9.06555090655509,0,0,FALSE,3.01090533005525
"4045","YLR342W",279,279,0,0,0,28,251,0,251,28,0,"missense_variant;synonymous_variant",NA,NA,"XII",279,5631,5.631,49.5471497069792,0,0,FALSE,7.03897362596133
"4046","YLR342W-A",4,1,0,3,0,1,0,3,0,1,0,"upstream_gene_variant;missense_variant",47,26,"XII",1,174,0.174,5.74712643678161,3,0.522,FALSE,2.39731650742692
"4047","YLR343W",19,16,0,3,0,10,6,3,6,10,0,"upstream_gene_variant;synonymous_variant;missense_variant",57,18,"XII",16,1668,1.668,9.59232613908873,0.1875,0.31275,FALSE,3.09714806541255
"4048","YLR344W",10,1,0,9,0,1,0,9,0,1,0,"upstream_gene_variant;missense_variant",602,30,"XII",1,831,0.831,1.20336943441637,9,7.479,FALSE,1.0969819663132
"4049","YLR345W",17,12,0,5,0,4,8,5,8,4,0,"upstream_gene_variant;synonymous_variant;missense_variant",970,34,"XII",12,1530,1.53,7.84313725490196,0.416666666666667,0.6375,FALSE,2.80056016805602
"4050","YLR346C",13,2,0,11,0,0,2,11,2,0,0,"synonymous_variant;upstream_gene_variant",798,73,"XII",2,306,0.306,6.5359477124183,5.5,1.683,FALSE,2.55654996282457
"4051","YLR347C",5,5,0,0,0,0,5,0,5,0,0,"synonymous_variant",NA,NA,"XII",5,2586,2.586,1.93348801237432,0,0,FALSE,1.39049919538787
"4052","YLR348C",1,1,0,0,0,0,1,0,1,0,0,"synonymous_variant",NA,NA,"XII",1,897,0.897,1.11482720178372,0,0,FALSE,1.05585377859992
"4053","YLR349W",4,4,0,0,0,1,3,0,3,1,0,"synonymous_variant;missense_variant",NA,NA,"XII",4,NA,NA,NA,0,NA,FALSE,NA
"4054","YLR350W",4,4,0,0,0,1,3,0,3,1,0,"missense_variant;synonymous_variant",NA,NA,"XII",4,651,0.651,6.14439324116743,0,0,FALSE,2.47878866407918
"4055","YLR351C",4,4,0,0,0,0,4,0,4,0,0,"synonymous_variant",NA,NA,"XII",4,876,0.876,4.5662100456621,0,0,FALSE,2.13686921585344
"4056","YLR352W",18,18,0,0,0,1,17,0,17,1,0,"synonymous_variant;missense_variant",NA,NA,"XII",18,2424,2.424,7.42574257425743,0,0,FALSE,2.72502157317285
"4057","YLR353W",12,12,0,0,0,7,5,0,5,7,0,"missense_variant;synonymous_variant",NA,NA,"XII",12,1812,1.812,6.62251655629139,0,0,FALSE,2.57342506327489
"4058","YLR354C",5,1,0,4,0,0,1,4,1,0,0,"synonymous_variant;upstream_gene_variant",387,140,"XII",1,1008,1.008,0.992063492063492,4,4.032,FALSE,0.996023841111995
"4059","YLR355C",2,2,0,0,0,0,2,0,2,0,0,"synonymous_variant",NA,NA,"XII",2,1188,1.188,1.68350168350168,0,0,FALSE,1.2974982402692
"4060","YLR356W",4,4,0,0,0,3,1,0,1,3,0,"missense_variant;synonymous_variant",NA,NA,"XII",4,594,0.594,6.73400673400673,0,0,FALSE,2.59499648053841
"4061","YLR357W",8,8,0,0,0,0,8,0,8,0,0,"synonymous_variant",NA,NA,"XII",8,2670,2.67,2.99625468164794,0,0,FALSE,1.73096928963166
"4062","YLR359W",3,3,0,0,0,0,3,0,3,0,0,"synonymous_variant",NA,NA,"XII",3,1449,1.449,2.0703933747412,0,0,FALSE,1.43888615767239
"4063","YLR360W",5,5,0,0,0,1,4,0,4,1,0,"synonymous_variant;missense_variant",NA,NA,"XII",5,1320,1.32,3.78787878787879,0,0,FALSE,1.94624736040381
"4064","YLR361C",5,3,0,2,0,0,3,2,3,0,0,"synonymous_variant;upstream_gene_variant",166,36,"XII",3,1737,1.737,1.72711571675302,0.666666666666667,1.158,FALSE,1.31419774644192
"4065","YLR361C-A",5,5,0,0,0,4,1,0,1,4,0,"missense_variant;synonymous_variant",NA,NA,"XII",5,297,0.297,16.8350168350168,0,0,FALSE,4.10304969931109
"4066","YLR362W",9,9,0,0,0,2,7,0,7,2,0,"missense_variant;synonymous_variant",NA,NA,"XII",9,2154,2.154,4.17827298050139,0,0,FALSE,2.04408242996739
"4067","YLR363C",3,3,0,0,0,1,2,0,2,1,0,"missense_variant;synonymous_variant",NA,NA,"XII",3,657,0.657,4.5662100456621,0,0,FALSE,2.13686921585344
"4068","YLR363W-A",2,2,0,0,0,0,2,0,2,0,0,"synonymous_variant",NA,NA,"XII",2,258,0.258,7.75193798449612,0,0,TRUE,2.78423023194852
"4069","YLR364W",1,1,0,0,0,0,1,0,1,0,0,"synonymous_variant",NA,NA,"XII",1,330,0.33,3.03030303030303,0,0,FALSE,1.74077655955698
"4070","YLR365W",1,1,0,0,0,1,0,0,0,1,0,"missense_variant",NA,NA,"XII",1,333,0.333,3.003003003003,0,0,FALSE,1.73291748303345
"4071","YLR366W",2,2,0,0,0,2,0,0,0,2,0,"missense_variant",NA,NA,"XII",2,NA,NA,NA,0,NA,FALSE,NA
"4072","YLR367W",1,1,0,0,0,1,0,0,0,1,0,"missense_variant",NA,NA,"XII",1,876,0.876,1.14155251141553,0,0,FALSE,1.06843460792672
"4073","YLR368W",12,12,0,0,0,4,8,0,8,4,0,"synonymous_variant;missense_variant",NA,NA,"XII",12,1797,1.797,6.67779632721202,0,0,FALSE,2.58414324819891
"4074","YLR369W",10,10,0,0,0,5,5,0,5,5,0,"synonymous_variant;missense_variant",NA,NA,"XII",10,1974,1.974,5.06585612968592,0,0,FALSE,2.25074568303172
"4075","YLR370C",5,2,0,3,0,0,2,3,2,0,0,"synonymous_variant;upstream_gene_variant",159,87,"XII",2,537,0.537,3.7243947858473,1.5,0.8055,FALSE,1.92986911106616
"4076","YLR371W",16,16,0,0,0,0,16,0,16,0,0,"synonymous_variant",NA,NA,"XII",16,4071,4.071,3.93023827069516,0,0,FALSE,1.98248285508227
"4077","YLR372W",1,1,0,0,0,1,0,0,0,1,0,"missense_variant",NA,NA,"XII",1,1038,1.038,0.963391136801541,0,0,FALSE,0.981524903811178
"4078","YLR373C",20,19,0,1,0,8,11,1,11,8,0,"missense_variant;synonymous_variant;upstream_gene_variant",2,2,"XII",19,2706,2.706,7.02143385070214,0.0526315789473684,0.142421052631579,FALSE,2.64979883211955
"4079","YLR374C",4,4,0,0,0,3,1,0,1,3,0,"missense_variant;synonymous_variant",NA,NA,"XII",4,NA,NA,NA,0,NA,FALSE,NA
"4080","YLR375W",6,6,0,0,0,2,4,0,4,2,0,"missense_variant;synonymous_variant",NA,NA,"XII",6,1032,1.032,5.81395348837209,0,0,FALSE,2.41121411085206
"4081","YLR376C",6,6,0,0,0,2,4,0,4,2,0,"missense_variant;synonymous_variant",NA,NA,"XII",6,729,0.729,8.23045267489712,0,0,FALSE,2.86887655274623
"4082","YLR377C",13,13,0,0,0,0,13,0,13,0,0,"synonymous_variant",NA,NA,"XII",13,1047,1.047,12.4164278892073,0,0,FALSE,3.52369520378924
"4083","YLR378C",7,7,0,0,0,0,7,0,7,0,0,"synonymous_variant",NA,NA,"XII",7,1443,1.443,4.85100485100485,0,0,FALSE,2.20249968240743
"4084","YLR379W",2,2,0,0,0,2,0,0,0,2,0,"missense_variant",NA,NA,"XII",2,NA,NA,NA,0,NA,FALSE,NA
"4085","YLR380W",3,3,0,0,0,0,3,0,3,0,0,"synonymous_variant",NA,NA,"XII",3,1227,1.227,2.44498777506112,0,0,FALSE,1.56364566800191
"4086","YLR381W",19,19,0,0,0,9,10,0,10,9,0,"synonymous_variant;missense_variant",NA,NA,"XII",19,2202,2.202,8.62851952770209,0,0,FALSE,2.93743417419048
"4087","YLR382C",28,17,0,11,0,5,12,11,12,5,0,"synonymous_variant;missense_variant;upstream_gene_variant",517,62,"XII",17,2685,2.685,6.33147113594041,0.647058823529412,1.73735294117647,FALSE,2.51624147011776
"4088","YLR383W",30,30,0,0,0,11,19,0,19,11,0,"missense_variant;synonymous_variant",NA,NA,"XII",30,3345,3.345,8.96860986547085,0,0,FALSE,2.9947637411774
"4089","YLR384C",32,28,0,4,0,5,23,4,23,5,0,"synonymous_variant;missense_variant;upstream_gene_variant",564,496,"XII",28,4050,4.05,6.91358024691358,0.142857142857143,0.578571428571429,FALSE,2.62936879248872
"4090","YLR385C",7,7,0,0,0,4,3,0,3,4,0,"missense_variant;synonymous_variant",NA,NA,"XII",7,399,0.399,17.5438596491228,0,0,FALSE,4.18853908291695
"4091","YLR386W",19,19,0,0,0,1,18,0,18,1,0,"synonymous_variant;missense_variant",NA,NA,"XII",19,2643,2.643,7.18880060537268,0,0,FALSE,2.6811938768714
"4092","YLR387C",5,4,0,1,0,1,3,1,3,1,0,"missense_variant;synonymous_variant;upstream_gene_variant",848,848,"XII",4,1299,1.299,3.07929176289453,0.25,0.32475,FALSE,1.75479108810551
"4093","YLR389C",31,25,0,6,0,7,18,6,18,7,0,"missense_variant;synonymous_variant;upstream_gene_variant",983,55,"XII",25,3084,3.084,8.10635538261997,0.24,0.74016,FALSE,2.84716620214205
"4094","YLR390W",3,3,0,0,0,2,1,0,1,2,0,"missense_variant;synonymous_variant",NA,NA,"XII",3,339,0.339,8.84955752212389,0,0,FALSE,2.97482058654365
"4095","YLR390W-A",4,4,0,0,0,0,4,0,4,0,0,"synonymous_variant",NA,NA,"XII",4,717,0.717,5.57880055788006,0,0,FALSE,2.36194846638957
"4096","YLR392C",11,11,0,0,0,5,6,0,6,5,0,"missense_variant;synonymous_variant",NA,NA,"XII",11,1557,1.557,7.06486833654464,0,0,FALSE,2.65798200455621
"4097","YLR393W",2,2,0,0,0,2,0,0,0,2,0,"missense_variant",NA,NA,"XII",2,840,0.84,2.38095238095238,0,0,FALSE,1.54303349962092
"4098","YLR394W",9,9,0,0,0,4,5,0,5,4,0,"synonymous_variant;missense_variant",NA,NA,"XII",9,1449,1.449,6.2111801242236,0,0,FALSE,2.49222393139613
"4099","YLR395C",1,1,0,0,0,1,0,0,0,1,0,"missense_variant",NA,NA,"XII",1,237,0.237,4.21940928270042,0,0,FALSE,2.0541200750444
"4100","YLR396C",17,17,0,0,0,5,12,0,12,5,0,"synonymous_variant;missense_variant",NA,NA,"XII",17,2076,2.076,8.1888246628131,0,0,FALSE,2.86161224885782
"4101","YLR397C",24,24,0,0,0,5,19,0,19,5,0,"synonymous_variant;missense_variant",NA,NA,"XII",24,2343,2.343,10.2432778489117,0,0,FALSE,3.20051212291278
"4102","YLR398C",21,21,0,0,0,7,14,0,14,7,0,"missense_variant;synonymous_variant",NA,NA,"XII",21,3864,3.864,5.43478260869565,0,0,FALSE,2.33126202060078
"4103","YLR399C",18,18,0,0,0,7,11,0,11,7,0,"missense_variant;synonymous_variant",NA,NA,"XII",18,2061,2.061,8.73362445414847,0,0,FALSE,2.95527062282771
"4104","YLR400W",5,5,0,0,0,4,1,0,1,4,0,"synonymous_variant;missense_variant",NA,NA,"XII",5,NA,NA,NA,0,NA,FALSE,NA
"4105","YLR401C",12,12,0,0,0,2,10,0,10,2,0,"synonymous_variant;missense_variant",NA,NA,"XII",12,2007,2.007,5.97907324364723,0,0,FALSE,2.44521435535767
"4106","YLR402W",2,2,0,0,0,2,0,0,0,2,0,"missense_variant",NA,NA,"XII",2,NA,NA,NA,0,NA,FALSE,NA
"4107","YLR403W",12,12,0,0,0,6,6,0,6,6,0,"missense_variant;synonymous_variant",NA,NA,"XII",12,2052,2.052,5.84795321637427,0,0,FALSE,2.41825416703337
"4108","YLR404W",2,2,0,0,0,0,2,0,2,0,0,"synonymous_variant",NA,NA,"XII",2,858,0.858,2.33100233100233,0,0,FALSE,1.52676204138115
"4109","YLR405W",12,11,0,1,0,4,7,1,7,4,0,"upstream_gene_variant;synonymous_variant;missense_variant",45,45,"XII",11,1104,1.104,9.96376811594203,0.0909090909090909,0.100363636363636,FALSE,3.15654369777167
"4110","YLR406C",14,0,0,14,0,0,0,14,0,0,0,"upstream_gene_variant",907,49,"XII",0,691,0.691,0,NA,NA,FALSE,0
"4111","YLR406C-A",3,3,0,0,0,1,1,0,1,1,1,"stop_gained;missense_variant;synonymous_variant",NA,NA,"XII",3,150,0.15,20,0,0,FALSE,4.47213595499958
"4112","YLR407W",7,7,0,0,0,2,5,0,5,2,0,"synonymous_variant;missense_variant",NA,NA,"XII",7,687,0.687,10.1892285298399,0,0,FALSE,3.19205710002811
"4113","YLR408C",4,4,0,0,0,2,1,0,1,2,1,"missense_variant;synonymous_variant;stop_gained",NA,NA,"XII",4,369,0.369,10.840108401084,0,0,FALSE,3.29243198883197
"4114","YLR409C",22,22,0,0,0,4,18,0,18,4,0,"synonymous_variant;missense_variant",NA,NA,"XII",22,2820,2.82,7.80141843971631,0,0,FALSE,2.79310193865464
"4115","YLR410W",31,31,0,0,0,4,27,0,27,4,0,"synonymous_variant;missense_variant",NA,NA,"XII",31,3441,3.441,9.00900900900901,0,0,FALSE,3.00150112593832
"4116","YLR411W",9,6,0,3,0,2,4,3,4,2,0,"upstream_gene_variant;synonymous_variant;missense_variant",120,35,"XII",6,726,0.726,8.26446280991736,0.5,0.363,FALSE,2.87479787288034
"4117","YLR412C-A",13,3,0,10,0,2,0,10,0,2,1,"missense_variant;stop_gained;upstream_gene_variant",632,19,"XII",3,207,0.207,14.4927536231884,3.33333333333333,0.69,FALSE,3.8069349381344
"4118","YLR412W",16,11,0,5,0,4,7,5,7,4,0,"upstream_gene_variant;synonymous_variant;missense_variant",192,49,"XII",11,825,0.825,13.3333333333333,0.454545454545455,0.375,FALSE,3.65148371670111
"4119","YLR413W",15,15,0,0,0,4,11,0,11,4,0,"synonymous_variant;missense_variant",NA,NA,"XII",15,2028,2.028,7.39644970414201,0,0,FALSE,2.71964146610211
"4120","YLR414C",4,4,0,0,0,0,4,0,4,0,0,"synonymous_variant",NA,NA,"XII",4,792,0.792,5.05050505050505,0,0,FALSE,2.24733287487747
"4121","YLR415C",5,5,0,0,0,5,0,0,0,5,0,"missense_variant",NA,NA,"XII",5,339,0.339,14.7492625368732,0,0,FALSE,3.84047686321284
"4122","YLR416C",11,11,0,0,0,8,2,0,2,8,1,"missense_variant;stop_gained;synonymous_variant",NA,NA,"XII",11,NA,NA,NA,0,NA,FALSE,NA
"4123","YLR417W",16,16,0,0,0,2,14,0,14,2,0,"synonymous_variant;missense_variant",NA,NA,"XII",16,1701,1.701,9.40623162845385,0,0,FALSE,3.06695804152157
"4124","YLR418C",5,5,0,0,0,0,5,0,5,0,0,"synonymous_variant",NA,NA,"XII",5,1182,1.182,4.23011844331641,0,0,FALSE,2.05672517447432
"4125","YLR419W",36,36,0,0,0,8,28,0,28,8,0,"synonymous_variant;missense_variant",NA,NA,"XII",36,4308,4.308,8.35654596100279,0,0,FALSE,2.89076909506844
"4126","YLR420W",7,7,0,0,0,3,4,0,4,3,0,"synonymous_variant;missense_variant",NA,NA,"XII",7,1095,1.095,6.39269406392694,0,0,FALSE,2.52837775340769
"4127","YLR421C",1,1,0,0,0,0,1,0,1,0,0,"synonymous_variant",NA,NA,"XII",1,471,0.471,2.12314225053079,0,0,FALSE,1.45710063157312
"4128","YLR422W",32,32,0,0,0,12,20,0,20,12,0,"synonymous_variant;missense_variant",NA,NA,"XII",32,5799,5.799,5.51819279186067,0,0,FALSE,2.34908339397746
"4129","YLR423C",9,8,0,1,0,3,5,1,5,3,0,"synonymous_variant;missense_variant;upstream_gene_variant",184,184,"XII",8,1254,1.254,6.37958532695375,0.125,0.15675,FALSE,2.52578410141361
"4130","YLR424W",9,9,0,0,0,6,3,0,3,6,0,"synonymous_variant;missense_variant",NA,NA,"XII",9,2127,2.127,4.23131170662906,0,0,FALSE,2.05701524219658
"4131","YLR425W",26,15,0,11,0,4,11,11,11,4,0,"upstream_gene_variant;synonymous_variant;missense_variant",983,5,"XII",15,3924,3.924,3.82262996941896,0.733333333333333,2.8776,FALSE,1.95515471751444
"4132","YLR426W",8,5,0,3,0,3,1,3,1,3,1,"upstream_gene_variant;synonymous_variant;stop_lost;missense_variant",116,63,"XII",5,1052,1.052,4.75285171102662,0.6,0.6312,FALSE,2.18010360098474
"4133","YLR427W",14,14,0,0,0,5,9,0,9,5,0,"missense_variant;synonymous_variant",NA,NA,"XII",14,2013,2.013,6.95479384003974,0,0,FALSE,2.63719431215065
"4134","YLR428C",5,5,0,0,0,1,4,0,4,1,0,"synonymous_variant;missense_variant",NA,NA,"XII",5,NA,NA,NA,0,NA,FALSE,NA
"4135","YLR429W",12,11,0,1,0,5,6,1,6,5,0,"upstream_gene_variant;synonymous_variant;missense_variant",230,230,"XII",11,1956,1.956,5.62372188139059,0.0909090909090909,0.177818181818182,FALSE,2.3714387787566
"4136","YLR430W",39,39,0,0,0,5,34,0,34,5,0,"synonymous_variant;missense_variant",NA,NA,"XII",39,6696,6.696,5.82437275985663,0,0,FALSE,2.41337372983478
"4137","YLR431C",22,12,0,10,0,3,9,10,9,3,0,"missense_variant;synonymous_variant;upstream_gene_variant",624,4,"XII",12,1362,1.362,8.81057268722467,0.833333333333333,1.135,FALSE,2.96826088597762
"4138","YLR432W",10,10,0,0,0,2,8,0,8,2,0,"synonymous_variant;missense_variant",NA,NA,"XII",10,1572,1.572,6.36132315521628,0,0,FALSE,2.52216636152659
"4139","YLR433C",9,9,0,0,0,3,6,0,6,3,0,"synonymous_variant;missense_variant",NA,NA,"XII",9,1662,1.662,5.41516245487365,0,0,FALSE,2.32705016165824
"4140","YLR434C",8,8,0,0,0,8,0,0,0,8,0,"missense_variant",NA,NA,"XII",8,NA,NA,NA,0,NA,FALSE,NA
"4141","YLR435W",11,11,0,0,0,3,8,0,8,3,0,"synonymous_variant;missense_variant",NA,NA,"XII",11,618,0.618,17.7993527508091,0,0,FALSE,4.21892791486286
"4142","YLR436C",34,32,0,2,0,10,22,2,22,10,0,"missense_variant;synonymous_variant;upstream_gene_variant",376,275,"XII",32,3825,3.825,8.36601307189543,0.0625,0.2390625,FALSE,2.89240610424875
"4143","YLR438C-A",2,2,0,0,0,0,2,0,2,0,0,"synonymous_variant",NA,NA,"XII",2,270,0.27,7.40740740740741,0,0,FALSE,2.72165526975909
"4144","YLR438W",4,4,0,0,0,0,4,0,4,0,0,"synonymous_variant",NA,NA,"XII",4,1275,1.275,3.13725490196078,0,0,FALSE,1.77122977108019
"4145","YLR439W",7,7,0,0,0,0,7,0,7,0,0,"synonymous_variant",NA,NA,"XII",7,960,0.96,7.29166666666667,0,0,FALSE,2.70030862433661
"4146","YLR440C",13,13,0,0,0,7,6,0,6,7,0,"missense_variant;synonymous_variant",NA,NA,"XII",13,2130,2.13,6.10328638497653,0,0,FALSE,2.47048302665218
"4147","YLR442C",44,44,0,0,0,23,21,0,21,23,0,"synonymous_variant;missense_variant",NA,NA,"XII",44,2937,2.937,14.9812734082397,0,0,FALSE,3.87056499858092
"4148","YLR443W",3,3,0,0,0,0,3,0,3,0,0,"synonymous_variant",NA,NA,"XII",3,1347,1.347,2.2271714922049,0,0,FALSE,1.49237109734975
"4149","YLR444C",1,1,0,0,0,0,0,0,0,0,1,"stop_gained",NA,NA,"XII",1,NA,NA,NA,0,NA,FALSE,NA
"4150","YLR445W",1,1,0,0,0,0,1,0,1,0,0,"synonymous_variant",NA,NA,"XII",1,649,0.649,1.54083204930663,0,0,FALSE,1.2413025615484
"4151","YLR446W",12,12,0,0,0,3,9,0,9,3,0,"synonymous_variant;missense_variant",NA,NA,"XII",12,1302,1.302,9.21658986175115,0,0,FALSE,3.03588370359458
"4152","YLR447C",4,4,0,0,0,0,4,0,4,0,0,"synonymous_variant",NA,NA,"XII",4,1038,1.038,3.85356454720617,0,0,FALSE,1.96304980762236
"4153","YLR448W",2,2,0,0,0,1,1,0,1,1,0,"synonymous_variant;missense_variant",NA,NA,"XII",2,915,0.915,2.18579234972678,0,0,FALSE,1.47844254190915
"4154","YLR449W",4,4,0,0,0,2,2,0,2,2,0,"missense_variant;synonymous_variant",NA,NA,"XII",4,1179,1.179,3.39270568278202,0,0,FALSE,1.84192987998513
"4155","YLR450W",19,19,0,0,0,4,15,0,15,4,0,"synonymous_variant;missense_variant",NA,NA,"XII",19,3138,3.138,6.05481198215424,0,0,FALSE,2.46065275529772
"4156","YLR451W",12,12,0,0,0,6,6,0,6,6,0,"missense_variant;synonymous_variant",NA,NA,"XII",12,2661,2.661,4.50958286358512,0,0,FALSE,2.12357784495533
"4157","YLR452C",18,13,0,5,0,2,11,5,11,2,0,"missense_variant;synonymous_variant;upstream_gene_variant",408,19,"XII",13,2097,2.097,6.19933237958989,0.384615384615385,0.806538461538462,FALSE,2.48984585458415
"4158","YLR453C",10,10,0,0,0,5,5,0,5,5,0,"synonymous_variant;missense_variant",NA,NA,"XII",10,1188,1.188,8.41750841750842,0,0,FALSE,2.9012942659283
"4159","YLR454W",34,34,0,0,0,13,21,0,21,13,0,"synonymous_variant;missense_variant",NA,NA,"XII",34,7887,7.887,4.31089134018004,0,0,FALSE,2.07626860983353
"4160","YLR455W",2,2,0,0,0,0,2,0,2,0,0,"synonymous_variant",NA,NA,"XII",2,915,0.915,2.18579234972678,0,0,FALSE,1.47844254190915
"4161","YLR456W",4,4,0,0,0,1,3,0,3,1,0,"synonymous_variant;missense_variant",NA,NA,"XII",4,615,0.615,6.50406504065041,0,0,FALSE,2.55030685225335
"4162","YLR457C",8,6,0,2,0,2,4,2,4,2,0,"synonymous_variant;missense_variant;upstream_gene_variant",405,397,"XII",6,960,0.96,6.25,0.333333333333333,0.32,FALSE,2.5
"4163","YLR458W",1,1,0,0,0,1,0,0,0,1,0,"missense_variant",NA,NA,"XII",1,NA,NA,NA,0,NA,FALSE,NA
"4164","YLR459W",5,5,0,0,0,1,4,0,4,1,0,"missense_variant;synonymous_variant",NA,NA,"XII",5,1185,1.185,4.21940928270042,0,0,FALSE,2.0541200750444
"4165","YLR460C",19,14,0,5,0,7,7,5,7,7,0,"synonymous_variant;missense_variant;upstream_gene_variant",920,904,"XII",14,1131,1.131,12.3784261715296,0.357142857142857,0.403928571428571,FALSE,3.5182987609823
"4166","YLR461W",6,6,0,0,0,3,3,0,3,3,0,"synonymous_variant;missense_variant",NA,NA,"XII",6,363,0.363,16.5289256198347,0,0,FALSE,4.06557814090871
"4167","YML002W",7,7,0,0,0,3,4,0,4,3,0,"missense_variant;synonymous_variant",NA,NA,"XIII",7,2214,2.214,3.1616982836495,0,0,FALSE,1.77811649889694
"4168","YML003W",1,1,0,0,0,0,1,0,1,0,0,"synonymous_variant",NA,NA,"XIII",1,873,0.873,1.1454753722795,0,0,FALSE,1.07026883177989
"4169","YML004C",4,4,0,0,0,2,2,0,2,2,0,"synonymous_variant;missense_variant",NA,NA,"XIII",4,981,0.981,4.07747196738022,0,0,FALSE,2.01927510938461
"4170","YML005W",6,6,0,0,0,3,3,0,3,3,0,"synonymous_variant;missense_variant",NA,NA,"XIII",6,1389,1.389,4.31965442764579,0,0,FALSE,2.07837783563186
"4171","YML006C",8,4,0,4,0,3,1,4,1,3,0,"missense_variant;synonymous_variant;upstream_gene_variant",843,439,"XIII",4,2325,2.325,1.72043010752688,1,2.325,FALSE,1.31165167156791
"4172","YML007W",4,4,0,0,0,3,1,0,1,3,0,"missense_variant;synonymous_variant",NA,NA,"XIII",4,1953,1.953,2.04813108038914,0,0,FALSE,1.43112930247031
"4173","YML008C",1,1,0,0,0,0,1,0,1,0,0,"synonymous_variant",NA,NA,"XIII",1,1152,1.152,0.868055555555556,0,0,FALSE,0.931694990624912
"4174","YML009W-B",3,3,0,0,0,3,0,0,0,3,0,"missense_variant",NA,NA,"XIII",3,NA,NA,NA,0,NA,FALSE,NA
"4175","YML010W",5,5,0,0,0,1,4,0,4,1,0,"missense_variant;synonymous_variant",NA,NA,"XIII",5,3192,3.192,1.56641604010025,0,0,FALSE,1.2515654358044
"4176","YML011C",3,3,0,0,0,1,2,0,2,1,0,"synonymous_variant;missense_variant",NA,NA,"XIII",3,534,0.534,5.61797752808989,0,0,FALSE,2.37022731569989
"4177","YML012W",3,3,0,0,0,1,2,0,2,1,0,"synonymous_variant;missense_variant",NA,NA,"XIII",3,636,0.636,4.71698113207547,0,0,FALSE,2.17186121381535
"4178","YML013W",5,5,0,0,0,3,2,0,2,3,0,"missense_variant;synonymous_variant",NA,NA,"XIII",5,1755,1.755,2.84900284900285,0,0,FALSE,1.68789894513944
"4179","YML014W",4,4,0,0,0,2,2,0,2,2,0,"synonymous_variant;missense_variant",NA,NA,"XIII",4,840,0.84,4.76190476190476,0,0,FALSE,2.18217890235992
"4180","YML015C",2,2,0,0,0,0,2,0,2,0,0,"synonymous_variant",NA,NA,"XIII",2,1041,1.041,1.92122958693564,0,0,FALSE,1.38608426400982
"4181","YML016C",12,8,0,4,0,2,6,4,6,2,0,"synonymous_variant;missense_variant;upstream_gene_variant",439,9,"XIII",8,2079,2.079,3.84800384800385,0.5,1.0395,FALSE,1.961632954455
"4182","YML017W",5,5,0,0,0,2,1,0,1,2,2,"missense_variant;synonymous_variant;stop_gained;stop_lost",NA,NA,"XIII",5,2144,2.144,2.33208955223881,0,0,FALSE,1.52711805445382
"4183","YML018C",9,5,0,4,0,3,2,4,2,3,0,"missense_variant;synonymous_variant;upstream_gene_variant",881,418,"XIII",5,1182,1.182,4.23011844331641,0.8,0.9456,FALSE,2.05672517447432
"4184","YML019W",5,5,0,0,0,1,4,0,4,1,0,"synonymous_variant;missense_variant",NA,NA,"XIII",5,999,0.999,5.005005005005,0,0,FALSE,2.23718685071341
"4185","YML020W",10,10,0,0,0,3,7,0,7,3,0,"synonymous_variant;missense_variant",NA,NA,"XIII",10,1995,1.995,5.0125313283208,0,0,FALSE,2.23886831419822
"4186","YML021C",4,4,0,0,0,2,2,0,2,2,0,"missense_variant;synonymous_variant",NA,NA,"XIII",4,1080,1.08,3.7037037037037,0,0,FALSE,1.92450089729875
"4187","YML022W",1,1,0,0,0,0,1,0,1,0,0,"synonymous_variant",NA,NA,"XIII",1,564,0.564,1.77304964539007,0,0,FALSE,1.33155910322827
"4188","YML023C",8,8,0,0,0,3,5,0,5,3,0,"synonymous_variant;missense_variant",NA,NA,"XIII",8,1671,1.671,4.78755236385398,0,0,FALSE,2.18804761462222
"4189","YML025C",4,4,0,0,0,0,4,0,4,0,0,"synonymous_variant",NA,NA,"XIII",4,960,0.96,4.16666666666667,0,0,FALSE,2.04124145231932
"4190","YML026C",5,0,0,5,0,0,0,5,0,0,0,"upstream_gene_variant",565,289,"XIII",0,842,0.842,0,NA,NA,FALSE,0
"4191","YML027W",7,5,0,2,0,1,4,2,4,1,0,"upstream_gene_variant;synonymous_variant;missense_variant",298,248,"XIII",5,1158,1.158,4.31778929188256,0.4,0.4632,FALSE,2.07792908730846
"4192","YML028W",1,1,0,0,0,0,1,0,1,0,0,"synonymous_variant",NA,NA,"XIII",1,591,0.591,1.69204737732657,0,0,FALSE,1.30078721446921
"4193","YML029W",28,28,0,0,0,8,20,0,20,8,0,"missense_variant;synonymous_variant",NA,NA,"XIII",28,2517,2.517,11.124354390147,0,0,FALSE,3.33531923361873
"4194","YML031C-A",2,2,0,0,0,1,0,0,1,1,0,"splice_region_variant&stop_retained_variant;missense_variant",NA,NA,"XIII",2,NA,NA,NA,0,NA,FALSE,NA
"4195","YML031W",16,16,0,0,0,3,13,0,13,3,0,"synonymous_variant;missense_variant",NA,NA,"XIII",16,1968,1.968,8.13008130081301,0,0,FALSE,2.85132974256101
"4196","YML032C",6,6,0,0,0,3,3,0,3,3,0,"missense_variant;synonymous_variant",NA,NA,"XIII",6,1416,1.416,4.23728813559322,0,0,FALSE,2.05846742398155
"4197","YML034C-A",2,2,0,0,0,1,1,0,1,1,0,"missense_variant;synonymous_variant",NA,NA,"XIII",2,NA,NA,NA,0,NA,FALSE,NA
"4198","YML034W",17,16,1,0,0,4,12,0,13,4,0,"synonymous_variant;missense_variant;splice_region_variant&intron_variant",NA,NA,"XIII",17,2631,2.631,6.4614215127328,0,0,FALSE,2.54193263339782
"4199","YML035C",12,12,0,0,0,1,11,0,11,1,0,"synonymous_variant;missense_variant",NA,NA,"XIII",12,2433,2.433,4.93218249075216,0,0,FALSE,2.22085174893602
"4200","YML036W",8,8,0,0,0,3,5,0,5,3,0,"synonymous_variant;missense_variant",NA,NA,"XIII",8,652,0.652,12.2699386503067,0,0,FALSE,3.50284722052029
"4201","YML037C",5,5,0,0,0,5,0,0,0,5,0,"missense_variant",NA,NA,"XIII",5,1023,1.023,4.88758553274682,0,0,FALSE,2.21078844142691
"4202","YML038C",4,4,0,0,0,0,4,0,4,0,0,"synonymous_variant",NA,NA,"XIII",4,1329,1.329,3.00978179082017,0,0,FALSE,1.73487226930981
"4203","YML041C",4,4,0,0,0,0,4,0,4,0,0,"synonymous_variant",NA,NA,"XIII",4,843,0.843,4.74495848161329,0,0,FALSE,2.17829256107009
"4204","YML042W",2,2,0,0,0,1,1,0,1,1,0,"synonymous_variant;missense_variant",NA,NA,"XIII",2,2013,2.013,0.993541977148535,0,0,FALSE,0.996765758414952
"4205","YML043C",24,5,0,19,0,2,3,19,3,2,0,"missense_variant;synonymous_variant;upstream_gene_variant",949,25,"XIII",5,1524,1.524,3.28083989501312,3.8,5.7912,FALSE,1.81130889000555
"4206","YML046W",4,4,0,0,0,1,3,0,3,1,0,"missense_variant;synonymous_variant",NA,NA,"XIII",4,1890,1.89,2.11640211640212,0,0,FALSE,1.45478593490662
"4207","YML047C",5,5,0,0,0,2,3,0,3,2,0,"synonymous_variant;missense_variant",NA,NA,"XIII",5,1059,1.059,4.72143531633617,0,0,FALSE,2.17288640207816
"4208","YML047W-A",2,2,0,0,0,1,1,0,1,1,0,"synonymous_variant;missense_variant",NA,NA,"XIII",2,NA,NA,NA,0,NA,FALSE,NA
"4209","YML048W",8,8,0,0,0,3,5,0,5,3,0,"synonymous_variant;missense_variant",NA,NA,"XIII",8,1212,1.212,6.6006600660066,0,0,FALSE,2.56917497769354
"4210","YML049C",39,39,0,0,0,18,21,0,21,18,0,"synonymous_variant;missense_variant",NA,NA,"XIII",39,4086,4.086,9.54478707782672,0,0,FALSE,3.08946388194242
"4211","YML050W",7,7,0,0,0,0,7,0,7,0,0,"synonymous_variant",NA,NA,"XIII",7,936,0.936,7.47863247863248,0,0,FALSE,2.73470884714122
"4212","YML051W",8,8,0,0,0,1,7,0,7,1,0,"synonymous_variant;missense_variant",NA,NA,"XIII",8,1308,1.308,6.11620795107034,0,0,FALSE,2.47309683414749
"4213","YML052W",4,4,0,0,0,0,4,0,4,0,0,"synonymous_variant",NA,NA,"XIII",4,909,0.909,4.4004400440044,0,0,FALSE,2.09772258509184
"4214","YML053C",2,2,0,0,0,1,1,0,1,1,0,"missense_variant;synonymous_variant",NA,NA,"XIII",2,639,0.639,3.12989045383412,0,0,FALSE,1.76914964144758
"4215","YML054C",7,7,0,0,0,0,7,0,7,0,0,"synonymous_variant",NA,NA,"XIII",7,1776,1.776,3.94144144144144,0,0,FALSE,1.98530638477829
"4216","YML055W",5,5,0,0,0,0,5,0,5,0,0,"synonymous_variant",NA,NA,"XIII",5,537,0.537,9.31098696461825,0,0,FALSE,3.05139098848677
"4217","YML056C",10,10,0,0,0,7,3,0,3,7,0,"synonymous_variant;missense_variant",NA,NA,"XIII",10,1983,1.983,5.04286434694907,0,0,FALSE,2.2456322822201
"4218","YML057W",3,3,0,0,0,1,2,0,2,1,0,"synonymous_variant;missense_variant",NA,NA,"XIII",3,1815,1.815,1.65289256198347,0,0,FALSE,1.28564869306645
"4219","YML058W",2,2,0,0,0,1,1,0,1,1,0,"missense_variant;synonymous_variant",NA,NA,"XIII",2,315,0.315,6.34920634920635,0,0,FALSE,2.51976315339485
"4220","YML058W-A",1,1,0,0,0,0,1,0,1,0,0,"synonymous_variant",NA,NA,"XIII",1,207,0.207,4.83091787439614,0,0,FALSE,2.19793491131929
"4221","YML059C",42,31,0,11,0,7,24,11,24,7,0,"synonymous_variant;missense_variant;upstream_gene_variant",797,205,"XIII",31,5040,5.04,6.15079365079365,0.354838709677419,1.78838709677419,FALSE,2.48007936380948
"4222","YML060W",7,7,0,0,0,3,4,0,4,3,0,"synonymous_variant;missense_variant",NA,NA,"XIII",7,1131,1.131,6.18921308576481,0,0,FALSE,2.48781291213082
"4223","YML061C",25,25,0,0,0,3,22,0,22,3,0,"missense_variant;synonymous_variant",NA,NA,"XIII",25,2580,2.58,9.68992248062015,0,0,FALSE,3.11286403182345
"4224","YML062C",2,2,0,0,0,1,1,0,1,1,0,"synonymous_variant;missense_variant",NA,NA,"XIII",2,1179,1.179,1.69635284139101,0,0,FALSE,1.30244110860761
"4225","YML063W",1,1,0,0,0,0,1,0,1,0,0,"synonymous_variant",NA,NA,"XIII",1,768,0.768,1.30208333333333,0,0,FALSE,1.1410886614691
"4226","YML064C",1,1,0,0,0,0,1,0,1,0,0,"synonymous_variant",NA,NA,"XIII",1,738,0.738,1.3550135501355,0,0,FALSE,1.1640504929493
"4227","YML065W",9,9,0,0,0,3,6,0,6,3,0,"synonymous_variant;missense_variant",NA,NA,"XIII",9,2745,2.745,3.27868852459016,0,0,FALSE,1.81071492085037
"4228","YML066C",7,7,0,0,0,3,4,0,4,3,0,"missense_variant;synonymous_variant",NA,NA,"XIII",7,1110,1.11,6.30630630630631,0,0,FALSE,2.51123601166961
"4229","YML067C",5,4,0,1,0,3,0,1,0,3,1,"missense_variant;stop_gained;upstream_gene_variant",114,114,"XIII",4,1152,1.152,3.47222222222222,0.25,0.288,FALSE,1.86338998124982
"4230","YML068W",20,16,0,4,0,5,11,4,11,5,0,"upstream_gene_variant;missense_variant;synonymous_variant",141,26,"XIII",16,1395,1.395,11.4695340501792,0.25,0.34875,FALSE,3.38667005333841
"4231","YML069W",10,10,0,0,0,1,9,0,9,1,0,"synonymous_variant;missense_variant",NA,NA,"XIII",10,1659,1.659,6.02772754671489,0,0,FALSE,2.45514308070118
"4232","YML070W",7,7,0,0,0,0,7,0,7,0,0,"synonymous_variant",NA,NA,"XIII",7,1755,1.755,3.98860398860399,0,0,FALSE,1.99714896505093
"4233","YML071C",12,12,0,0,0,5,7,0,7,5,0,"synonymous_variant;missense_variant",NA,NA,"XIII",12,1824,1.824,6.57894736842105,0,0,FALSE,2.56494588021289
"4234","YML072C",21,19,0,2,0,13,6,2,6,13,0,"missense_variant;synonymous_variant;upstream_gene_variant",89,33,"XIII",19,4638,4.638,4.09659335920655,0.105263157894737,0.48821052631579,FALSE,2.024004288337
"4235","YML074C",4,4,0,0,0,1,3,0,3,1,0,"synonymous_variant;missense_variant",NA,NA,"XIII",4,1236,1.236,3.23624595469256,0,0,FALSE,1.79895690740289
"4236","YML075C",10,10,0,0,0,2,8,0,8,2,0,"synonymous_variant;missense_variant",NA,NA,"XIII",10,3165,3.165,3.15955766192733,0,0,FALSE,1.7775144618054
"4237","YML076C",22,20,0,2,0,5,15,2,15,5,0,"missense_variant;synonymous_variant;upstream_gene_variant",124,118,"XIII",20,2835,2.835,7.05467372134039,0.1,0.2835,FALSE,2.65606357629865
"4238","YML077W",1,1,0,0,0,0,1,0,1,0,0,"synonymous_variant",NA,NA,"XIII",1,480,0.48,2.08333333333333,0,0,FALSE,1.44337567297406
"4239","YML078W",1,1,0,0,0,0,1,0,1,0,0,"synonymous_variant",NA,NA,"XIII",1,549,0.549,1.82149362477231,0,0,FALSE,1.34962721696486
"4240","YML079W",3,1,0,2,0,0,1,2,1,0,0,"upstream_gene_variant;synonymous_variant",138,2,"XIII",1,606,0.606,1.65016501650165,2,1.212,FALSE,1.28458748884677
"4241","YML080W",11,11,0,0,0,3,7,0,8,3,0,"synonymous_variant;missense_variant;splice_region_variant&stop_retained_variant",NA,NA,"XIII",11,1272,1.272,8.64779874213836,0,0,FALSE,2.94071398509586
"4242","YML081W",17,17,0,0,0,6,11,0,11,6,0,"missense_variant;synonymous_variant",NA,NA,"XIII",17,3756,3.756,4.52609158679446,0,0,FALSE,2.12746130089232
"4243","YML082W",11,11,0,0,0,1,10,0,10,1,0,"synonymous_variant;missense_variant",NA,NA,"XIII",11,1950,1.95,5.64102564102564,0,0,FALSE,2.37508434398142
"4244","YML083C",8,8,0,0,0,5,3,0,3,5,0,"missense_variant;synonymous_variant",NA,NA,"XIII",8,1257,1.257,6.36435958631663,0,0,FALSE,2.5227682387244
"4245","YML084W",5,5,0,0,0,5,0,0,0,5,0,"missense_variant",NA,NA,"XIII",5,NA,NA,NA,0,NA,FALSE,NA
"4246","YML085C",3,3,0,0,0,3,0,0,0,3,0,"missense_variant",NA,NA,"XIII",3,1460,1.46,2.05479452054795,0,0,FALSE,1.43345544770249
"4247","YML086C",5,5,0,0,0,0,5,0,5,0,0,"synonymous_variant",NA,NA,"XIII",5,1581,1.581,3.16255534471853,0,0,FALSE,1.77835748507395
"4248","YML087C",6,6,0,0,0,1,5,0,5,1,0,"synonymous_variant;missense_variant",NA,NA,"XIII",6,939,0.939,6.38977635782748,0,0,FALSE,2.52780069582779
"4249","YML088W",7,7,0,0,0,1,6,0,6,1,0,"synonymous_variant;missense_variant",NA,NA,"XIII",7,2007,2.007,3.48779272546089,0,0,FALSE,1.8675633123032
"4250","YML089C",2,2,0,0,0,0,2,0,2,0,0,"synonymous_variant",NA,NA,"XIII",2,NA,NA,NA,0,NA,FALSE,NA
"4251","YML090W",3,3,0,0,0,2,1,0,1,2,0,"synonymous_variant;missense_variant",NA,NA,"XIII",3,NA,NA,NA,0,NA,FALSE,NA
"4252","YML091C",31,31,0,0,0,16,15,0,15,16,0,"synonymous_variant;missense_variant",NA,NA,"XIII",31,3609,3.609,8.5896370185647,0,0,FALSE,2.93080825346263
"4253","YML092C",2,2,0,0,0,0,2,0,2,0,0,"synonymous_variant",NA,NA,"XIII",2,753,0.753,2.65604249667995,0,0,FALSE,1.62973694094475
"4254","YML093W",20,20,0,0,0,7,13,0,13,7,0,"synonymous_variant;missense_variant",NA,NA,"XIII",20,2700,2.7,7.40740740740741,0,0,FALSE,2.72165526975909
"4255","YML094C-A",3,3,0,0,0,2,1,0,1,2,0,"missense_variant;synonymous_variant",NA,NA,"XIII",3,NA,NA,NA,0,NA,FALSE,NA
"4256","YML095C",2,2,0,0,0,0,2,0,2,0,0,"synonymous_variant",NA,NA,"XIII",2,633,0.633,3.15955766192733,0,0,FALSE,1.7775144618054
"4257","YML096W",17,17,0,0,0,5,12,0,12,5,0,"missense_variant;synonymous_variant",NA,NA,"XIII",17,1578,1.578,10.7731305449937,0,0,FALSE,3.2822447417878
"4258","YML097C",10,10,0,0,0,4,6,0,6,4,0,"synonymous_variant;missense_variant",NA,NA,"XIII",10,1356,1.356,7.37463126843658,0,0,FALSE,2.71562723296784
"4259","YML098W",4,4,0,0,0,3,1,0,1,3,0,"synonymous_variant;missense_variant",NA,NA,"XIII",4,504,0.504,7.93650793650794,0,0,FALSE,2.81718084909506
"4260","YML099C",25,20,0,5,0,10,10,5,10,10,0,"synonymous_variant;missense_variant;upstream_gene_variant",957,756,"XIII",20,2643,2.643,7.56715853197125,0.25,0.66075,FALSE,2.75084687541332
"4261","YML099W-A",3,3,0,0,0,2,0,0,0,2,1,"missense_variant;stop_gained",NA,NA,"XIII",3,NA,NA,NA,0,NA,FALSE,NA
"4262","YML100W",29,29,0,0,0,4,25,0,25,4,0,"synonymous_variant;missense_variant",NA,NA,"XIII",29,3297,3.297,8.79587503791325,0,0,FALSE,2.96578405112598
"4263","YML100W-A",1,1,0,0,0,1,0,0,0,1,0,"missense_variant",NA,NA,"XIII",1,174,0.174,5.74712643678161,0,0,FALSE,2.39731650742692
"4264","YML101C-A",1,1,0,0,0,1,0,0,0,1,0,"missense_variant",NA,NA,"XIII",1,NA,NA,NA,0,NA,FALSE,NA
"4265","YML102W",15,15,0,0,0,9,6,0,6,9,0,"missense_variant;synonymous_variant",NA,NA,"XIII",15,1407,1.407,10.6609808102345,0,0,FALSE,3.2651157422417
"4266","YML103C",58,47,0,11,0,12,35,11,35,12,0,"synonymous_variant;missense_variant;upstream_gene_variant",721,210,"XIII",47,4968,4.968,9.46054750402577,0.234042553191489,1.16272340425532,FALSE,3.07580030301477
"4267","YML104C",22,22,0,0,0,10,12,0,12,10,0,"missense_variant;synonymous_variant",NA,NA,"XIII",22,3384,3.384,6.50118203309693,0,0,FALSE,2.54974156202093
"4268","YML105C",2,2,0,0,0,0,2,0,2,0,0,"synonymous_variant",NA,NA,"XIII",2,822,0.822,2.4330900243309,0,0,FALSE,1.55983653769583
"4269","YML106W",1,1,0,0,0,0,1,0,1,0,0,"synonymous_variant",NA,NA,"XIII",1,681,0.681,1.46842878120411,0,0,FALSE,1.21178743235112
"4270","YML107C",14,8,0,6,0,4,4,6,4,4,0,"missense_variant;synonymous_variant;upstream_gene_variant",479,22,"XIII",8,1005,1.005,7.96019900497513,0.75,0.75375,FALSE,2.82138246343439
"4271","YML108W",3,3,0,0,0,2,1,0,1,2,0,"missense_variant;synonymous_variant",NA,NA,"XIII",3,318,0.318,9.43396226415094,0,0,FALSE,3.07147558416976
"4272","YML109W",25,25,0,0,0,10,15,0,15,10,0,"missense_variant;synonymous_variant",NA,NA,"XIII",25,2829,2.829,8.83704489218805,0,0,FALSE,2.97271675276809
"4273","YML110C",18,10,0,8,0,3,7,8,7,3,0,"synonymous_variant;missense_variant;upstream_gene_variant",642,1,"XIII",10,924,0.924,10.8225108225108,0.8,0.7392,FALSE,3.28975847479884
"4274","YML111W",19,19,0,0,0,3,16,0,16,3,0,"missense_variant;synonymous_variant",NA,NA,"XIII",19,2763,2.763,6.8765834238147,0,0,FALSE,2.6223240501156
"4275","YML112W",7,7,0,0,0,3,4,0,4,3,0,"missense_variant;synonymous_variant",NA,NA,"XIII",7,891,0.891,7.85634118967452,0,0,FALSE,2.80291655060841
"4276","YML113W",4,4,0,0,0,1,3,0,3,1,0,"synonymous_variant;missense_variant",NA,NA,"XIII",4,747,0.747,5.35475234270415,0,0,FALSE,2.31403378166874
"4277","YML114C",6,6,0,0,0,2,4,0,4,2,0,"synonymous_variant;missense_variant",NA,NA,"XIII",6,1533,1.533,3.91389432485323,0,0,FALSE,1.97835647062233
"4278","YML115C",6,5,0,1,0,1,4,1,4,1,0,"synonymous_variant;missense_variant;upstream_gene_variant",38,38,"XIII",5,1608,1.608,3.10945273631841,0.2,0.3216,FALSE,1.7633640396465
"4279","YML116W",15,5,0,10,0,1,4,10,4,1,0,"upstream_gene_variant;synonymous_variant;missense_variant",360,75,"XIII",5,1629,1.629,3.06936771025169,2,3.258,FALSE,1.75196110409212
"4280","YML116W-A",2,2,0,0,0,2,0,0,0,2,0,"missense_variant",NA,NA,"XIII",2,NA,NA,NA,0,NA,FALSE,NA
"4281","YML117W",23,23,0,0,0,15,8,0,8,15,0,"missense_variant;synonymous_variant",NA,NA,"XIII",23,3405,3.405,6.75477239353891,0,0,FALSE,2.59899449663498
"4282","YML118W",15,15,0,0,0,4,11,0,11,4,0,"missense_variant;synonymous_variant",NA,NA,"XIII",15,1518,1.518,9.88142292490119,0,0,FALSE,3.14347306730966
"4283","YML119W",4,4,0,0,0,4,0,0,0,4,0,"missense_variant",NA,NA,"XIII",4,1074,1.074,3.7243947858473,0,0,FALSE,1.92986911106616
"4284","YML120C",12,12,0,0,0,2,10,0,10,2,0,"synonymous_variant;missense_variant",NA,NA,"XIII",12,1542,1.542,7.78210116731517,0,0,FALSE,2.78964176325835
"4285","YML121W",3,3,0,0,0,1,2,0,2,1,0,"synonymous_variant;missense_variant",NA,NA,"XIII",3,933,0.933,3.21543408360129,0,0,FALSE,1.79316315030208
"4286","YML122C",1,1,0,0,0,1,0,0,0,1,0,"missense_variant",NA,NA,"XIII",1,381,0.381,2.6246719160105,0,0,FALSE,1.62008392252084
"4287","YML123C",20,20,0,0,0,5,15,0,15,5,0,"synonymous_variant;missense_variant",NA,NA,"XIII",20,1764,1.764,11.3378684807256,0,0,FALSE,3.36717514850737
"4288","YML124C",7,7,0,0,0,4,0,0,0,4,3,"stop_gained;missense_variant;stop_lost",NA,NA,"XIII",7,1636,1.636,4.27872860635697,0,0,FALSE,2.06850878807825
"4289","YML125C",42,42,0,0,0,8,34,0,34,8,0,"synonymous_variant;missense_variant",NA,NA,"XIII",42,939,0.939,44.7284345047923,0,0,FALSE,6.68793200509637
"4290","YML126C",5,5,0,0,0,1,4,0,4,1,0,"synonymous_variant;missense_variant",NA,NA,"XIII",5,1476,1.476,3.38753387533875,0,0,FALSE,1.84052543458078
"4291","YML127W",11,11,0,0,0,2,9,0,9,2,0,"synonymous_variant;missense_variant",NA,NA,"XIII",11,1746,1.746,6.30011454753723,0,0,FALSE,2.51000289791411
"4292","YML128C",11,11,0,0,0,3,8,0,8,3,0,"synonymous_variant;missense_variant",NA,NA,"XIII",11,1542,1.542,7.13359273670558,0,0,FALSE,2.67087864507274
"4293","YML129C",4,4,0,0,0,0,4,0,4,0,0,"synonymous_variant",NA,NA,"XIII",4,213,0.213,18.7793427230047,0,0,FALSE,4.33351390017439
"4294","YML130C",20,10,0,10,0,0,10,10,10,0,0,"synonymous_variant;upstream_gene_variant",812,68,"XIII",10,1692,1.692,5.91016548463357,1,1.692,FALSE,2.43108319163158
"4295","YML131W",21,10,0,11,0,3,7,11,7,3,0,"upstream_gene_variant;synonymous_variant;missense_variant",489,67,"XIII",10,1098,1.098,9.10746812386157,1.1,1.2078,FALSE,3.01785820141728
"4296","YML132W",1,1,0,0,0,0,1,0,1,0,0,"synonymous_variant",NA,NA,"XIII",1,1140,1.14,0.87719298245614,0,0,FALSE,0.936585811581694
"4297","YML133W-B",2,0,0,2,0,0,0,2,0,0,0,"upstream_gene_variant",744,743,"XIII",0,NA,NA,NA,NA,NA,FALSE,NA
"4298","YMR001C",3,2,0,1,0,0,2,1,2,0,0,"synonymous_variant;upstream_gene_variant",536,536,"XIII",2,2118,2.118,0.944287063267233,0.5,1.059,FALSE,0.971744340486341
"4299","YMR001C-A",1,1,0,0,0,0,1,0,1,0,0,"synonymous_variant",NA,NA,"XIII",1,231,0.231,4.32900432900433,0,0,FALSE,2.0806259464412
"4300","YMR002W",1,1,0,0,0,0,1,0,1,0,0,"synonymous_variant",NA,NA,"XIII",1,471,0.471,2.12314225053079,0,0,FALSE,1.45710063157312
"4301","YMR003W",2,2,0,0,0,0,2,0,2,0,0,"synonymous_variant",NA,NA,"XIII",2,597,0.597,3.3500837520938,0,0,FALSE,1.83032340095782
"4302","YMR004W",4,4,0,0,0,1,3,0,3,1,0,"synonymous_variant;missense_variant",NA,NA,"XIII",4,1536,1.536,2.60416666666667,0,0,FALSE,1.61374306091976
"4303","YMR005W",4,4,0,0,0,2,2,0,2,2,0,"synonymous_variant;missense_variant",NA,NA,"XIII",4,1167,1.167,3.42759211653813,0,0,FALSE,1.85137573618597
"4304","YMR006C",9,7,0,2,0,2,5,2,5,2,0,"missense_variant;synonymous_variant;upstream_gene_variant",803,196,"XIII",7,2121,2.121,3.3003300330033,0.285714285714286,0.606,FALSE,1.8166810487819
"4305","YMR007W",1,1,0,0,0,0,0,0,0,0,1,"stop_gained",NA,NA,"XIII",1,381,0.381,2.6246719160105,0,0,FALSE,1.62008392252084
"4306","YMR008C",4,4,0,0,0,2,2,0,2,2,0,"synonymous_variant;missense_variant",NA,NA,"XIII",4,1995,1.995,2.00501253132832,0,0,FALSE,1.41598465080958
"4307","YMR009W",8,8,0,0,0,0,8,0,8,0,0,"synonymous_variant",NA,NA,"XIII",8,540,0.54,14.8148148148148,0,0,FALSE,3.8490017945975
"4308","YMR010W",12,12,0,0,0,2,10,0,10,2,0,"missense_variant;synonymous_variant",NA,NA,"XIII",12,1218,1.218,9.85221674876847,0,0,FALSE,3.13882410287172
"4309","YMR011W",13,7,0,6,0,3,4,6,4,3,0,"upstream_gene_variant;missense_variant;synonymous_variant",440,48,"XIII",7,1626,1.626,4.3050430504305,0.857142857142857,1.39371428571429,FALSE,2.07485976644941
"4310","YMR012W",16,14,0,2,0,6,8,2,8,6,0,"upstream_gene_variant;missense_variant;synonymous_variant",260,131,"XIII",14,3834,3.834,3.65153886280647,0.142857142857143,0.547714285714286,FALSE,1.91090001381717
"4311","YMR013C",10,4,0,6,0,2,2,6,2,2,0,"missense_variant;synonymous_variant;upstream_gene_variant",888,100,"XIII",4,1560,1.56,2.56410256410256,1.5,2.34,FALSE,1.60128153805087
"4312","YMR013W-A",1,1,0,0,0,1,0,0,0,1,0,"missense_variant",NA,NA,"XIII",1,NA,NA,NA,0,NA,FALSE,NA
"4313","YMR014W",5,5,0,0,0,4,1,0,1,4,0,"synonymous_variant;missense_variant",NA,NA,"XIII",5,1560,1.56,3.2051282051282,0,0,FALSE,1.79028718509858
"4314","YMR015C",4,3,0,1,0,0,3,1,3,0,0,"synonymous_variant;upstream_gene_variant",433,433,"XIII",3,1617,1.617,1.85528756957328,0.333333333333333,0.539,FALSE,1.36208941320799
"4315","YMR016C",17,17,0,0,0,4,13,0,13,4,0,"synonymous_variant;missense_variant",NA,NA,"XIII",17,2358,2.358,7.20949957591179,0,0,FALSE,2.68505113096786
"4316","YMR017W",4,4,0,0,0,3,1,0,1,3,0,"missense_variant;synonymous_variant",NA,NA,"XIII",4,1194,1.194,3.3500837520938,0,0,FALSE,1.83032340095782
"4317","YMR018W",6,6,0,0,0,1,5,0,5,1,0,"synonymous_variant;missense_variant",NA,NA,"XIII",6,1545,1.545,3.88349514563107,0,0,FALSE,1.97065855632859
"4318","YMR019W",24,20,0,4,0,11,9,4,9,11,0,"upstream_gene_variant;missense_variant;synonymous_variant",288,82,"XIII",20,2850,2.85,7.01754385964912,0.2,0.57,FALSE,2.64906471413009
"4319","YMR020W",7,6,0,1,0,2,4,1,4,2,0,"upstream_gene_variant;synonymous_variant;missense_variant",5,5,"XIII",6,1527,1.527,3.92927308447937,0.166666666666667,0.2545,FALSE,1.98223941149382
"4320","YMR021C",9,8,0,1,0,6,2,1,2,6,0,"missense_variant;synonymous_variant;upstream_gene_variant",829,829,"XIII",8,1254,1.254,6.37958532695375,0.125,0.15675,FALSE,2.52578410141361
"4321","YMR022W",2,2,0,0,0,0,2,0,2,0,0,"synonymous_variant",NA,NA,"XIII",2,498,0.498,4.01606425702811,0,0,FALSE,2.00401204014051
"4322","YMR023C",10,10,0,0,0,4,6,0,6,4,0,"synonymous_variant;missense_variant",NA,NA,"XIII",10,1581,1.581,6.32511068943707,0,0,FALSE,2.51497727413928
"4323","YMR024W",2,2,0,0,0,1,1,0,1,1,0,"missense_variant;synonymous_variant",NA,NA,"XIII",2,1173,1.173,1.70502983802217,0,0,FALSE,1.30576791123927
"4324","YMR025W",10,10,0,0,0,7,3,0,3,7,0,"missense_variant;synonymous_variant",NA,NA,"XIII",10,888,0.888,11.2612612612613,0,0,FALSE,3.35578027607012
"4325","YMR026C",8,8,0,0,0,2,6,0,6,2,0,"synonymous_variant;missense_variant",NA,NA,"XIII",8,1200,1.2,6.66666666666667,0,0,FALSE,2.58198889747161
"4326","YMR027W",5,5,0,0,0,1,4,0,4,1,0,"missense_variant;synonymous_variant",NA,NA,"XIII",5,1413,1.413,3.53857041755131,0,0,FALSE,1.88110882661033
"4327","YMR028W",5,5,0,0,0,1,4,0,4,1,0,"synonymous_variant;missense_variant",NA,NA,"XIII",5,1101,1.101,4.54132606721163,0,0,FALSE,2.13103872963671
"4328","YMR029C",10,8,0,2,0,7,1,2,1,7,0,"missense_variant;synonymous_variant;upstream_gene_variant",353,250,"XIII",8,1572,1.572,5.08905852417303,0.25,0.393,FALSE,2.25589417397471
"4329","YMR030W",6,6,0,0,0,4,2,0,2,4,0,"synonymous_variant;missense_variant",NA,NA,"XIII",6,1131,1.131,5.30503978779841,0,0,FALSE,2.30326719852439
"4330","YMR030W-A",2,2,0,0,0,2,0,0,0,2,0,"missense_variant",NA,NA,"XIII",2,291,0.291,6.87285223367698,0,0,FALSE,2.62161252546538
"4331","YMR031C",19,18,0,1,0,9,9,1,9,9,0,"missense_variant;synonymous_variant;upstream_gene_variant",547,547,"XIII",18,2532,2.532,7.10900473933649,0.0555555555555556,0.140666666666667,FALSE,2.6662716927081
"4332","YMR031W-A",2,2,0,0,0,1,1,0,1,1,0,"missense_variant;synonymous_variant",NA,NA,"XIII",2,NA,NA,NA,0,NA,FALSE,NA
"4333","YMR032W",16,16,0,0,0,8,8,0,8,8,0,"synonymous_variant;missense_variant",NA,NA,"XIII",16,2010,2.01,7.96019900497513,0,0,FALSE,2.82138246343439
"4334","YMR033W",5,5,0,0,0,0,5,0,5,0,0,"synonymous_variant",NA,NA,"XIII",5,1490,1.49,3.35570469798658,0,0,FALSE,1.83185826361828
"4335","YMR034C",7,2,0,5,0,1,1,5,1,1,0,"synonymous_variant;missense_variant;upstream_gene_variant",965,57,"XIII",2,1305,1.305,1.53256704980843,2.5,3.2625,FALSE,1.23796892118035
"4336","YMR035W",1,1,0,0,0,0,1,0,1,0,0,"synonymous_variant",NA,NA,"XIII",1,534,0.534,1.87265917602996,0,0,FALSE,1.36845137875993
"4337","YMR036C",12,12,0,0,0,3,9,0,9,3,0,"synonymous_variant;missense_variant",NA,NA,"XIII",12,1665,1.665,7.20720720720721,0,0,FALSE,2.6846242208561
"4338","YMR037C",16,16,0,0,0,6,10,0,10,6,0,"synonymous_variant;missense_variant",NA,NA,"XIII",16,2115,2.115,7.56501182033097,0,0,FALSE,2.75045665669012
"4339","YMR038C",5,5,0,0,0,1,4,0,4,1,0,"synonymous_variant;missense_variant",NA,NA,"XIII",5,750,0.75,6.66666666666667,0,0,FALSE,2.58198889747161
"4340","YMR040W",2,2,0,0,0,1,1,0,1,1,0,"missense_variant;synonymous_variant",NA,NA,"XIII",2,483,0.483,4.1407867494824,0,0,FALSE,2.0348923188912
"4341","YMR041C",3,3,0,0,0,0,3,0,3,0,0,"synonymous_variant",NA,NA,"XIII",3,1008,1.008,2.97619047619048,0,0,FALSE,1.72516389835589
"4342","YMR042W",2,2,0,0,0,1,1,0,1,1,0,"synonymous_variant;missense_variant",NA,NA,"XIII",2,534,0.534,3.74531835205992,0,0,FALSE,1.93528249929046
"4343","YMR043W",5,5,0,0,0,2,3,0,3,2,0,"synonymous_variant;missense_variant",NA,NA,"XIII",5,861,0.861,5.80720092915215,0,0,FALSE,2.4098134635594
"4344","YMR044W",13,13,0,0,0,4,9,0,9,4,0,"synonymous_variant;missense_variant",NA,NA,"XIII",13,1428,1.428,9.10364145658263,0,0,FALSE,3.01722413098242
"4345","YMR045C",8,0,0,8,0,0,0,8,0,0,0,"upstream_gene_variant",719,67,"XIII",0,5269,5.269,0,NA,NA,FALSE,0
"4346","YMR047C",41,41,0,0,0,14,27,0,27,14,0,"synonymous_variant;missense_variant",NA,NA,"XIII",41,3342,3.342,12.2681029323758,0,0,FALSE,3.50258517846116
"4347","YMR048W",10,10,0,0,0,4,6,0,6,4,0,"synonymous_variant;missense_variant",NA,NA,"XIII",10,954,0.954,10.482180293501,0,0,FALSE,3.23761954119088
"4348","YMR049C",16,16,0,0,0,4,12,0,12,4,0,"synonymous_variant;missense_variant",NA,NA,"XIII",16,2424,2.424,6.6006600660066,0,0,FALSE,2.56917497769354
"4349","YMR050C",15,0,0,15,0,0,0,15,0,0,0,"upstream_gene_variant",923,355,"XIII",0,5269,5.269,0,NA,NA,FALSE,0
"4350","YMR052C-A",3,3,0,0,0,2,1,0,1,2,0,"missense_variant;synonymous_variant",NA,NA,"XIII",3,NA,NA,NA,0,NA,FALSE,NA
"4351","YMR052W",8,8,0,0,0,4,4,0,4,4,0,"missense_variant;synonymous_variant",NA,NA,"XIII",8,615,0.615,13.0081300813008,0,0,FALSE,3.60667853866973
"4352","YMR053C",11,11,0,0,0,3,8,0,8,3,0,"synonymous_variant;missense_variant",NA,NA,"XIII",11,2553,2.553,4.30865648256953,0,0,FALSE,2.07573034919508
"4353","YMR054W",14,14,0,0,0,2,12,0,12,2,0,"missense_variant;synonymous_variant",NA,NA,"XIII",14,2673,2.673,5.23756079311635,0,0,FALSE,2.2885717801975
"4354","YMR055C",5,5,0,0,0,0,5,0,5,0,0,"synonymous_variant",NA,NA,"XIII",5,921,0.921,5.42888165038002,0,0,FALSE,2.32999606230998
"4355","YMR056C",8,8,0,0,0,2,6,0,6,2,0,"synonymous_variant;missense_variant",NA,NA,"XIII",8,930,0.93,8.60215053763441,0,0,FALSE,2.93294230042707
"4356","YMR057C",3,3,0,0,0,2,1,0,1,2,0,"synonymous_variant;missense_variant",NA,NA,"XIII",3,NA,NA,NA,0,NA,FALSE,NA
"4357","YMR058W",29,29,0,0,0,9,20,0,20,9,0,"missense_variant;synonymous_variant",NA,NA,"XIII",29,1911,1.911,15.1753008895866,0,0,FALSE,3.89554885601331
"4358","YMR059W",7,7,0,0,0,3,4,0,4,3,0,"synonymous_variant;missense_variant",NA,NA,"XIII",7,387,0.387,18.0878552971576,0,0,FALSE,4.25298193002952
"4359","YMR060C",29,29,0,0,0,18,11,0,11,18,0,"missense_variant;synonymous_variant",NA,NA,"XIII",29,984,0.984,29.4715447154472,0,0,FALSE,5.42877009233649
"4360","YMR061W",25,25,0,0,0,10,15,0,15,10,0,"synonymous_variant;missense_variant",NA,NA,"XIII",25,2034,2.034,12.291052114061,0,0,FALSE,3.50585968259726
"4361","YMR062C",14,14,0,0,0,3,11,0,11,3,0,"missense_variant;synonymous_variant",NA,NA,"XIII",14,1326,1.326,10.5580693815988,0,0,FALSE,3.24931829490415
"4362","YMR063W",4,4,0,0,0,1,3,0,3,1,0,"missense_variant;synonymous_variant",NA,NA,"XIII",4,720,0.72,5.55555555555556,0,0,FALSE,2.35702260395516
"4363","YMR064W",31,31,0,0,0,19,12,0,12,19,0,"missense_variant;synonymous_variant",NA,NA,"XIII",31,1557,1.557,19.9100834938985,0,0,FALSE,4.46207165943114
"4364","YMR065W",8,8,0,0,0,1,7,0,7,1,0,"synonymous_variant;missense_variant",NA,NA,"XIII",8,1515,1.515,5.28052805280528,0,0,FALSE,2.2979399584857
"4365","YMR066W",25,22,0,3,0,11,11,3,11,11,0,"upstream_gene_variant;missense_variant;synonymous_variant",131,25,"XIII",22,2697,2.697,8.15721171672228,0.136363636363636,0.367772727272727,FALSE,2.85608328252561
"4366","YMR067C",18,10,0,8,0,5,5,8,5,5,0,"missense_variant;synonymous_variant;upstream_gene_variant",667,65,"XIII",10,1251,1.251,7.99360511590727,0.8,1.0008,FALSE,2.82729643226657
"4367","YMR068W",7,7,0,0,0,1,6,0,6,1,0,"synonymous_variant;missense_variant",NA,NA,"XIII",7,1281,1.281,5.46448087431694,0,0,FALSE,2.33762291106092
"4368","YMR069W",4,4,0,0,0,1,3,0,3,1,0,"synonymous_variant;missense_variant",NA,NA,"XIII",4,858,0.858,4.66200466200466,0,0,FALSE,2.15916758543765
"4369","YMR070W",10,10,0,0,0,5,5,0,5,5,0,"synonymous_variant;missense_variant",NA,NA,"XIII",10,1473,1.473,6.78886625933469,0,0,FALSE,2.60554529020984
"4370","YMR071C",4,2,0,2,0,0,2,2,2,0,0,"synonymous_variant;upstream_gene_variant",93,13,"XIII",2,504,0.504,3.96825396825397,1,0.504,FALSE,1.99204768222399
"4371","YMR072W",2,1,0,1,0,1,0,1,0,1,0,"upstream_gene_variant;missense_variant",909,909,"XIII",1,552,0.552,1.81159420289855,1,0.552,FALSE,1.34595475514541
"4372","YMR073C",5,5,0,0,0,2,3,0,3,2,0,"synonymous_variant;missense_variant",NA,NA,"XIII",5,606,0.606,8.25082508250825,0,0,FALSE,2.87242494810713
"4373","YMR074C",2,2,0,0,0,0,2,0,2,0,0,"synonymous_variant",NA,NA,"XIII",2,438,0.438,4.5662100456621,0,0,FALSE,2.13686921585344
"4374","YMR075C-A",1,1,0,0,0,1,0,0,0,1,0,"missense_variant",NA,NA,"XIII",1,366,0.366,2.73224043715847,0,0,FALSE,1.65294901226822
"4375","YMR075W",15,15,0,0,0,5,10,0,10,5,0,"missense_variant;synonymous_variant",NA,NA,"XIII",15,2055,2.055,7.2992700729927,0,0,FALSE,2.7017161347915
"4376","YMR076C",22,22,0,0,0,6,16,0,16,6,0,"synonymous_variant;missense_variant",NA,NA,"XIII",22,3834,3.834,5.73813249869588,0,0,FALSE,2.39543993844469
"4377","YMR077C",3,3,0,0,0,2,1,0,1,2,0,"missense_variant;synonymous_variant",NA,NA,"XIII",3,666,0.666,4.5045045045045,0,0,FALSE,2.12238179989004
"4378","YMR078C",14,14,0,0,0,4,10,0,10,4,0,"synonymous_variant;missense_variant",NA,NA,"XIII",14,2226,2.226,6.28930817610063,0,0,FALSE,2.5078493128776
"4379","YMR079W",2,2,0,0,0,0,2,0,2,0,0,"synonymous_variant",NA,NA,"XIII",2,1071,1.071,1.86741363211951,0,0,FALSE,1.36653343615131
"4380","YMR080C",12,11,0,1,0,1,10,1,10,1,0,"synonymous_variant;missense_variant;upstream_gene_variant",314,314,"XIII",11,2916,2.916,3.77229080932785,0.0909090909090909,0.265090909090909,FALSE,1.9422386077225
"4381","YMR081C",15,15,0,0,0,5,10,0,10,5,0,"missense_variant;synonymous_variant",NA,NA,"XIII",15,1017,1.017,14.7492625368732,0,0,FALSE,3.84047686321284
"4382","YMR082C",4,4,0,0,0,2,1,0,1,2,1,"synonymous_variant;missense_variant;stop_gained",NA,NA,"XIII",4,357,0.357,11.2044817927171,0,0,FALSE,3.34730963502289
"4383","YMR083W",4,4,0,0,0,1,3,0,3,1,0,"missense_variant;synonymous_variant",NA,NA,"XIII",4,1128,1.128,3.54609929078014,0,0,FALSE,1.88310894288677
"4384","YMR084W",10,10,0,0,0,3,7,0,7,3,0,"synonymous_variant;missense_variant",NA,NA,"XIII",10,789,0.789,12.6742712294043,0,0,FALSE,3.56009427254452
"4385","YMR085W",6,5,0,1,0,3,2,1,2,3,0,"upstream_gene_variant;synonymous_variant;missense_variant",28,28,"XIII",5,1299,1.299,3.84911470361817,0.2,0.2598,FALSE,1.96191607965738
"4386","YMR086C-A",4,2,0,2,0,0,2,2,2,0,0,"synonymous_variant;upstream_gene_variant",140,55,"XIII",2,NA,NA,NA,1,NA,FALSE,NA
"4387","YMR086W",32,29,0,3,0,17,12,3,12,17,0,"upstream_gene_variant;missense_variant;synonymous_variant",401,238,"XIII",29,2883,2.883,10.0589663544918,0.103448275862069,0.298241379310345,FALSE,3.17158735564573
"4388","YMR087W",4,4,0,0,0,3,1,0,1,3,0,"missense_variant;synonymous_variant",NA,NA,"XIII",4,855,0.855,4.67836257309941,0,0,FALSE,2.1629522817435
"4389","YMR088C",15,15,0,0,0,1,14,0,14,1,0,"synonymous_variant;missense_variant",NA,NA,"XIII",15,1689,1.689,8.8809946714032,0,0,FALSE,2.98009977541075
"4390","YMR089C",13,13,0,0,0,2,11,0,11,2,0,"missense_variant;synonymous_variant",NA,NA,"XIII",13,2478,2.478,5.24616626311542,0,0,FALSE,2.29045110472051
"4391","YMR090W",2,2,0,0,0,0,2,0,2,0,0,"synonymous_variant",NA,NA,"XIII",2,684,0.684,2.92397660818713,0,0,FALSE,1.70996392014192
"4392","YMR091C",5,5,0,0,0,2,3,0,3,2,0,"synonymous_variant;missense_variant",NA,NA,"XIII",5,1308,1.308,3.82262996941896,0,0,FALSE,1.95515471751444
"4393","YMR092C",7,7,0,0,0,1,6,0,6,1,0,"synonymous_variant;missense_variant",NA,NA,"XIII",7,1848,1.848,3.78787878787879,0,0,FALSE,1.94624736040381
"4394","YMR093W",9,9,0,0,0,0,9,0,9,0,0,"synonymous_variant",NA,NA,"XIII",9,1542,1.542,5.83657587548638,0,0,FALSE,2.41590063443975
"4395","YMR094W",8,8,0,0,0,2,6,0,6,2,0,"synonymous_variant;missense_variant",NA,NA,"XIII",8,1437,1.437,5.56715379262352,0,0,FALSE,2.3594816788065
"4396","YMR095C",3,3,0,0,0,1,2,0,2,1,0,"synonymous_variant;missense_variant",NA,NA,"XIII",3,675,0.675,4.44444444444444,0,0,FALSE,2.10818510677892
"4397","YMR096W",6,6,0,0,0,2,4,0,4,2,0,"synonymous_variant;missense_variant",NA,NA,"XIII",6,894,0.894,6.71140939597315,0,0,FALSE,2.5906388007542
"4398","YMR097C",11,11,0,0,0,3,8,0,8,3,0,"synonymous_variant;missense_variant",NA,NA,"XIII",11,1104,1.104,9.96376811594203,0,0,FALSE,3.15654369777167
"4399","YMR098C",13,13,0,0,0,4,9,0,9,4,0,"missense_variant;synonymous_variant",NA,NA,"XIII",13,1839,1.839,7.06905927134312,0,0,FALSE,2.65877025546457
"4400","YMR099C",4,4,0,0,0,2,2,0,2,2,0,"synonymous_variant;missense_variant",NA,NA,"XIII",4,894,0.894,4.47427293064877,0,0,FALSE,2.11524772323451
"4401","YMR100W",9,9,0,0,0,1,8,0,8,1,0,"synonymous_variant;missense_variant",NA,NA,"XIII",9,1863,1.863,4.83091787439614,0,0,FALSE,2.19793491131929
"4402","YMR101C",8,8,0,0,0,2,6,0,6,2,0,"missense_variant;synonymous_variant",NA,NA,"XIII",8,1032,1.032,7.75193798449612,0,0,FALSE,2.78423023194852
"4403","YMR102C",6,6,0,0,0,0,6,0,6,0,0,"synonymous_variant",NA,NA,"XIII",6,2505,2.505,2.39520958083832,0,0,FALSE,1.54764646506827
"4404","YMR103C",3,3,0,0,0,1,2,0,2,1,0,"missense_variant;synonymous_variant",NA,NA,"XIII",3,363,0.363,8.26446280991736,0,0,FALSE,2.87479787288034
"4405","YMR104C",22,22,0,0,0,6,16,0,16,6,0,"synonymous_variant;missense_variant",NA,NA,"XIII",22,2034,2.034,10.8161258603736,0,0,FALSE,3.28878790139675
"4406","YMR105C",14,14,0,0,0,2,12,0,12,2,0,"missense_variant;synonymous_variant",NA,NA,"XIII",14,1710,1.71,8.18713450292398,0,0,FALSE,2.86131691759651
"4407","YMR105W-A",1,1,0,0,0,0,1,0,1,0,0,"synonymous_variant",NA,NA,"XIII",1,195,0.195,5.12820512820513,0,0,FALSE,2.26455406828919
"4408","YMR106C",8,8,0,0,0,3,5,0,5,3,0,"synonymous_variant;missense_variant",NA,NA,"XIII",8,1890,1.89,4.23280423280423,0,0,FALSE,2.05737799949456
"4409","YMR108W",6,6,0,0,0,0,6,0,6,0,0,"synonymous_variant",NA,NA,"XIII",6,2064,2.064,2.90697674418605,0,0,FALSE,1.70498584867618
"4410","YMR109W",12,9,0,3,0,2,7,3,7,2,0,"upstream_gene_variant;synonymous_variant;missense_variant",248,122,"XIII",9,3660,3.66,2.45901639344262,0.333333333333333,1.22,FALSE,1.56812512046795
"4411","YMR110C",22,11,0,11,0,1,10,11,10,1,0,"synonymous_variant;missense_variant;upstream_gene_variant",396,5,"XIII",11,1599,1.599,6.87929956222639,1,1.599,FALSE,2.62284188662344
"4412","YMR111C",8,8,0,0,0,2,6,0,6,2,0,"missense_variant;synonymous_variant",NA,NA,"XIII",8,1389,1.389,5.75953923686105,0,0,FALSE,2.39990400575962
"4413","YMR112C",4,4,0,0,0,0,4,0,4,0,0,"synonymous_variant",NA,NA,"XIII",4,396,0.396,10.1010101010101,0,0,FALSE,3.17820863081864
"4414","YMR113W",8,8,0,0,0,1,7,0,7,1,0,"synonymous_variant;missense_variant",NA,NA,"XIII",8,1284,1.284,6.23052959501558,0,0,FALSE,2.49610288149659
"4415","YMR114C",15,15,0,0,0,6,9,0,9,6,0,"missense_variant;synonymous_variant",NA,NA,"XIII",15,1107,1.107,13.550135501355,0,0,FALSE,3.68105086916155
"4416","YMR115W",11,11,0,0,0,4,7,0,7,4,0,"missense_variant;synonymous_variant",NA,NA,"XIII",11,1506,1.506,7.30411686586985,0,0,FALSE,2.70261297004766
"4417","YMR116C",2,2,0,0,0,0,2,0,2,0,0,"synonymous_variant",NA,NA,"XIII",2,1233,1.233,1.6220600162206,0,0,FALSE,1.27360119983478
"4418","YMR117C",3,3,0,0,0,1,2,0,2,1,0,"missense_variant;synonymous_variant",NA,NA,"XIII",3,642,0.642,4.67289719626168,0,0,FALSE,2.16168850583558
"4419","YMR118C",5,5,0,0,0,4,1,0,1,4,0,"synonymous_variant;missense_variant",NA,NA,"XIII",5,591,0.591,8.46023688663283,0,0,FALSE,2.90864863581575
"4420","YMR119W",16,16,0,0,0,4,12,0,12,4,0,"synonymous_variant;missense_variant",NA,NA,"XIII",16,1875,1.875,8.53333333333333,0,0,FALSE,2.92118697336089
"4421","YMR119W-A",3,3,0,0,0,2,1,0,1,2,0,"missense_variant;synonymous_variant",NA,NA,"XIII",3,NA,NA,NA,0,NA,FALSE,NA
"4422","YMR120C",12,9,0,3,0,0,9,3,9,0,0,"synonymous_variant;upstream_gene_variant",314,24,"XIII",9,1779,1.779,5.05902192242833,0.333333333333333,0.593,FALSE,2.24922696107537
"4423","YMR121C",2,2,0,0,0,0,2,0,2,0,0,"synonymous_variant",NA,NA,"XIII",2,615,0.615,3.2520325203252,0,0,FALSE,1.80333926933486
"4424","YMR122C",3,3,0,0,0,1,2,0,2,1,0,"synonymous_variant;missense_variant",NA,NA,"XIII",3,375,0.375,8,0,0,FALSE,2.82842712474619
"4425","YMR123W",2,2,0,0,0,1,1,0,1,1,0,"synonymous_variant;missense_variant",NA,NA,"XIII",2,369,0.369,5.42005420054201,0,0,FALSE,2.32810098589859
"4426","YMR124W",13,13,0,0,0,9,4,0,4,9,0,"missense_variant;synonymous_variant",NA,NA,"XIII",13,2832,2.832,4.59039548022599,0,0,FALSE,2.14252082375551
"4427","YMR125W",14,13,0,1,0,10,1,1,2,10,1,"upstream_gene_variant;missense_variant;stop_retained_variant;stop_lost;synonymous_variant",164,164,"XIII",13,2908,2.908,4.47042640990371,0.0769230769230769,0.223692307692308,FALSE,2.11433829126366
"4428","YMR126C",7,1,0,6,0,1,0,6,0,1,0,"missense_variant;upstream_gene_variant",518,72,"XIII",1,1029,1.029,0.971817298347911,6,6.174,FALSE,0.985807941917649
"4429","YMR127C",4,4,0,0,0,2,2,0,2,2,0,"missense_variant;synonymous_variant",NA,NA,"XIII",4,1017,1.017,3.93313667649951,0,0,FALSE,1.98321372436243
"4430","YMR128W",25,25,0,0,0,9,16,0,16,9,0,"synonymous_variant;missense_variant",NA,NA,"XIII",25,3804,3.804,6.5720294426919,0,0,FALSE,2.56359697352995
"4431","YMR129W",18,18,0,0,0,4,14,0,14,4,0,"missense_variant;synonymous_variant",NA,NA,"XIII",18,4014,4.014,4.48430493273543,0,0,FALSE,2.11761774943813
"4432","YMR130W",8,7,0,1,0,3,4,1,4,3,0,"upstream_gene_variant;synonymous_variant;missense_variant",246,246,"XIII",7,909,0.909,7.7007700770077,0.142857142857143,0.129857142857143,FALSE,2.77502613987827
"4433","YMR131C",6,3,0,3,0,2,1,3,1,2,0,"missense_variant;synonymous_variant;upstream_gene_variant",921,147,"XIII",3,1536,1.536,1.953125,1,1.536,FALSE,1.39754248593737
"4434","YMR132C",4,4,0,0,0,1,3,0,3,1,0,"synonymous_variant;missense_variant",NA,NA,"XIII",4,627,0.627,6.37958532695375,0,0,FALSE,2.52578410141361
"4435","YMR133W",12,12,0,0,0,9,3,0,3,9,0,"missense_variant;synonymous_variant",NA,NA,"XIII",12,1403,1.403,8.55310049893086,0,0,FALSE,2.92456842951757
"4436","YMR134W",4,4,0,0,0,1,3,0,3,1,0,"synonymous_variant;missense_variant",NA,NA,"XIII",4,714,0.714,5.60224089635854,0,0,FALSE,2.36690534165575
"4437","YMR135C",14,8,0,6,0,2,6,6,6,2,0,"synonymous_variant;missense_variant;upstream_gene_variant",985,653,"XIII",8,1368,1.368,5.84795321637427,0.75,1.026,FALSE,2.41825416703337
"4438","YMR135W-A",5,5,0,0,0,4,1,0,1,4,0,"missense_variant;synonymous_variant",NA,NA,"XIII",5,NA,NA,NA,0,NA,FALSE,NA
"4439","YMR136W",12,12,0,0,0,6,6,0,6,6,0,"synonymous_variant;missense_variant",NA,NA,"XIII",12,1683,1.683,7.1301247771836,0,0,FALSE,2.67022934917276
"4440","YMR137C",11,9,0,2,0,1,8,2,8,1,0,"synonymous_variant;missense_variant;upstream_gene_variant",172,97,"XIII",9,1986,1.986,4.53172205438066,0.222222222222222,0.441333333333333,FALSE,2.12878417280397
"4441","YMR138W",6,6,0,0,0,2,4,0,4,2,0,"synonymous_variant;missense_variant",NA,NA,"XIII",6,576,0.576,10.4166666666667,0,0,FALSE,3.22748612183951
"4442","YMR139W",3,3,0,0,0,1,2,0,2,1,0,"synonymous_variant;missense_variant",NA,NA,"XIII",3,1113,1.113,2.69541778975741,0,0,FALSE,1.6417727582578
"4443","YMR140W",5,5,0,0,0,1,4,0,4,1,0,"synonymous_variant;missense_variant",NA,NA,"XIII",5,1470,1.47,3.40136054421769,0,0,FALSE,1.84427778390829
"4444","YMR141C",2,2,0,0,0,1,1,0,1,1,0,"synonymous_variant;missense_variant",NA,NA,"XIII",2,309,0.309,6.47249190938511,0,0,FALSE,2.54410925657392
"4445","YMR141W-A",5,5,0,0,0,3,2,0,2,3,0,"missense_variant;synonymous_variant",NA,NA,"XIII",5,NA,NA,NA,0,NA,FALSE,NA
"4446","YMR142C",1,1,0,0,0,1,0,0,0,1,0,"missense_variant",NA,NA,"XIII",1,1002,1.002,0.998003992015968,0,0,FALSE,0.999001497504367
"4447","YMR143W",1,1,0,0,0,0,1,0,1,0,0,"synonymous_variant",NA,NA,"XIII",1,976,0.976,1.02459016393443,0,0,FALSE,1.01222041272364
"4448","YMR144W",8,8,0,0,0,6,2,0,2,6,0,"missense_variant;synonymous_variant",NA,NA,"XIII",8,1029,1.029,7.77453838678329,0,0,FALSE,2.78828592271009
"4449","YMR145C",13,10,0,3,0,0,10,3,10,0,0,"synonymous_variant;upstream_gene_variant",950,367,"XIII",10,1683,1.683,5.941770647653,0.3,0.5049,FALSE,2.43757474709044
"4450","YMR146C",2,2,0,0,0,0,2,0,2,0,0,"synonymous_variant",NA,NA,"XIII",2,1044,1.044,1.91570881226054,0,0,FALSE,1.38409133089567
"4451","YMR147W",1,1,0,0,0,1,0,0,0,1,0,"missense_variant",NA,NA,"XIII",1,1614,1.614,0.619578686493185,0,0,FALSE,0.787133207591437
"4452","YMR149W",7,7,0,0,0,6,1,0,1,6,0,"missense_variant;synonymous_variant",NA,NA,"XIII",7,861,0.861,8.13008130081301,0,0,FALSE,2.85132974256101
"4453","YMR151W",9,9,0,0,0,7,2,0,2,7,0,"synonymous_variant;missense_variant",NA,NA,"XIII",9,NA,NA,NA,0,NA,FALSE,NA
"4454","YMR152W",6,6,0,0,0,3,3,0,3,3,0,"missense_variant;synonymous_variant",NA,NA,"XIII",6,1098,1.098,5.46448087431694,0,0,FALSE,2.33762291106092
"4455","YMR153W",9,9,0,0,0,5,4,0,4,5,0,"missense_variant;synonymous_variant",NA,NA,"XIII",9,1428,1.428,6.30252100840336,0,0,FALSE,2.51048222626717
"4456","YMR154C",21,21,0,0,0,10,11,0,11,10,0,"synonymous_variant;missense_variant",NA,NA,"XIII",21,2184,2.184,9.61538461538461,0,0,FALSE,3.10086836473021
"4457","YMR155W",7,7,0,0,0,4,3,0,3,4,0,"synonymous_variant;missense_variant",NA,NA,"XIII",7,1644,1.644,4.25790754257908,0,0,FALSE,2.06346978232759
"4458","YMR156C",1,1,0,0,0,0,1,0,1,0,0,"synonymous_variant",NA,NA,"XIII",1,717,0.717,1.39470013947001,0,0,FALSE,1.18097423319479
"4459","YMR157C",4,4,0,0,0,2,2,0,2,2,0,"missense_variant;synonymous_variant",NA,NA,"XIII",4,768,0.768,5.20833333333333,0,0,FALSE,2.28217732293819
"4460","YMR158C-A",1,1,0,0,0,0,1,0,1,0,0,"synonymous_variant",NA,NA,"XIII",1,138,0.138,7.2463768115942,0,0,FALSE,2.69190951029083
"4461","YMR158W",2,2,0,0,0,0,2,0,2,0,0,"synonymous_variant",NA,NA,"XIII",2,468,0.468,4.27350427350427,0,0,FALSE,2.06724557648681
"4462","YMR158W-B",2,2,0,0,0,1,1,0,1,1,0,"synonymous_variant;missense_variant",NA,NA,"XIII",2,NA,NA,NA,0,NA,FALSE,NA
"4463","YMR159C",1,1,0,0,0,0,1,0,1,0,0,"synonymous_variant",NA,NA,"XIII",1,453,0.453,2.2075055187638,0,0,FALSE,1.48576765302109
"4464","YMR160W",7,7,0,0,0,2,5,0,5,2,0,"synonymous_variant;missense_variant",NA,NA,"XIII",7,2451,2.451,2.85597715218278,0,0,FALSE,1.68996365410111
"4465","YMR161W",2,2,0,0,0,0,2,0,2,0,0,"synonymous_variant",NA,NA,"XIII",2,675,0.675,2.96296296296296,0,0,FALSE,1.72132593164774
"4466","YMR162C",18,15,0,3,0,2,13,3,13,2,0,"missense_variant;synonymous_variant;upstream_gene_variant",290,105,"XIII",15,4971,4.971,3.01750150875075,0.2,0.9942,FALSE,1.737095710878
"4467","YMR163C",16,16,0,0,0,6,10,0,10,6,0,"synonymous_variant;missense_variant",NA,NA,"XIII",16,2118,2.118,7.55429650613787,0,0,FALSE,2.74850805095016
"4468","YMR164C",20,20,0,0,0,10,10,0,10,10,0,"missense_variant;synonymous_variant",NA,NA,"XIII",20,2277,2.277,8.78348704435661,0,0,FALSE,2.96369482982925
"4469","YMR165C",21,21,0,0,0,6,15,0,15,6,0,"missense_variant;synonymous_variant",NA,NA,"XIII",21,2589,2.589,8.11123986095017,0,0,FALSE,2.84802385189278
"4470","YMR166C",6,6,0,0,0,2,4,0,4,2,0,"synonymous_variant;missense_variant",NA,NA,"XIII",6,1107,1.107,5.42005420054201,0,0,FALSE,2.32810098589859
"4471","YMR167W",12,12,0,0,0,7,5,0,5,7,0,"synonymous_variant;missense_variant",NA,NA,"XIII",12,2310,2.31,5.1948051948052,0,0,FALSE,2.27921152919276
"4472","YMR168C",11,11,0,0,0,4,7,0,7,4,0,"synonymous_variant;missense_variant",NA,NA,"XIII",11,1827,1.827,6.0207991242474,0,0,FALSE,2.45373167323719
"4473","YMR169C",22,22,0,0,0,4,18,0,18,4,0,"synonymous_variant;missense_variant",NA,NA,"XIII",22,1521,1.521,14.4641683103222,0,0,FALSE,3.80317871133111
"4474","YMR170C",23,23,0,0,0,5,18,0,18,5,0,"synonymous_variant;missense_variant",NA,NA,"XIII",23,1521,1.521,15.1216305062459,0,0,FALSE,3.88865407387259
"4475","YMR171C",12,12,0,0,0,5,7,0,7,5,0,"missense_variant;synonymous_variant",NA,NA,"XIII",12,1653,1.653,7.25952813067151,0,0,FALSE,2.69435115207196
"4476","YMR172C-A",3,3,0,0,0,2,1,0,1,2,0,"missense_variant;synonymous_variant",NA,NA,"XIII",3,NA,NA,NA,0,NA,FALSE,NA
"4477","YMR172W",9,9,0,0,0,6,3,0,3,6,0,"missense_variant;synonymous_variant",NA,NA,"XIII",9,2160,2.16,4.16666666666667,0,0,FALSE,2.04124145231931
"4478","YMR173W",3,3,0,0,0,3,0,0,0,3,0,"missense_variant",NA,NA,"XIII",3,1293,1.293,2.32018561484919,0,0,FALSE,1.52321555101344
"4479","YMR173W-A",19,19,0,0,0,19,0,0,0,19,0,"missense_variant",NA,NA,"XIII",19,NA,NA,NA,0,NA,FALSE,NA
"4480","YMR174C",1,1,0,0,0,0,1,0,1,0,0,"synonymous_variant",NA,NA,"XIII",1,207,0.207,4.83091787439614,0,0,FALSE,2.19793491131929
"4481","YMR175W-A",1,1,0,0,0,1,0,0,0,1,0,"missense_variant",NA,NA,"XIII",1,195,0.195,5.12820512820513,0,0,FALSE,2.26455406828919
"4482","YMR176W",32,32,0,0,0,19,13,0,13,19,0,"missense_variant;synonymous_variant",NA,NA,"XIII",32,4236,4.236,7.55429650613787,0,0,FALSE,2.74850805095016
"4483","YMR177W",10,6,0,4,0,1,5,4,5,1,0,"upstream_gene_variant;synonymous_variant;missense_variant",480,85,"XIII",6,1533,1.533,3.91389432485323,0.666666666666667,1.022,FALSE,1.97835647062233
"4484","YMR178W",5,2,0,3,0,1,1,3,1,1,0,"upstream_gene_variant;synonymous_variant;missense_variant",368,49,"XIII",2,825,0.825,2.42424242424242,1.5,1.2375,FALSE,1.55699788832305
"4485","YMR179W",14,11,0,3,0,6,5,3,5,6,0,"upstream_gene_variant;synonymous_variant;missense_variant",538,382,"XIII",11,2277,2.277,4.83091787439614,0.272727272727273,0.621,FALSE,2.19793491131929
"4486","YMR180C",9,7,0,2,0,3,4,2,4,3,0,"missense_variant;synonymous_variant;upstream_gene_variant",297,292,"XIII",7,963,0.963,7.26895119418484,0.285714285714286,0.275142857142857,FALSE,2.69609925525468
"4487","YMR181C",2,2,0,0,0,0,2,0,2,0,0,"synonymous_variant",NA,NA,"XIII",2,465,0.465,4.3010752688172,0,0,FALSE,2.07390338946085
"4488","YMR182C",4,4,0,0,0,2,2,0,2,2,0,"synonymous_variant;missense_variant",NA,NA,"XIII",4,636,0.636,6.28930817610063,0,0,FALSE,2.5078493128776
"4489","YMR182W-A",7,7,0,0,0,3,4,0,4,3,0,"missense_variant;synonymous_variant",NA,NA,"XIII",7,87,0.087,80.4597701149425,0,0,FALSE,8.96993701844904
"4490","YMR183C",3,3,0,0,0,0,3,0,3,0,0,"synonymous_variant",NA,NA,"XIII",3,888,0.888,3.37837837837838,0,0,FALSE,1.83803655523452
"4491","YMR184W",4,4,0,0,0,2,2,0,2,2,0,"synonymous_variant;missense_variant",NA,NA,"XIII",4,597,0.597,6.7001675041876,0,0,FALSE,2.5884681771634
"4492","YMR185W",23,23,0,0,0,12,11,0,11,12,0,"synonymous_variant;missense_variant",NA,NA,"XIII",23,2946,2.946,7.8071961982349,0,0,FALSE,2.79413603788987
"4493","YMR186W",14,14,0,0,0,1,13,0,13,1,0,"synonymous_variant;missense_variant",NA,NA,"XIII",14,2118,2.118,6.61000944287063,0,0,FALSE,2.57099386286133
"4494","YMR187C",16,11,0,5,0,5,6,5,6,5,0,"missense_variant;synonymous_variant;upstream_gene_variant",268,97,"XIII",11,1296,1.296,8.48765432098765,0.454545454545455,0.589090909090909,FALSE,2.91335791158375
"4495","YMR188C",1,1,0,0,0,0,1,0,1,0,0,"synonymous_variant",NA,NA,"XIII",1,714,0.714,1.40056022408964,0,0,FALSE,1.18345267082788
"4496","YMR189W",7,7,0,0,0,1,6,0,6,1,0,"synonymous_variant;missense_variant",NA,NA,"XIII",7,3105,3.105,2.25442834138486,0,0,FALSE,1.50147538820484
"4497","YMR190C",27,23,0,4,0,9,14,4,14,9,0,"missense_variant;synonymous_variant;upstream_gene_variant",334,44,"XIII",23,4344,4.344,5.29465930018416,0.173913043478261,0.755478260869565,FALSE,2.30101266841019
"4498","YMR191W",15,15,0,0,0,10,5,0,5,10,0,"synonymous_variant;missense_variant",NA,NA,"XIII",15,1122,1.122,13.3689839572192,0,0,TRUE,3.65636212063565
"4499","YMR192W",17,17,0,0,0,7,10,0,10,7,0,"missense_variant;synonymous_variant",NA,NA,"XIII",17,2163,2.163,7.85945446139621,0,0,FALSE,2.80347185849907
"4500","YMR193C-A",12,5,0,7,0,4,0,7,0,4,1,"missense_variant;stop_gained;upstream_gene_variant",819,39,"XIII",5,NA,NA,NA,1.4,NA,FALSE,NA
"4501","YMR193W",3,3,0,0,0,1,2,0,2,1,0,"synonymous_variant;missense_variant",NA,NA,"XIII",3,777,0.777,3.86100386100386,0,0,FALSE,1.96494372972965
"4502","YMR194C-A",2,2,0,0,0,2,0,0,0,2,0,"missense_variant",NA,NA,"XIII",2,NA,NA,NA,0,NA,FALSE,NA
"4503","YMR194C-B",2,2,0,0,0,0,0,0,0,0,2,"stop_lost",NA,NA,"XIII",2,294,0.294,6.80272108843537,0,0,FALSE,2.60820265478651
"4504","YMR194W",4,1,0,3,0,1,0,3,0,1,0,"upstream_gene_variant;missense_variant",308,159,"XIII",1,766,0.766,1.30548302872063,3,2.298,FALSE,1.14257736224758
"4505","YMR195W",2,2,0,0,0,0,2,0,2,0,0,"synonymous_variant",NA,NA,"XIII",2,384,0.384,5.20833333333333,0,0,FALSE,2.28217732293819
"4506","YMR196W",13,13,0,0,0,3,10,0,10,3,0,"missense_variant;synonymous_variant",NA,NA,"XIII",13,3267,3.267,3.97918579736762,0,0,FALSE,1.99478966243753
"4507","YMR197C",8,3,0,5,0,1,2,5,2,1,0,"synonymous_variant;missense_variant;upstream_gene_variant",529,158,"XIII",3,654,0.654,4.58715596330275,1.66666666666667,1.09,FALSE,2.1417646843906
"4508","YMR198W",7,7,0,0,0,5,2,0,2,5,0,"missense_variant;synonymous_variant",NA,NA,"XIII",7,1785,1.785,3.92156862745098,0,0,FALSE,1.98029508595335
"4509","YMR199W",10,10,0,0,0,1,9,0,9,1,0,"synonymous_variant;missense_variant",NA,NA,"XIII",10,1641,1.641,6.0938452163315,0,0,FALSE,2.46857149305656
"4510","YMR200W",6,4,0,2,0,1,3,2,3,1,0,"upstream_gene_variant;synonymous_variant;missense_variant",234,11,"XIII",4,771,0.771,5.18806744487678,0.5,0.3855,FALSE,2.27773296171364
"4511","YMR201C",11,5,0,6,0,0,5,6,5,0,0,"synonymous_variant;upstream_gene_variant",432,129,"XIII",5,1200,1.2,4.16666666666667,1.2,1.44,FALSE,2.04124145231932
"4512","YMR202W",1,1,0,0,0,1,0,0,0,1,0,"missense_variant",NA,NA,"XIII",1,669,0.669,1.49476831091181,0,0,FALSE,1.22260717767884
"4513","YMR203W",5,5,0,0,0,1,4,0,4,1,0,"synonymous_variant;missense_variant",NA,NA,"XIII",5,1164,1.164,4.29553264604811,0,0,FALSE,2.0725666807242
"4514","YMR204C",7,7,0,0,0,0,7,0,7,0,0,"synonymous_variant",NA,NA,"XIII",7,1263,1.263,5.54235946159937,0,0,FALSE,2.35422162542089
"4515","YMR205C",13,13,0,0,0,4,9,0,9,4,0,"missense_variant;synonymous_variant",NA,NA,"XIII",13,2880,2.88,4.51388888888889,0,0,FALSE,2.12459146399699
"4516","YMR206W",5,5,0,0,0,2,3,0,3,2,0,"synonymous_variant;missense_variant",NA,NA,"XIII",5,942,0.942,5.30785562632696,0,0,FALSE,2.30387838792046
"4517","YMR207C",37,30,0,7,0,12,18,7,18,12,0,"missense_variant;synonymous_variant;upstream_gene_variant",843,91,"XIII",30,6372,6.372,4.70809792843691,0.233333333333333,1.4868,FALSE,2.16981518301373
"4518","YMR208W",5,5,0,0,0,2,3,0,3,2,0,"missense_variant;synonymous_variant",NA,NA,"XIII",5,1332,1.332,3.75375375375375,0,0,FALSE,1.93746064573032
"4519","YMR209C",8,8,0,0,0,4,4,0,4,4,0,"synonymous_variant;missense_variant",NA,NA,"XIII",8,1374,1.374,5.82241630276565,0,0,FALSE,2.41296835925498
"4520","YMR210W",6,6,0,0,0,1,5,0,5,1,0,"synonymous_variant;missense_variant",NA,NA,"XIII",6,1350,1.35,4.44444444444444,0,0,FALSE,2.10818510677892
"4521","YMR211W",8,8,0,0,0,4,4,0,4,4,0,"missense_variant;synonymous_variant",NA,NA,"XIII",8,1428,1.428,5.60224089635854,0,0,FALSE,2.36690534165575
"4522","YMR212C",21,17,0,4,0,3,14,4,14,3,0,"synonymous_variant;missense_variant;upstream_gene_variant",309,109,"XIII",17,2349,2.349,7.23712217965091,0.235294117647059,0.552705882352941,FALSE,2.69018998950835
"4523","YMR213W",12,12,0,0,0,4,8,0,8,4,0,"synonymous_variant;missense_variant",NA,NA,"XIII",12,1773,1.773,6.76818950930626,0,0,FALSE,2.60157442893842
"4524","YMR214W",4,4,0,0,0,0,4,0,4,0,0,"synonymous_variant",NA,NA,"XIII",4,1134,1.134,3.52733686067019,0,0,FALSE,1.87812056606337
"4525","YMR215W",11,11,0,0,0,6,5,0,5,6,0,"missense_variant;synonymous_variant",NA,NA,"XIII",11,1575,1.575,6.98412698412698,0,0,FALSE,2.64274989057364
"4526","YMR216C",25,18,0,7,0,8,10,7,10,8,0,"missense_variant;synonymous_variant;upstream_gene_variant",607,56,"XIII",18,2229,2.229,8.07537012113055,0.388888888888889,0.866833333333333,FALSE,2.84171957116295
"4527","YMR217W",3,3,0,0,0,0,3,0,3,0,0,"synonymous_variant",NA,NA,"XIII",3,1578,1.578,1.90114068441065,0,0,FALSE,1.37881858284933
"4528","YMR218C",39,34,0,5,0,11,23,5,23,11,0,"synonymous_variant;missense_variant;upstream_gene_variant",222,44,"XIII",34,3309,3.309,10.2750075551526,0.147058823529412,0.486617647058824,FALSE,3.20546526344501
"4529","YMR219W",67,67,0,0,0,47,20,0,20,47,0,"missense_variant;synonymous_variant",NA,NA,"XIII",67,4977,4.977,13.4619248543299,0,0,FALSE,3.66904958461042
"4530","YMR220W",14,13,0,1,0,8,5,1,5,8,0,"upstream_gene_variant;missense_variant;synonymous_variant",45,45,"XIII",13,1356,1.356,9.58702064896755,0.0769230769230769,0.104307692307692,FALSE,3.0962914347599
"4531","YMR221C",9,5,0,4,0,3,2,4,2,3,0,"missense_variant;synonymous_variant;upstream_gene_variant",897,12,"XIII",5,1515,1.515,3.3003300330033,0.8,1.212,FALSE,1.8166810487819
"4532","YMR222C",5,5,0,0,0,2,3,0,3,2,0,"missense_variant;synonymous_variant",NA,NA,"XIII",5,672,0.672,7.44047619047619,0,0,FALSE,2.7277236279499
"4533","YMR223W",6,6,0,0,0,2,4,0,4,2,0,"synonymous_variant;missense_variant",NA,NA,"XIII",6,1416,1.416,4.23728813559322,0,0,FALSE,2.05846742398155
"4534","YMR224C",14,10,0,4,0,4,6,4,6,4,0,"missense_variant;synonymous_variant;upstream_gene_variant",938,756,"XIII",10,2079,2.079,4.81000481000481,0.4,0.8316,FALSE,2.19317231653256
"4535","YMR225C",1,1,0,0,0,1,0,0,0,1,0,"missense_variant",NA,NA,"XIII",1,444,0.444,2.25225225225225,0,0,FALSE,1.50075056296916
"4536","YMR226C",3,3,0,0,0,1,2,0,2,1,0,"synonymous_variant;missense_variant",NA,NA,"XIII",3,804,0.804,3.73134328358209,0,0,FALSE,1.93166852321564
"4537","YMR227C",9,9,0,0,0,4,5,0,5,4,0,"missense_variant;synonymous_variant",NA,NA,"XIII",9,1773,1.773,5.0761421319797,0,0,FALSE,2.25302954529666
"4538","YMR228W",3,3,0,0,0,1,2,0,2,1,0,"synonymous_variant;missense_variant",NA,NA,"XIII",3,1026,1.026,2.92397660818713,0,0,FALSE,1.70996392014192
"4539","YMR229C",37,33,0,4,0,14,19,4,19,14,0,"synonymous_variant;missense_variant;upstream_gene_variant",978,453,"XIII",33,5190,5.19,6.35838150289017,0.121212121212121,0.629090909090909,FALSE,2.5215831342413
"4540","YMR231W",16,16,0,0,0,7,9,0,9,7,0,"synonymous_variant;missense_variant",NA,NA,"XIII",16,3090,3.09,5.17799352750809,0,0,FALSE,2.2755204959543
"4541","YMR232W",12,12,0,0,0,2,10,0,10,2,0,"synonymous_variant;missense_variant",NA,NA,"XIII",12,2034,2.034,5.89970501474926,0,0,FALSE,2.4289308377863
"4542","YMR233W",2,0,0,2,0,0,0,2,0,0,0,"upstream_gene_variant",173,35,"XIII",0,681,0.681,0,NA,NA,FALSE,0
"4543","YMR234W",10,6,0,4,0,1,5,4,5,1,0,"upstream_gene_variant;synonymous_variant;missense_variant",78,6,"XIII",6,1047,1.047,5.73065902578797,0.666666666666667,0.698,FALSE,2.39387949274561
"4544","YMR235C",11,5,0,6,0,1,4,6,4,1,0,"synonymous_variant;missense_variant;upstream_gene_variant",956,22,"XIII",5,1224,1.224,4.08496732026144,1.2,1.4688,FALSE,2.02113020863611
"4545","YMR236W",2,2,0,0,0,0,2,0,2,0,0,"synonymous_variant",NA,NA,"XIII",2,474,0.474,4.21940928270042,0,0,FALSE,2.0541200750444
"4546","YMR237W",18,18,0,0,0,2,16,0,16,2,0,"synonymous_variant;missense_variant",NA,NA,"XIII",18,2175,2.175,8.27586206896552,0,0,FALSE,2.8767798089123
"4547","YMR238W",8,8,0,0,0,2,6,0,6,2,0,"missense_variant;synonymous_variant",NA,NA,"XIII",8,1377,1.377,5.80973129992738,0,0,FALSE,2.41033842020729
"4548","YMR239C",5,5,0,0,0,3,2,0,2,3,0,"synonymous_variant;missense_variant",NA,NA,"XIII",5,1416,1.416,3.53107344632768,0,0,FALSE,1.87911507000707
"4549","YMR240C",10,10,0,0,0,3,7,0,7,3,0,"synonymous_variant;missense_variant",NA,NA,"XIII",10,1311,1.311,7.627765064836,0,0,FALSE,2.76184088333054
"4550","YMR241W",3,3,0,0,0,0,3,0,3,0,0,"synonymous_variant",NA,NA,"XIII",3,945,0.945,3.17460317460317,0,0,FALSE,1.7817416127495
"4551","YMR243C",9,9,0,0,0,4,5,0,5,4,0,"missense_variant;synonymous_variant",NA,NA,"XIII",9,1329,1.329,6.77200902934537,0,0,FALSE,2.60230840396471
"4552","YMR244C-A",4,4,0,0,0,3,1,0,1,3,0,"missense_variant;synonymous_variant",NA,NA,"XIII",4,315,0.315,12.6984126984127,0,0,FALSE,3.56348322549899
"4553","YMR244W",18,18,0,0,0,3,15,0,15,3,0,"missense_variant;synonymous_variant",NA,NA,"XIII",18,1068,1.068,16.8539325842697,0,0,FALSE,4.1053541362798
"4554","YMR245W",4,4,0,0,0,2,2,0,2,2,0,"synonymous_variant;missense_variant",NA,NA,"XIII",4,NA,NA,NA,0,NA,FALSE,NA
"4555","YMR246W",20,20,0,0,0,8,12,0,12,8,0,"missense_variant;synonymous_variant",NA,NA,"XIII",20,2085,2.085,9.59232613908873,0,0,FALSE,3.09714806541255
"4556","YMR247C",66,56,0,10,0,21,35,10,35,21,0,"synonymous_variant;missense_variant;upstream_gene_variant",930,178,"XIII",56,4689,4.689,11.9428449562807,0.178571428571429,0.837321428571429,FALSE,3.45584214863478
"4557","YMR247W-A",5,5,0,0,0,4,1,0,1,4,0,"missense_variant;synonymous_variant",NA,NA,"XIII",5,144,0.144,34.7222222222222,0,0,FALSE,5.8925565098879
"4558","YMR250W",24,24,0,0,0,0,24,0,24,0,0,"synonymous_variant",NA,NA,"XIII",24,1758,1.758,13.6518771331058,0,0,FALSE,3.69484466968583
"4559","YMR251W",10,10,0,0,0,5,5,0,5,5,0,"synonymous_variant;missense_variant",NA,NA,"XIII",10,1101,1.101,9.08265213442325,0,0,FALSE,3.01374387339456
"4560","YMR251W-A",6,1,0,5,0,1,0,5,0,1,0,"upstream_gene_variant;missense_variant",421,36,"XIII",1,180,0.18,5.55555555555556,5,0.9,FALSE,2.35702260395516
"4561","YMR252C",4,3,0,1,0,2,1,1,1,2,0,"missense_variant;synonymous_variant;upstream_gene_variant",18,18,"XIII",3,405,0.405,7.40740740740741,0.333333333333333,0.135,FALSE,2.72165526975909
"4562","YMR253C",10,10,0,0,0,3,7,0,7,3,0,"synonymous_variant;missense_variant",NA,NA,"XIII",10,1245,1.245,8.03212851405622,0,0,FALSE,2.83410100632568
"4563","YMR254C",4,4,0,0,0,2,1,0,1,2,1,"missense_variant;synonymous_variant;start_lost",NA,NA,"XIII",4,309,0.309,12.9449838187702,0,0,FALSE,3.59791381480577
"4564","YMR255W",5,5,0,0,0,2,3,0,3,2,0,"synonymous_variant;missense_variant",NA,NA,"XIII",5,567,0.567,8.81834215167549,0,0,FALSE,2.96956935458249
"4565","YMR257C",14,14,0,0,0,4,10,0,10,4,0,"synonymous_variant;missense_variant",NA,NA,"XIII",14,2403,2.403,5.826050769871,0,0,FALSE,2.41372135298816
"4566","YMR258C",6,6,0,0,0,0,6,0,6,0,0,"synonymous_variant",NA,NA,"XIII",6,1662,1.662,3.6101083032491,0,0,FALSE,1.90002850064127
"4567","YMR259C",23,22,0,1,0,11,11,1,11,11,0,"synonymous_variant;missense_variant;upstream_gene_variant",464,464,"XIII",22,4263,4.263,5.16068496364063,0.0454545454545455,0.193772727272727,FALSE,2.27171410253153
"4568","YMR260C",2,2,0,0,0,0,2,0,2,0,0,"synonymous_variant",NA,NA,"XIII",2,462,0.462,4.32900432900433,0,0,FALSE,2.0806259464412
"4569","YMR261C",20,20,0,0,0,4,16,0,16,4,0,"synonymous_variant;missense_variant",NA,NA,"XIII",20,3165,3.165,6.31911532385466,0,0,FALSE,2.51378505919951
"4570","YMR262W",3,3,0,0,0,0,3,0,3,0,0,"synonymous_variant",NA,NA,"XIII",3,942,0.942,3.18471337579618,0,0,FALSE,1.78457652562062
"4571","YMR263W",6,6,0,0,0,2,4,0,4,2,0,"synonymous_variant;missense_variant",NA,NA,"XIII",6,606,0.606,9.9009900990099,0,0,FALSE,3.14658387763776
"4572","YMR264W",5,5,0,0,0,2,3,0,3,2,0,"missense_variant;synonymous_variant",NA,NA,"XIII",5,612,0.612,8.16993464052288,0,0,FALSE,2.85830975237515
"4573","YMR265C",27,24,0,3,0,11,13,3,13,11,0,"missense_variant;synonymous_variant;upstream_gene_variant",560,522,"XIII",24,1386,1.386,17.3160173160173,0.125,0.17325,FALSE,4.1612518928824
"4574","YMR266W",34,34,0,0,0,16,18,0,18,16,0,"synonymous_variant;missense_variant",NA,NA,"XIII",34,2862,2.862,11.8798043326345,0,0,FALSE,3.44670920337567
"4575","YMR267W",12,12,0,0,0,3,9,0,9,3,0,"synonymous_variant;missense_variant",NA,NA,"XIII",12,933,0.933,12.8617363344051,0,0,FALSE,3.58632630060416
"4576","YMR268C",16,12,0,4,0,6,6,4,6,6,0,"synonymous_variant;missense_variant;upstream_gene_variant",991,175,"XIII",12,1335,1.335,8.98876404494382,0.333333333333333,0.445,FALSE,2.99812675598345
"4577","YMR269W",8,8,0,0,0,6,2,0,2,6,0,"synonymous_variant;missense_variant",NA,NA,"XIII",8,636,0.636,12.5786163522013,0,0,FALSE,3.54663451065954
"4578","YMR270C",8,8,0,0,0,2,6,0,6,2,0,"synonymous_variant;missense_variant",NA,NA,"XIII",8,1098,1.098,7.28597449908925,0,0,FALSE,2.69925443392972
"4579","YMR271C",3,3,0,0,0,1,2,0,2,1,0,"synonymous_variant;missense_variant",NA,NA,"XIII",3,684,0.684,4.3859649122807,0,0,FALSE,2.09426954145848
"4580","YMR272C",3,3,0,0,0,0,3,0,3,0,0,"synonymous_variant",NA,NA,"XIII",3,1155,1.155,2.5974025974026,0,0,FALSE,1.61164592805076
"4581","YMR272W-B",1,1,0,0,0,1,0,0,0,1,0,"missense_variant",NA,NA,"XIII",1,108,0.108,9.25925925925926,0,0,FALSE,3.04290309725092
"4582","YMR273C",19,19,0,0,0,12,6,0,6,12,1,"missense_variant;synonymous_variant;stop_gained",NA,NA,"XIII",19,2748,2.748,6.91411935953421,0,0,FALSE,2.6294713079884
"4583","YMR274C",5,5,0,0,0,3,2,0,2,3,0,"missense_variant;synonymous_variant",NA,NA,"XIII",5,948,0.948,5.27426160337553,0,0,FALSE,2.29657606087313
"4584","YMR275C",26,26,0,0,0,9,17,0,17,9,0,"synonymous_variant;missense_variant",NA,NA,"XIII",26,2931,2.931,8.87069259638349,0,0,FALSE,2.97837079565045
"4585","YMR276W",9,9,0,0,0,3,6,0,6,3,0,"synonymous_variant;missense_variant",NA,NA,"XIII",9,1122,1.122,8.02139037433155,0,0,FALSE,2.8322059201851
"4586","YMR277W",4,4,0,0,0,0,4,0,4,0,0,"synonymous_variant",NA,NA,"XIII",4,2199,2.199,1.81900864029104,0,0,FALSE,1.34870628392213
"4587","YMR278W",7,7,0,0,0,1,6,0,6,1,0,"missense_variant;synonymous_variant",NA,NA,"XIII",7,1869,1.869,3.74531835205992,0,0,FALSE,1.93528249929046
"4588","YMR279C",16,10,0,6,0,1,9,6,9,1,0,"synonymous_variant;missense_variant;upstream_gene_variant",570,182,"XIII",10,1623,1.623,6.16142945163278,0.6,0.9738,FALSE,2.48222268373182
"4589","YMR280C",51,39,0,12,0,16,23,12,23,16,0,"synonymous_variant;missense_variant;upstream_gene_variant",970,37,"XIII",39,4302,4.302,9.06555090655509,0.307692307692308,1.32369230769231,FALSE,3.01090533005525
"4590","YMR281W",4,4,0,0,0,1,3,0,3,1,0,"synonymous_variant;missense_variant",NA,NA,"XIII",4,915,0.915,4.37158469945355,0,0,FALSE,2.09083349395727
"4591","YMR282C",9,9,0,0,0,6,3,0,3,6,0,"missense_variant;synonymous_variant",NA,NA,"XIII",9,1743,1.743,5.16351118760757,0,0,FALSE,2.27233606396756
"4592","YMR283C",11,11,0,0,0,5,6,0,6,5,0,"synonymous_variant;missense_variant",NA,NA,"XIII",11,1542,1.542,7.13359273670558,0,0,FALSE,2.67087864507274
"4593","YMR284W",10,10,0,0,0,3,7,0,7,3,0,"synonymous_variant;missense_variant",NA,NA,"XIII",10,1809,1.809,5.52791597567717,0,0,FALSE,2.35115205286199
"4594","YMR285C",7,5,0,2,0,3,2,2,2,3,0,"synonymous_variant;missense_variant;upstream_gene_variant",673,202,"XIII",5,1548,1.548,3.22997416020672,0.4,0.6192,FALSE,1.79721288672397
"4595","YMR286W",2,2,0,0,0,0,2,0,2,0,0,"synonymous_variant",NA,NA,"XIII",2,261,0.261,7.66283524904215,0,0,FALSE,2.76818266179133
"4596","YMR287C",21,21,0,0,0,6,15,0,15,6,0,"synonymous_variant;missense_variant",NA,NA,"XIII",21,2910,2.91,7.21649484536082,0,0,FALSE,2.68635344758668
"4597","YMR288W",19,19,0,0,0,7,12,0,12,7,0,"missense_variant;synonymous_variant",NA,NA,"XIII",19,2916,2.916,6.51577503429355,0,0,FALSE,2.55260162075745
"4598","YMR289W",7,7,0,0,0,4,3,0,3,4,0,"synonymous_variant;missense_variant",NA,NA,"XIII",7,1125,1.125,6.22222222222222,0,0,FALSE,2.49443825784929
"4599","YMR290C",20,8,0,12,0,1,7,12,7,1,0,"synonymous_variant;missense_variant;upstream_gene_variant",878,207,"XIII",8,1518,1.518,5.27009222661397,1.5,2.277,FALSE,2.29566814383394
"4600","YMR290W-A",2,2,0,0,0,2,0,0,0,2,0,"missense_variant",NA,NA,"XIII",2,NA,NA,NA,0,NA,FALSE,NA
"4601","YMR291W",10,10,0,0,0,1,9,0,9,1,0,"synonymous_variant;missense_variant",NA,NA,"XIII",10,1761,1.761,5.6785917092561,0,0,FALSE,2.38297958641196
"4602","YMR292W",1,1,0,0,0,1,0,0,0,1,0,"missense_variant",NA,NA,"XIII",1,499,0.499,2.00400801603206,0,0,FALSE,1.41562990079754
"4603","YMR293C",13,12,0,1,0,5,7,1,7,5,0,"missense_variant;synonymous_variant;upstream_gene_variant",14,14,"XIII",12,1395,1.395,8.60215053763441,0.0833333333333333,0.11625,FALSE,2.93294230042707
"4604","YMR294W",13,13,0,0,0,5,8,0,8,5,0,"missense_variant;synonymous_variant",NA,NA,"XIII",13,1122,1.122,11.5864527629234,0,0,FALSE,3.40388788930002
"4605","YMR294W-A",2,2,0,0,0,2,0,0,0,2,0,"missense_variant",NA,NA,"XIII",2,NA,NA,NA,0,NA,FALSE,NA
"4606","YMR296C",7,7,0,0,0,0,7,0,7,0,0,"synonymous_variant",NA,NA,"XIII",7,1677,1.677,4.17412045319022,0,0,FALSE,2.04306643386607
"4607","YMR297W",15,15,0,0,0,2,13,0,13,2,0,"missense_variant;synonymous_variant",NA,NA,"XIII",15,1599,1.599,9.38086303939962,0,0,FALSE,3.06281945915844
"4608","YMR299C",1,1,0,0,0,1,0,0,0,1,0,"missense_variant",NA,NA,"XIII",1,939,0.939,1.06496272630458,0,0,FALSE,1.03197031270506
"4609","YMR300C",6,6,0,0,0,1,5,0,5,1,0,"synonymous_variant;missense_variant",NA,NA,"XIII",6,1533,1.533,3.91389432485323,0,0,FALSE,1.97835647062233
"4610","YMR301C",10,10,0,0,0,1,9,0,9,1,0,"synonymous_variant;missense_variant",NA,NA,"XIII",10,2073,2.073,4.82392667631452,0,0,FALSE,2.19634393397631
"4611","YMR302C",11,11,0,0,0,7,3,0,4,7,0,"splice_region_variant&stop_retained_variant;missense_variant;synonymous_variant",NA,NA,"XIII",11,2553,2.553,4.30865648256953,0,0,FALSE,2.07573034919508
"4612","YMR303C",38,38,0,0,0,14,24,0,24,14,0,"synonymous_variant;missense_variant",NA,NA,"XIII",38,1047,1.047,36.2941738299904,0,0,FALSE,6.02446460940642
"4613","YMR304C-A",1,1,0,0,0,0,1,0,1,0,0,"synonymous_variant",NA,NA,"XIII",1,NA,NA,NA,0,NA,FALSE,NA
"4614","YMR304W",15,15,0,0,0,7,8,0,8,7,0,"synonymous_variant;missense_variant",NA,NA,"XIII",15,3693,3.693,4.06173842404549,0,0,FALSE,2.01537550447689
"4615","YMR305C",5,5,0,0,0,1,4,0,4,1,0,"synonymous_variant;missense_variant",NA,NA,"XIII",5,1170,1.17,4.27350427350427,0,0,FALSE,2.06724557648681
"4616","YMR306C-A",1,0,0,1,0,0,0,1,0,0,0,"upstream_gene_variant",18,18,"XIII",0,NA,NA,NA,NA,NA,FALSE,NA
"4617","YMR306W",17,17,0,0,0,4,13,0,13,4,0,"synonymous_variant;missense_variant",NA,NA,"XIII",17,5358,5.358,3.17282568122434,0,0,FALSE,1.7812427350657
"4618","YMR307W",3,3,0,0,0,2,1,0,1,2,0,"synonymous_variant;missense_variant",NA,NA,"XIII",3,1680,1.68,1.78571428571429,0,0,FALSE,1.33630620956212
"4619","YMR308C",1,1,0,0,0,1,0,0,0,1,0,"missense_variant",NA,NA,"XIII",1,3270,3.27,0.305810397553517,0,0,FALSE,0.553001263609331
"4620","YMR309C",7,7,0,0,0,3,4,0,4,3,0,"missense_variant;synonymous_variant",NA,NA,"XIII",7,2439,2.439,2.870028700287,0,0,FALSE,1.69411590521044
"4621","YMR310C",7,7,0,0,0,4,3,0,3,4,0,"synonymous_variant;missense_variant",NA,NA,"XIII",7,954,0.954,7.33752620545073,0,0,FALSE,2.70878685124
"4622","YMR311C",2,2,0,0,0,1,1,0,1,1,0,"missense_variant;synonymous_variant",NA,NA,"XIII",2,690,0.69,2.89855072463768,0,0,FALSE,1.7025130615175
"4623","YMR312W",11,11,0,0,0,7,4,0,4,7,0,"missense_variant;synonymous_variant",NA,NA,"XIII",11,822,0.822,13.38199513382,0,0,FALSE,3.65814093957846
"4624","YMR313C",5,5,0,0,0,1,4,0,4,1,0,"missense_variant;synonymous_variant",NA,NA,"XIII",5,1929,1.929,2.59201658890617,0,0,FALSE,1.6099740957252
"4625","YMR314W",5,5,0,0,0,1,4,0,4,1,0,"synonymous_variant;missense_variant",NA,NA,"XIII",5,705,0.705,7.09219858156028,0,0,FALSE,2.66311820645654
"4626","YMR315W",7,7,0,0,0,1,6,0,6,1,0,"synonymous_variant;missense_variant",NA,NA,"XIII",7,1050,1.05,6.66666666666667,0,0,FALSE,2.58198889747161
"4627","YMR315W-A",1,1,0,0,0,1,0,0,0,1,0,"missense_variant",NA,NA,"XIII",1,108,0.108,9.25925925925926,0,0,FALSE,3.04290309725092
"4628","YMR316C-A",11,3,0,8,0,2,0,8,0,2,1,"missense_variant;stop_gained;upstream_gene_variant",939,367,"XIII",3,312,0.312,9.61538461538461,2.66666666666667,0.832,FALSE,3.10086836473021
"4629","YMR316C-B",1,1,0,0,0,0,1,0,1,0,0,"synonymous_variant",NA,NA,"XIII",1,NA,NA,NA,0,NA,FALSE,NA
"4630","YMR316W",7,7,0,0,0,3,4,0,4,3,0,"synonymous_variant;missense_variant",NA,NA,"XIII",7,1011,1.011,6.92383778437191,0,0,FALSE,2.63131863984047
"4631","YMR317W",28,28,0,0,0,21,7,0,7,21,0,"missense_variant;synonymous_variant",NA,NA,"XIII",28,3423,3.423,8.1799591002045,0,0,FALSE,2.86006277906701
"4632","YMR318C",5,5,0,0,0,1,4,0,4,1,0,"synonymous_variant;missense_variant",NA,NA,"XIII",5,1083,1.083,4.61680517082179,0,0,FALSE,2.1486752129677
"4633","YMR319C",14,14,0,0,0,3,11,0,11,3,0,"synonymous_variant;missense_variant",NA,NA,"XIII",14,1659,1.659,8.43881856540084,0,0,FALSE,2.90496446887063
"4634","YMR320W",6,6,0,0,0,5,1,0,1,5,0,"missense_variant;synonymous_variant",NA,NA,"XIII",6,306,0.306,19.6078431372549,0,0,FALSE,4.42807442770048
"4635","YMR321C",1,1,0,0,0,1,0,0,0,1,0,"missense_variant",NA,NA,"XIII",1,318,0.318,3.14465408805031,0,0,FALSE,1.77331725532977
"4636","YMR323W",1,1,0,0,0,1,0,0,0,1,0,"missense_variant",NA,NA,"XIII",1,1314,1.314,0.76103500761035,0,0,FALSE,0.872373204317023
"4637","YMR324C",2,2,0,0,0,0,2,0,2,0,0,"synonymous_variant",NA,NA,"XIII",2,NA,NA,NA,0,NA,FALSE,NA
"4638","YMR325W",1,1,0,0,0,0,1,0,1,0,0,"synonymous_variant",NA,NA,"XIII",1,375,0.375,2.66666666666667,0,0,FALSE,1.63299316185545
"4639","YMR326C",2,2,0,0,0,2,0,0,0,2,0,"missense_variant",NA,NA,"XIII",2,NA,NA,NA,0,NA,FALSE,NA
"4640","YNL001W",4,4,0,0,0,0,4,0,4,0,0,"synonymous_variant",NA,NA,"XIV",4,1161,1.161,3.44530577088717,0,0,FALSE,1.85615348796568
"4641","YNL002C",2,2,0,0,0,1,1,0,1,1,0,"missense_variant;synonymous_variant",NA,NA,"XIV",2,969,0.969,2.0639834881321,0,0,FALSE,1.43665705306872
"4642","YNL003C",2,2,0,0,0,1,1,0,1,1,0,"missense_variant;synonymous_variant",NA,NA,"XIV",2,855,0.855,2.33918128654971,0,0,FALSE,1.52943822580375
"4643","YNL004W",7,7,0,0,0,5,2,0,2,5,0,"missense_variant;synonymous_variant",NA,NA,"XIV",7,1707,1.707,4.10076157000586,0,0,FALSE,2.02503372070834
"4644","YNL005C",3,3,0,0,0,1,2,0,2,1,0,"missense_variant;synonymous_variant",NA,NA,"XIV",3,1116,1.116,2.68817204301075,0,0,FALSE,1.63956458945988
"4645","YNL006W",6,6,0,0,0,1,5,0,5,1,0,"synonymous_variant;missense_variant",NA,NA,"XIV",6,912,0.912,6.57894736842105,0,0,FALSE,2.56494588021289
"4646","YNL007C",2,2,0,0,0,0,2,0,2,0,0,"synonymous_variant",NA,NA,"XIV",2,1059,1.059,1.88857412653447,0,0,FALSE,1.37425402547508
"4647","YNL008C",14,9,0,5,0,6,3,5,3,6,0,"missense_variant;synonymous_variant;upstream_gene_variant",242,46,"XIV",9,2031,2.031,4.43131462333826,0.555555555555556,1.12833333333333,FALSE,2.105068793018
"4648","YNL009W",11,11,0,0,0,2,9,0,9,2,0,"synonymous_variant;missense_variant",NA,NA,"XIV",11,1263,1.263,8.70942201108472,0,0,FALSE,2.95117298901381
"4649","YNL011C",4,4,0,0,0,1,3,0,3,1,0,"missense_variant;synonymous_variant",NA,NA,"XIV",4,1335,1.335,2.99625468164794,0,0,FALSE,1.73096928963166
"4650","YNL012W",6,6,0,0,0,5,1,0,1,5,0,"missense_variant;synonymous_variant",NA,NA,"XIV",6,1980,1.98,3.03030303030303,0,0,FALSE,1.74077655955698
"4651","YNL013C",3,1,0,2,0,1,0,2,0,1,0,"missense_variant;upstream_gene_variant",63,7,"XIV",1,NA,NA,NA,2,NA,FALSE,NA
"4652","YNL014W",19,19,0,0,0,1,18,0,18,1,0,"synonymous_variant;missense_variant",NA,NA,"XIV",19,3135,3.135,6.06060606060606,0,0,FALSE,2.46182981958665
"4653","YNL015W",2,2,0,0,0,1,1,0,1,1,0,"synonymous_variant;missense_variant",NA,NA,"XIV",2,228,0.228,8.7719298245614,0,0,FALSE,2.96174438879546
"4654","YNL016W",4,4,0,0,0,2,2,0,2,2,0,"missense_variant;synonymous_variant",NA,NA,"XIV",4,1362,1.362,2.93685756240822,0,0,FALSE,1.71372622154422
"4655","YNL017C",12,12,0,0,0,9,3,0,3,9,0,"missense_variant;synonymous_variant",NA,NA,"XIV",12,NA,NA,NA,0,NA,FALSE,NA
"4656","YNL018C",8,8,0,0,0,4,4,0,4,4,0,"missense_variant;synonymous_variant",NA,NA,"XIV",8,1839,1.839,4.35019032082654,0,0,FALSE,2.08571098688829
"4657","YNL020C",16,7,0,9,0,2,5,9,5,2,0,"missense_variant;synonymous_variant;upstream_gene_variant",719,425,"XIV",7,1917,1.917,3.65153886280647,1.28571428571429,2.46471428571429,FALSE,1.91090001381717
"4658","YNL021W",2,2,0,0,0,0,2,0,2,0,0,"synonymous_variant",NA,NA,"XIV",2,2121,2.121,0.942951438000943,0,0,FALSE,0.971056866512432
"4659","YNL022C",3,3,0,0,0,0,3,0,3,0,0,"synonymous_variant",NA,NA,"XIV",3,1473,1.473,2.03665987780041,0,0,FALSE,1.42711593004928
"4660","YNL023C",27,27,0,0,0,7,20,0,20,7,0,"missense_variant;synonymous_variant",NA,NA,"XIV",27,2898,2.898,9.3167701863354,0,0,FALSE,3.0523384783368
"4661","YNL024C",2,2,0,0,0,0,2,0,2,0,0,"synonymous_variant",NA,NA,"XIV",2,741,0.741,2.69905533063428,0,0,FALSE,1.64288019363381
"4662","YNL025C",8,4,0,4,0,1,3,4,3,1,0,"missense_variant;synonymous_variant;upstream_gene_variant",957,259,"XIV",4,972,0.972,4.11522633744856,1,0.972,FALSE,2.02860206483395
"4663","YNL026W",4,4,0,0,0,2,2,0,2,2,0,"missense_variant;synonymous_variant",NA,NA,"XIV",4,1455,1.455,2.74914089347079,0,0,FALSE,1.65805334457936
"4664","YNL027W",6,6,0,0,0,3,3,0,3,3,0,"missense_variant;synonymous_variant",NA,NA,"XIV",6,2037,2.037,2.94550810014728,0,0,FALSE,1.71624826296992
"4665","YNL029C",9,9,0,0,0,2,7,0,7,2,0,"missense_variant;synonymous_variant",NA,NA,"XIV",9,1569,1.569,5.73613766730402,0,0,FALSE,2.39502352124233
"4666","YNL031C",3,0,0,3,0,0,0,3,0,0,0,"upstream_gene_variant",400,34,"XIV",0,411,0.411,0,NA,NA,FALSE,0
"4667","YNL032W",4,4,0,0,0,2,2,0,2,2,0,"synonymous_variant;missense_variant",NA,NA,"XIV",4,846,0.846,4.72813238770686,0,0,FALSE,2.17442691017814
"4668","YNL034W",40,40,0,0,0,21,19,0,19,21,0,"missense_variant;synonymous_variant",NA,NA,"XIV",40,1839,1.839,21.7509516041327,0,0,FALSE,4.6637915481004
"4669","YNL035C",14,6,0,8,0,3,3,8,3,3,0,"synonymous_variant;missense_variant;upstream_gene_variant",422,251,"XIV",6,1170,1.17,5.12820512820513,1.33333333333333,1.56,FALSE,2.26455406828919
"4670","YNL036W",9,9,0,0,0,1,8,0,8,1,0,"synonymous_variant;missense_variant",NA,NA,"XIV",9,666,0.666,13.5135135135135,0,0,FALSE,3.67607311046904
"4671","YNL037C",11,5,0,6,0,0,5,6,5,0,0,"synonymous_variant;upstream_gene_variant",692,20,"XIV",5,1083,1.083,4.61680517082179,1.2,1.2996,FALSE,2.1486752129677
"4672","YNL038W",5,4,1,0,0,2,2,0,3,2,0,"synonymous_variant;missense_variant;splice_region_variant&intron_variant",NA,NA,"XIV",5,764,0.764,6.54450261780105,0,0,FALSE,2.55822255048325
"4673","YNL039W",8,8,0,0,0,2,6,0,6,2,0,"synonymous_variant;missense_variant",NA,NA,"XIV",8,1785,1.785,4.48179271708683,0,0,FALSE,2.11702449609985
"4674","YNL040W",3,3,0,0,0,1,2,0,2,1,0,"synonymous_variant;missense_variant",NA,NA,"XIV",3,1371,1.371,2.18818380743982,0,0,FALSE,1.47925109681887
"4675","YNL041C",8,3,0,5,0,1,2,5,2,1,0,"synonymous_variant;missense_variant;upstream_gene_variant",695,48,"XIV",3,2520,2.52,1.19047619047619,1.66666666666667,4.2,FALSE,1.09108945117996
"4676","YNL042W",5,5,0,0,0,2,3,0,3,2,0,"missense_variant;synonymous_variant",NA,NA,"XIV",5,1191,1.191,4.19815281276238,0,0,FALSE,2.04893943608941
"4677","YNL042W-B",7,7,0,0,0,4,3,0,3,4,0,"missense_variant;synonymous_variant",NA,NA,"XIV",7,258,0.258,27.1317829457364,0,0,FALSE,5.20881780692476
"4678","YNL043C",1,1,0,0,0,1,0,0,0,1,0,"missense_variant",NA,NA,"XIV",1,NA,NA,NA,0,NA,FALSE,NA
"4679","YNL044W",4,4,0,0,0,0,4,0,4,0,0,"synonymous_variant",NA,NA,"XIV",4,610,0.61,6.55737704918033,0,0,FALSE,2.56073759865792
"4680","YNL045W",5,5,0,0,0,1,4,0,4,1,0,"synonymous_variant;missense_variant",NA,NA,"XIV",5,2016,2.016,2.48015873015873,0,0,FALSE,1.57485197087178
"4681","YNL046W",10,10,0,0,0,3,7,0,7,3,0,"missense_variant;synonymous_variant",NA,NA,"XIV",10,519,0.519,19.2678227360308,0,0,FALSE,4.38951281306147
"4682","YNL047C",9,9,0,0,0,2,7,0,7,2,0,"synonymous_variant;missense_variant",NA,NA,"XIV",9,1971,1.971,4.5662100456621,0,0,FALSE,2.13686921585344
"4683","YNL048W",6,6,0,0,0,2,4,0,4,2,0,"missense_variant;synonymous_variant",NA,NA,"XIV",6,1647,1.647,3.64298724954463,0,0,FALSE,1.90866111437956
"4684","YNL049C",24,24,0,0,0,8,16,0,16,8,0,"synonymous_variant;missense_variant",NA,NA,"XIV",24,2631,2.631,9.12200684150513,0,0,FALSE,3.0202660216453
"4685","YNL050C",7,5,0,2,0,4,1,2,1,4,0,"missense_variant;synonymous_variant;upstream_gene_variant",149,58,"XIV",5,904,0.904,5.53097345132743,0.4,0.3616,FALSE,2.35180217095899
"4686","YNL051W",14,10,0,4,0,3,7,4,7,3,0,"upstream_gene_variant;synonymous_variant;missense_variant",439,10,"XIV",10,1212,1.212,8.25082508250825,0.4,0.4848,FALSE,2.87242494810713
"4687","YNL052W",3,1,0,2,0,0,1,2,1,0,0,"upstream_gene_variant;synonymous_variant",220,69,"XIV",1,462,0.462,2.16450216450216,2,0.924,FALSE,1.47122471584125
"4688","YNL053W",6,5,0,1,0,2,3,1,3,2,0,"upstream_gene_variant;synonymous_variant;missense_variant",269,269,"XIV",5,1470,1.47,3.40136054421769,0.2,0.294,FALSE,1.84427778390829
"4689","YNL054W",53,32,0,21,0,7,25,21,25,7,0,"upstream_gene_variant;synonymous_variant;missense_variant",996,126,"XIV",32,3498,3.498,9.14808461978273,0.65625,2.2955625,FALSE,3.02458007329658
"4690","YNL054W-A",1,1,0,0,0,1,0,0,0,1,0,"missense_variant",NA,NA,"XIV",1,1323,1.323,0.755857898715042,0,0,FALSE,0.869400884928835
"4691","YNL055C",7,7,0,0,0,1,6,0,6,1,0,"synonymous_variant;missense_variant",NA,NA,"XIV",7,852,0.852,8.21596244131455,0,0,FALSE,2.86635002072576
"4692","YNL056W",6,6,0,0,0,3,3,0,3,3,0,"synonymous_variant;missense_variant",NA,NA,"XIV",6,594,0.594,10.1010101010101,0,0,FALSE,3.17820863081864
"4693","YNL058C",9,9,0,0,0,6,3,0,3,6,0,"missense_variant;synonymous_variant",NA,NA,"XIV",9,951,0.951,9.46372239747634,0,0,FALSE,3.07631636823594
"4694","YNL059C",15,8,0,7,0,1,7,7,7,1,0,"synonymous_variant;missense_variant;upstream_gene_variant",823,458,"XIV",8,2268,2.268,3.52733686067019,0.875,1.9845,FALSE,1.87812056606337
"4695","YNL061W",9,9,0,0,0,2,7,0,7,2,0,"missense_variant;synonymous_variant",NA,NA,"XIV",9,1857,1.857,4.84652665589661,0,0,FALSE,2.20148283116099
"4696","YNL062C",5,5,0,0,0,1,4,0,4,1,0,"missense_variant;synonymous_variant",NA,NA,"XIV",5,1437,1.437,3.4794711203897,0,0,FALSE,1.86533405061659
"4697","YNL063W",9,9,0,0,0,4,5,0,5,4,0,"missense_variant;synonymous_variant",NA,NA,"XIV",9,945,0.945,9.52380952380952,0,0,FALSE,3.08606699924184
"4698","YNL064C",18,8,0,10,0,5,3,10,3,5,0,"synonymous_variant;missense_variant;upstream_gene_variant",638,248,"XIV",8,1230,1.23,6.50406504065041,1.25,1.5375,FALSE,2.55030685225335
"4699","YNL065W",10,6,0,4,0,0,5,4,5,0,1,"upstream_gene_variant;synonymous_variant;stop_gained",116,41,"XIV",6,1761,1.761,3.40715502555366,0.666666666666667,1.174,FALSE,1.84584805050515
"4700","YNL066W",7,7,0,0,0,4,3,0,3,4,0,"missense_variant;synonymous_variant",NA,NA,"XIV",7,1263,1.263,5.54235946159937,0,0,FALSE,2.35422162542089
"4701","YNL067W",2,2,0,0,0,0,2,0,2,0,0,"synonymous_variant",NA,NA,"XIV",2,576,0.576,3.47222222222222,0,0,FALSE,1.86338998124982
"4702","YNL067W-A",3,3,0,0,0,0,2,0,2,0,1,"start_lost;synonymous_variant",NA,NA,"XIV",3,NA,NA,NA,0,NA,FALSE,NA
"4703","YNL068C",27,27,0,0,0,10,17,0,17,10,0,"missense_variant;synonymous_variant",NA,NA,"XIV",27,2589,2.589,10.4287369640788,0,0,FALSE,3.22935550289509
"4704","YNL069C",9,2,0,7,0,2,0,7,0,2,0,"missense_variant;upstream_gene_variant",493,59,"XIV",2,1046,1.046,1.91204588910134,3.5,3.661,FALSE,1.38276747470475
"4705","YNL070W",3,1,0,2,0,0,1,2,1,0,0,"upstream_gene_variant;synonymous_variant",66,33,"XIV",1,183,0.183,5.46448087431694,2,0.366,FALSE,2.33762291106092
"4706","YNL071W",10,10,0,0,0,5,5,0,5,5,0,"synonymous_variant;missense_variant",NA,NA,"XIV",10,1449,1.449,6.90131124913734,0,0,FALSE,2.62703468746367
"4707","YNL072W",8,8,0,0,0,4,4,0,4,4,0,"synonymous_variant;missense_variant",NA,NA,"XIV",8,924,0.924,8.65800865800866,0,0,FALSE,2.9424494316825
"4708","YNL073W",21,21,0,0,0,12,9,0,9,12,0,"missense_variant;synonymous_variant",NA,NA,"XIV",21,1731,1.731,12.1317157712305,0,0,FALSE,3.48306126435216
"4709","YNL074C",13,11,0,2,0,7,4,2,4,7,0,"missense_variant;synonymous_variant;upstream_gene_variant",157,84,"XIV",11,1359,1.359,8.09418690213392,0.181818181818182,0.247090909090909,FALSE,2.84502845365981
"4710","YNL075W",8,6,0,2,0,1,5,2,5,1,0,"upstream_gene_variant;synonymous_variant;missense_variant",82,76,"XIV",6,873,0.873,6.87285223367698,0.333333333333333,0.291,FALSE,2.62161252546538
"4711","YNL076W",16,16,0,0,0,6,10,0,10,6,0,"synonymous_variant;missense_variant",NA,NA,"XIV",16,1755,1.755,9.11680911680912,0,0,FALSE,3.01940542438559
"4712","YNL077W",12,12,0,0,0,5,7,0,7,5,0,"synonymous_variant;missense_variant",NA,NA,"XIV",12,1587,1.587,7.56143667296786,0,0,FALSE,2.74980666101598
"4713","YNL078W",20,20,0,0,0,6,14,0,14,6,0,"synonymous_variant;missense_variant",NA,NA,"XIV",20,1224,1.224,16.3398692810458,0,0,FALSE,4.04226041727222
"4714","YNL079C",1,1,0,0,0,0,1,0,1,0,0,"synonymous_variant",NA,NA,"XIV",1,600,0.6,1.66666666666667,0,0,FALSE,1.29099444873581
"4715","YNL080C",13,13,0,0,0,3,10,0,10,3,0,"synonymous_variant;missense_variant",NA,NA,"XIV",13,1101,1.101,11.8074477747502,0,0,FALSE,3.43619670198757
"4716","YNL081C",6,4,0,2,0,1,3,2,3,1,0,"missense_variant;synonymous_variant;upstream_gene_variant",269,112,"XIV",4,432,0.432,9.25925925925926,0.5,0.216,FALSE,3.04290309725092
"4717","YNL082W",29,29,0,0,0,12,17,0,17,12,0,"synonymous_variant;missense_variant",NA,NA,"XIV",29,2622,2.622,11.0602593440122,0,0,FALSE,3.32569682081999
"4718","YNL083W",14,14,0,0,0,7,7,0,7,7,0,"synonymous_variant;missense_variant",NA,NA,"XIV",14,1485,1.485,9.42760942760943,0,0,FALSE,3.07044124314559
"4719","YNL084C",6,4,0,2,0,2,2,2,2,2,0,"missense_variant;synonymous_variant;upstream_gene_variant",133,13,"XIV",4,1050,1.05,3.80952380952381,0.5,0.525,FALSE,1.95180014589707
"4720","YNL085W",17,16,0,1,0,4,12,1,12,4,0,"upstream_gene_variant;missense_variant;synonymous_variant",253,253,"XIV",16,2493,2.493,6.41797031688728,0.0625,0.1558125,FALSE,2.53337133418835
"4721","YNL086W",9,4,0,5,0,2,2,5,2,2,0,"upstream_gene_variant;synonymous_variant;missense_variant",352,55,"XIV",4,309,0.309,12.9449838187702,1.25,0.38625,FALSE,3.59791381480577
"4722","YNL087W",25,23,0,2,0,5,18,2,18,5,0,"upstream_gene_variant;synonymous_variant;missense_variant",108,84,"XIV",23,3537,3.537,6.50268589199887,0.0869565217391304,0.307565217391304,FALSE,2.55003644915104
"4723","YNL088W",23,23,0,0,0,11,12,0,12,11,0,"synonymous_variant;missense_variant",NA,NA,"XIV",23,4287,4.287,5.36505714952181,0,0,FALSE,2.3162593010114
"4724","YNL089C",4,0,0,4,0,0,0,4,0,0,0,"upstream_gene_variant",316,11,"XIV",0,NA,NA,NA,NA,NA,FALSE,NA
"4725","YNL090W",6,2,0,4,0,0,2,4,2,0,0,"upstream_gene_variant;synonymous_variant",229,33,"XIV",2,579,0.579,3.45423143350605,2,1.158,FALSE,1.85855627665832
"4726","YNL091W",25,22,0,3,0,7,15,3,15,7,0,"upstream_gene_variant;missense_variant;synonymous_variant",294,7,"XIV",22,3723,3.723,5.9092130002686,0.136363636363636,0.507681818181818,FALSE,2.43088728662367
"4727","YNL092W",6,6,0,0,0,4,2,0,2,4,0,"missense_variant;synonymous_variant",NA,NA,"XIV",6,1203,1.203,4.98753117206982,0,0,FALSE,2.23327812241777
"4728","YNL093W",3,3,0,0,0,1,2,0,2,1,0,"missense_variant;synonymous_variant",NA,NA,"XIV",3,663,0.663,4.52488687782805,0,0,FALSE,2.12717814905759
"4729","YNL094W",11,11,0,0,0,4,7,0,7,4,0,"missense_variant;synonymous_variant",NA,NA,"XIV",11,1764,1.764,6.23582766439909,0,0,FALSE,2.49716392421465
"4730","YNL095C",17,17,0,0,0,5,12,0,12,5,0,"synonymous_variant;missense_variant",NA,NA,"XIV",17,1929,1.929,8.81285640228097,0,0,FALSE,2.96864555012568
"4731","YNL096C",1,1,0,0,0,0,1,0,1,0,0,"synonymous_variant",NA,NA,"XIV",1,918,0.918,1.08932461873638,0,0,FALSE,1.04370715180858
"4732","YNL097C",7,7,0,0,0,1,6,0,6,1,0,"synonymous_variant;missense_variant",NA,NA,"XIV",7,993,0.993,7.04934541792548,0,0,FALSE,2.65506034167314
"4733","YNL097W-A",2,2,0,0,0,2,0,0,0,2,0,"missense_variant",NA,NA,"XIV",2,NA,NA,NA,0,NA,FALSE,NA
"4734","YNL098C",4,4,0,0,0,0,4,0,4,0,0,"synonymous_variant",NA,NA,"XIV",4,969,0.969,4.12796697626419,0,0,FALSE,2.03173988892875
"4735","YNL099C",5,4,0,1,0,0,4,1,4,0,0,"synonymous_variant;upstream_gene_variant",166,166,"XIV",4,717,0.717,5.57880055788006,0.25,0.17925,FALSE,2.36194846638957
"4736","YNL100W",18,7,0,11,0,0,7,11,7,0,0,"upstream_gene_variant;synonymous_variant",460,14,"XIV",7,705,0.705,9.9290780141844,1.57142857142857,1.10785714285714,FALSE,3.15104395624441
"4737","YNL101W",23,19,0,4,0,3,16,4,16,3,0,"upstream_gene_variant;synonymous_variant;missense_variant",495,160,"XIV",19,2142,2.142,8.87021475256769,0.210526315789474,0.450947368421053,FALSE,2.97829057557648
"4738","YNL102W",43,43,0,0,0,10,33,0,33,10,0,"synonymous_variant;missense_variant",NA,NA,"XIV",43,4407,4.407,9.75720444746993,0,0,FALSE,3.12365242104014
"4739","YNL103W",30,30,0,0,0,12,18,0,18,12,0,"missense_variant;synonymous_variant",NA,NA,"XIV",30,2019,2.019,14.8588410104012,0,0,FALSE,3.8547167224585
"4740","YNL104C",21,21,0,0,0,3,18,0,18,3,0,"synonymous_variant;missense_variant",NA,NA,"XIV",21,1860,1.86,11.2903225806452,0,0,FALSE,3.36010752516124
"4741","YNL105W",1,1,0,0,0,1,0,0,0,1,0,"missense_variant",NA,NA,"XIV",1,NA,NA,NA,0,NA,FALSE,NA
"4742","YNL106C",39,39,0,0,0,11,27,0,28,11,0,"splice_region_variant&stop_retained_variant;missense_variant;synonymous_variant",NA,NA,"XIV",39,3552,3.552,10.9797297297297,0,0,FALSE,3.31356752303763
"4743","YNL107W",3,3,0,0,0,1,2,0,2,1,0,"missense_variant;synonymous_variant",NA,NA,"XIV",3,681,0.681,4.40528634361233,0,0,FALSE,2.09887740080557
"4744","YNL108C",1,1,0,0,0,1,0,0,0,1,0,"missense_variant",NA,NA,"XIV",1,813,0.813,1.230012300123,0,0,FALSE,1.10905919595078
"4745","YNL109W",10,10,0,0,0,3,7,0,7,3,0,"synonymous_variant;missense_variant",NA,NA,"XIV",10,NA,NA,NA,0,NA,FALSE,NA
"4746","YNL110C",7,7,0,0,0,1,6,0,6,1,0,"synonymous_variant;missense_variant",NA,NA,"XIV",7,663,0.663,10.5580693815988,0,0,FALSE,3.24931829490415
"4747","YNL111C",4,4,0,0,0,1,3,0,3,1,0,"synonymous_variant;missense_variant",NA,NA,"XIV",4,363,0.363,11.0192837465565,0,0,TRUE,3.31953065154646
"4748","YNL112W",7,7,0,0,0,3,3,0,4,3,0,"missense_variant;synonymous_variant;stop_retained_variant",NA,NA,"XIV",7,2643,2.643,2.64850548618994,0,0,FALSE,1.62742295860355
"4749","YNL114C",1,1,0,0,0,1,0,0,0,1,0,"missense_variant",NA,NA,"XIV",1,NA,NA,NA,0,NA,FALSE,NA
"4750","YNL115C",24,10,0,14,0,0,10,14,10,0,0,"synonymous_variant;upstream_gene_variant",556,63,"XIV",10,1935,1.935,5.16795865633075,1.4,2.709,FALSE,2.27331446490158
"4751","YNL116W",6,6,0,0,0,3,3,0,3,3,0,"synonymous_variant;missense_variant",NA,NA,"XIV",6,1569,1.569,3.82409177820268,0,0,FALSE,1.95552851633585
"4752","YNL117W",7,7,0,0,0,1,6,0,6,1,0,"synonymous_variant;missense_variant",NA,NA,"XIV",7,1665,1.665,4.2042042042042,0,0,FALSE,2.05041561743082
"4753","YNL118C",18,18,0,0,0,7,11,0,11,7,0,"missense_variant;synonymous_variant",NA,NA,"XIV",18,2913,2.913,6.17919670442843,0,0,FALSE,2.48579900724665
"4754","YNL119W",10,10,0,0,0,4,6,0,6,4,0,"synonymous_variant;missense_variant",NA,NA,"XIV",10,1482,1.482,6.7476383265857,0,0,FALSE,2.59762166733066
"4755","YNL120C",8,8,0,0,0,3,5,0,5,3,0,"synonymous_variant;missense_variant",NA,NA,"XIV",8,NA,NA,NA,0,NA,FALSE,NA
"4756","YNL121C",13,13,0,0,0,2,11,0,11,2,0,"synonymous_variant;missense_variant",NA,NA,"XIV",13,1854,1.854,7.01186623516721,0,0,FALSE,2.6479928691685
"4757","YNL122C",6,4,0,2,0,1,3,2,3,1,0,"synonymous_variant;missense_variant;upstream_gene_variant",135,70,"XIV",4,348,0.348,11.4942528735632,0.5,0.174,FALSE,3.39031751810405
"4758","YNL123W",21,21,0,0,0,4,17,0,17,4,0,"synonymous_variant;missense_variant",NA,NA,"XIV",21,2994,2.994,7.01402805611222,0,0,FALSE,2.6484010376286
"4759","YNL124W",15,15,0,0,0,6,9,0,9,6,0,"missense_variant;synonymous_variant",NA,NA,"XIV",15,1479,1.479,10.1419878296146,0,0,FALSE,3.18464877649241
"4760","YNL125C",24,18,0,6,0,5,13,6,13,5,0,"synonymous_variant;missense_variant;upstream_gene_variant",653,58,"XIV",18,2022,2.022,8.90207715133531,0.333333333333333,0.674,FALSE,2.98363488907998
"4761","YNL126W",22,19,0,3,0,5,14,3,14,5,0,"upstream_gene_variant;synonymous_variant;missense_variant",329,30,"XIV",19,2541,2.541,7.47737111373475,0.157894736842105,0.401210526315789,FALSE,2.73447821599199
"4762","YNL127W",12,12,0,0,0,3,9,0,9,3,0,"synonymous_variant;missense_variant",NA,NA,"XIV",12,2862,2.862,4.19287211740042,0,0,FALSE,2.0476503894465
"4763","YNL128W",9,9,0,0,0,4,5,0,5,4,0,"synonymous_variant;missense_variant",NA,NA,"XIV",9,1305,1.305,6.89655172413793,0,0,FALSE,2.62612865719445
"4764","YNL129W",6,5,0,1,0,2,3,1,3,2,0,"upstream_gene_variant;synonymous_variant;missense_variant",781,781,"XIV",5,723,0.723,6.91562932226833,0.2,0.1446,FALSE,2.62975841519108
"4765","YNL130C",13,3,0,10,0,3,0,10,0,3,0,"missense_variant;upstream_gene_variant",412,24,"XIV",3,1274,1.274,2.35478806907378,3.33333333333333,4.24666666666667,FALSE,1.53453187294164
"4766","YNL130C-A",3,3,0,0,0,3,0,0,0,3,0,"missense_variant",NA,NA,"XIV",3,147,0.147,20.4081632653061,0,0,FALSE,4.51753951452626
"4767","YNL131W",3,3,0,0,0,1,2,0,2,1,0,"missense_variant;synonymous_variant",NA,NA,"XIV",3,459,0.459,6.5359477124183,0,0,FALSE,2.55654996282457
"4768","YNL132W",24,24,0,0,0,1,23,0,23,1,0,"synonymous_variant;missense_variant",NA,NA,"XIV",24,3171,3.171,7.5685903500473,0,0,FALSE,2.75110711351763
"4769","YNL133C",4,4,0,0,0,1,3,0,3,1,0,"synonymous_variant;missense_variant",NA,NA,"XIV",4,522,0.522,7.66283524904215,0,0,FALSE,2.76818266179133
"4770","YNL134C",6,6,0,0,0,1,5,0,5,1,0,"synonymous_variant;missense_variant",NA,NA,"XIV",6,1131,1.131,5.30503978779841,0,0,FALSE,2.30326719852439
"4771","YNL135C",2,2,0,0,0,0,2,0,2,0,0,"synonymous_variant",NA,NA,"XIV",2,345,0.345,5.79710144927536,0,0,FALSE,2.40771706171538
"4772","YNL136W",2,2,0,0,0,1,1,0,1,1,0,"synonymous_variant;missense_variant",NA,NA,"XIV",2,1278,1.278,1.56494522691706,0,0,FALSE,1.25097770840134
"4773","YNL137C",16,16,0,0,0,8,8,0,8,8,0,"synonymous_variant;missense_variant",NA,NA,"XIV",16,1461,1.461,10.9514031485284,0,0,FALSE,3.30929042976412
"4774","YNL138W",12,12,0,0,0,5,7,0,7,5,0,"missense_variant;synonymous_variant",NA,NA,"XIV",12,1581,1.581,7.59013282732448,0,0,FALSE,2.75501956931788
"4775","YNL138W-A",2,2,0,0,0,0,1,0,1,1,0,"missense_variant&splice_region_variant;synonymous_variant",NA,NA,"XIV",2,380,0.38,5.26315789473684,0,0,FALSE,2.29415733870562
"4776","YNL139C",48,46,0,2,0,22,24,2,24,22,0,"missense_variant;synonymous_variant;upstream_gene_variant",864,835,"XIV",46,4794,4.794,9.59532749269921,0.0434782608695652,0.208434782608696,FALSE,3.09763256257084
"4777","YNL140C",3,3,0,0,0,3,0,0,0,3,0,"missense_variant",NA,NA,"XIV",3,570,0.57,5.26315789473684,0,0,FALSE,2.29415733870562
"4778","YNL141W",3,3,0,0,0,0,3,0,3,0,0,"synonymous_variant",NA,NA,"XIV",3,1044,1.044,2.8735632183908,0,0,FALSE,1.69515875905203
"4779","YNL142W",16,16,0,0,0,6,10,0,10,6,0,"synonymous_variant;missense_variant",NA,NA,"XIV",16,1500,1.5,10.6666666666667,0,0,FALSE,3.2659863237109
"4780","YNL143C",6,6,0,0,0,3,2,0,2,3,1,"missense_variant;stop_gained;synonymous_variant",NA,NA,"XIV",6,393,0.393,15.2671755725191,0,0,FALSE,3.90732332582282
"4781","YNL144C",20,20,0,0,0,7,13,0,13,7,0,"synonymous_variant;missense_variant",NA,NA,"XIV",20,2223,2.223,8.99685110211426,0,0,FALSE,2.99947513777232
"4782","YNL145W",1,1,0,0,0,0,1,0,1,0,0,"synonymous_variant",NA,NA,"XIV",1,117,0.117,8.54700854700855,0,0,FALSE,2.92352673102343
"4783","YNL146C-A",1,1,0,0,0,1,0,0,0,1,0,"missense_variant",NA,NA,"XIV",1,195,0.195,5.12820512820513,0,0,FALSE,2.26455406828919
"4784","YNL146W",5,5,0,0,0,4,1,0,1,4,0,"synonymous_variant;missense_variant",NA,NA,"XIV",5,303,0.303,16.5016501650165,0,0,FALSE,4.06222231851194
"4785","YNL147W",4,3,1,0,0,0,3,0,4,0,0,"splice_region_variant&intron_variant;synonymous_variant",NA,NA,"XIV",4,444,0.444,9.00900900900901,0,0,FALSE,3.00150112593832
"4786","YNL148C",11,11,0,0,0,3,8,0,8,3,0,"missense_variant;synonymous_variant",NA,NA,"XIV",11,765,0.765,14.3790849673203,0,0,FALSE,3.79197639329681
"4787","YNL150W",8,8,0,0,0,3,5,0,5,3,0,"synonymous_variant;missense_variant",NA,NA,"XIV",8,NA,NA,NA,0,NA,FALSE,NA
"4788","YNL151C",8,8,0,0,0,2,6,0,6,2,0,"missense_variant;synonymous_variant",NA,NA,"XIV",8,756,0.756,10.5820105820106,0,0,FALSE,3.25300024316178
"4789","YNL152W",9,9,0,0,0,3,6,0,6,3,0,"synonymous_variant;missense_variant",NA,NA,"XIV",9,1230,1.23,7.31707317073171,0,0,FALSE,2.7050089040023
"4790","YNL153C",4,4,0,0,0,2,2,0,2,2,0,"missense_variant;synonymous_variant",NA,NA,"XIV",4,390,0.39,10.2564102564103,0,0,FALSE,3.20256307610174
"4791","YNL154C",11,11,0,0,0,4,7,0,7,4,0,"missense_variant;synonymous_variant",NA,NA,"XIV",11,1641,1.641,6.70322973796466,0,0,FALSE,2.58905962425832
"4792","YNL155W",11,11,0,0,0,3,8,0,8,3,0,"synonymous_variant;missense_variant",NA,NA,"XIV",11,825,0.825,13.3333333333333,0,0,FALSE,3.65148371670111
"4793","YNL156C",6,6,0,0,0,1,5,0,5,1,0,"synonymous_variant;missense_variant",NA,NA,"XIV",6,900,0.9,6.66666666666667,0,0,FALSE,2.58198889747161
"4794","YNL157W",4,4,0,0,0,0,4,0,4,0,0,"synonymous_variant",NA,NA,"XIV",4,507,0.507,7.88954635108481,0,0,FALSE,2.80883362823162
"4795","YNL158W",1,1,0,0,0,0,1,0,1,0,0,"synonymous_variant",NA,NA,"XIV",1,597,0.597,1.6750418760469,0,0,FALSE,1.2942340885817
"4796","YNL159C",10,5,0,5,0,1,4,5,4,1,0,"synonymous_variant;missense_variant;upstream_gene_variant",959,208,"XIV",5,870,0.87,5.74712643678161,1,0.87,FALSE,2.39731650742692
"4797","YNL160W",18,11,0,7,0,5,6,7,6,5,0,"upstream_gene_variant;synonymous_variant;missense_variant",929,37,"XIV",11,1065,1.065,10.3286384976526,0.636363636363636,0.677727272727273,FALSE,3.21381992302814
"4798","YNL161W",8,8,0,0,0,2,6,0,6,2,0,"missense_variant;synonymous_variant",NA,NA,"XIV",8,2271,2.271,3.52267723469837,0,0,FALSE,1.87687965376003
"4799","YNL162W-A",4,4,0,0,0,2,2,0,2,2,0,"missense_variant;synonymous_variant",NA,NA,"XIV",4,219,0.219,18.2648401826484,0,0,FALSE,4.27373843170688
"4800","YNL163C",11,11,0,0,0,3,8,0,8,3,0,"synonymous_variant;missense_variant",NA,NA,"XIV",11,3333,3.333,3.3003300330033,0,0,FALSE,1.8166810487819
"4801","YNL164C",7,7,0,0,0,1,6,0,6,1,0,"synonymous_variant;missense_variant",NA,NA,"XIV",7,1056,1.056,6.62878787878788,0,0,FALSE,2.57464325272219
"4802","YNL165W",6,6,0,0,0,3,3,0,3,3,0,"missense_variant;synonymous_variant",NA,NA,"XIV",6,1221,1.221,4.91400491400491,0,0,FALSE,2.21675549260736
"4803","YNL166C",15,15,0,0,0,8,7,0,7,8,0,"synonymous_variant;missense_variant",NA,NA,"XIV",15,1347,1.347,11.1358574610245,0,0,FALSE,3.33704322133
"4804","YNL167C",5,5,0,0,0,1,4,0,4,1,0,"synonymous_variant;missense_variant",NA,NA,"XIV",5,1944,1.944,2.57201646090535,0,0,FALSE,1.60375074774896
"4805","YNL168C",6,6,0,0,0,2,4,0,4,2,0,"synonymous_variant;missense_variant",NA,NA,"XIV",6,780,0.78,7.69230769230769,0,0,FALSE,2.77350098112615
"4806","YNL169C",8,8,0,0,0,2,6,0,6,2,0,"synonymous_variant;missense_variant",NA,NA,"XIV",8,1503,1.503,5.3226879574185,0,0,FALSE,2.30709513401994
"4807","YNL170W",3,3,0,0,0,1,2,0,2,1,0,"missense_variant;synonymous_variant",NA,NA,"XIV",3,NA,NA,NA,0,NA,FALSE,NA
"4808","YNL171C",6,6,0,0,0,6,0,0,0,6,0,"missense_variant",NA,NA,"XIV",6,NA,NA,NA,0,NA,FALSE,NA
"4809","YNL172W",36,36,0,0,0,11,25,0,25,11,0,"synonymous_variant;missense_variant",NA,NA,"XIV",36,5247,5.247,6.86106346483705,0,0,FALSE,2.61936317925504
"4810","YNL173C",13,13,0,0,0,4,9,0,9,4,0,"synonymous_variant;missense_variant",NA,NA,"XIV",13,1101,1.101,11.8074477747502,0,0,FALSE,3.43619670198757
"4811","YNL174W",1,1,0,0,0,1,0,0,0,1,0,"missense_variant",NA,NA,"XIV",1,NA,NA,NA,0,NA,FALSE,NA
"4812","YNL175C",12,12,0,0,0,1,11,0,11,1,0,"synonymous_variant;missense_variant",NA,NA,"XIV",12,1212,1.212,9.9009900990099,0,0,FALSE,3.14658387763776
"4813","YNL176C",25,25,0,0,0,10,15,0,15,10,0,"synonymous_variant;missense_variant",NA,NA,"XIV",25,1911,1.911,13.0821559392988,0,0,FALSE,3.6169263110131
"4814","YNL177C",11,11,0,0,0,1,10,0,10,1,0,"synonymous_variant;missense_variant",NA,NA,"XIV",11,930,0.93,11.8279569892473,0,0,FALSE,3.43917969714397
"4815","YNL178W",3,3,0,0,0,0,3,0,3,0,0,"synonymous_variant",NA,NA,"XIV",3,723,0.723,4.149377593361,0,0,FALSE,2.03700210931678
"4816","YNL179C",3,3,0,0,0,2,1,0,1,2,0,"synonymous_variant;missense_variant",NA,NA,"XIV",3,NA,NA,NA,0,NA,FALSE,NA
"4817","YNL180C",9,9,0,0,0,3,6,0,6,3,0,"missense_variant;synonymous_variant",NA,NA,"XIV",9,996,0.996,9.03614457831325,0,0,FALSE,3.00601806021076
"4818","YNL181W",9,9,0,0,0,2,7,0,7,2,0,"synonymous_variant;missense_variant",NA,NA,"XIV",9,1224,1.224,7.35294117647059,0,0,FALSE,2.7116307227332
"4819","YNL182C",18,18,0,0,0,4,14,0,14,4,0,"synonymous_variant;missense_variant",NA,NA,"XIV",18,1668,1.668,10.7913669064748,0,0,FALSE,3.28502159908802
"4820","YNL183C",12,12,0,0,0,2,10,0,10,2,0,"synonymous_variant;missense_variant",NA,NA,"XIV",12,2373,2.373,5.05689001264222,0,0,FALSE,2.24875299057994
"4821","YNL184C",3,3,0,0,0,1,1,0,1,1,1,"synonymous_variant;missense_variant;start_lost",NA,NA,"XIV",3,327,0.327,9.1743119266055,0,0,FALSE,3.02891266407691
"4822","YNL185C",5,3,0,2,0,0,3,2,3,0,0,"synonymous_variant;upstream_gene_variant",373,215,"XIV",3,477,0.477,6.28930817610063,0.666666666666667,0.318,FALSE,2.5078493128776
"4823","YNL186W",21,16,0,5,0,10,6,5,6,10,0,"upstream_gene_variant;missense_variant;synonymous_variant",369,41,"XIV",16,2379,2.379,6.72551492223623,0.3125,0.7434375,FALSE,2.59335977493217
"4824","YNL187W",9,8,0,1,0,5,3,1,3,5,0,"upstream_gene_variant;missense_variant;synonymous_variant",322,322,"XIV",8,1074,1.074,7.4487895716946,0.125,0.13425,FALSE,2.72924707047468
"4825","YNL188W",15,12,0,3,0,4,8,3,8,4,0,"upstream_gene_variant;synonymous_variant;missense_variant",392,253,"XIV",12,1302,1.302,9.21658986175115,0.25,0.3255,FALSE,3.03588370359458
"4826","YNL189W",17,7,0,10,0,0,7,10,7,0,0,"upstream_gene_variant;synonymous_variant",941,225,"XIV",7,1629,1.629,4.29711479435236,1.42857142857143,2.32714285714286,FALSE,2.07294833373926
"4827","YNL190W",15,10,0,5,0,0,10,5,10,0,0,"upstream_gene_variant;synonymous_variant",874,363,"XIV",10,615,0.615,16.260162601626,0.5,0.3075,FALSE,4.03238919272756
"4828","YNL191W",19,12,0,7,0,1,11,7,11,1,0,"upstream_gene_variant;synonymous_variant;missense_variant",436,208,"XIV",12,1074,1.074,11.1731843575419,0.583333333333333,0.6265,FALSE,3.34263135232438
"4829","YNL192W",33,33,0,0,0,6,27,0,27,6,0,"missense_variant;synonymous_variant",NA,NA,"XIV",33,3396,3.396,9.71731448763251,0,0,FALSE,3.11726073462463
"4830","YNL193W",16,16,0,0,0,5,11,0,11,5,0,"synonymous_variant;missense_variant",NA,NA,"XIV",16,1677,1.677,9.54084675014908,0,0,FALSE,3.08882611199612
"4831","YNL194C",8,8,0,0,0,1,7,0,7,1,0,"synonymous_variant;missense_variant",NA,NA,"XIV",8,906,0.906,8.83002207505519,0,0,FALSE,2.97153530604218
"4832","YNL195C",7,7,0,0,0,3,4,0,4,3,0,"missense_variant;synonymous_variant",NA,NA,"XIV",7,786,0.786,8.9058524173028,0,0,FALSE,2.98426748420828
"4833","YNL196C",7,7,0,0,0,6,1,0,1,6,0,"missense_variant;synonymous_variant",NA,NA,"XIV",7,897,0.897,7.80379041248606,0,0,FALSE,2.79352651902323
"4834","YNL197C",5,5,0,0,0,4,1,0,1,4,0,"missense_variant;synonymous_variant",NA,NA,"XIV",5,1986,1.986,2.51762336354481,0,0,FALSE,1.58670203993844
"4835","YNL198C",1,1,0,0,0,0,1,0,1,0,0,"synonymous_variant",NA,NA,"XIV",1,NA,NA,NA,0,NA,FALSE,NA
"4836","YNL199C",3,3,0,0,0,1,2,0,2,1,0,"synonymous_variant;missense_variant",NA,NA,"XIV",3,1605,1.605,1.86915887850467,0,0,FALSE,1.36717185404933
"4837","YNL200C",4,4,0,0,0,0,4,0,4,0,0,"synonymous_variant",NA,NA,"XIV",4,741,0.741,5.39811066126856,0,0,FALSE,2.32338345119108
"4838","YNL201C",15,15,0,0,0,3,12,0,12,3,0,"missense_variant;synonymous_variant",NA,NA,"XIV",15,2577,2.577,5.82072176949942,0,0,FALSE,2.4126172032669
"4839","YNL202W",4,4,0,0,0,0,4,0,4,0,0,"synonymous_variant",NA,NA,"XIV",4,879,0.879,4.55062571103527,0,0,FALSE,2.13321956465697
"4840","YNL203C",8,8,0,0,0,6,2,0,2,6,0,"missense_variant;synonymous_variant",NA,NA,"XIV",8,NA,NA,NA,0,NA,FALSE,NA
"4841","YNL204C",12,12,0,0,0,6,6,0,6,6,0,"missense_variant;synonymous_variant",NA,NA,"XIV",12,903,0.903,13.2890365448505,0,0,FALSE,3.64541308288245
"4842","YNL205C",5,5,0,0,0,5,0,0,0,5,0,"missense_variant",NA,NA,"XIV",5,NA,NA,NA,0,NA,FALSE,NA
"4843","YNL206C",17,17,0,0,0,5,11,0,12,5,0,"splice_region_variant&stop_retained_variant;synonymous_variant;missense_variant",NA,NA,"XIV",17,1368,1.368,12.4269005847953,0,0,FALSE,3.5251809293702
"4844","YNL207W",5,5,0,0,0,2,3,0,3,2,0,"missense_variant;synonymous_variant",NA,NA,"XIV",5,1278,1.278,3.91236306729264,0,0,FALSE,1.97796943032309
"4845","YNL208W",6,6,0,0,0,2,4,0,4,2,0,"missense_variant;synonymous_variant",NA,NA,"XIV",6,600,0.6,10,0,0,FALSE,3.16227766016838
"4846","YNL209W",2,2,0,0,0,1,1,0,1,1,0,"missense_variant;synonymous_variant",NA,NA,"XIV",2,1842,1.842,1.085776330076,0,0,FALSE,1.04200591652639
"4847","YNL210W",4,4,0,0,0,2,2,0,2,2,0,"synonymous_variant;missense_variant",NA,NA,"XIV",4,813,0.813,4.920049200492,0,0,FALSE,2.21811839190157
"4848","YNL211C",1,1,0,0,0,0,1,0,1,0,0,"synonymous_variant",NA,NA,"XIV",1,261,0.261,3.83141762452107,0,0,FALSE,1.95740073171568
"4849","YNL212W",11,11,0,0,0,4,7,0,7,4,0,"synonymous_variant;missense_variant",NA,NA,"XIV",11,2349,2.349,4.68284376330353,0,0,FALSE,2.16398793048934
"4850","YNL213C",14,5,0,9,0,3,2,9,2,3,0,"synonymous_variant;missense_variant;upstream_gene_variant",328,40,"XIV",5,645,0.645,7.75193798449612,1.8,1.161,FALSE,2.78423023194852
"4851","YNL214W",3,3,0,0,0,2,1,0,1,2,0,"missense_variant;synonymous_variant",NA,NA,"XIV",3,600,0.6,5,0,0,FALSE,2.23606797749979
"4852","YNL215W",4,3,0,1,0,1,2,1,2,1,0,"upstream_gene_variant;missense_variant;synonymous_variant",283,283,"XIV",3,963,0.963,3.11526479750779,0.333333333333333,0.321,FALSE,1.76501127404552
"4853","YNL216W",13,13,0,0,0,3,10,0,10,3,0,"synonymous_variant;missense_variant",NA,NA,"XIV",13,2484,2.484,5.23349436392915,0,0,FALSE,2.28768318696649
"4854","YNL217W",13,13,0,0,0,4,9,0,9,4,0,"synonymous_variant;missense_variant",NA,NA,"XIV",13,981,0.981,13.2517838939857,0,0,FALSE,3.64029997307718
"4855","YNL218W",11,11,0,0,0,2,9,0,9,2,0,"synonymous_variant;missense_variant",NA,NA,"XIV",11,1764,1.764,6.23582766439909,0,0,FALSE,2.49716392421465
"4856","YNL219C",6,6,0,0,0,2,4,0,4,2,0,"synonymous_variant;missense_variant",NA,NA,"XIV",6,1668,1.668,3.59712230215827,0,0,FALSE,1.8966081045272
"4857","YNL220W",5,5,0,0,0,1,4,0,4,1,0,"synonymous_variant;missense_variant",NA,NA,"XIV",5,1302,1.302,3.84024577572965,0,0,FALSE,1.95965450417405
"4858","YNL221C",28,28,0,0,0,11,17,0,17,11,0,"missense_variant;synonymous_variant",NA,NA,"XIV",28,2628,2.628,10.6544901065449,0,0,FALSE,3.26412164395644
"4859","YNL223W",7,7,0,0,0,5,2,0,2,5,0,"missense_variant;synonymous_variant",NA,NA,"XIV",7,1485,1.485,4.71380471380471,0,0,FALSE,2.1711298242631
"4860","YNL224C",18,18,0,0,0,6,12,0,12,6,0,"synonymous_variant;missense_variant",NA,NA,"XIV",18,2304,2.304,7.8125,0,0,FALSE,2.79508497187474
"4861","YNL225C",19,19,0,0,0,6,13,0,13,6,0,"missense_variant;synonymous_variant",NA,NA,"XIV",19,1746,1.746,10.8820160366552,0,0,FALSE,3.29879008678261
"4862","YNL226W",1,1,0,0,0,1,0,0,0,1,0,"missense_variant",NA,NA,"XIV",1,NA,NA,NA,0,NA,FALSE,NA
"4863","YNL227C",3,3,0,0,0,1,2,0,2,1,0,"missense_variant;synonymous_variant",NA,NA,"XIV",3,1773,1.773,1.69204737732657,0,0,FALSE,1.30078721446921
"4864","YNL228W",8,8,0,0,0,5,3,0,3,5,0,"missense_variant;synonymous_variant",NA,NA,"XIV",8,NA,NA,NA,0,NA,FALSE,NA
"4865","YNL229C",1,1,0,0,0,0,1,0,1,0,0,"synonymous_variant",NA,NA,"XIV",1,1065,1.065,0.938967136150235,0,0,FALSE,0.969003166223018
"4866","YNL231C",4,4,0,0,0,2,2,0,2,2,0,"missense_variant;synonymous_variant",NA,NA,"XIV",4,1056,1.056,3.78787878787879,0,0,FALSE,1.94624736040381
"4867","YNL232W",6,6,0,0,0,2,4,0,4,2,0,"missense_variant;synonymous_variant",NA,NA,"XIV",6,879,0.879,6.8259385665529,0,0,FALSE,2.61264972136582
"4868","YNL233W",39,39,0,0,0,22,17,0,17,22,0,"missense_variant;synonymous_variant",NA,NA,"XIV",39,2679,2.679,14.5576707726764,0,0,FALSE,3.81545158174971
"4869","YNL234W",7,7,0,0,0,4,3,0,3,4,0,"missense_variant;synonymous_variant",NA,NA,"XIV",7,1281,1.281,5.46448087431694,0,0,FALSE,2.33762291106092
"4870","YNL235C",3,1,0,2,0,0,0,2,0,0,1,"stop_gained;upstream_gene_variant",176,54,"XIV",1,NA,NA,NA,2,NA,FALSE,NA
"4871","YNL236W",41,31,0,10,0,6,25,10,25,6,0,"upstream_gene_variant;missense_variant;synonymous_variant",355,10,"XIV",31,2925,2.925,10.5982905982906,0.32258064516129,0.943548387096774,FALSE,3.25550158935464
"4872","YNL237W",9,7,0,2,0,2,5,2,5,2,0,"upstream_gene_variant;synonymous_variant;missense_variant",193,50,"XIV",7,1380,1.38,5.07246376811594,0.285714285714286,0.394285714285714,FALSE,2.25221308230725
"4873","YNL238W",19,19,0,0,0,9,10,0,10,9,0,"missense_variant;synonymous_variant",NA,NA,"XIV",19,2445,2.445,7.77096114519427,0,0,FALSE,2.78764437208089
"4874","YNL239W",7,7,0,0,0,0,7,0,7,0,0,"synonymous_variant",NA,NA,"XIV",7,1365,1.365,5.12820512820513,0,0,FALSE,2.26455406828919
"4875","YNL240C",13,13,0,0,0,4,9,0,9,4,0,"synonymous_variant;missense_variant",NA,NA,"XIV",13,1476,1.476,8.80758807588076,0,0,FALSE,2.96775808917788
"4876","YNL241C",11,7,0,4,0,0,7,4,7,0,0,"synonymous_variant;upstream_gene_variant",449,264,"XIV",7,1518,1.518,4.61133069828722,0.571428571428571,0.867428571428571,FALSE,2.14740091698947
"4877","YNL242W",44,44,0,0,0,9,35,0,35,9,0,"synonymous_variant;missense_variant",NA,NA,"XIV",44,4779,4.779,9.2069470600544,0,0,FALSE,3.03429515045165
"4878","YNL243W",20,20,0,0,0,2,18,0,18,2,0,"synonymous_variant;missense_variant",NA,NA,"XIV",20,2907,2.907,6.87994496044032,0,0,FALSE,2.62296491788211
"4879","YNL244C",4,4,0,0,0,0,4,0,4,0,0,"synonymous_variant",NA,NA,"XIV",4,327,0.327,12.2324159021407,0,0,FALSE,3.49748708391334
"4880","YNL245C",8,2,0,6,0,0,2,6,2,0,0,"synonymous_variant;upstream_gene_variant",999,845,"XIV",2,540,0.54,3.7037037037037,3,1.62,FALSE,1.92450089729875
"4881","YNL246W",4,4,0,0,0,2,2,0,2,2,0,"missense_variant;synonymous_variant",NA,NA,"XIV",4,890,0.89,4.49438202247191,0,0,FALSE,2.11999576001272
"4882","YNL247W",16,16,0,0,0,1,15,0,15,1,0,"synonymous_variant;missense_variant",NA,NA,"XIV",16,2304,2.304,6.94444444444444,0,0,FALSE,2.63523138347365
"4883","YNL248C",9,9,0,0,0,0,9,0,9,0,0,"synonymous_variant",NA,NA,"XIV",9,1248,1.248,7.21153846153846,0,0,FALSE,2.68543077764787
"4884","YNL249C",8,6,0,2,0,4,2,2,2,4,0,"synonymous_variant;missense_variant;upstream_gene_variant",297,35,"XIV",6,1629,1.629,3.68324125230203,0.333333333333333,0.543,FALSE,1.91917723316582
"4885","YNL250W",21,21,0,0,0,9,12,0,12,9,0,"synonymous_variant;missense_variant",NA,NA,"XIV",21,3939,3.939,5.33130236100533,0,0,FALSE,2.30896131648093
"4886","YNL251C",5,5,0,0,0,1,4,0,4,1,0,"synonymous_variant;missense_variant",NA,NA,"XIV",5,1728,1.728,2.89351851851852,0,0,FALSE,1.70103454359943
"4887","YNL252C",2,2,0,0,0,1,1,0,1,1,0,"synonymous_variant;missense_variant",NA,NA,"XIV",2,846,0.846,2.36406619385343,0,0,FALSE,1.53755201338148
"4888","YNL253W",6,6,0,0,0,3,3,0,3,3,0,"missense_variant;synonymous_variant",NA,NA,"XIV",6,1269,1.269,4.72813238770686,0,0,FALSE,2.17442691017814
"4889","YNL254C",6,6,0,0,0,2,4,0,4,2,0,"synonymous_variant;missense_variant",NA,NA,"XIV",6,1206,1.206,4.97512437810945,0,0,FALSE,2.23049868372735
"4890","YNL256W",12,12,0,0,0,7,5,0,5,7,0,"missense_variant;synonymous_variant",NA,NA,"XIV",12,2475,2.475,4.84848484848485,0,0,FALSE,2.20192753025272
"4891","YNL257C",12,12,0,0,0,6,6,0,6,6,0,"missense_variant;synonymous_variant",NA,NA,"XIV",12,3690,3.69,3.2520325203252,0,0,FALSE,1.80333926933486
"4892","YNL258C",17,17,0,0,0,12,5,0,5,12,0,"synonymous_variant;missense_variant",NA,NA,"XIV",17,2265,2.265,7.50551876379691,0,0,FALSE,2.73962018604713
"4893","YNL259C",3,3,0,0,0,1,2,0,2,1,0,"synonymous_variant;missense_variant",NA,NA,"XIV",3,222,0.222,13.5135135135135,0,0,TRUE,3.67607311046904
"4894","YNL260C",8,4,0,4,0,0,3,4,3,0,1,"synonymous_variant;stop_gained;upstream_gene_variant",462,61,"XIV",4,489,0.489,8.1799591002045,1,0.489,FALSE,2.86006277906701
"4895","YNL261W",8,5,0,3,0,1,4,3,4,1,0,"upstream_gene_variant;synonymous_variant;missense_variant",155,35,"XIV",5,1440,1.44,3.47222222222222,0.6,0.864,FALSE,1.86338998124982
"4896","YNL262W",29,29,0,0,0,8,21,0,21,8,0,"missense_variant;synonymous_variant",NA,NA,"XIV",29,6669,6.669,4.34847803268856,0,0,FALSE,2.08530046580548
"4897","YNL263C",5,5,0,0,0,1,4,0,4,1,0,"synonymous_variant;missense_variant",NA,NA,"XIV",5,945,0.945,5.29100529100529,0,0,FALSE,2.30021853114118
"4898","YNL264C",7,7,0,0,0,1,6,0,6,1,0,"synonymous_variant;missense_variant",NA,NA,"XIV",7,1053,1.053,6.64767331433998,0,0,FALSE,2.57830822717921
"4899","YNL265C",13,8,0,5,0,2,6,5,6,2,0,"missense_variant;synonymous_variant;upstream_gene_variant",273,12,"XIV",8,1002,1.002,7.98403193612774,0.625,0.62625,FALSE,2.82560293320342
"4900","YNL266W",11,8,0,3,0,1,6,3,6,1,1,"upstream_gene_variant;stop_gained;synonymous_variant;missense_variant",76,18,"XIV",8,NA,NA,NA,0.375,NA,FALSE,NA
"4901","YNL267W",34,34,0,0,0,10,24,0,24,10,0,"synonymous_variant;missense_variant",NA,NA,"XIV",34,3201,3.201,10.6216807247735,0,0,FALSE,3.2590920092525
"4902","YNL268W",16,16,0,0,0,6,9,0,10,6,0,"missense_variant;synonymous_variant;splice_region_variant&stop_retained_variant",NA,NA,"XIV",16,1836,1.836,8.71459694989107,0,0,FALSE,2.95204961846698
"4903","YNL269W",8,8,0,0,0,5,3,0,3,5,0,"missense_variant;synonymous_variant",NA,NA,"XIV",8,396,0.396,20.2020202020202,0,0,FALSE,4.49466574975495
"4904","YNL270C",28,28,0,0,0,8,20,0,20,8,0,"missense_variant;synonymous_variant",NA,NA,"XIV",28,1722,1.722,16.260162601626,0,0,FALSE,4.03238919272756
"4905","YNL271C",61,47,0,14,0,19,28,14,28,19,0,"synonymous_variant;missense_variant;upstream_gene_variant",545,18,"XIV",47,5862,5.862,8.01774138519277,0.297872340425532,1.74612765957447,FALSE,2.83156165131412
"4906","YNL272C",9,7,0,2,0,4,3,2,3,4,0,"missense_variant;synonymous_variant;upstream_gene_variant",419,19,"XIV",7,2280,2.28,3.07017543859649,0.285714285714286,0.651428571428571,FALSE,1.75219161012616
"4907","YNL273W",26,26,0,0,0,11,15,0,15,11,0,"synonymous_variant;missense_variant",NA,NA,"XIV",26,3717,3.717,6.99488835082055,0,0,FALSE,2.64478512375213
"4908","YNL274C",12,12,0,0,0,3,9,0,9,3,0,"synonymous_variant;missense_variant",NA,NA,"XIV",12,1053,1.053,11.3960113960114,0,0,FALSE,3.37579789027889
"4909","YNL275W",6,6,0,0,0,4,2,0,2,4,0,"missense_variant;synonymous_variant",NA,NA,"XIV",6,1731,1.731,3.46620450606586,0,0,FALSE,1.86177455833564
"4910","YNL276C",6,0,0,6,0,0,0,6,0,0,0,"upstream_gene_variant",435,49,"XIV",0,NA,NA,NA,NA,NA,FALSE,NA
"4911","YNL277W",10,5,0,5,0,1,4,5,4,1,0,"upstream_gene_variant;synonymous_variant;missense_variant",468,96,"XIV",5,1461,1.461,3.42231348391513,1,1.461,FALSE,1.84994958956052
"4912","YNL277W-A",5,2,0,3,0,2,0,3,0,2,0,"upstream_gene_variant;missense_variant",216,1,"XIV",2,189,0.189,10.5820105820106,1.5,0.2835,FALSE,3.25300024316178
"4913","YNL278W",31,31,0,0,0,8,23,0,23,8,0,"missense_variant;synonymous_variant",NA,NA,"XIV",31,3183,3.183,9.7392397109645,0,0,FALSE,3.12077549832802
"4914","YNL279W",13,13,0,0,0,6,7,0,7,6,0,"synonymous_variant;missense_variant",NA,NA,"XIV",13,1986,1.986,6.54582074521652,0,0,FALSE,2.55848016314696
"4915","YNL280C",6,6,0,0,0,0,6,0,6,0,0,"synonymous_variant",NA,NA,"XIV",6,1317,1.317,4.55580865603645,0,0,FALSE,2.13443403646879
"4916","YNL281W",2,2,0,0,0,1,1,0,1,1,0,"missense_variant;synonymous_variant",NA,NA,"XIV",2,462,0.462,4.32900432900433,0,0,FALSE,2.0806259464412
"4917","YNL282W",3,3,0,0,0,1,2,0,2,1,0,"synonymous_variant;missense_variant",NA,NA,"XIV",3,588,0.588,5.10204081632653,0,0,FALSE,2.25876975726313
"4918","YNL283C",9,9,0,0,0,6,3,0,3,6,0,"synonymous_variant;missense_variant",NA,NA,"XIV",9,1512,1.512,5.95238095238095,0,0,FALSE,2.43975018237133
"4919","YNL284C",3,3,0,0,0,0,3,0,3,0,0,"synonymous_variant",NA,NA,"XIV",3,969,0.969,3.09597523219814,0,0,FALSE,1.75953835769447
"4920","YNL284C-B",9,0,0,9,0,0,0,9,0,0,0,"upstream_gene_variant",876,396,"XIV",0,5269,5.269,0,NA,NA,FALSE,0
"4921","YNL285W",7,5,0,2,0,3,1,2,1,3,1,"upstream_gene_variant;synonymous_variant;missense_variant;stop_gained",90,41,"XIV",5,NA,NA,NA,0.4,NA,FALSE,NA
"4922","YNL286W",5,3,0,2,0,1,2,2,2,1,0,"upstream_gene_variant;synonymous_variant;missense_variant",327,134,"XIV",3,858,0.858,3.4965034965035,0.666666666666667,0.572,FALSE,1.86989398001691
"4923","YNL287W",12,12,0,0,0,0,12,0,12,0,0,"synonymous_variant",NA,NA,"XIV",12,2808,2.808,4.27350427350427,0,0,FALSE,2.06724557648681
"4924","YNL288W",8,8,0,0,0,5,3,0,3,5,0,"missense_variant;synonymous_variant",NA,NA,"XIV",8,1122,1.122,7.1301247771836,0,0,FALSE,2.67022934917276
"4925","YNL289W",2,2,0,0,0,0,2,0,2,0,0,"synonymous_variant",NA,NA,"XIV",2,840,0.84,2.38095238095238,0,0,FALSE,1.54303349962092
"4926","YNL290W",3,3,0,0,0,1,2,0,2,1,0,"synonymous_variant;missense_variant",NA,NA,"XIV",3,1023,1.023,2.93255131964809,0,0,FALSE,1.71246936312685
"4927","YNL291C",22,15,0,7,0,3,12,7,12,3,0,"missense_variant;synonymous_variant;upstream_gene_variant",401,139,"XIV",15,1647,1.647,9.10746812386157,0.466666666666667,0.7686,FALSE,3.01785820141728
"4928","YNL292W",7,7,0,0,0,1,6,0,6,1,0,"synonymous_variant;missense_variant",NA,NA,"XIV",7,1212,1.212,5.77557755775578,0,0,FALSE,2.40324313330045
"4929","YNL293W",10,10,0,0,0,3,7,0,7,3,0,"missense_variant;synonymous_variant",NA,NA,"XIV",10,1902,1.902,5.25762355415352,0,0,FALSE,2.29295083989028
"4930","YNL294C",13,13,0,0,0,4,9,0,9,4,0,"missense_variant;synonymous_variant",NA,NA,"XIV",13,1602,1.602,8.11485642946317,0,0,FALSE,2.8486587070871
"4931","YNL295W",31,31,0,0,0,8,23,0,23,8,0,"missense_variant;synonymous_variant",NA,NA,"XIV",31,1575,1.575,19.6825396825397,0,0,FALSE,4.43650083765795
"4932","YNL297C",32,28,0,4,0,6,22,4,22,6,0,"synonymous_variant;missense_variant;upstream_gene_variant",273,131,"XIV",28,4911,4.911,5.70148645896966,0.142857142857143,0.701571428571429,FALSE,2.38777856154411
"4933","YNL298W",11,11,0,0,0,3,8,0,8,3,0,"synonymous_variant;missense_variant",NA,NA,"XIV",11,2529,2.529,4.34954527481218,0,0,FALSE,2.08555634659248
"4934","YNL299W",10,10,0,0,0,3,7,0,7,3,0,"synonymous_variant;missense_variant",NA,NA,"XIV",10,1929,1.929,5.18403317781234,0,0,FALSE,2.27684720124393
"4935","YNL300W",2,2,0,0,0,0,2,0,2,0,0,"synonymous_variant",NA,NA,"XIV",2,309,0.309,6.47249190938511,0,0,FALSE,2.54410925657392
"4936","YNL301C",1,1,0,0,0,1,0,0,0,1,0,"missense_variant",NA,NA,"XIV",1,993,0.993,1.00704934541793,0,0,FALSE,1.00351848284819
"4937","YNL303W",5,5,0,0,0,3,1,0,1,3,1,"missense_variant;stop_gained;synonymous_variant",NA,NA,"XIV",5,NA,NA,NA,0,NA,FALSE,NA
"4938","YNL304W",9,9,0,0,0,1,8,0,8,1,0,"synonymous_variant;missense_variant",NA,NA,"XIV",9,1254,1.254,7.17703349282297,0,0,FALSE,2.6789985988841
"4939","YNL305C",2,2,0,0,0,0,2,0,2,0,0,"synonymous_variant",NA,NA,"XIV",2,894,0.894,2.23713646532438,0,0,FALSE,1.49570600898853
"4940","YNL306W",9,9,0,0,0,2,7,0,7,2,0,"synonymous_variant;missense_variant",NA,NA,"XIV",9,654,0.654,13.7614678899083,0,0,FALSE,3.70964525122123
"4941","YNL307C",3,3,0,0,0,1,2,0,2,1,0,"missense_variant;synonymous_variant",NA,NA,"XIV",3,1128,1.128,2.65957446808511,0,0,FALSE,1.63082018263361
"4942","YNL308C",16,16,0,0,0,5,11,0,11,5,0,"missense_variant;synonymous_variant",NA,NA,"XIV",16,1776,1.776,9.00900900900901,0,0,FALSE,3.00150112593832
"4943","YNL309W",11,11,0,0,0,4,7,0,7,4,0,"synonymous_variant;missense_variant",NA,NA,"XIV",11,1263,1.263,8.70942201108472,0,0,FALSE,2.95117298901381
"4944","YNL310C",5,5,0,0,0,1,4,0,4,1,0,"missense_variant;synonymous_variant",NA,NA,"XIV",5,525,0.525,9.52380952380952,0,0,FALSE,3.08606699924184
"4945","YNL311C",7,7,0,0,0,3,4,0,4,3,0,"synonymous_variant;missense_variant",NA,NA,"XIV",7,2292,2.292,3.05410122164049,0,0,FALSE,1.74759870154463
"4946","YNL312W",7,6,1,0,0,5,1,0,2,5,0,"splice_region_variant&intron_variant;missense_variant;synonymous_variant",NA,NA,"XIV",7,930,0.93,7.52688172043011,0,0,FALSE,2.74351630584367
"4947","YNL313C",26,26,0,0,0,10,16,0,16,10,0,"synonymous_variant;missense_variant",NA,NA,"XIV",26,2715,2.715,9.57642725598527,0,0,FALSE,3.09458030368987
"4948","YNL314W",4,4,0,0,0,2,2,0,2,2,0,"synonymous_variant;missense_variant",NA,NA,"XIV",4,768,0.768,5.20833333333333,0,0,FALSE,2.28217732293819
"4949","YNL315C",6,6,0,0,0,1,5,0,5,1,0,"synonymous_variant;missense_variant",NA,NA,"XIV",6,957,0.957,6.26959247648903,0,0,FALSE,2.50391542918067
"4950","YNL316C",7,7,0,0,0,4,3,0,3,4,0,"synonymous_variant;missense_variant",NA,NA,"XIV",7,1005,1.005,6.96517412935323,0,0,FALSE,2.63916163380594
"4951","YNL317W",8,8,0,0,0,1,7,0,7,1,0,"synonymous_variant;missense_variant",NA,NA,"XIV",8,1398,1.398,5.72246065808298,0,0,FALSE,2.39216651972286
"4952","YNL318C",9,7,0,2,0,2,5,2,5,2,0,"missense_variant;synonymous_variant;upstream_gene_variant",101,68,"XIV",7,1623,1.623,4.31300061614295,0.285714285714286,0.463714285714286,FALSE,2.07677649643455
"4953","YNL319W",1,1,0,0,0,0,1,0,1,0,0,"synonymous_variant",NA,NA,"XIV",1,NA,NA,NA,0,NA,FALSE,NA
"4954","YNL320W",2,2,0,0,0,1,1,0,1,1,0,"missense_variant;synonymous_variant",NA,NA,"XIV",2,855,0.855,2.33918128654971,0,0,FALSE,1.52943822580375
"4955","YNL321W",16,16,0,0,0,2,14,0,14,2,0,"missense_variant;synonymous_variant",NA,NA,"XIV",16,2727,2.727,5.86725339200587,0,0,FALSE,2.42224139837587
"4956","YNL322C",4,4,0,0,0,1,3,0,3,1,0,"synonymous_variant;missense_variant",NA,NA,"XIV",4,942,0.942,4.24628450106157,0,0,FALSE,2.06065147491311
"4957","YNL323W",6,6,0,0,0,0,6,0,6,0,0,"synonymous_variant",NA,NA,"XIV",6,1245,1.245,4.81927710843373,0,0,FALSE,2.19528519979381
"4958","YNL324W",1,1,0,0,0,0,0,0,0,0,1,"stop_lost&splice_region_variant",NA,NA,"XIV",1,NA,NA,NA,0,NA,FALSE,NA
"4959","YNL325C",9,9,0,0,0,1,8,0,8,1,0,"missense_variant;synonymous_variant",NA,NA,"XIV",9,2640,2.64,3.40909090909091,0,0,FALSE,1.84637236468999
"4960","YNL326C",7,5,0,2,0,4,1,2,1,4,0,"missense_variant;synonymous_variant;upstream_gene_variant",270,255,"XIV",5,1011,1.011,4.94559841740851,0.4,0.4044,FALSE,2.22387014400763
"4961","YNL327W",20,20,0,0,0,8,12,0,12,8,0,"synonymous_variant;missense_variant",NA,NA,"XIV",20,3126,3.126,6.39795265515035,0,0,FALSE,2.52941745371347
"4962","YNL328C",4,4,0,0,0,1,3,0,3,1,0,"synonymous_variant;missense_variant",NA,NA,"XIV",4,441,0.441,9.0702947845805,0,0,FALSE,3.01169300968417
"4963","YNL329C",19,19,0,0,0,11,8,0,8,11,0,"synonymous_variant;missense_variant",NA,NA,"XIV",19,3093,3.093,6.14290333010023,0,0,FALSE,2.47848811377021
"4964","YNL330C",6,6,0,0,0,1,5,0,5,1,0,"synonymous_variant;missense_variant",NA,NA,"XIV",6,1302,1.302,4.60829493087558,0,0,FALSE,2.14669395370546
"4965","YNL331C",8,8,0,0,0,2,6,0,6,2,0,"missense_variant;synonymous_variant",NA,NA,"XIV",8,1131,1.131,7.07338638373121,0,0,FALSE,2.65958387416739
"4966","YNL336W",1,1,0,0,0,0,1,0,1,0,0,"synonymous_variant",NA,NA,"XIV",1,1146,1.146,0.87260034904014,0,0,FALSE,0.934130798678718
"4967","YNL337W",3,3,0,0,0,1,2,0,2,1,0,"synonymous_variant;missense_variant",NA,NA,"XIV",3,NA,NA,NA,0,NA,FALSE,NA
"4968","YNL339C",25,0,0,25,0,0,0,25,0,0,0,"upstream_gene_variant",933,688,"XIV",0,5728,5.728,0,NA,NA,FALSE,0
"4969","YNR001C",3,3,0,0,0,1,2,0,2,1,0,"synonymous_variant;missense_variant",NA,NA,"XIV",3,1440,1.44,2.08333333333333,0,0,FALSE,1.44337567297406
"4970","YNR002C",2,2,0,0,0,0,2,0,2,0,0,"synonymous_variant",NA,NA,"XIV",2,849,0.849,2.35571260306243,0,0,FALSE,1.5348330863851
"4971","YNR003C",3,3,0,0,0,0,3,0,3,0,0,"synonymous_variant",NA,NA,"XIV",3,954,0.954,3.14465408805031,0,0,FALSE,1.77331725532977
"4972","YNR004W",1,1,0,0,0,0,1,0,1,0,0,"synonymous_variant",NA,NA,"XIV",1,441,0.441,2.26757369614512,0,0,FALSE,1.50584650484209
"4973","YNR005C",2,2,0,0,0,2,0,0,0,2,0,"missense_variant",NA,NA,"XIV",2,NA,NA,NA,0,NA,FALSE,NA
"4974","YNR006W",3,3,0,0,0,2,1,0,1,2,0,"synonymous_variant;missense_variant",NA,NA,"XIV",3,1869,1.869,1.60513643659711,0,0,FALSE,1.26693979201741
"4975","YNR007C",2,2,0,0,0,0,2,0,2,0,0,"synonymous_variant",NA,NA,"XIV",2,933,0.933,2.14362272240086,0,0,FALSE,1.46411158126724
"4976","YNR008W",8,8,0,0,0,1,7,0,7,1,0,"synonymous_variant;missense_variant",NA,NA,"XIV",8,1986,1.986,4.0281973816717,0,0,FALSE,2.00703696569637
"4977","YNR009W",7,7,0,0,0,1,6,0,6,1,0,"synonymous_variant;missense_variant",NA,NA,"XIV",7,750,0.75,9.33333333333333,0,0,FALSE,3.05505046330389
"4978","YNR010W",3,3,0,0,0,0,3,0,3,0,0,"synonymous_variant",NA,NA,"XIV",3,450,0.45,6.66666666666667,0,0,FALSE,2.58198889747161
"4979","YNR011C",13,7,0,6,0,3,4,6,4,3,0,"synonymous_variant;missense_variant;upstream_gene_variant",473,110,"XIV",7,2631,2.631,2.66058532877233,0.857142857142857,2.25514285714286,FALSE,1.63113007720792
"4980","YNR012W",12,12,0,0,0,4,8,0,8,4,0,"synonymous_variant;missense_variant",NA,NA,"XIV",12,1506,1.506,7.96812749003984,0,0,FALSE,2.82278718468818
"4981","YNR013C",29,19,0,10,0,3,16,10,16,3,0,"synonymous_variant;missense_variant;upstream_gene_variant",707,251,"XIV",19,2685,2.685,7.07635009310987,0.526315789473684,1.41315789473684,FALSE,2.6601409912089
"4982","YNR014W",5,5,0,0,0,4,1,0,1,4,0,"synonymous_variant;missense_variant",NA,NA,"XIV",5,639,0.639,7.82472613458529,0,0,FALSE,2.7972711943223
"4983","YNR015W",12,12,0,0,0,3,9,0,9,3,0,"missense_variant;synonymous_variant",NA,NA,"XIV",12,1155,1.155,10.3896103896104,0,0,FALSE,3.22329185610152
"4984","YNR016C",57,51,0,6,0,4,47,6,47,4,0,"synonymous_variant;missense_variant;upstream_gene_variant",554,11,"XIV",51,6702,6.702,7.60966875559534,0.117647058823529,0.788470588235294,FALSE,2.75856280617196
"4985","YNR017W",5,5,0,0,0,2,3,0,3,2,0,"synonymous_variant;missense_variant",NA,NA,"XIV",5,669,0.669,7.47384155455904,0,0,FALSE,2.73383275906904
"4986","YNR018W",4,4,0,0,0,1,3,0,3,1,0,"missense_variant;synonymous_variant",NA,NA,"XIV",4,675,0.675,5.92592592592593,0,0,FALSE,2.43432247780074
"4987","YNR019W",11,11,0,0,0,4,7,0,7,4,0,"synonymous_variant;missense_variant",NA,NA,"XIV",11,1929,1.929,5.70243649559357,0,0,FALSE,2.38797749059608
"4988","YNR020C",13,12,0,1,0,6,6,1,6,6,0,"synonymous_variant;missense_variant;upstream_gene_variant",99,99,"XIV",12,813,0.813,14.760147601476,0.0833333333333333,0.06775,FALSE,3.84189375197649
"4989","YNR021W",9,9,0,0,0,3,6,0,6,3,0,"synonymous_variant;missense_variant",NA,NA,"XIV",9,1215,1.215,7.40740740740741,0,0,FALSE,2.72165526975909
"4990","YNR022C",5,5,0,0,0,2,3,0,3,2,0,"synonymous_variant;missense_variant",NA,NA,"XIV",5,420,0.42,11.9047619047619,0,0,FALSE,3.45032779671177
"4991","YNR023W",12,12,0,0,0,4,8,0,8,4,0,"synonymous_variant;missense_variant",NA,NA,"XIV",12,1701,1.701,7.05467372134039,0,0,FALSE,2.65606357629865
"4992","YNR024W",2,2,0,0,0,1,1,0,1,1,0,"synonymous_variant;missense_variant",NA,NA,"XIV",2,561,0.561,3.5650623885918,0,0,FALSE,1.8881372801234
"4993","YNR026C",17,17,0,0,0,6,11,0,11,6,0,"missense_variant;synonymous_variant",NA,NA,"XIV",17,1416,1.416,12.0056497175141,0,0,FALSE,3.46491698565985
"4994","YNR027W",8,8,0,0,0,1,7,0,7,1,0,"synonymous_variant;missense_variant",NA,NA,"XIV",8,954,0.954,8.38574423480084,0,0,FALSE,2.8958149517538
"4995","YNR028W",8,8,0,0,0,3,5,0,5,3,0,"missense_variant;synonymous_variant",NA,NA,"XIV",8,927,0.927,8.62998921251348,0,0,FALSE,2.93768432826155
"4996","YNR029C",21,21,0,0,0,7,14,0,14,7,0,"missense_variant;synonymous_variant",NA,NA,"XIV",21,1290,1.29,16.2790697674419,0,0,FALSE,4.03473292392964
"4997","YNR030W",19,19,0,0,0,6,13,0,13,6,0,"synonymous_variant;missense_variant",NA,NA,"XIV",19,1656,1.656,11.4734299516908,0,0,FALSE,3.38724518623775
"4998","YNR031C",29,28,0,1,0,5,23,1,23,5,0,"missense_variant;synonymous_variant;upstream_gene_variant",340,340,"XIV",28,4740,4.74,5.90717299578059,0.0357142857142857,0.169285714285714,FALSE,2.43046764960585
"4999","YNR032C-A",1,1,0,0,0,1,0,0,0,1,0,"missense_variant",NA,NA,"XIV",1,222,0.222,4.5045045045045,0,0,FALSE,2.12238179989004
"5000","YNR032W",5,5,0,0,0,0,5,0,5,0,0,"synonymous_variant",NA,NA,"XIV",5,1107,1.107,4.516711833785,0,0,FALSE,2.12525571021113
"5001","YNR033W",19,19,0,0,0,8,11,0,11,8,0,"synonymous_variant;missense_variant",NA,NA,"XIV",19,2364,2.364,8.03722504230118,0,0,FALSE,2.83500000746053
"5002","YNR034W",4,4,0,0,0,1,3,0,3,1,0,"synonymous_variant;missense_variant",NA,NA,"XIV",4,966,0.966,4.1407867494824,0,0,FALSE,2.0348923188912
"5003","YNR034W-A",2,2,0,0,0,0,2,0,2,0,0,"synonymous_variant",NA,NA,"XIV",2,297,0.297,6.73400673400673,0,0,FALSE,2.59499648053841
"5004","YNR035C",9,2,0,7,0,0,2,7,2,0,0,"synonymous_variant;upstream_gene_variant",821,111,"XIV",2,1029,1.029,1.94363459669582,3.5,3.6015,FALSE,1.39414296135505
"5005","YNR036C",2,2,0,0,0,0,2,0,2,0,0,"synonymous_variant",NA,NA,"XIV",2,462,0.462,4.32900432900433,0,0,FALSE,2.0806259464412
"5006","YNR038W",21,21,0,0,0,6,15,0,15,6,0,"missense_variant;synonymous_variant",NA,NA,"XIV",21,1890,1.89,11.1111111111111,0,0,FALSE,3.33333333333333
"5007","YNR039C",13,13,0,0,0,6,7,0,7,6,0,"missense_variant;synonymous_variant",NA,NA,"XIV",13,1818,1.818,7.15071507150715,0,0,FALSE,2.6740820988719
"5008","YNR040W",7,7,0,0,0,4,3,0,3,4,0,"missense_variant;synonymous_variant",NA,NA,"XIV",7,771,0.771,9.07911802853437,0,0,FALSE,3.01315748485445
"5009","YNR041C",4,4,0,0,0,1,3,0,3,1,0,"synonymous_variant;missense_variant",NA,NA,"XIV",4,1119,1.119,3.57462019660411,0,0,FALSE,1.89066660112356
"5010","YNR042W",1,1,0,0,0,1,0,0,0,1,0,"missense_variant",NA,NA,"XIV",1,NA,NA,NA,0,NA,FALSE,NA
"5011","YNR043W",12,12,0,0,0,4,8,0,8,4,0,"synonymous_variant;missense_variant",NA,NA,"XIV",12,1191,1.191,10.0755667506297,0,0,FALSE,3.17420332534476
"5012","YNR044W",35,35,0,0,0,22,13,0,13,22,0,"missense_variant;synonymous_variant",NA,NA,"XIV",35,2178,2.178,16.0697887970615,0,0,FALSE,4.00871410767362
"5013","YNR045W",12,12,0,0,0,7,5,0,5,7,0,"missense_variant;synonymous_variant",NA,NA,"XIV",12,1470,1.47,8.16326530612245,0,0,FALSE,2.85714285714286
"5014","YNR046W",6,1,0,5,0,0,1,5,1,0,0,"upstream_gene_variant;synonymous_variant",54,15,"XIV",1,408,0.408,2.45098039215686,5,2.04,FALSE,1.56556072771287
"5015","YNR047W",23,22,0,1,0,6,16,1,16,6,0,"upstream_gene_variant;missense_variant;synonymous_variant",171,171,"XIV",22,2682,2.682,8.20283370618941,0.0454545454545455,0.121909090909091,FALSE,2.86405895647932
"5016","YNR048W",12,10,0,2,0,1,9,2,9,1,0,"upstream_gene_variant;missense_variant;synonymous_variant",284,251,"XIV",10,1182,1.182,8.46023688663283,0.2,0.2364,FALSE,2.90864863581575
"5017","YNR049C",16,6,0,10,0,2,3,10,3,2,1,"synonymous_variant;missense_variant;start_lost;upstream_gene_variant",371,30,"XIV",6,633,0.633,9.47867298578199,1.66666666666667,1.055,FALSE,3.0787453590354
"5018","YNR050C",10,10,0,0,0,1,9,0,9,1,0,"synonymous_variant;missense_variant",NA,NA,"XIV",10,1341,1.341,7.45712155108128,0,0,FALSE,2.7307730683968
"5019","YNR051C",14,14,0,0,0,4,10,0,10,4,0,"synonymous_variant;missense_variant",NA,NA,"XIV",14,1548,1.548,9.04392764857881,0,0,FALSE,3.00731236298772
"5020","YNR052C",15,15,0,0,0,2,13,0,13,2,0,"synonymous_variant;missense_variant",NA,NA,"XIV",15,1302,1.302,11.5207373271889,0,0,FALSE,3.39422116651065
"5021","YNR053C",7,7,0,0,0,2,5,0,5,2,0,"synonymous_variant;missense_variant",NA,NA,"XIV",7,1993,1.993,3.51229302558956,0,0,FALSE,1.8741112628629
"5022","YNR054C",8,8,0,0,0,2,6,0,6,2,0,"synonymous_variant;missense_variant",NA,NA,"XIV",8,951,0.951,8.41219768664564,0,0,FALSE,2.90037888673974
"5023","YNR055C",12,12,0,0,0,3,9,0,9,3,0,"synonymous_variant;missense_variant",NA,NA,"XIV",12,1761,1.761,6.81431005110733,0,0,FALSE,2.61042334710432
"5024","YNR056C",15,15,0,0,0,6,8,0,9,6,0,"missense_variant;synonymous_variant;initiator_codon_variant",NA,NA,"XIV",15,1686,1.686,8.89679715302491,0,0,FALSE,2.98274993135947
"5025","YNR057C",2,2,0,0,0,1,1,0,1,1,0,"missense_variant;synonymous_variant",NA,NA,"XIV",2,714,0.714,2.80112044817927,0,0,FALSE,1.67365481751145
"5026","YNR058W",9,9,0,0,0,3,6,0,6,3,0,"synonymous_variant;missense_variant",NA,NA,"XIV",9,1443,1.443,6.23700623700624,0,0,FALSE,2.49739989529235
"5027","YNR059W",24,24,0,0,0,7,16,0,17,7,0,"synonymous_variant;missense_variant;splice_region_variant&stop_retained_variant",NA,NA,"XIV",24,1743,1.743,13.7693631669535,0,0,FALSE,3.71070925389655
"5028","YNR060W",15,10,0,5,0,2,8,5,8,2,0,"upstream_gene_variant;synonymous_variant;missense_variant",867,55,"XIV",10,2160,2.16,4.62962962962963,0.5,1.08,FALSE,2.15165741455968
"5029","YNR061C",42,11,0,31,0,8,3,31,3,8,0,"synonymous_variant;missense_variant;upstream_gene_variant",807,8,"XIV",11,660,0.66,16.6666666666667,2.81818181818182,1.86,FALSE,4.08248290463863
"5030","YNR062C",8,8,0,0,0,4,2,0,2,4,2,"synonymous_variant;missense_variant;start_lost",NA,NA,"XIV",8,984,0.984,8.13008130081301,0,0,FALSE,2.85132974256101
"5031","YNR063W",21,21,0,0,0,10,11,0,11,10,0,"synonymous_variant;missense_variant",NA,NA,"XIV",21,1824,1.824,11.5131578947368,0,0,FALSE,3.39310446269148
"5032","YNR064C",11,11,0,0,0,6,5,0,5,6,0,"missense_variant;synonymous_variant",NA,NA,"XIV",11,873,0.873,12.6002290950745,0,0,FALSE,3.5496801398259
"5033","YNR065C",77,77,0,0,0,50,27,0,27,50,0,"missense_variant;synonymous_variant",NA,NA,"XIV",77,3351,3.351,22.9782154580722,0,0,FALSE,4.79355978976712
"5034","YNR066C",36,36,0,0,0,28,7,0,7,28,1,"stop_lost&splice_region_variant;missense_variant;synonymous_variant",NA,NA,"XIV",36,1311,1.311,27.4599542334096,0,0,TRUE,5.24022463577752
"5035","YNR067C",30,29,0,1,0,14,15,1,15,14,0,"synonymous_variant;missense_variant;upstream_gene_variant",962,962,"XIV",29,3354,3.354,8.6463923673226,0.0344827586206897,0.115655172413793,FALSE,2.94047485405378
"5036","YNR068C",4,4,0,0,0,1,3,0,3,1,0,"synonymous_variant;missense_variant",NA,NA,"XIV",4,819,0.819,4.88400488400488,0,0,FALSE,2.20997848043932
"5037","YNR069C",15,15,0,0,0,8,5,0,5,8,2,"stop_lost&splice_region_variant;synonymous_variant;missense_variant;stop_gained",NA,NA,"XIV",15,1470,1.47,10.2040816326531,0,0,FALSE,3.1943828249997
"5038","YNR070W",17,17,0,0,0,10,6,0,6,10,1,"missense_variant;synonymous_variant;stop_lost&splice_region_variant",NA,NA,"XIV",17,4002,4.002,4.24787606196902,0,0,FALSE,2.06103761779571
"5039","YNR071C",12,4,0,8,0,0,4,8,4,0,0,"synonymous_variant;upstream_gene_variant",980,3,"XIV",4,1029,1.029,3.88726919339164,2,2.058,FALSE,1.9716158838353
"5040","YNR072W",19,19,0,0,0,1,17,0,17,1,1,"stop_gained;missense_variant;synonymous_variant",NA,NA,"XIV",19,1695,1.695,11.2094395280236,0,0,FALSE,3.34805010835017
"5041","YNR073C",48,12,0,36,0,4,8,36,8,4,0,"synonymous_variant;missense_variant;upstream_gene_variant",959,280,"XIV",12,1509,1.509,7.95228628230616,3,4.527,FALSE,2.81997983721625
"5042","YNR074C",9,9,0,0,0,4,5,0,5,4,0,"synonymous_variant;missense_variant",NA,NA,"XIV",9,1137,1.137,7.9155672823219,0,0,FALSE,2.81346179684777
"5043","YNR075C-A",6,6,0,0,0,4,2,0,2,4,0,"missense_variant;synonymous_variant",NA,NA,"XIV",6,93,0.093,64.5161290322581,0,0,FALSE,8.03219328902499
"5044","YNR075W",2,2,0,0,0,2,0,0,0,2,0,"missense_variant",NA,NA,"XIV",2,1125,1.125,1.77777777777778,0,0,FALSE,1.33333333333333
"5045","YNR077C",1,1,0,0,0,1,0,0,0,1,0,"missense_variant",NA,NA,"XIV",1,255,0.255,3.92156862745098,0,0,FALSE,1.98029508595335
"5046","YOL001W",4,4,0,0,0,3,1,0,1,3,0,"missense_variant;synonymous_variant",NA,NA,"XV",4,882,0.882,4.53514739229025,0,0,FALSE,2.1295885499998
"5047","YOL002C",9,9,0,0,0,1,8,0,8,1,0,"synonymous_variant;missense_variant",NA,NA,"XV",9,954,0.954,9.43396226415094,0,0,FALSE,3.07147558416976
"5048","YOL003C",13,9,0,4,0,4,5,4,5,4,0,"synonymous_variant;missense_variant;upstream_gene_variant",341,136,"XV",9,1137,1.137,7.9155672823219,0.444444444444444,0.505333333333333,FALSE,2.81346179684777
"5049","YOL004W",20,20,0,0,0,8,12,0,12,8,0,"missense_variant;synonymous_variant",NA,NA,"XV",20,4611,4.611,4.33745391455216,0,0,FALSE,2.08265549588792
"5050","YOL005C",4,4,0,0,0,0,4,0,4,0,0,"synonymous_variant",NA,NA,"XV",4,363,0.363,11.0192837465565,0,0,FALSE,3.31953065154646
"5051","YOL006C",11,11,0,0,0,1,10,0,10,1,0,"synonymous_variant;missense_variant",NA,NA,"XV",11,2310,2.31,4.76190476190476,0,0,FALSE,2.18217890235992
"5052","YOL007C",7,7,0,0,0,2,5,0,5,2,0,"synonymous_variant;missense_variant",NA,NA,"XV",7,1026,1.026,6.82261208576998,0,0,FALSE,2.61201303323126
"5053","YOL008W",2,2,0,0,0,1,1,0,1,1,0,"missense_variant;synonymous_variant",NA,NA,"XV",2,624,0.624,3.2051282051282,0,0,FALSE,1.79028718509858
"5054","YOL009C",10,7,0,3,0,4,3,3,3,4,0,"missense_variant;synonymous_variant;upstream_gene_variant",119,85,"XV",7,816,0.816,8.57843137254902,0.428571428571429,0.349714285714286,FALSE,2.92889593064503
"5055","YOL010W",13,13,0,0,0,1,12,0,12,1,0,"synonymous_variant;missense_variant",NA,NA,"XV",13,1104,1.104,11.7753623188406,0,0,FALSE,3.43152478044973
"5056","YOL011W",17,17,0,0,0,2,15,0,15,2,0,"synonymous_variant;missense_variant",NA,NA,"XV",17,2061,2.061,8.24842309558467,0,0,FALSE,2.87200680632631
"5057","YOL012C",2,2,0,0,0,0,2,0,2,0,0,"synonymous_variant",NA,NA,"XV",2,405,0.405,4.93827160493827,0,0,FALSE,2.22222222222222
"5058","YOL013C",16,9,0,7,0,5,4,7,4,5,0,"missense_variant;synonymous_variant;upstream_gene_variant",956,31,"XV",9,1656,1.656,5.43478260869565,0.777777777777778,1.288,FALSE,2.33126202060078
"5059","YOL013W-A",3,3,0,0,0,3,0,0,0,3,0,"missense_variant",NA,NA,"XV",3,NA,NA,NA,0,NA,FALSE,NA
"5060","YOL013W-B",7,7,0,0,0,5,1,0,2,5,0,"initiator_codon_variant;missense_variant;synonymous_variant",NA,NA,"XV",7,NA,NA,NA,0,NA,FALSE,NA
"5061","YOL014W",30,30,0,0,0,24,6,0,6,24,0,"missense_variant;synonymous_variant",NA,NA,"XV",30,375,0.375,80,0,0,FALSE,8.94427190999916
"5062","YOL015W",15,15,0,0,0,6,9,0,9,6,0,"synonymous_variant;missense_variant",NA,NA,"XV",15,1761,1.761,8.51788756388416,0,0,FALSE,2.9185420270889
"5063","YOL016C",7,7,0,0,0,1,6,0,6,1,0,"synonymous_variant;missense_variant",NA,NA,"XV",7,1344,1.344,5.20833333333333,0,0,FALSE,2.28217732293819
"5064","YOL017W",23,23,0,0,0,10,13,0,13,10,0,"synonymous_variant;missense_variant",NA,NA,"XV",23,2145,2.145,10.7226107226107,0,0,FALSE,3.27453977264145
"5065","YOL018C",19,10,0,9,0,2,8,9,8,2,0,"missense_variant;synonymous_variant;upstream_gene_variant",419,2,"XV",10,1194,1.194,8.37520938023451,0.9,1.0746,FALSE,2.89399540086616
"5066","YOL019W",13,13,0,0,0,2,11,0,11,2,0,"synonymous_variant;missense_variant",NA,NA,"XV",13,1656,1.656,7.85024154589372,0,0,FALSE,2.80182825060597
"5067","YOL020W",13,13,0,0,0,5,8,0,8,5,0,"missense_variant;synonymous_variant",NA,NA,"XV",13,1779,1.779,7.30747611017426,0,0,FALSE,2.70323437943776
"5068","YOL021C",13,13,0,0,0,1,12,0,12,1,0,"synonymous_variant;missense_variant",NA,NA,"XV",13,3006,3.006,4.32468396540253,0,0,FALSE,2.07958745077059
"5069","YOL022C",27,13,0,14,0,1,12,14,12,1,0,"synonymous_variant;missense_variant;upstream_gene_variant",866,26,"XV",13,1227,1.227,10.5949470252649,1.07692307692308,1.32138461538462,FALSE,3.25498802229207
"5070","YOL023W",18,18,0,0,0,3,15,0,15,3,0,"synonymous_variant;missense_variant",NA,NA,"XV",18,2031,2.031,8.86262924667651,0,0,FALSE,2.97701683681442
"5071","YOL024W",4,4,0,0,0,3,1,0,1,3,0,"synonymous_variant;missense_variant",NA,NA,"XV",4,519,0.519,7.70712909441233,0,0,FALSE,2.77617166155343
"5072","YOL025W",11,11,0,0,0,5,6,0,6,5,0,"synonymous_variant;missense_variant",NA,NA,"XV",11,1983,1.983,5.54715078164397,0,0,FALSE,2.35523900732897
"5073","YOL027C",10,10,0,0,0,4,6,0,6,4,0,"missense_variant;synonymous_variant",NA,NA,"XV",10,1722,1.722,5.80720092915215,0,0,FALSE,2.4098134635594
"5074","YOL028C",8,8,0,0,0,2,6,0,6,2,0,"synonymous_variant;missense_variant",NA,NA,"XV",8,738,0.738,10.840108401084,0,0,FALSE,3.29243198883197
"5075","YOL029C",4,4,0,0,0,1,3,0,3,1,0,"synonymous_variant;missense_variant",NA,NA,"XV",4,606,0.606,6.6006600660066,0,0,FALSE,2.56917497769354
"5076","YOL030W",7,7,0,0,0,2,5,0,5,2,0,"synonymous_variant;missense_variant",NA,NA,"XV",7,1455,1.455,4.81099656357388,0,0,FALSE,2.19339840511793
"5077","YOL031C",17,10,0,7,0,2,8,7,8,2,0,"synonymous_variant;missense_variant;upstream_gene_variant",605,48,"XV",10,1266,1.266,7.89889415481833,0.7,0.8862,FALSE,2.81049713659671
"5078","YOL032W",6,5,0,1,0,1,4,1,4,1,0,"upstream_gene_variant;synonymous_variant;missense_variant",197,197,"XV",5,741,0.741,6.7476383265857,0.2,0.1482,FALSE,2.59762166733066
"5079","YOL033W",5,5,0,0,0,4,1,0,1,4,0,"missense_variant;synonymous_variant",NA,NA,"XV",5,1611,1.611,3.10366232153942,0,0,FALSE,1.76172140860563
"5080","YOL034W",23,23,0,0,0,7,15,0,15,7,1,"synonymous_variant;missense_variant;stop_gained",NA,NA,"XV",23,3282,3.282,7.00792199878123,0,0,FALSE,2.64724800477425
"5081","YOL035C",1,1,0,0,0,1,0,0,0,1,0,"missense_variant",NA,NA,"XV",1,NA,NA,NA,0,NA,FALSE,NA
"5082","YOL036W",12,12,0,0,0,6,6,0,6,6,0,"missense_variant;synonymous_variant",NA,NA,"XV",12,2286,2.286,5.249343832021,0,0,FALSE,2.29114465541157
"5083","YOL037C",1,1,0,0,0,0,1,0,1,0,0,"synonymous_variant",NA,NA,"XV",1,NA,NA,NA,0,NA,FALSE,NA
"5084","YOL038C-A",3,3,0,0,0,3,0,0,0,3,0,"missense_variant",NA,NA,"XV",3,96,0.096,31.25,0,0,FALSE,5.59016994374947
"5085","YOL038W",1,1,0,0,0,1,0,0,0,1,0,"missense_variant",NA,NA,"XV",1,765,0.765,1.30718954248366,0,0,FALSE,1.14332390095006
"5086","YOL040C",1,1,0,0,0,1,0,0,0,1,0,"missense_variant",NA,NA,"XV",1,429,0.429,2.33100233100233,0,0,FALSE,1.52676204138115
"5087","YOL041C",1,1,0,0,0,0,1,0,1,0,0,"synonymous_variant",NA,NA,"XV",1,1380,1.38,0.72463768115942,0,0,FALSE,0.851256530758749
"5088","YOL042W",5,5,0,0,0,1,4,0,4,1,0,"synonymous_variant;missense_variant",NA,NA,"XV",5,1092,1.092,4.57875457875458,0,0,FALSE,2.13980246255456
"5089","YOL043C",12,11,0,1,0,4,7,1,7,4,0,"synonymous_variant;missense_variant;upstream_gene_variant",54,54,"XV",11,1143,1.143,9.62379702537183,0.0909090909090909,0.103909090909091,FALSE,3.10222452852333
"5090","YOL044W",14,14,0,0,0,6,8,0,8,6,0,"synonymous_variant;missense_variant",NA,NA,"XV",14,1152,1.152,12.1527777777778,0,0,FALSE,3.48608344389198
"5091","YOL045W",15,15,0,0,0,4,11,0,11,4,0,"synonymous_variant;missense_variant",NA,NA,"XV",15,3306,3.306,4.53720508166969,0,0,FALSE,2.13007161421152
"5092","YOL046C",3,3,0,0,0,1,2,0,2,1,0,"missense_variant;synonymous_variant",NA,NA,"XV",3,NA,NA,NA,0,NA,FALSE,NA
"5093","YOL047C",4,4,0,0,0,2,2,0,2,2,0,"synonymous_variant;missense_variant",NA,NA,"XV",4,1134,1.134,3.52733686067019,0,0,FALSE,1.87812056606337
"5094","YOL048C",8,8,0,0,0,6,2,0,2,6,0,"missense_variant;synonymous_variant",NA,NA,"XV",8,1107,1.107,7.22673893405601,0,0,FALSE,2.68825946181837
"5095","YOL049W",6,6,0,0,0,2,3,0,4,2,0,"synonymous_variant;missense_variant;splice_region_variant&stop_retained_variant",NA,NA,"XV",6,1476,1.476,4.0650406504065,0,0,FALSE,2.01619459636378
"5096","YOL051W",19,19,0,0,0,5,14,0,14,5,0,"synonymous_variant;missense_variant",NA,NA,"XV",19,3246,3.246,5.85335797905114,0,0,FALSE,2.41937140163538
"5097","YOL052C",10,10,0,0,0,2,8,0,8,2,0,"synonymous_variant;missense_variant",NA,NA,"XV",10,1191,1.191,8.39630562552477,0,0,FALSE,2.89763793899872
"5098","YOL052C-A",1,0,0,1,0,0,0,1,0,0,0,"upstream_gene_variant",438,438,"XV",0,186,0.186,0,NA,NA,FALSE,0
"5099","YOL053W",13,13,0,0,0,7,6,0,6,7,0,"missense_variant;synonymous_variant",NA,NA,"XV",13,1188,1.188,10.9427609427609,0,0,FALSE,3.30798442299249
"5100","YOL054W",8,8,0,0,0,5,3,0,3,5,0,"synonymous_variant;missense_variant",NA,NA,"XV",8,1221,1.221,6.55200655200655,0,0,FALSE,2.55968876076889
"5101","YOL055C",16,3,0,13,0,0,3,13,3,0,0,"synonymous_variant;upstream_gene_variant",890,258,"XV",3,1656,1.656,1.81159420289855,4.33333333333333,7.176,FALSE,1.34595475514541
"5102","YOL056W",12,8,0,4,0,1,7,4,7,1,0,"upstream_gene_variant;missense_variant;synonymous_variant",245,61,"XV",8,912,0.912,8.7719298245614,0.5,0.456,FALSE,2.96174438879546
"5103","YOL057W",18,18,0,0,0,6,12,0,12,6,0,"synonymous_variant;missense_variant",NA,NA,"XV",18,2136,2.136,8.42696629213483,0,0,FALSE,2.90292374893569
"5104","YOL058W",3,3,0,0,0,0,3,0,3,0,0,"synonymous_variant",NA,NA,"XV",3,1263,1.263,2.37529691211401,0,0,FALSE,1.54119982874188
"5105","YOL059W",4,4,0,0,0,2,2,0,2,2,0,"synonymous_variant;missense_variant",NA,NA,"XV",4,1323,1.323,3.02343159486017,0,0,FALSE,1.73880176985767
"5106","YOL060C",17,16,0,1,0,2,14,1,14,2,0,"synonymous_variant;missense_variant;upstream_gene_variant",976,976,"XV",16,2121,2.121,7.54361150400754,0.0625,0.1325625,FALSE,2.7465635809148
"5107","YOL061W",7,7,0,0,0,0,7,0,7,0,0,"synonymous_variant",NA,NA,"XV",7,1491,1.491,4.69483568075117,0,0,FALSE,2.1667569500872
"5108","YOL062C",15,15,0,0,0,5,10,0,10,5,0,"synonymous_variant;missense_variant",NA,NA,"XV",15,1476,1.476,10.1626016260163,0,0,FALSE,3.18788356531669
"5109","YOL063C",41,41,0,0,0,16,24,0,24,16,1,"stop_gained;missense_variant;synonymous_variant",NA,NA,"XV",41,2874,2.874,14.2658315935978,0,0,FALSE,3.77701358133616
"5110","YOL064C",12,12,0,0,0,2,10,0,10,2,0,"synonymous_variant;missense_variant",NA,NA,"XV",12,1074,1.074,11.1731843575419,0,0,FALSE,3.34263135232438
"5111","YOL065C",16,16,0,0,0,8,8,0,8,8,0,"missense_variant;synonymous_variant",NA,NA,"XV",16,1155,1.155,13.8528138528139,0,0,FALSE,3.72193684159388
"5112","YOL066C",14,14,0,0,0,4,10,0,10,4,0,"synonymous_variant;missense_variant",NA,NA,"XV",14,1776,1.776,7.88288288288288,0,0,FALSE,2.80764721481936
"5113","YOL067C",5,5,0,0,0,2,3,0,3,2,0,"synonymous_variant;missense_variant",NA,NA,"XV",5,534,0.534,9.36329588014981,0,0,FALSE,3.05995030681052
"5114","YOL068C",4,4,0,0,0,2,2,0,2,2,0,"synonymous_variant;missense_variant",NA,NA,"XV",4,1512,1.512,2.64550264550265,0,0,FALSE,1.62650012158089
"5115","YOL069W",6,6,0,0,0,1,5,0,5,1,0,"synonymous_variant;missense_variant",NA,NA,"XV",6,1356,1.356,4.42477876106195,0,0,FALSE,2.10351580955836
"5116","YOL070C",10,10,0,0,0,3,7,0,7,3,0,"synonymous_variant;missense_variant",NA,NA,"XV",10,1506,1.506,6.64010624169987,0,0,FALSE,2.57684036015037
"5117","YOL071W",3,3,0,0,0,1,2,0,2,1,0,"missense_variant;synonymous_variant",NA,NA,"XV",3,489,0.489,6.13496932515337,0,0,FALSE,2.47688702309035
"5118","YOL072W",9,9,0,0,0,1,8,0,8,1,0,"synonymous_variant;missense_variant",NA,NA,"XV",9,1368,1.368,6.57894736842105,0,0,FALSE,2.56494588021289
"5119","YOL073C",5,5,0,0,0,1,4,0,4,1,0,"missense_variant;synonymous_variant",NA,NA,"XV",5,969,0.969,5.15995872033024,0,0,FALSE,2.27155425212127
"5120","YOL075C",12,9,0,3,0,3,6,3,6,3,0,"synonymous_variant;missense_variant;upstream_gene_variant",219,67,"XV",9,3885,3.885,2.31660231660232,0.333333333333333,1.295,FALSE,1.52203886829552
"5121","YOL076W",14,14,0,0,0,6,8,0,8,6,0,"synonymous_variant;missense_variant",NA,NA,"XV",14,2391,2.391,5.85529067335843,0,0,FALSE,2.41977078942581
"5122","YOL077C",8,3,0,5,0,1,2,5,2,1,0,"missense_variant;synonymous_variant;upstream_gene_variant",285,28,"XV",3,876,0.876,3.42465753424658,1.66666666666667,1.46,FALSE,1.85058302549401
"5123","YOL077W-A",3,3,0,0,0,1,2,0,2,1,0,"synonymous_variant;missense_variant",NA,NA,"XV",3,207,0.207,14.4927536231884,0,0,FALSE,3.8069349381344
"5124","YOL078W",32,32,0,0,0,9,23,0,23,9,0,"synonymous_variant;missense_variant",NA,NA,"XV",32,3531,3.531,9.06258850184084,0,0,FALSE,3.01041334401787
"5125","YOL079W",6,4,0,2,0,2,0,2,0,2,2,"upstream_gene_variant;stop_gained;missense_variant",598,523,"XV",4,NA,NA,NA,0.5,NA,FALSE,NA
"5126","YOL080C",12,9,0,3,0,5,4,3,4,5,0,"synonymous_variant;missense_variant;upstream_gene_variant",213,175,"XV",9,870,0.87,10.3448275862069,0.333333333333333,0.29,FALSE,3.21633760451338
"5127","YOL081W",104,104,0,0,0,37,67,0,67,37,0,"synonymous_variant;missense_variant",NA,NA,"XV",104,9240,9.24,11.2554112554113,0,0,FALSE,3.35490853160131
"5128","YOL082W",10,10,0,0,0,2,8,0,8,2,0,"synonymous_variant;missense_variant",NA,NA,"XV",10,1248,1.248,8.01282051282051,0,0,FALSE,2.83069258536149
"5129","YOL083C-A",9,0,0,9,0,0,0,9,0,0,0,"upstream_gene_variant",882,420,"XV",0,NA,NA,NA,NA,NA,FALSE,NA
"5130","YOL083W",22,22,0,0,0,10,12,0,12,10,0,"synonymous_variant;missense_variant",NA,NA,"XV",22,1239,1.239,17.7562550443906,0,0,FALSE,4.21381715839577
"5131","YOL084W",33,33,0,0,0,11,22,0,22,11,0,"synonymous_variant;missense_variant",NA,NA,"XV",33,2976,2.976,11.0887096774194,0,0,FALSE,3.32997142291332
"5132","YOL085C",3,3,0,0,0,2,1,0,1,2,0,"synonymous_variant;missense_variant",NA,NA,"XV",3,342,0.342,8.7719298245614,0,0,FALSE,2.96174438879546
"5133","YOL085W-A",2,2,0,0,0,2,0,0,0,2,0,"missense_variant",NA,NA,"XV",2,NA,NA,NA,0,NA,FALSE,NA
"5134","YOL086C",26,26,0,0,0,8,18,0,18,8,0,"missense_variant;synonymous_variant",NA,NA,"XV",26,1047,1.047,24.8328557784145,0,0,FALSE,4.98325754686776
"5135","YOL086W-A",3,3,0,0,0,1,2,0,2,1,0,"synonymous_variant;missense_variant",NA,NA,"XV",3,273,0.273,10.989010989011,0,0,FALSE,3.31496772065898
"5136","YOL087C",26,26,0,0,0,6,20,0,20,6,0,"synonymous_variant;missense_variant",NA,NA,"XV",26,3351,3.351,7.75887794688153,0,0,FALSE,2.78547625135838
"5137","YOL088C",7,7,0,0,0,5,2,0,2,5,0,"missense_variant;synonymous_variant",NA,NA,"XV",7,834,0.834,8.39328537170264,0,0,FALSE,2.89711673422088
"5138","YOL089C",46,38,0,8,0,23,15,8,15,23,0,"missense_variant;synonymous_variant;upstream_gene_variant",271,23,"XV",38,3093,3.093,12.2858066602005,0.210526315789474,0.651157894736842,FALSE,3.50511150467435
"5139","YOL090W",29,29,0,0,0,2,27,0,27,2,0,"synonymous_variant;missense_variant",NA,NA,"XV",29,2895,2.895,10.0172711571675,0,0,FALSE,3.16500729180322
"5140","YOL091W",15,15,0,0,0,5,9,0,10,5,0,"synonymous_variant;missense_variant;splice_region_variant&stop_retained_variant",NA,NA,"XV",15,1830,1.83,8.19672131147541,0,0,FALSE,2.86299167156934
"5141","YOL092W",4,4,0,0,0,2,2,0,2,2,0,"synonymous_variant;missense_variant",NA,NA,"XV",4,927,0.927,4.31499460625674,0,0,FALSE,2.07725650949919
"5142","YOL093W",9,9,0,0,0,4,4,0,5,4,0,"missense_variant;synonymous_variant;splice_region_variant&stop_retained_variant",NA,NA,"XV",9,882,0.882,10.2040816326531,0,0,FALSE,3.1943828249997
"5143","YOL094C",4,4,0,0,0,0,4,0,4,0,0,"synonymous_variant",NA,NA,"XV",4,972,0.972,4.11522633744856,0,0,FALSE,2.02860206483395
"5144","YOL095C",14,14,0,0,0,6,8,0,8,6,0,"missense_variant;synonymous_variant",NA,NA,"XV",14,2121,2.121,6.6006600660066,0,0,FALSE,2.56917497769354
"5145","YOL096C",12,12,0,0,0,2,10,0,10,2,0,"synonymous_variant;missense_variant",NA,NA,"XV",12,939,0.939,12.779552715655,0,0,FALSE,3.57485002701581
"5146","YOL097C",3,3,0,0,0,0,3,0,3,0,0,"synonymous_variant",NA,NA,"XV",3,1299,1.299,2.3094688221709,0,0,FALSE,1.51969366063391
"5147","YOL097W-A",4,4,0,0,0,3,1,0,1,3,0,"missense_variant;synonymous_variant",NA,NA,"XV",4,186,0.186,21.505376344086,0,0,FALSE,4.63738895760168
"5148","YOL098C",10,10,0,0,0,2,8,0,8,2,0,"synonymous_variant;missense_variant",NA,NA,"XV",10,3114,3.114,3.21130378933847,0,0,FALSE,1.79201110190157
"5149","YOL099C",2,2,0,0,0,2,0,0,0,2,0,"missense_variant",NA,NA,"XV",2,NA,NA,NA,0,NA,FALSE,NA
"5150","YOL100W",30,30,0,0,0,9,21,0,21,9,0,"synonymous_variant;missense_variant",NA,NA,"XV",30,3246,3.246,9.24214417744917,0,0,FALSE,3.04008950155241
"5151","YOL101C",3,3,0,0,0,0,3,0,3,0,0,"synonymous_variant",NA,NA,"XV",3,939,0.939,3.19488817891374,0,0,FALSE,1.78742501350791
"5152","YOL102C",7,5,0,2,0,2,3,2,3,2,0,"missense_variant;synonymous_variant;upstream_gene_variant",179,177,"XV",5,693,0.693,7.21500721500722,0.4,0.2772,FALSE,2.68607654675127
"5153","YOL103W",10,8,0,2,0,0,8,2,8,0,0,"upstream_gene_variant;synonymous_variant",365,296,"XV",8,1830,1.83,4.37158469945355,0.25,0.4575,FALSE,2.09083349395727
"5154","YOL104C",13,13,0,0,0,5,8,0,8,5,0,"synonymous_variant;missense_variant",NA,NA,"XV",13,1059,1.059,12.275731822474,0,0,FALSE,3.50367404626544
"5155","YOL105C",26,26,0,0,0,9,17,0,17,9,0,"missense_variant;synonymous_variant",NA,NA,"XV",26,1671,1.671,15.5595451825254,0,0,FALSE,3.94455893383854
"5156","YOL106W",6,6,0,0,0,4,2,0,2,4,0,"missense_variant;synonymous_variant",NA,NA,"XV",6,NA,NA,NA,0,NA,FALSE,NA
"5157","YOL107W",5,5,0,0,0,2,3,0,3,2,0,"synonymous_variant;missense_variant",NA,NA,"XV",5,1029,1.029,4.85908649173955,0,0,FALSE,2.20433357088703
"5158","YOL108C",4,4,0,0,0,1,3,0,3,1,0,"synonymous_variant;missense_variant",NA,NA,"XV",4,456,0.456,8.7719298245614,0,0,FALSE,2.96174438879546
"5159","YOL109W",3,3,0,0,0,1,2,0,2,1,0,"synonymous_variant;missense_variant",NA,NA,"XV",3,342,0.342,8.7719298245614,0,0,FALSE,2.96174438879546
"5160","YOL110W",3,3,0,0,0,2,1,0,1,2,0,"synonymous_variant;missense_variant",NA,NA,"XV",3,714,0.714,4.20168067226891,0,0,FALSE,2.04980015422697
"5161","YOL111C",9,3,0,6,0,2,1,6,1,2,0,"missense_variant;synonymous_variant;upstream_gene_variant",999,49,"XV",3,639,0.639,4.69483568075117,2,1.278,FALSE,2.1667569500872
"5162","YOL112W",8,8,0,0,0,1,7,0,7,1,0,"synonymous_variant;missense_variant",NA,NA,"XV",8,1479,1.479,5.40906017579446,0,0,FALSE,2.32573863015483
"5163","YOL113W",22,22,0,0,0,9,13,0,13,9,0,"synonymous_variant;missense_variant",NA,NA,"XV",22,1968,1.968,11.1788617886179,0,0,FALSE,3.34348049024036
"5164","YOL114C",7,3,0,4,0,0,3,4,3,0,0,"synonymous_variant;upstream_gene_variant",272,43,"XV",3,609,0.609,4.92610837438424,1.33333333333333,0.812,FALSE,2.21948380809238
"5165","YOL115W",14,14,0,0,0,5,9,0,9,5,0,"missense_variant;synonymous_variant",NA,NA,"XV",14,1755,1.755,7.97720797720798,0,0,FALSE,2.82439515245441
"5166","YOL116W",14,14,0,0,0,5,9,0,9,5,0,"synonymous_variant;missense_variant",NA,NA,"XV",14,1149,1.149,12.1845082680592,0,0,FALSE,3.490631499895
"5167","YOL117W",15,15,0,0,0,6,9,0,9,6,0,"missense_variant;synonymous_variant",NA,NA,"XV",15,1938,1.938,7.73993808049536,0,0,FALSE,2.78207442037329
"5168","YOL118C",5,5,0,0,0,4,1,0,1,4,0,"missense_variant;synonymous_variant",NA,NA,"XV",5,309,0.309,16.1812297734628,0,0,FALSE,4.02258993354565
"5169","YOL119C",7,7,0,0,0,2,5,0,5,2,0,"missense_variant;synonymous_variant",NA,NA,"XV",7,1506,1.506,4.64807436918991,0,0,FALSE,2.15593932409748
"5170","YOL122C",9,8,0,1,0,3,5,1,5,3,0,"missense_variant;synonymous_variant;upstream_gene_variant",358,358,"XV",8,1728,1.728,4.62962962962963,0.125,0.216,FALSE,2.15165741455968
"5171","YOL123W",6,6,0,0,0,1,5,0,5,1,0,"synonymous_variant;missense_variant",NA,NA,"XV",6,1605,1.605,3.73831775700935,0,0,FALSE,1.93347297809133
"5172","YOL124C",6,6,0,0,0,2,4,0,4,2,0,"missense_variant;synonymous_variant",NA,NA,"XV",6,1302,1.302,4.60829493087558,0,0,FALSE,2.14669395370546
"5173","YOL125W",11,11,0,0,0,2,9,0,9,2,0,"synonymous_variant;missense_variant",NA,NA,"XV",11,1431,1.431,7.6869322152341,0,0,FALSE,2.7725317338552
"5174","YOL126C",14,14,0,0,0,0,14,0,14,0,0,"synonymous_variant",NA,NA,"XV",14,1134,1.134,12.3456790123457,0,0,FALSE,3.51364184463153
"5175","YOL127W",1,1,0,0,0,0,1,0,1,0,0,"synonymous_variant",NA,NA,"XV",1,843,0.843,1.18623962040332,0,0,FALSE,1.08914628053504
"5176","YOL128C",23,11,0,12,0,5,6,12,6,5,0,"synonymous_variant;missense_variant;upstream_gene_variant",970,106,"XV",11,1128,1.128,9.75177304964539,1.09090909090909,1.23054545454545,FALSE,3.12278290145911
"5177","YOL129W",7,1,0,6,0,0,1,6,1,0,0,"upstream_gene_variant;synonymous_variant",271,128,"XV",1,555,0.555,1.8018018018018,6,3.33,FALSE,1.34231211042805
"5178","YOL130W",27,27,0,0,0,6,21,0,21,6,0,"synonymous_variant;missense_variant",NA,NA,"XV",27,2580,2.58,10.4651162790698,0,0,FALSE,3.23498319610315
"5179","YOL131W",3,3,0,0,0,1,2,0,2,1,0,"missense_variant;synonymous_variant",NA,NA,"XV",3,327,0.327,9.1743119266055,0,0,FALSE,3.02891266407691
"5180","YOL132W",7,7,0,0,0,1,6,0,6,1,0,"missense_variant;synonymous_variant",NA,NA,"XV",7,1416,1.416,4.94350282485876,0,0,FALSE,2.22339893515733
"5181","YOL134C",5,5,0,0,0,4,1,0,1,4,0,"missense_variant;synonymous_variant",NA,NA,"XV",5,NA,NA,NA,0,NA,FALSE,NA
"5182","YOL135C",4,4,0,0,0,2,2,0,2,2,0,"missense_variant;synonymous_variant",NA,NA,"XV",4,669,0.669,5.97907324364723,0,0,FALSE,2.44521435535767
"5183","YOL136C",5,5,0,0,0,0,5,0,5,0,0,"synonymous_variant",NA,NA,"XV",5,1194,1.194,4.18760469011725,0,0,FALSE,2.04636377267515
"5184","YOL137W",4,4,0,0,0,1,3,0,3,1,0,"synonymous_variant;missense_variant",NA,NA,"XV",4,1494,1.494,2.67737617135207,0,0,FALSE,1.63626897891272
"5185","YOL138C",16,16,0,0,0,1,15,0,15,1,0,"synonymous_variant;missense_variant",NA,NA,"XV",16,4026,4.026,3.97416790859414,0,0,FALSE,1.9935315168299
"5186","YOL140W",1,1,0,0,0,0,1,0,1,0,0,"synonymous_variant",NA,NA,"XV",1,1272,1.272,0.786163522012579,0,0,FALSE,0.886658627664886
"5187","YOL141W",8,8,0,0,0,5,3,0,3,5,0,"missense_variant;synonymous_variant",NA,NA,"XV",8,2088,2.088,3.83141762452107,0,0,FALSE,1.95740073171568
"5188","YOL142W",1,1,0,0,0,1,0,0,0,1,0,"missense_variant",NA,NA,"XV",1,723,0.723,1.38312586445367,0,0,FALSE,1.17606371615388
"5189","YOL143C",1,1,0,0,0,0,1,0,1,0,0,"synonymous_variant",NA,NA,"XV",1,510,0.51,1.96078431372549,0,0,FALSE,1.40028008402801
"5190","YOL144W",2,2,0,0,0,1,1,0,1,1,0,"missense_variant;synonymous_variant",NA,NA,"XV",2,1455,1.455,1.3745704467354,0,0,FALSE,1.1724207635211
"5191","YOL145C",4,4,0,0,0,2,2,0,2,2,0,"synonymous_variant;missense_variant",NA,NA,"XV",4,3234,3.234,1.23685837971552,0,0,FALSE,1.11214134880218
"5192","YOL146W",1,1,0,0,0,1,0,0,0,1,0,"missense_variant",NA,NA,"XV",1,585,0.585,1.70940170940171,0,0,FALSE,1.30744090092123
"5193","YOL147C",3,3,0,0,0,0,3,0,3,0,0,"synonymous_variant",NA,NA,"XV",3,711,0.711,4.21940928270042,0,0,FALSE,2.0541200750444
"5194","YOL148C",4,4,0,0,0,0,4,0,4,0,0,"synonymous_variant",NA,NA,"XV",4,1815,1.815,2.20385674931129,0,0,FALSE,1.48453923805041
"5195","YOL149W",1,1,0,0,0,0,1,0,1,0,0,"synonymous_variant",NA,NA,"XV",1,696,0.696,1.4367816091954,0,0,FALSE,1.19865825371346
"5196","YOL150C",1,0,0,1,0,0,0,1,0,0,0,"upstream_gene_variant",17,17,"XV",0,NA,NA,NA,NA,NA,FALSE,NA
"5197","YOL151W",27,18,0,9,0,5,13,9,13,5,0,"upstream_gene_variant;synonymous_variant;missense_variant",95,6,"XV",18,1029,1.029,17.4927113702624,0.5,0.5145,FALSE,4.18242888406514
"5198","YOL152W",16,16,0,0,0,8,8,0,8,8,0,"synonymous_variant;missense_variant",NA,NA,"XV",16,1863,1.863,8.58829844337091,0,0,FALSE,2.93057988175905
"5199","YOL153C",16,0,0,16,0,0,0,16,0,0,0,"upstream_gene_variant",924,174,"XV",0,NA,NA,NA,NA,NA,FALSE,NA
"5200","YOL154W",2,2,0,0,0,1,1,0,1,1,0,"synonymous_variant;missense_variant",NA,NA,"XV",2,750,0.75,2.66666666666667,0,0,FALSE,1.63299316185545
"5201","YOL155C",65,50,0,15,0,17,33,15,33,17,0,"missense_variant;synonymous_variant;upstream_gene_variant",780,33,"XV",50,2904,2.904,17.2176308539945,0.3,0.8712,FALSE,4.14941331443308
"5202","YOL155W-A",1,1,0,0,0,1,0,0,0,1,0,"missense_variant",NA,NA,"XV",1,135,0.135,7.40740740740741,0,0,FALSE,2.72165526975909
"5203","YOL156W",20,20,0,0,0,2,18,0,18,2,0,"missense_variant;synonymous_variant",NA,NA,"XV",20,1704,1.704,11.7370892018779,0,0,FALSE,3.42594354913766
"5204","YOL157C",11,11,0,0,0,3,8,0,8,3,0,"missense_variant;synonymous_variant",NA,NA,"XV",11,1770,1.77,6.21468926553672,0,0,FALSE,2.49292785004635
"5205","YOL158C",36,36,0,0,0,13,23,0,23,13,0,"synonymous_variant;missense_variant",NA,NA,"XV",36,1821,1.821,19.7693574958814,0,0,FALSE,4.44627456370852
"5206","YOL159C",8,8,0,0,0,5,2,0,2,5,1,"missense_variant;synonymous_variant;stop_gained",NA,NA,"XV",8,516,0.516,15.5038759689922,0,0,FALSE,3.93749615479079
"5207","YOL159C-A",1,1,0,0,0,0,1,0,1,0,0,"synonymous_variant",NA,NA,"XV",1,273,0.273,3.66300366300366,0,0,FALSE,1.91389750587738
"5208","YOL160W",2,2,0,0,0,0,2,0,2,0,0,"synonymous_variant",NA,NA,"XV",2,342,0.342,5.84795321637427,0,0,FALSE,2.41825416703337
"5209","YOL161C",46,3,0,43,0,0,3,43,3,0,0,"synonymous_variant;upstream_gene_variant",987,2,"XV",3,363,0.363,8.26446280991736,14.3333333333333,5.203,FALSE,2.87479787288034
"5210","YOL162W",5,5,0,0,0,3,2,0,2,3,0,"missense_variant;synonymous_variant",NA,NA,"XV",5,648,0.648,7.71604938271605,0,0,FALSE,2.77777777777778
"5211","YOL163W",2,0,0,2,0,0,0,2,0,0,0,"upstream_gene_variant",342,331,"XV",0,510,0.51,0,NA,NA,FALSE,0
"5212","YOL164W",7,7,0,0,0,2,5,0,5,2,0,"synonymous_variant;missense_variant",NA,NA,"XV",7,1941,1.941,3.60638845955693,0,0,FALSE,1.89904935679853
"5213","YOL164W-A",2,2,0,0,0,2,0,0,0,2,0,"missense_variant",NA,NA,"XV",2,183,0.183,10.9289617486339,0,0,FALSE,3.30589802453643
"5214","YOL165C",5,5,0,0,0,3,2,0,2,3,0,"missense_variant;synonymous_variant",NA,NA,"XV",5,432,0.432,11.5740740740741,0,0,FALSE,3.40206908719886
"5215","YOL166C",7,4,0,3,0,2,2,3,2,2,0,"missense_variant;synonymous_variant;upstream_gene_variant",956,177,"XV",4,NA,NA,NA,0.75,NA,FALSE,NA
"5216","YOL166W-A",17,8,0,9,0,6,2,9,2,6,0,"upstream_gene_variant;missense_variant;synonymous_variant",205,10,"XV",8,156,0.156,51.2820512820513,1.125,0.1755,FALSE,7.16114874039433
"5217","YOR001W",21,21,0,0,0,8,13,0,13,8,0,"synonymous_variant;missense_variant",NA,NA,"XV",21,2202,2.202,9.53678474114441,0,0,FALSE,3.08816850918864
"5218","YOR002W",6,6,0,0,0,3,3,0,3,3,0,"missense_variant;synonymous_variant",NA,NA,"XV",6,1635,1.635,3.6697247706422,0,0,FALSE,1.9156525704423
"5219","YOR003W",12,7,0,5,0,2,5,5,5,2,0,"upstream_gene_variant;missense_variant;synonymous_variant",336,46,"XV",7,1437,1.437,4.87125956854558,0.714285714285714,1.02642857142857,FALSE,2.20709301311603
"5220","YOR004W",11,3,0,8,0,1,2,8,2,1,0,"upstream_gene_variant;synonymous_variant;missense_variant",693,189,"XV",3,765,0.765,3.92156862745098,2.66666666666667,2.04,FALSE,1.98029508595335
"5221","YOR005C",21,16,0,5,0,7,9,5,9,7,0,"synonymous_variant;missense_variant;upstream_gene_variant",292,82,"XV",16,2835,2.835,5.64373897707231,0.3125,0.8859375,FALSE,2.37565548366599
"5222","YOR006C",6,6,0,0,0,2,4,0,4,2,0,"missense_variant;synonymous_variant",NA,NA,"XV",6,942,0.942,6.36942675159236,0,0,FALSE,2.52377232562534
"5223","YOR007C",5,5,0,0,0,1,4,0,4,1,0,"synonymous_variant;missense_variant",NA,NA,"XV",5,1041,1.041,4.8030739673391,0,0,FALSE,2.19159165159459
"5224","YOR008C",3,3,0,0,0,1,2,0,2,1,0,"missense_variant;synonymous_variant",NA,NA,"XV",3,1137,1.137,2.63852242744063,0,0,FALSE,1.62435292576479
"5225","YOR008C-A",1,1,0,0,0,0,1,0,1,0,0,"synonymous_variant",NA,NA,"XV",1,225,0.225,4.44444444444444,0,0,FALSE,2.10818510677892
"5226","YOR009W",13,13,0,0,0,9,4,0,4,9,0,"missense_variant;synonymous_variant",NA,NA,"XV",13,1464,1.464,8.87978142076503,0,0,FALSE,2.9798962097303
"5227","YOR010C",4,4,0,0,0,1,3,0,3,1,0,"synonymous_variant;missense_variant",NA,NA,"XV",4,756,0.756,5.29100529100529,0,0,FALSE,2.30021853114118
"5228","YOR011W",20,20,0,0,0,6,14,0,14,6,0,"synonymous_variant;missense_variant",NA,NA,"XV",20,4185,4.185,4.778972520908,0,0,FALSE,2.18608611927984
"5229","YOR011W-A",1,1,0,0,0,1,0,0,0,1,0,"missense_variant",NA,NA,"XV",1,207,0.207,4.83091787439614,0,0,FALSE,2.19793491131929
"5230","YOR012W",1,1,0,0,0,1,0,0,0,1,0,"missense_variant",NA,NA,"XV",1,414,0.414,2.41545893719807,0,0,FALSE,1.55417468040052
"5231","YOR013W",2,2,0,0,0,0,2,0,2,0,0,"synonymous_variant",NA,NA,"XV",2,NA,NA,NA,0,NA,FALSE,NA
"5232","YOR014W",11,11,0,0,0,2,9,0,9,2,0,"missense_variant;synonymous_variant",NA,NA,"XV",11,2274,2.274,4.83729111697449,0,0,FALSE,2.19938425859932
"5233","YOR016C",4,2,0,2,0,0,2,2,2,0,0,"synonymous_variant;upstream_gene_variant",180,40,"XV",2,624,0.624,3.2051282051282,1,0.624,FALSE,1.79028718509858
"5234","YOR017W",5,5,0,0,0,2,3,0,3,2,0,"missense_variant;synonymous_variant",NA,NA,"XV",5,2403,2.403,2.08073241781107,0,0,FALSE,1.44247440802638
"5235","YOR018W",9,9,0,0,0,2,7,0,7,2,0,"synonymous_variant;missense_variant",NA,NA,"XV",9,2514,2.514,3.5799522673031,0,0,FALSE,1.8920761790433
"5236","YOR019W",20,14,0,6,0,5,9,6,9,5,0,"upstream_gene_variant;missense_variant;synonymous_variant",835,33,"XV",14,2193,2.193,6.38394892840857,0.428571428571429,0.939857142857143,FALSE,2.52664776500575
"5237","YOR020C",10,1,0,9,0,0,1,9,1,0,0,"synonymous_variant;upstream_gene_variant",756,282,"XV",1,321,0.321,3.11526479750779,9,2.889,FALSE,1.76501127404552
"5238","YOR020W-A",1,1,0,0,0,1,0,0,0,1,0,"missense_variant",NA,NA,"XV",1,273,0.273,3.66300366300366,0,0,FALSE,1.91389750587738
"5239","YOR021C",3,3,0,0,0,2,1,0,1,2,0,"missense_variant;synonymous_variant",NA,NA,"XV",3,642,0.642,4.67289719626168,0,0,FALSE,2.16168850583558
"5240","YOR022C",17,17,0,0,0,6,11,0,11,6,0,"synonymous_variant;missense_variant",NA,NA,"XV",17,2148,2.148,7.91433891992551,0,0,FALSE,2.81324348749366
"5241","YOR023C",10,10,0,0,0,3,7,0,7,3,0,"synonymous_variant;missense_variant",NA,NA,"XV",10,1701,1.701,5.87889476778366,0,0,FALSE,2.42464322484436
"5242","YOR024W",1,1,0,0,0,1,0,0,0,1,0,"missense_variant",NA,NA,"XV",1,NA,NA,NA,0,NA,FALSE,NA
"5243","YOR025W",1,1,0,0,0,0,1,0,1,0,0,"synonymous_variant",NA,NA,"XV",1,1344,1.344,0.744047619047619,0,0,FALSE,0.862581949177943
"5244","YOR026W",7,7,0,0,0,2,5,0,5,2,0,"missense_variant;synonymous_variant",NA,NA,"XV",7,1026,1.026,6.82261208576998,0,0,FALSE,2.61201303323126
"5245","YOR027W",5,5,0,0,0,0,5,0,5,0,0,"synonymous_variant",NA,NA,"XV",5,1770,1.77,2.82485875706215,0,0,FALSE,1.68073161363204
"5246","YOR028C",11,7,0,4,0,3,4,4,4,3,0,"missense_variant;synonymous_variant;upstream_gene_variant",957,125,"XV",7,888,0.888,7.88288288288288,0.571428571428571,0.507428571428571,FALSE,2.80764721481936
"5247","YOR029W",6,6,0,0,0,5,1,0,1,5,0,"missense_variant;synonymous_variant",NA,NA,"XV",6,336,0.336,17.8571428571429,0,0,FALSE,4.22577127364258
"5248","YOR030W",5,5,0,0,0,1,4,0,4,1,0,"missense_variant;synonymous_variant",NA,NA,"XV",5,1860,1.86,2.68817204301075,0,0,FALSE,1.63956458945988
"5249","YOR031W",2,2,0,0,0,1,0,0,0,1,1,"stop_lost;missense_variant",NA,NA,"XV",2,NA,NA,NA,0,NA,FALSE,NA
"5250","YOR032C",6,3,0,3,0,2,1,3,1,2,0,"missense_variant;synonymous_variant;upstream_gene_variant",572,370,"XV",3,1305,1.305,2.29885057471264,1,1.305,FALSE,1.51619608715781
"5251","YOR032W-A",3,3,0,0,0,2,1,0,1,2,0,"missense_variant;synonymous_variant",NA,NA,"XV",3,201,0.201,14.9253731343284,0,0,FALSE,3.86333704643128
"5252","YOR033C",9,9,0,0,0,1,8,0,8,1,0,"synonymous_variant;missense_variant",NA,NA,"XV",9,2109,2.109,4.2674253200569,0,0,FALSE,2.06577475056137
"5253","YOR034C",10,10,0,0,0,6,4,0,4,6,0,"missense_variant;synonymous_variant",NA,NA,"XV",10,2250,2.25,4.44444444444444,0,0,FALSE,2.10818510677892
"5254","YOR034C-A",4,4,0,0,0,4,0,0,0,4,0,"missense_variant",NA,NA,"XV",4,243,0.243,16.4609053497942,0,0,FALSE,4.0572041296679
"5255","YOR035C",24,24,0,0,0,9,15,0,15,9,0,"synonymous_variant;missense_variant",NA,NA,"XV",24,2370,2.37,10.126582278481,0,0,FALSE,3.18222913670292
"5256","YOR036W",4,4,0,0,0,0,4,0,4,0,0,"synonymous_variant",NA,NA,"XV",4,867,0.867,4.61361014994233,0,0,FALSE,2.14793159805948
"5257","YOR037W",7,7,0,0,0,5,2,0,2,5,0,"synonymous_variant;missense_variant",NA,NA,"XV",7,1101,1.101,6.35785649409628,0,0,FALSE,2.5214790290812
"5258","YOR038C",13,10,0,3,0,5,5,3,5,5,0,"synonymous_variant;missense_variant;upstream_gene_variant",147,96,"XV",10,2628,2.628,3.80517503805175,0.3,0.7884,FALSE,1.95068578660218
"5259","YOR039W",3,3,0,0,0,0,3,0,3,0,0,"synonymous_variant",NA,NA,"XV",3,777,0.777,3.86100386100386,0,0,FALSE,1.96494372972965
"5260","YOR040W",3,3,0,0,0,1,2,0,2,1,0,"synonymous_variant;missense_variant",NA,NA,"XV",3,858,0.858,3.4965034965035,0,0,FALSE,1.86989398001691
"5261","YOR041C",3,3,0,0,0,0,3,0,3,0,0,"synonymous_variant",NA,NA,"XV",3,NA,NA,NA,0,NA,FALSE,NA
"5262","YOR042W",2,2,0,0,0,0,2,0,2,0,0,"synonymous_variant",NA,NA,"XV",2,1236,1.236,1.61812297734628,0,0,FALSE,1.27205462828696
"5263","YOR043W",6,6,0,0,0,1,5,0,5,1,0,"synonymous_variant;missense_variant",NA,NA,"XV",6,1461,1.461,4.10677618069815,0,0,FALSE,2.02651824089944
"5264","YOR044W",1,1,0,0,0,0,1,0,1,0,0,"synonymous_variant",NA,NA,"XV",1,474,0.474,2.10970464135021,0,0,FALSE,1.45248223443532
"5265","YOR046C",5,4,0,1,0,0,4,1,4,0,0,"synonymous_variant;upstream_gene_variant",37,37,"XV",4,1449,1.449,2.76052449965493,0.25,0.36225,FALSE,1.66148262093076
"5266","YOR047C",7,7,0,0,0,3,4,0,4,3,0,"synonymous_variant;missense_variant",NA,NA,"XV",7,1335,1.335,5.2434456928839,0,0,FALSE,2.28985713372776
"5267","YOR048C",8,8,0,0,0,3,5,0,5,3,0,"synonymous_variant;missense_variant",NA,NA,"XV",8,3021,3.021,2.64812975835816,0,0,FALSE,1.62730751806724
"5268","YOR049C",9,9,0,0,0,2,7,0,7,2,0,"missense_variant;synonymous_variant",NA,NA,"XV",9,1065,1.065,8.45070422535211,0,0,FALSE,2.90700949866906
"5269","YOR050C",1,1,0,0,0,1,0,0,0,1,0,"missense_variant",NA,NA,"XV",1,NA,NA,NA,0,NA,FALSE,NA
"5270","YOR051C",10,10,0,0,0,3,7,0,7,3,0,"synonymous_variant;missense_variant",NA,NA,"XV",10,1239,1.239,8.07102502017756,0,0,FALSE,2.84095494863568
"5271","YOR053W",14,14,0,0,0,13,0,0,0,13,1,"start_lost;missense_variant",NA,NA,"XV",14,NA,NA,NA,0,NA,FALSE,NA
"5272","YOR054C",2,2,0,0,0,0,2,0,2,0,0,"synonymous_variant",NA,NA,"XV",2,2025,2.025,0.987654320987654,0,0,FALSE,0.993807989999907
"5273","YOR055W",1,1,0,0,0,1,0,0,0,1,0,"missense_variant",NA,NA,"XV",1,NA,NA,NA,0,NA,FALSE,NA
"5274","YOR056C",2,2,0,0,0,0,2,0,2,0,0,"synonymous_variant",NA,NA,"XV",2,1380,1.38,1.44927536231884,0,0,FALSE,1.20385853085769
"5275","YOR057W",2,2,0,0,0,1,1,0,1,1,0,"synonymous_variant;missense_variant",NA,NA,"XV",2,1188,1.188,1.68350168350168,0,0,FALSE,1.2974982402692
"5276","YOR058C",18,12,0,6,0,5,7,6,7,5,0,"synonymous_variant;missense_variant;upstream_gene_variant",997,378,"XV",12,2658,2.658,4.51467268623025,0.5,1.329,FALSE,2.12477591435668
"5277","YOR059C",6,6,0,0,0,1,5,0,5,1,0,"synonymous_variant;missense_variant",NA,NA,"XV",6,1353,1.353,4.43458980044346,0,0,FALSE,2.10584657571331
"5278","YOR060C",2,2,0,0,0,2,0,0,0,2,0,"missense_variant",NA,NA,"XV",2,774,0.774,2.58397932816537,0,0,FALSE,1.60747607390137
"5279","YOR061W",2,2,0,0,0,0,2,0,2,0,0,"synonymous_variant",NA,NA,"XV",2,1020,1.02,1.96078431372549,0,0,FALSE,1.40028008402801
"5280","YOR062C",8,8,0,0,0,4,4,0,4,4,0,"missense_variant;synonymous_variant",NA,NA,"XV",8,807,0.807,9.91325898389095,0,0,FALSE,3.14853283036575
"5281","YOR063W",1,1,0,0,0,0,1,0,1,0,0,"synonymous_variant",NA,NA,"XV",1,1164,1.164,0.859106529209622,0,0,FALSE,0.926879997200081
"5282","YOR064C",2,2,0,0,0,2,0,0,0,2,0,"missense_variant",NA,NA,"XV",2,660,0.66,3.03030303030303,0,0,FALSE,1.74077655955698
"5283","YOR065W",5,5,0,0,0,0,5,0,5,0,0,"synonymous_variant",NA,NA,"XV",5,930,0.93,5.3763440860215,0,0,FALSE,2.31869447880084
"5284","YOR066W",10,10,0,0,0,3,7,0,7,3,0,"missense_variant;synonymous_variant",NA,NA,"XV",10,1890,1.89,5.29100529100529,0,0,FALSE,2.30021853114118
"5285","YOR067C",10,7,0,3,0,1,6,3,6,1,0,"synonymous_variant;missense_variant;upstream_gene_variant",300,245,"XV",7,1734,1.734,4.03690888119954,0.428571428571429,0.743142857142857,FALSE,2.0092060325411
"5286","YOR069W",9,9,0,0,0,1,8,0,8,1,0,"synonymous_variant;missense_variant",NA,NA,"XV",9,2028,2.028,4.43786982248521,0,0,FALSE,2.10662522117372
"5287","YOR070C",5,5,0,0,0,3,2,0,2,3,0,"missense_variant;synonymous_variant",NA,NA,"XV",5,1914,1.914,2.6123301985371,0,0,FALSE,1.61627045958809
"5288","YOR071C",7,7,0,0,0,1,6,0,6,1,0,"synonymous_variant;missense_variant",NA,NA,"XV",7,1797,1.797,3.89538119087368,0,0,FALSE,1.97367200691343
"5289","YOR072W",4,4,0,0,0,3,1,0,1,3,0,"missense_variant;synonymous_variant",NA,NA,"XV",4,315,0.315,12.6984126984127,0,0,FALSE,3.56348322549899
"5290","YOR072W-B",2,2,0,0,0,2,0,0,0,2,0,"missense_variant",NA,NA,"XV",2,162,0.162,12.3456790123457,0,0,FALSE,3.51364184463153
"5291","YOR073W",18,18,0,0,0,6,12,0,12,6,0,"synonymous_variant;missense_variant",NA,NA,"XV",18,1773,1.773,10.1522842639594,0,0,FALSE,3.18626493938583
"5292","YOR074C",7,4,0,3,0,0,4,3,4,0,0,"synonymous_variant;upstream_gene_variant",583,52,"XV",4,915,0.915,4.37158469945355,0.75,0.68625,FALSE,2.09083349395727
"5293","YOR075W",8,8,0,0,0,4,4,0,4,4,0,"missense_variant;synonymous_variant",NA,NA,"XV",8,1041,1.041,7.68491834774256,0,0,FALSE,2.77216852801964
"5294","YOR076C",13,13,0,0,0,8,5,0,5,8,0,"missense_variant;synonymous_variant",NA,NA,"XV",13,2244,2.244,5.79322638146168,0,0,FALSE,2.40691220892281
"5295","YOR077W",1,1,0,0,0,1,0,0,0,1,0,"missense_variant",NA,NA,"XV",1,699,0.699,1.43061516452074,0,0,FALSE,1.19608325986143
"5296","YOR078W",3,3,0,0,0,1,2,0,2,1,0,"missense_variant;synonymous_variant",NA,NA,"XV",3,645,0.645,4.65116279069767,0,0,FALSE,2.15665546406877
"5297","YOR079C",3,3,0,0,0,1,2,0,2,1,0,"missense_variant;synonymous_variant",NA,NA,"XV",3,942,0.942,3.18471337579618,0,0,TRUE,1.78457652562062
"5298","YOR080W",7,7,0,0,0,2,5,0,5,2,0,"synonymous_variant;missense_variant",NA,NA,"XV",7,2199,2.199,3.18326512050932,0,0,FALSE,1.78417070946401
"5299","YOR081C",16,16,0,0,0,0,16,0,16,0,0,"synonymous_variant",NA,NA,"XV",16,2250,2.25,7.11111111111111,0,0,FALSE,2.66666666666667
"5300","YOR082C",3,3,0,0,0,3,0,0,0,3,0,"missense_variant",NA,NA,"XV",3,NA,NA,NA,0,NA,FALSE,NA
"5301","YOR083W",3,3,0,0,0,0,3,0,3,0,0,"synonymous_variant",NA,NA,"XV",3,888,0.888,3.37837837837838,0,0,FALSE,1.83803655523452
"5302","YOR084W",14,14,0,0,0,8,6,0,6,8,0,"missense_variant;synonymous_variant",NA,NA,"XV",14,1164,1.164,12.0274914089347,0,0,FALSE,3.46806738817669
"5303","YOR085W",2,2,0,0,0,0,2,0,2,0,0,"synonymous_variant",NA,NA,"XV",2,1053,1.053,1.89933523266857,0,0,FALSE,1.37816371765787
"5304","YOR086C",16,15,0,1,0,5,10,1,10,5,0,"synonymous_variant;missense_variant;upstream_gene_variant",627,627,"XV",15,3561,3.561,4.212299915754,0.0666666666666667,0.2374,FALSE,2.05238883152145
"5305","YOR087W",27,27,0,0,0,2,25,0,25,2,0,"missense_variant;synonymous_variant",NA,NA,"XV",27,2028,2.028,13.3136094674556,0,0,FALSE,3.6487819155789
"5306","YOR090C",7,7,0,0,0,1,6,0,6,1,0,"synonymous_variant;missense_variant",NA,NA,"XV",7,1719,1.719,4.07213496218732,0,0,FALSE,2.01795316154447
"5307","YOR091W",3,3,0,0,0,1,2,0,2,1,0,"synonymous_variant;missense_variant",NA,NA,"XV",3,1038,1.038,2.89017341040462,0,0,FALSE,1.70005100229511
"5308","YOR092W",4,4,0,0,0,0,4,0,4,0,0,"synonymous_variant",NA,NA,"XV",4,1842,1.842,2.17155266015201,0,0,FALSE,1.47361889922463
"5309","YOR093C",4,4,0,0,0,0,4,0,4,0,0,"synonymous_variant",NA,NA,"XV",4,4947,4.947,0.808570851020821,0,0,FALSE,0.899205677818385
"5310","YOR095C",3,3,0,0,0,1,2,0,2,1,0,"missense_variant;synonymous_variant",NA,NA,"XV",3,777,0.777,3.86100386100386,0,0,FALSE,1.96494372972965
"5311","YOR097C",1,1,0,0,0,0,1,0,1,0,0,"synonymous_variant",NA,NA,"XV",1,528,0.528,1.89393939393939,0,0,FALSE,1.37620470640795
"5312","YOR098C",9,9,0,0,0,3,6,0,6,3,0,"synonymous_variant;missense_variant",NA,NA,"XV",9,3231,3.231,2.78551532033426,0,0,FALSE,1.66898631520281
"5313","YOR099W",1,1,0,0,0,1,0,0,0,1,0,"missense_variant",NA,NA,"XV",1,1182,1.182,0.846023688663283,0,0,FALSE,0.919795460231938
"5314","YOR100C",2,2,0,0,0,0,2,0,2,0,0,"synonymous_variant",NA,NA,"XV",2,984,0.984,2.03252032520325,0,0,FALSE,1.4256648712805
"5315","YOR101W",1,1,0,0,0,1,0,0,0,1,0,"missense_variant",NA,NA,"XV",1,930,0.93,1.0752688172043,0,0,FALSE,1.03695169473043
"5316","YOR103C",1,1,0,0,0,1,0,0,0,1,0,"missense_variant",NA,NA,"XV",1,393,0.393,2.54452926208651,0,0,FALSE,1.59515806805674
"5317","YOR104W",4,4,0,0,0,1,3,0,3,1,0,"synonymous_variant;missense_variant",NA,NA,"XV",4,849,0.849,4.71142520612485,0,0,FALSE,2.17058176674477
"5318","YOR107W",2,2,0,0,0,0,2,0,2,0,0,"synonymous_variant",NA,NA,"XV",2,930,0.93,2.1505376344086,0,0,FALSE,1.46647115021353
"5319","YOR108C-A",1,0,0,1,0,0,0,1,0,0,0,"upstream_gene_variant",202,202,"XV",0,NA,NA,NA,NA,NA,FALSE,NA
"5320","YOR108W",6,4,0,2,0,1,3,2,3,1,0,"upstream_gene_variant;synonymous_variant;missense_variant",724,27,"XV",4,1815,1.815,2.20385674931129,0.5,0.9075,FALSE,1.48453923805041
"5321","YOR109W",13,13,0,0,0,2,11,0,11,2,0,"synonymous_variant;missense_variant",NA,NA,"XV",13,3324,3.324,3.91095066185319,0,0,FALSE,1.97761236390077
"5322","YOR110W",2,2,0,0,0,0,2,0,2,0,0,"synonymous_variant",NA,NA,"XV",2,1308,1.308,1.52905198776758,0,0,FALSE,1.23654841707374
"5323","YOR111W",2,2,0,0,0,0,2,0,2,0,0,"synonymous_variant",NA,NA,"XV",2,699,0.699,2.86123032904149,0,0,FALSE,1.69151716782346
"5324","YOR112W",9,8,0,1,0,4,4,1,4,4,0,"upstream_gene_variant;synonymous_variant;missense_variant",129,129,"XV",8,2286,2.286,3.49956255468067,0.125,0.28575,FALSE,1.87071177755438
"5325","YOR113W",4,1,0,3,0,0,1,3,1,0,0,"upstream_gene_variant;synonymous_variant",228,92,"XV",1,2745,2.745,0.364298724954463,3,8.235,FALSE,0.603571640283457
"5326","YOR114W",7,3,0,4,0,2,1,4,1,2,0,"upstream_gene_variant;synonymous_variant;missense_variant",389,86,"XV",3,885,0.885,3.38983050847458,1.33333333333333,1.18,FALSE,1.84114923579665
"5327","YOR115C",4,3,0,1,0,0,3,1,3,0,0,"synonymous_variant;upstream_gene_variant",195,195,"XV",3,807,0.807,3.71747211895911,0.333333333333333,0.269,FALSE,1.92807471819925
"5328","YOR116C",17,10,0,7,0,1,9,7,9,1,0,"synonymous_variant;missense_variant;upstream_gene_variant",667,485,"XV",10,4383,4.383,2.28154232261008,0.7,3.0681,FALSE,1.51047751476481
"5329","YOR117W",2,2,0,0,0,0,2,0,2,0,0,"synonymous_variant",NA,NA,"XV",2,1305,1.305,1.53256704980843,0,0,FALSE,1.23796892118035
"5330","YOR118W",9,9,0,0,0,2,7,0,7,2,0,"synonymous_variant;missense_variant",NA,NA,"XV",9,1704,1.704,5.28169014084507,0,0,FALSE,2.29819279888461
"5331","YOR119C",16,8,0,8,0,1,7,8,7,1,0,"synonymous_variant;missense_variant;upstream_gene_variant",676,68,"XV",8,1455,1.455,5.49828178694158,1,1.455,FALSE,2.3448415270422
"5332","YOR120W",3,3,0,0,0,1,2,0,2,1,0,"synonymous_variant;missense_variant",NA,NA,"XV",3,939,0.939,3.19488817891374,0,0,FALSE,1.78742501350791
"5333","YOR122C",1,1,0,0,0,1,0,0,0,1,0,"missense_variant",NA,NA,"XV",1,590,0.59,1.69491525423729,0,0,FALSE,1.30188910980824
"5334","YOR124C",10,10,0,0,0,2,8,0,8,2,0,"synonymous_variant;missense_variant",NA,NA,"XV",10,3819,3.819,2.61848651479445,0,0,FALSE,1.61817382094584
"5335","YOR125C",3,3,0,0,0,1,2,0,2,1,0,"missense_variant;synonymous_variant",NA,NA,"XV",3,702,0.702,4.27350427350427,0,0,FALSE,2.06724557648681
"5336","YOR126C",7,7,0,0,0,3,4,0,4,3,0,"synonymous_variant;missense_variant",NA,NA,"XV",7,717,0.717,9.7629009762901,0,0,FALSE,3.12456412580861
"5337","YOR127W",11,11,0,0,0,3,8,0,8,3,0,"synonymous_variant;missense_variant",NA,NA,"XV",11,3024,3.024,3.63756613756614,0,0,FALSE,1.90724045090443
"5338","YOR128C",12,6,0,6,0,1,5,6,5,1,0,"synonymous_variant;missense_variant;upstream_gene_variant",373,19,"XV",6,1716,1.716,3.4965034965035,1,1.716,FALSE,1.86989398001691
"5339","YOR129C",5,5,0,0,0,2,3,0,3,2,0,"missense_variant;synonymous_variant",NA,NA,"XV",5,2682,2.682,1.86428038777032,0,0,FALSE,1.3653865341984
"5340","YOR130C",1,1,0,0,0,0,1,0,1,0,0,"synonymous_variant",NA,NA,"XV",1,879,0.879,1.13765642775882,0,0,FALSE,1.06660978232848
"5341","YOR132W",11,11,0,0,0,5,6,0,6,5,0,"synonymous_variant;missense_variant",NA,NA,"XV",11,1656,1.656,6.64251207729469,0,0,FALSE,2.57730713677953
"5342","YOR133W",3,3,0,0,0,0,3,0,3,0,0,"synonymous_variant",NA,NA,"XV",3,2529,2.529,1.18623962040332,0,0,FALSE,1.08914628053504
"5343","YOR134W",5,4,0,1,0,0,4,1,4,0,0,"upstream_gene_variant;synonymous_variant",674,674,"XV",4,1230,1.23,3.2520325203252,0.25,0.3075,FALSE,1.80333926933486
"5344","YOR135C",4,3,0,1,0,1,2,1,2,1,0,"synonymous_variant;missense_variant;upstream_gene_variant",950,950,"XV",3,NA,NA,NA,0.333333333333333,NA,FALSE,NA
"5345","YOR136W",1,1,0,0,0,0,1,0,1,0,0,"synonymous_variant",NA,NA,"XV",1,1110,1.11,0.900900900900901,0,0,FALSE,0.949157995752499
"5346","YOR137C",7,7,0,0,0,1,6,0,6,1,0,"synonymous_variant;missense_variant",NA,NA,"XV",7,1869,1.869,3.74531835205992,0,0,FALSE,1.93528249929046
"5347","YOR138C",14,14,0,0,0,5,9,0,9,5,0,"synonymous_variant;missense_variant",NA,NA,"XV",14,2016,2.016,6.94444444444444,0,0,FALSE,2.63523138347365
"5348","YOR139C",2,2,0,0,0,0,2,0,2,0,0,"synonymous_variant",NA,NA,"XV",2,NA,NA,NA,0,NA,FALSE,NA
"5349","YOR140W",7,7,0,0,0,4,3,0,3,4,0,"synonymous_variant;missense_variant",NA,NA,"XV",7,2301,2.301,3.04215558452847,0,0,FALSE,1.74417762413364
"5350","YOR141C",8,6,0,2,0,1,5,2,5,1,0,"missense_variant;synonymous_variant;upstream_gene_variant",276,240,"XV",6,2646,2.646,2.26757369614512,0.333333333333333,0.882,FALSE,1.50584650484209
"5351","YOR142W",3,3,0,0,0,0,3,0,3,0,0,"synonymous_variant",NA,NA,"XV",3,990,0.99,3.03030303030303,0,0,FALSE,1.74077655955698
"5352","YOR143C",9,7,0,2,0,0,7,2,7,0,0,"synonymous_variant;upstream_gene_variant",358,236,"XV",7,960,0.96,7.29166666666667,0.285714285714286,0.274285714285714,FALSE,2.70030862433661
"5353","YOR144C",12,12,0,0,0,5,7,0,7,5,0,"synonymous_variant;missense_variant",NA,NA,"XV",12,2376,2.376,5.05050505050505,0,0,FALSE,2.24733287487747
"5354","YOR145C",3,3,0,0,0,2,1,0,1,2,0,"synonymous_variant;missense_variant",NA,NA,"XV",3,825,0.825,3.63636363636364,0,0,FALSE,1.90692517849118
"5355","YOR147W",9,9,0,0,0,3,6,0,6,3,0,"missense_variant;synonymous_variant",NA,NA,"XV",9,1869,1.869,4.81540930979133,0,0,FALSE,2.1944040899049
"5356","YOR148C",8,8,0,0,0,2,6,0,6,2,0,"synonymous_variant;missense_variant",NA,NA,"XV",8,558,0.558,14.336917562724,0,0,FALSE,3.78641222831377
"5357","YOR149C",15,15,0,0,0,9,6,0,6,9,0,"missense_variant;synonymous_variant",NA,NA,"XV",15,1551,1.551,9.67117988394584,0,0,FALSE,3.10985206785561
"5358","YOR150W",1,1,0,0,0,1,0,0,0,1,0,"missense_variant",NA,NA,"XV",1,492,0.492,2.03252032520325,0,0,FALSE,1.4256648712805
"5359","YOR151C",28,12,0,16,0,0,12,16,12,0,0,"synonymous_variant;upstream_gene_variant",718,89,"XV",12,3675,3.675,3.26530612244898,1.33333333333333,4.9,FALSE,1.8070158058105
"5360","YOR152C",2,2,0,0,0,0,2,0,2,0,0,"synonymous_variant",NA,NA,"XV",2,771,0.771,2.59403372243839,0,0,FALSE,1.61060042295983
"5361","YOR153W",34,34,0,0,0,7,27,0,27,7,0,"missense_variant;synonymous_variant",NA,NA,"XV",34,4536,4.536,7.49559082892416,0,0,FALSE,2.73780766835878
"5362","YOR154W",4,4,0,0,0,2,2,0,2,2,0,"missense_variant;synonymous_variant",NA,NA,"XV",4,1764,1.764,2.26757369614512,0,0,FALSE,1.50584650484209
"5363","YOR155C",8,6,0,2,0,1,5,2,5,1,0,"missense_variant;synonymous_variant;upstream_gene_variant",301,62,"XV",6,1353,1.353,4.43458980044346,0.333333333333333,0.451,FALSE,2.10584657571331
"5364","YOR156C",11,11,0,0,0,3,8,0,8,3,0,"synonymous_variant;missense_variant",NA,NA,"XV",11,2181,2.181,5.04355800091701,0,0,FALSE,2.24578672204575
"5365","YOR157C",3,3,0,0,0,0,3,0,3,0,0,"synonymous_variant",NA,NA,"XV",3,786,0.786,3.81679389312977,0,0,FALSE,1.95366166291141
"5366","YOR158W",3,3,0,0,0,1,2,0,2,1,0,"synonymous_variant;missense_variant",NA,NA,"XV",3,957,0.957,3.13479623824451,0,0,FALSE,1.77053557949128
"5367","YOR159C",1,1,0,0,0,0,1,0,1,0,0,"synonymous_variant",NA,NA,"XV",1,285,0.285,3.50877192982456,0,0,FALSE,1.87317162316339
"5368","YOR160W",5,5,0,0,0,1,4,0,4,1,0,"missense_variant;synonymous_variant",NA,NA,"XV",5,2919,2.919,1.71291538198013,0,0,FALSE,1.30878393250381
"5369","YOR161C",19,10,0,9,0,0,10,9,10,0,0,"synonymous_variant;upstream_gene_variant",897,400,"XV",10,1620,1.62,6.17283950617284,0.9,1.458,FALSE,2.48451997499977
"5370","YOR161C-C",4,4,0,0,0,2,1,0,1,2,1,"stop_gained;missense_variant;synonymous_variant",NA,NA,"XV",4,147,0.147,27.2108843537415,0,0,FALSE,5.21640530957301
"5371","YOR161W-B",2,2,0,0,0,2,0,0,0,2,0,"missense_variant",NA,NA,"XV",2,NA,NA,NA,0,NA,FALSE,NA
"5372","YOR162C",24,24,0,0,0,13,11,0,11,13,0,"missense_variant;synonymous_variant",NA,NA,"XV",24,2433,2.433,9.86436498150432,0,0,FALSE,3.14075866336532
"5373","YOR163W",1,1,0,0,0,0,1,0,1,0,0,"synonymous_variant",NA,NA,"XV",1,567,0.567,1.7636684303351,0,0,FALSE,1.32803178814933
"5374","YOR164C",3,3,0,0,0,0,3,0,3,0,0,"synonymous_variant",NA,NA,"XV",3,939,0.939,3.19488817891374,0,0,FALSE,1.78742501350791
"5375","YOR165W",14,14,0,0,0,2,12,0,12,2,0,"missense_variant;synonymous_variant",NA,NA,"XV",14,2331,2.331,6.00600600600601,0,0,FALSE,2.45071540697936
"5376","YOR166C",8,8,0,0,0,6,2,0,2,6,0,"synonymous_variant;missense_variant",NA,NA,"XV",8,1377,1.377,5.80973129992738,0,0,FALSE,2.41033842020729
"5377","YOR168W",7,7,0,0,0,1,6,0,6,1,0,"synonymous_variant;missense_variant",NA,NA,"XV",7,2430,2.43,2.88065843621399,0,0,FALSE,1.69725025739105
"5378","YOR169C",4,4,0,0,0,3,1,0,1,3,0,"missense_variant;synonymous_variant",NA,NA,"XV",4,NA,NA,NA,0,NA,FALSE,NA
"5379","YOR171C",17,17,0,0,0,4,13,0,13,4,0,"synonymous_variant;missense_variant",NA,NA,"XV",17,1875,1.875,9.06666666666667,0,0,FALSE,3.01109061083632
"5380","YOR172W",21,21,0,0,0,4,17,0,17,4,0,"synonymous_variant;missense_variant",NA,NA,"XV",21,2361,2.361,8.89453621346887,0,0,FALSE,2.98237090474489
"5381","YOR173W",8,8,0,0,0,0,8,0,8,0,0,"synonymous_variant",NA,NA,"XV",8,1062,1.062,7.53295668549906,0,0,FALSE,2.74462323197539
"5382","YOR174W",2,2,0,0,0,0,2,0,2,0,0,"synonymous_variant",NA,NA,"XV",2,855,0.855,2.33918128654971,0,0,FALSE,1.52943822580375
"5383","YOR175C",13,8,0,5,0,1,7,5,7,1,0,"synonymous_variant;missense_variant;upstream_gene_variant",607,324,"XV",8,1860,1.86,4.3010752688172,0.625,1.1625,FALSE,2.07390338946085
"5384","YOR177C",6,6,0,0,0,2,4,0,4,2,0,"synonymous_variant;missense_variant",NA,NA,"XV",6,1395,1.395,4.3010752688172,0,0,FALSE,2.07390338946085
"5385","YOR178C",15,15,0,0,0,7,7,0,7,7,1,"missense_variant;synonymous_variant;stop_gained",NA,NA,"XV",15,2382,2.382,6.29722921914358,0,0,FALSE,2.50942806614248
"5386","YOR179C",7,7,0,0,0,4,3,0,3,4,0,"missense_variant;synonymous_variant",NA,NA,"XV",7,567,0.567,12.3456790123457,0,0,FALSE,3.51364184463153
"5387","YOR180C",5,5,0,0,0,1,4,0,4,1,0,"synonymous_variant;missense_variant",NA,NA,"XV",5,816,0.816,6.12745098039216,0,0,FALSE,2.47536885744169
"5388","YOR181W",13,13,0,0,0,3,10,0,10,3,0,"synonymous_variant;missense_variant",NA,NA,"XV",13,1902,1.902,6.83491062039958,0,0,FALSE,2.61436619860332
"5389","YOR183W",2,2,0,0,0,2,0,0,0,2,0,"missense_variant",NA,NA,"XV",2,390,0.39,5.12820512820513,0,0,FALSE,2.26455406828919
"5390","YOR184W",2,2,0,0,0,0,2,0,2,0,0,"synonymous_variant",NA,NA,"XV",2,1188,1.188,1.68350168350168,0,0,FALSE,1.2974982402692
"5391","YOR185C",1,1,0,0,0,0,1,0,1,0,0,"synonymous_variant",NA,NA,"XV",1,663,0.663,1.50829562594268,0,0,FALSE,1.22812687697269
"5392","YOR186W",5,5,0,0,0,2,3,0,3,2,0,"synonymous_variant;missense_variant",NA,NA,"XV",5,435,0.435,11.4942528735632,0,0,FALSE,3.39031751810405
"5393","YOR187W",5,5,0,0,0,1,4,0,4,1,0,"synonymous_variant;missense_variant",NA,NA,"XV",5,1314,1.314,3.80517503805175,0,0,FALSE,1.95068578660218
"5394","YOR188W",6,6,0,0,0,4,2,0,2,4,0,"synonymous_variant;missense_variant",NA,NA,"XV",6,3414,3.414,1.75746924428822,0,0,FALSE,1.32569575856915
"5395","YOR189W",1,1,0,0,0,0,1,0,1,0,0,"synonymous_variant",NA,NA,"XV",1,351,0.351,2.84900284900285,0,0,FALSE,1.68789894513944
"5396","YOR190W",5,5,0,0,0,3,2,0,2,3,0,"missense_variant;synonymous_variant",NA,NA,"XV",5,1338,1.338,3.73692077727952,0,0,FALSE,1.93311168256765
"5397","YOR191W",41,31,0,3,7,13,18,10,18,13,0,"upstream_gene_variant;missense_variant;synonymous_variant;downstream_gene_variant",437,306,"XV",31,4860,4.86,6.37860082304527,0.0967741935483871,0.470322580645161,FALSE,2.52558920314553
"5398","YOR192C",11,5,0,6,0,1,4,6,4,1,0,"synonymous_variant;missense_variant;upstream_gene_variant",883,289,"XV",5,1800,1.8,2.77777777777778,1.2,2.16,FALSE,1.66666666666667
"5399","YOR192C-B",5,0,0,5,0,0,0,5,0,0,0,"upstream_gene_variant",573,34,"XV",0,5314,5.314,0,NA,NA,FALSE,0
"5400","YOR192C-C",2,2,0,0,0,2,0,0,0,2,0,"missense_variant",NA,NA,"XV",2,237,0.237,8.43881856540084,0,0,FALSE,2.90496446887063
"5401","YOR193W",10,10,0,0,0,8,2,0,2,8,0,"synonymous_variant;missense_variant",NA,NA,"XV",10,1131,1.131,8.84173297966401,0,0,FALSE,2.97350516725026
"5402","YOR194C",4,4,0,0,0,1,3,0,3,1,0,"synonymous_variant;missense_variant",NA,NA,"XV",4,861,0.861,4.64576074332172,0,0,FALSE,2.15540268704521
"5403","YOR195W",19,19,0,0,0,6,13,0,13,6,0,"synonymous_variant;missense_variant",NA,NA,"XV",19,2466,2.466,7.70478507704785,0,0,FALSE,2.77574946222599
"5404","YOR196C",9,9,0,0,0,1,8,0,8,1,0,"synonymous_variant;missense_variant",NA,NA,"XV",9,1245,1.245,7.2289156626506,0,0,FALSE,2.68866428968932
"5405","YOR197W",7,7,0,0,0,0,7,0,7,0,0,"synonymous_variant",NA,NA,"XV",7,1299,1.299,5.38876058506544,0,0,FALSE,2.32137041099981
"5406","YOR198C",2,2,0,0,0,0,2,0,2,0,0,"synonymous_variant",NA,NA,"XV",2,1413,1.413,1.41542816702052,0,0,FALSE,1.18971768374708
"5407","YOR199W",2,2,0,0,0,2,0,0,0,2,0,"missense_variant",NA,NA,"XV",2,NA,NA,NA,0,NA,FALSE,NA
"5408","YOR200W",6,6,0,0,0,2,4,0,4,2,0,"synonymous_variant;missense_variant",NA,NA,"XV",6,NA,NA,NA,0,NA,FALSE,NA
"5409","YOR201C",5,5,0,0,0,1,4,0,4,1,0,"synonymous_variant;missense_variant",NA,NA,"XV",5,1239,1.239,4.03551251008878,0,0,FALSE,2.00885850922577
"5410","YOR202W",5,5,0,0,0,1,4,0,4,1,0,"synonymous_variant;missense_variant",NA,NA,"XV",5,663,0.663,7.54147812971342,0,0,FALSE,2.74617518190545
"5411","YOR203W",2,2,0,0,0,2,0,0,0,2,0,"missense_variant",NA,NA,"XV",2,NA,NA,NA,0,NA,FALSE,NA
"5412","YOR204W",4,4,0,0,0,1,3,0,3,1,0,"missense_variant;synonymous_variant",NA,NA,"XV",4,1815,1.815,2.20385674931129,0,0,FALSE,1.48453923805041
"5413","YOR205C",14,12,0,2,0,7,5,2,5,7,0,"missense_variant;synonymous_variant;upstream_gene_variant",243,121,"XV",12,1671,1.671,7.18132854578097,0.166666666666667,0.2785,FALSE,2.67980009436916
"5414","YOR206W",16,16,0,0,0,4,12,0,12,4,0,"missense_variant;synonymous_variant",NA,NA,"XV",16,2133,2.133,7.50117205813408,0,0,FALSE,2.73882676672587
"5415","YOR207C",19,16,0,3,0,1,15,3,15,1,0,"synonymous_variant;missense_variant;upstream_gene_variant",210,32,"XV",16,3450,3.45,4.63768115942029,0.1875,0.646875,FALSE,2.15352760823266
"5416","YOR208W",13,13,0,0,0,4,9,0,9,4,0,"synonymous_variant;missense_variant",NA,NA,"XV",13,2253,2.253,5.77008433200178,0,0,FALSE,2.40209998376458
"5417","YOR209C",12,9,0,3,0,3,6,3,6,3,0,"synonymous_variant;missense_variant;upstream_gene_variant",991,891,"XV",9,1290,1.29,6.97674418604651,0.333333333333333,0.43,FALSE,2.64135271897687
"5418","YOR210W",1,1,0,0,0,0,1,0,1,0,0,"synonymous_variant",NA,NA,"XV",1,213,0.213,4.69483568075117,0,0,FALSE,2.1667569500872
"5419","YOR211C",12,12,0,0,0,4,8,0,8,4,0,"synonymous_variant;missense_variant",NA,NA,"XV",12,2646,2.646,4.53514739229025,0,0,FALSE,2.1295885499998
"5420","YOR212W",5,5,0,0,0,1,4,0,4,1,0,"synonymous_variant;missense_variant",NA,NA,"XV",5,1272,1.272,3.93081761006289,0,0,FALSE,1.98262896429536
"5421","YOR213C",13,13,0,0,0,3,10,0,10,3,0,"missense_variant;synonymous_variant",NA,NA,"XV",13,747,0.747,17.4029451137885,0,0,FALSE,4.17168372648125
"5422","YOR214C",6,6,0,0,0,3,3,0,3,3,0,"synonymous_variant;missense_variant",NA,NA,"XV",6,711,0.711,8.43881856540084,0,0,FALSE,2.90496446887063
"5423","YOR215C",4,4,0,0,0,1,3,0,3,1,0,"synonymous_variant;missense_variant",NA,NA,"XV",4,558,0.558,7.16845878136201,0,0,FALSE,2.67739776300833
"5424","YOR216C",17,17,0,0,0,7,10,0,10,7,0,"missense_variant;synonymous_variant",NA,NA,"XV",17,1455,1.455,11.6838487972509,0,0,FALSE,3.41816453630466
"5425","YOR217W",15,15,0,0,0,6,9,0,9,6,0,"missense_variant;synonymous_variant",NA,NA,"XV",15,2586,2.586,5.80046403712297,0,0,FALSE,2.40841525429544
"5426","YOR218C",5,5,0,0,0,3,0,0,0,3,2,"stop_lost&splice_region_variant;stop_gained;missense_variant",NA,NA,"XV",5,NA,NA,NA,0,NA,FALSE,NA
"5427","YOR219C",24,24,0,0,0,11,13,0,13,11,0,"missense_variant;synonymous_variant",NA,NA,"XV",24,2796,2.796,8.58369098712446,0,0,FALSE,2.92979367654524
"5428","YOR220W",5,5,0,0,0,0,5,0,5,0,0,"synonymous_variant",NA,NA,"XV",5,798,0.798,6.265664160401,0,0,FALSE,2.50313087160879
"5429","YOR221C",8,8,0,0,0,3,5,0,5,3,0,"synonymous_variant;missense_variant",NA,NA,"XV",8,1083,1.083,7.38688827331487,0,0,FALSE,2.71788304997012
"5430","YOR222W",1,1,0,0,0,0,1,0,1,0,0,"synonymous_variant",NA,NA,"XV",1,924,0.924,1.08225108225108,0,0,FALSE,1.0403129732206
"5431","YOR223W",11,11,0,0,0,0,11,0,11,0,0,"synonymous_variant",NA,NA,"XV",11,879,0.879,12.514220705347,0,0,FALSE,3.53754444570623
"5432","YOR224C",1,1,0,0,0,0,1,0,1,0,0,"synonymous_variant",NA,NA,"XV",1,441,0.441,2.26757369614512,0,0,FALSE,1.50584650484209
"5433","YOR226C",2,2,0,0,0,0,2,0,2,0,0,"synonymous_variant",NA,NA,"XV",2,471,0.471,4.24628450106157,0,0,FALSE,2.06065147491311
"5434","YOR227W",39,39,0,0,0,9,30,0,30,9,0,"synonymous_variant;missense_variant",NA,NA,"XV",39,3741,3.741,10.4250200481155,0,0,FALSE,3.2287799627902
"5435","YOR228C",19,9,0,10,0,5,4,10,4,5,0,"missense_variant;synonymous_variant;upstream_gene_variant",449,38,"XV",9,909,0.909,9.9009900990099,1.11111111111111,1.01,FALSE,3.14658387763776
"5436","YOR229W",10,10,0,0,0,1,9,0,9,1,0,"missense_variant;synonymous_variant",NA,NA,"XV",10,1404,1.404,7.12250712250712,0,0,FALSE,2.66880256341812
"5437","YOR230W",6,6,0,0,0,1,5,0,5,1,0,"synonymous_variant;missense_variant",NA,NA,"XV",6,1314,1.314,4.5662100456621,0,0,FALSE,2.13686921585344
"5438","YOR231C-A",8,0,0,8,0,0,0,8,0,0,0,"upstream_gene_variant",960,766,"XV",0,NA,NA,NA,NA,NA,FALSE,NA
"5439","YOR231W",11,11,0,0,0,1,10,0,10,1,0,"synonymous_variant;missense_variant",NA,NA,"XV",11,1527,1.527,7.20366732154551,0,0,TRUE,2.68396485102646
"5440","YOR232W",5,5,0,0,0,3,2,0,2,3,0,"missense_variant;synonymous_variant",NA,NA,"XV",5,687,0.687,7.27802037845706,0,0,FALSE,2.69778063942513
"5441","YOR233W",26,26,0,0,0,12,14,0,14,12,0,"synonymous_variant;missense_variant",NA,NA,"XV",26,2403,2.403,10.8198085726176,0,0,FALSE,3.28934774273222
"5442","YOR234C",11,1,0,10,0,1,0,10,0,1,0,"missense_variant;upstream_gene_variant",830,62,"XV",1,851,0.851,1.17508813160987,10,8.51,FALSE,1.08401482075194
"5443","YOR235W",16,10,0,6,0,8,1,6,1,8,1,"upstream_gene_variant;missense_variant;synonymous_variant;stop_lost&splice_region_variant",819,561,"XV",10,315,0.315,31.7460317460317,0.6,0.189,FALSE,5.63436169819011
"5444","YOR236W",1,1,0,0,0,1,0,0,0,1,0,"missense_variant",NA,NA,"XV",1,636,0.636,1.57232704402516,0,0,FALSE,1.2539246564388
"5445","YOR237W",15,15,0,0,0,4,11,0,11,4,0,"missense_variant;synonymous_variant",NA,NA,"XV",15,1305,1.305,11.4942528735632,0,0,FALSE,3.39031751810405
"5446","YOR238W",3,3,0,0,0,2,1,0,1,2,0,"synonymous_variant;missense_variant",NA,NA,"XV",3,912,0.912,3.28947368421053,0,0,FALSE,1.81369062527503
"5447","YOR239W",21,17,0,4,0,9,8,4,8,9,0,"upstream_gene_variant;missense_variant;synonymous_variant",251,44,"XV",17,1888,1.888,9.00423728813559,0.235294117647059,0.444235294117647,FALSE,3.00070613158563
"5448","YOR241W",13,11,0,2,0,5,6,2,6,5,0,"upstream_gene_variant;missense_variant;synonymous_variant",155,9,"XV",11,1647,1.647,6.67880995749848,0.181818181818182,0.299454545454545,FALSE,2.5843393657758
"5449","YOR242C",12,8,0,4,0,5,3,4,3,5,0,"missense_variant;synonymous_variant;upstream_gene_variant",262,11,"XV",8,1116,1.116,7.16845878136201,0.5,0.558,FALSE,2.67739776300833
"5450","YOR243C",11,11,0,0,0,3,8,0,8,3,0,"synonymous_variant;missense_variant",NA,NA,"XV",11,2031,2.031,5.41605120630231,0,0,FALSE,2.32724111477567
"5451","YOR244W",2,2,0,0,0,1,1,0,1,1,0,"missense_variant;synonymous_variant",NA,NA,"XV",2,1338,1.338,1.49476831091181,0,0,FALSE,1.22260717767884
"5452","YOR245C",7,7,0,0,0,1,6,0,6,1,0,"synonymous_variant;missense_variant",NA,NA,"XV",7,1257,1.257,5.56881463802705,0,0,FALSE,2.35983360388546
"5453","YOR246C",7,7,0,0,0,2,5,0,5,2,0,"synonymous_variant;missense_variant",NA,NA,"XV",7,993,0.993,7.04934541792548,0,0,FALSE,2.65506034167314
"5454","YOR248W",3,3,0,0,0,3,0,0,0,3,0,"missense_variant",NA,NA,"XV",3,NA,NA,NA,0,NA,FALSE,NA
"5455","YOR249C",13,13,0,0,0,9,4,0,4,9,0,"missense_variant;synonymous_variant",NA,NA,"XV",13,2058,2.058,6.31681243926142,0,0,FALSE,2.51332696624642
"5456","YOR250C",4,4,0,0,0,0,4,0,4,0,0,"synonymous_variant",NA,NA,"XV",4,1338,1.338,2.98953662182362,0,0,FALSE,1.7290276521281
"5457","YOR251C",2,2,0,0,0,0,2,0,2,0,0,"synonymous_variant",NA,NA,"XV",2,915,0.915,2.18579234972678,0,0,FALSE,1.47844254190915
"5458","YOR253W",7,7,0,0,0,1,6,0,6,1,0,"synonymous_variant;missense_variant",NA,NA,"XV",7,531,0.531,13.1826741996234,0,0,FALSE,3.63079525718862
"5459","YOR254C",14,14,0,0,0,4,10,0,10,4,0,"synonymous_variant;missense_variant",NA,NA,"XV",14,1992,1.992,7.0281124497992,0,0,FALSE,2.65105874129548
"5460","YOR255W",13,13,0,0,0,7,6,0,6,7,0,"synonymous_variant;missense_variant",NA,NA,"XV",13,837,0.837,15.531660692951,0,0,FALSE,3.94102279782178
"5461","YOR256C",23,23,0,0,0,9,14,0,14,9,0,"synonymous_variant;missense_variant",NA,NA,"XV",23,2430,2.43,9.46502057613169,0,0,FALSE,3.07652735663632
"5462","YOR257W",1,1,0,0,0,0,1,0,1,0,0,"synonymous_variant",NA,NA,"XV",1,486,0.486,2.05761316872428,0,0,FALSE,1.43443827637312
"5463","YOR258W",3,3,0,0,0,2,1,0,1,2,0,"missense_variant;synonymous_variant",NA,NA,"XV",3,654,0.654,4.58715596330275,0,0,FALSE,2.1417646843906
"5464","YOR259C",5,5,0,0,0,0,5,0,5,0,0,"synonymous_variant",NA,NA,"XV",5,1314,1.314,3.80517503805175,0,0,FALSE,1.95068578660218
"5465","YOR260W",10,10,0,0,0,2,8,0,8,2,0,"missense_variant;synonymous_variant",NA,NA,"XV",10,1737,1.737,5.75705238917674,0,0,FALSE,2.39938583582898
"5466","YOR261C",11,11,0,0,0,3,8,0,8,3,0,"missense_variant;synonymous_variant",NA,NA,"XV",11,1017,1.017,10.8161258603736,0,0,FALSE,3.28878790139675
"5467","YOR262W",5,5,0,0,0,0,5,0,5,0,0,"synonymous_variant",NA,NA,"XV",5,1044,1.044,4.78927203065134,0,0,FALSE,2.18844054766204
"5468","YOR263C",1,1,0,0,0,1,0,0,0,1,0,"missense_variant",NA,NA,"XV",1,NA,NA,NA,0,NA,FALSE,NA
"5469","YOR264W",13,13,0,0,0,7,6,0,6,7,0,"missense_variant;synonymous_variant",NA,NA,"XV",13,1293,1.293,10.0541376643465,0,0,FALSE,3.17082602240276
"5470","YOR265W",2,2,0,0,0,0,2,0,2,0,0,"synonymous_variant",NA,NA,"XV",2,321,0.321,6.23052959501558,0,0,FALSE,2.49610288149659
"5471","YOR266W",11,11,0,0,0,4,7,0,7,4,0,"missense_variant;synonymous_variant",NA,NA,"XV",11,1272,1.272,8.64779874213836,0,0,FALSE,2.94071398509586
"5472","YOR267C",17,11,0,6,0,5,6,6,6,5,0,"synonymous_variant;missense_variant;upstream_gene_variant",478,61,"XV",11,2280,2.28,4.82456140350877,0.545454545454545,1.24363636363636,FALSE,2.1964884255349
"5473","YOR269W",13,13,0,0,0,3,10,0,10,3,0,"synonymous_variant;missense_variant",NA,NA,"XV",13,1485,1.485,8.75420875420875,0,0,FALSE,2.95875121532865
"5474","YOR270C",13,12,0,1,0,1,11,1,11,1,0,"synonymous_variant;missense_variant;upstream_gene_variant",477,477,"XV",12,2523,2.523,4.75624256837099,0.0833333333333333,0.21025,FALSE,2.18088114494371
"5475","YOR271C",1,1,0,0,0,1,0,0,0,1,0,"missense_variant",NA,NA,"XV",1,984,0.984,1.01626016260163,0,0,FALSE,1.00809729818189
"5476","YOR272W",7,7,0,0,0,3,4,0,4,3,0,"missense_variant;synonymous_variant",NA,NA,"XV",7,1383,1.383,5.06146059291396,0,0,FALSE,2.24976900879045
"5477","YOR273C",17,14,0,3,0,7,7,3,7,7,0,"missense_variant;synonymous_variant;upstream_gene_variant",816,625,"XV",14,1980,1.98,7.07070707070707,0.214285714285714,0.424285714285714,FALSE,2.65908011739155
"5478","YOR274W",9,9,0,0,0,2,7,0,7,2,0,"synonymous_variant;missense_variant",NA,NA,"XV",9,1287,1.287,6.99300699300699,0,0,FALSE,2.64442942673973
"5479","YOR275C",20,18,0,2,0,7,11,2,11,7,0,"missense_variant;synonymous_variant;upstream_gene_variant",1000,843,"XV",18,1986,1.986,9.06344410876133,0.111111111111111,0.220666666666667,FALSE,3.01055544854456
"5480","YOR276W",1,1,0,0,0,1,0,0,0,1,0,"missense_variant",NA,NA,"XV",1,486,0.486,2.05761316872428,0,0,FALSE,1.43443827637312
"5481","YOR278W",5,5,0,0,0,2,3,0,3,2,0,"synonymous_variant;missense_variant",NA,NA,"XV",5,828,0.828,6.03864734299517,0,0,FALSE,2.45736593591495
"5482","YOR279C",4,4,0,0,0,2,2,0,2,2,0,"missense_variant;synonymous_variant",NA,NA,"XV",4,933,0.933,4.28724544480171,0,0,FALSE,2.07056645505565
"5483","YOR280C",1,1,0,0,0,0,1,0,1,0,0,"synonymous_variant",NA,NA,"XV",1,801,0.801,1.24843945068664,0,0,FALSE,1.11733587192332
"5484","YOR281C",3,3,0,0,0,1,2,0,2,1,0,"synonymous_variant;missense_variant",NA,NA,"XV",3,861,0.861,3.48432055749129,0,0,FALSE,1.86663348236639
"5485","YOR283W",1,1,0,0,0,0,1,0,1,0,0,"synonymous_variant",NA,NA,"XV",1,693,0.693,1.44300144300144,0,0,FALSE,1.20124995026075
"5486","YOR284W",12,12,0,0,0,7,5,0,5,7,0,"synonymous_variant;missense_variant",NA,NA,"XV",12,732,0.732,16.3934426229508,0,0,FALSE,4.04888165089458
"5487","YOR285W",6,6,0,0,0,2,4,0,4,2,0,"synonymous_variant;missense_variant",NA,NA,"XV",6,420,0.42,14.2857142857143,0,0,FALSE,3.77964473009227
"5488","YOR286W",1,1,0,0,0,0,1,0,1,0,0,"synonymous_variant",NA,NA,"XV",1,450,0.45,2.22222222222222,0,0,FALSE,1.49071198499986
"5489","YOR287C",3,3,0,0,0,2,1,0,1,2,0,"missense_variant;synonymous_variant",NA,NA,"XV",3,903,0.903,3.32225913621262,0,0,TRUE,1.82270654144122
"5490","YOR288C",8,8,0,0,0,2,6,0,6,2,0,"synonymous_variant;missense_variant",NA,NA,"XV",8,957,0.957,8.3594566353187,0,0,FALSE,2.89127249413104
"5491","YOR290C",25,18,0,7,0,5,13,7,13,5,0,"synonymous_variant;missense_variant;upstream_gene_variant",916,5,"XV",18,5112,5.112,3.52112676056338,0.388888888888889,1.988,FALSE,1.876466562602
"5492","YOR291W",19,19,0,0,0,5,14,0,14,5,0,"synonymous_variant;missense_variant",NA,NA,"XV",19,4419,4.419,4.29961529757864,0,0,FALSE,2.07355137326728
"5493","YOR292C",11,0,0,11,0,0,0,11,0,0,0,"upstream_gene_variant",908,71,"XV",0,930,0.93,0,NA,NA,FALSE,0
"5494","YOR293C-A",6,6,0,0,0,5,1,0,1,5,0,"missense_variant;synonymous_variant",NA,NA,"XV",6,150,0.15,40,0,0,FALSE,6.32455532033676
"5495","YOR293W",1,1,0,0,0,0,0,0,0,0,1,"stop_lost",NA,NA,"XV",1,755,0.755,1.32450331125828,0,0,FALSE,1.15087067529687
"5496","YOR294W",5,5,0,0,0,0,5,0,5,0,0,"synonymous_variant",NA,NA,"XV",5,612,0.612,8.16993464052288,0,0,FALSE,2.85830975237515
"5497","YOR295W",9,9,0,0,0,6,3,0,3,6,0,"synonymous_variant;missense_variant",NA,NA,"XV",9,687,0.687,13.1004366812227,0,0,FALSE,3.61945253888246
"5498","YOR296W",19,19,0,0,0,9,10,0,10,9,0,"synonymous_variant;missense_variant",NA,NA,"XV",19,3870,3.87,4.90956072351421,0,0,FALSE,2.21575285704751
"5499","YOR297C",7,3,0,4,0,2,1,4,1,2,0,"missense_variant;synonymous_variant;upstream_gene_variant",264,11,"XV",3,579,0.579,5.18134715025907,1.33333333333333,0.772,FALSE,2.27625726802993
"5500","YOR298C-A",2,2,0,0,0,0,2,0,2,0,0,"synonymous_variant",NA,NA,"XV",2,456,0.456,4.3859649122807,0,0,FALSE,2.09426954145848
"5501","YOR298W",11,7,0,4,0,3,4,4,4,3,0,"upstream_gene_variant;synonymous_variant;missense_variant",934,857,"XV",7,1440,1.44,4.86111111111111,0.571428571428571,0.822857142857143,FALSE,2.20479275922049
"5502","YOR299W",19,19,0,0,0,4,15,0,15,4,0,"synonymous_variant;missense_variant",NA,NA,"XV",19,2241,2.241,8.47835787594824,0,0,FALSE,2.91176198820375
"5503","YOR300W",2,2,0,0,0,2,0,0,0,2,0,"missense_variant",NA,NA,"XV",2,NA,NA,NA,0,NA,FALSE,NA
"5504","YOR301W",14,14,0,0,0,4,10,0,10,4,0,"missense_variant;synonymous_variant",NA,NA,"XV",14,1308,1.308,10.7033639143731,0,0,FALSE,3.2715995956677
"5505","YOR302W",1,0,0,1,0,0,0,1,0,0,0,"upstream_gene_variant",44,44,"XV",0,78,0.078,0,NA,NA,FALSE,0
"5506","YOR303W",10,10,0,0,0,3,7,0,7,3,0,"missense_variant;synonymous_variant",NA,NA,"XV",10,1236,1.236,8.09061488673139,0,0,FALSE,2.84440061994287
"5507","YOR304C-A",8,4,0,4,0,3,0,4,1,3,0,"splice_region_variant&stop_retained_variant;missense_variant;upstream_gene_variant",141,31,"XV",4,231,0.231,17.3160173160173,1,0.231,FALSE,4.1612518928824
"5508","YOR304W",25,25,0,0,0,8,17,0,17,8,0,"missense_variant;synonymous_variant",NA,NA,"XV",25,3363,3.363,7.43383883437407,0,0,FALSE,2.72650670902789
"5509","YOR305W",13,10,0,3,0,0,10,3,10,0,0,"upstream_gene_variant;synonymous_variant",896,543,"XV",10,729,0.729,13.7174211248285,0.3,0.2187,FALSE,3.7037037037037
"5510","YOR306C",12,12,0,0,0,7,5,0,5,7,0,"missense_variant;synonymous_variant",NA,NA,"XV",12,1566,1.566,7.66283524904215,0,0,FALSE,2.76818266179133
"5511","YOR307C",9,9,0,0,0,3,6,0,6,3,0,"missense_variant;synonymous_variant",NA,NA,"XV",9,1362,1.362,6.6079295154185,0,0,FALSE,2.57058933231633
"5512","YOR308C",12,12,0,0,0,6,6,0,6,6,0,"synonymous_variant;missense_variant",NA,NA,"XV",12,1764,1.764,6.80272108843537,0,0,FALSE,2.60820265478651
"5513","YOR310C",3,3,0,0,0,0,3,0,3,0,0,"synonymous_variant",NA,NA,"XV",3,1536,1.536,1.953125,0,0,FALSE,1.39754248593737
"5514","YOR311C",3,3,0,0,0,2,1,0,1,2,0,"synonymous_variant;missense_variant",NA,NA,"XV",3,873,0.873,3.43642611683849,0,0,FALSE,1.85375999440016
"5515","YOR313C",3,3,0,0,0,1,2,0,2,1,0,"synonymous_variant;missense_variant",NA,NA,"XV",3,1017,1.017,2.94985250737463,0,0,TRUE,1.71751346643182
"5516","YOR314W",4,4,0,0,0,3,1,0,1,3,0,"missense_variant;synonymous_variant",NA,NA,"XV",4,330,0.33,12.1212121212121,0,0,FALSE,3.48155311911396
"5517","YOR315W",13,13,0,0,0,8,5,0,5,8,0,"missense_variant;synonymous_variant",NA,NA,"XV",13,1041,1.041,12.4879923150817,0,0,FALSE,3.53383535483498
"5518","YOR316C",13,8,0,5,0,4,4,5,4,4,0,"missense_variant;synonymous_variant;upstream_gene_variant",996,590,"XV",8,1320,1.32,6.06060606060606,0.625,0.825,FALSE,2.46182981958665
"5519","YOR316C-A",4,4,0,0,0,2,2,0,2,2,0,"synonymous_variant;missense_variant",NA,NA,"XV",4,210,0.21,19.047619047619,0,0,FALSE,4.36435780471985
"5520","YOR317W",15,15,0,0,0,2,13,0,13,2,0,"missense_variant;synonymous_variant",NA,NA,"XV",15,2103,2.103,7.13266761768902,0,0,FALSE,2.67070545318817
"5521","YOR318C",3,3,0,0,0,2,0,0,1,2,0,"missense_variant;stop_retained_variant",NA,NA,"XV",3,NA,NA,NA,0,NA,FALSE,NA
"5522","YOR319W",6,6,0,0,0,2,4,0,4,2,0,"synonymous_variant;missense_variant",NA,NA,"XV",6,642,0.642,9.34579439252336,0,0,FALSE,3.05708920257872
"5523","YOR320C",7,7,0,0,0,2,5,0,5,2,0,"missense_variant;synonymous_variant",NA,NA,"XV",7,1476,1.476,4.74254742547426,0,0,FALSE,2.17773906276079
"5524","YOR321W",11,11,0,0,0,4,7,0,7,4,0,"synonymous_variant;missense_variant",NA,NA,"XV",11,2262,2.262,4.86295313881521,0,0,FALSE,2.20521045227325
"5525","YOR322C",12,9,0,3,0,3,6,3,6,3,0,"missense_variant;synonymous_variant;upstream_gene_variant",343,180,"XV",9,2457,2.457,3.66300366300366,0.333333333333333,0.819,FALSE,1.91389750587738
"5526","YOR323C",5,5,0,0,0,0,5,0,5,0,0,"synonymous_variant",NA,NA,"XV",5,1371,1.371,3.64697301239971,0,0,FALSE,1.90970495427951
"5527","YOR324C",13,13,0,0,0,5,8,0,8,5,0,"missense_variant;synonymous_variant",NA,NA,"XV",13,1809,1.809,7.18629076838032,0,0,FALSE,2.68072579134464
"5528","YOR326W",30,30,0,0,0,4,26,0,26,4,0,"missense_variant;synonymous_variant",NA,NA,"XV",30,4725,4.725,6.34920634920635,0,0,FALSE,2.51976315339485
"5529","YOR327C",10,1,0,9,0,0,1,9,1,0,0,"synonymous_variant;upstream_gene_variant",680,87,"XV",1,348,0.348,2.8735632183908,9,3.132,FALSE,1.69515875905203
"5530","YOR328W",32,32,0,0,0,7,25,0,25,7,0,"missense_variant;synonymous_variant",NA,NA,"XV",32,4695,4.695,6.81576144834931,0,0,FALSE,2.61070133265935
"5531","YOR329C",23,23,0,0,0,9,14,0,14,9,0,"synonymous_variant;missense_variant",NA,NA,"XV",23,2619,2.619,8.7819778541428,0,0,FALSE,2.96344020593344
"5532","YOR329W-A",3,3,0,0,0,3,0,0,0,3,0,"missense_variant",NA,NA,"XV",3,NA,NA,NA,0,NA,FALSE,NA
"5533","YOR330C",23,23,0,0,0,7,16,0,16,7,0,"synonymous_variant;missense_variant",NA,NA,"XV",23,3765,3.765,6.10889774236388,0,0,FALSE,2.47161844595073
"5534","YOR331C",2,2,0,0,0,1,0,0,0,1,1,"stop_gained;missense_variant",NA,NA,"XV",2,NA,NA,NA,0,NA,FALSE,NA
"5535","YOR333C",1,1,0,0,0,1,0,0,0,1,0,"missense_variant",NA,NA,"XV",1,NA,NA,NA,0,NA,FALSE,NA
"5536","YOR334W",16,16,0,0,0,3,13,0,13,3,0,"synonymous_variant;missense_variant",NA,NA,"XV",16,1413,1.413,11.3234253361642,0,0,FALSE,3.36502976750046
"5537","YOR335C",12,12,0,0,0,2,10,0,10,2,0,"synonymous_variant;missense_variant",NA,NA,"XV",12,2877,2.877,4.17101147028154,0,0,FALSE,2.04230543021399
"5538","YOR336W",34,34,0,0,0,19,15,0,15,19,0,"missense_variant;synonymous_variant",NA,NA,"XV",34,4098,4.098,8.29673011224988,0,0,FALSE,2.88040450496972
"5539","YOR337W",15,13,0,2,0,5,8,2,8,5,0,"upstream_gene_variant;missense_variant;synonymous_variant",113,34,"XV",13,2280,2.28,5.70175438596491,0.153846153846154,0.350769230769231,FALSE,2.3878346647046
"5540","YOR338W",8,7,0,1,0,7,0,1,0,7,0,"upstream_gene_variant;missense_variant",18,18,"XV",7,1092,1.092,6.41025641025641,0.142857142857143,0.156,FALSE,2.53184841770917
"5541","YOR339C",6,3,0,3,0,1,2,3,2,1,0,"missense_variant;synonymous_variant;upstream_gene_variant",226,9,"XV",3,471,0.471,6.36942675159236,1,0.471,FALSE,2.52377232562534
"5542","YOR340C",8,8,0,0,0,2,6,0,6,2,0,"missense_variant;synonymous_variant",NA,NA,"XV",8,981,0.981,8.15494393476045,0,0,FALSE,2.85568624585413
"5543","YOR341W",17,17,0,0,0,0,17,0,17,0,0,"synonymous_variant",NA,NA,"XV",17,4995,4.995,3.4034034034034,0,0,FALSE,1.84483153794687
"5544","YOR342C",15,8,0,7,0,1,7,7,7,1,0,"missense_variant;synonymous_variant;upstream_gene_variant",906,42,"XV",8,960,0.96,8.33333333333333,0.875,0.84,FALSE,2.88675134594813
"5545","YOR343C",7,7,0,0,0,5,2,0,2,5,0,"missense_variant;synonymous_variant",NA,NA,"XV",7,327,0.327,21.4067278287462,0,0,FALSE,4.6267405188476
"5546","YOR344C",22,8,0,14,0,1,7,14,7,1,0,"synonymous_variant;missense_variant;upstream_gene_variant",990,27,"XV",8,876,0.876,9.1324200913242,1.75,1.533,FALSE,3.0219894260775
"5547","YOR345C",5,5,0,0,0,3,1,0,1,3,1,"synonymous_variant;missense_variant;start_lost",NA,NA,"XV",5,NA,NA,NA,0,NA,FALSE,NA
"5548","YOR346W",22,22,0,0,0,9,13,0,13,9,0,"missense_variant;synonymous_variant",NA,NA,"XV",22,2958,2.958,7.43745774171738,0,0,FALSE,2.72717028102709
"5549","YOR347C",11,11,0,0,0,3,8,0,8,3,0,"missense_variant;synonymous_variant",NA,NA,"XV",11,1521,1.521,7.23208415516108,0,0,FALSE,2.68925345684654
"5550","YOR348C",10,10,0,0,0,1,9,0,9,1,0,"synonymous_variant;missense_variant",NA,NA,"XV",10,1884,1.884,5.30785562632696,0,0,FALSE,2.30387838792046
"5551","YOR349W",40,40,0,0,0,12,28,0,28,12,0,"synonymous_variant;missense_variant",NA,NA,"XV",40,3045,3.045,13.136288998358,0,0,FALSE,3.62440188146375
"5552","YOR350C",13,11,0,2,0,8,3,2,3,8,0,"missense_variant;synonymous_variant;upstream_gene_variant",158,142,"XV",11,1992,1.992,5.52208835341365,0.181818181818182,0.362181818181818,FALSE,2.34991241398773
"5553","YOR351C",6,6,0,0,0,1,5,0,5,1,0,"synonymous_variant;missense_variant",NA,NA,"XV",6,1494,1.494,4.01606425702811,0,0,FALSE,2.00401204014051
"5554","YOR352W",9,9,0,0,0,0,9,0,9,0,0,"synonymous_variant",NA,NA,"XV",9,1032,1.032,8.72093023255814,0,0,FALSE,2.95312211609309
"5555","YOR353C",9,9,0,0,0,3,6,0,6,3,0,"synonymous_variant;missense_variant",NA,NA,"XV",9,2376,2.376,3.78787878787879,0,0,FALSE,1.94624736040381
"5556","YOR354C",18,18,0,0,0,7,11,0,11,7,0,"synonymous_variant;missense_variant",NA,NA,"XV",18,2079,2.079,8.65800865800866,0,0,FALSE,2.9424494316825
"5557","YOR355W",13,13,0,0,0,3,10,0,10,3,0,"missense_variant;synonymous_variant",NA,NA,"XV",13,1569,1.569,8.2855321861058,0,0,FALSE,2.87846003726051
"5558","YOR356W",17,17,0,0,0,5,12,0,12,5,0,"missense_variant;synonymous_variant",NA,NA,"XV",17,1896,1.896,8.9662447257384,0,0,FALSE,2.99436883595498
"5559","YOR357C",13,2,0,11,0,0,2,11,2,0,0,"synonymous_variant;upstream_gene_variant",435,150,"XV",2,489,0.489,4.08997955010225,5.5,2.6895,FALSE,2.02236978569752
"5560","YOR358W",4,3,0,1,0,0,3,1,3,0,0,"upstream_gene_variant;synonymous_variant",974,974,"XV",3,729,0.729,4.11522633744856,0.333333333333333,0.243,FALSE,2.02860206483395
"5561","YOR359W",3,3,0,0,0,1,2,0,2,1,0,"synonymous_variant;missense_variant",NA,NA,"XV",3,1572,1.572,1.90839694656489,0,0,FALSE,1.38144740998884
"5562","YOR360C",5,5,0,0,0,0,5,0,5,0,0,"synonymous_variant",NA,NA,"XV",5,1581,1.581,3.16255534471853,0,0,FALSE,1.77835748507395
"5563","YOR361C",17,17,0,0,0,2,15,0,15,2,0,"synonymous_variant;missense_variant",NA,NA,"XV",17,2292,2.292,7.41710296684119,0,0,FALSE,2.72343587529451
"5564","YOR362C",3,3,0,0,0,0,3,0,3,0,0,"synonymous_variant",NA,NA,"XV",3,867,0.867,3.46020761245675,0,0,FALSE,1.86016332951081
"5565","YOR363C",21,21,0,0,0,7,14,0,14,7,0,"missense_variant;synonymous_variant",NA,NA,"XV",21,2991,2.991,7.0210631895687,0,0,FALSE,2.64972888982415
"5566","YOR364W",4,4,0,0,0,3,1,0,1,3,0,"missense_variant;synonymous_variant",NA,NA,"XV",4,NA,NA,NA,0,NA,FALSE,NA
"5567","YOR365C",17,17,0,0,0,4,13,0,13,4,0,"missense_variant;synonymous_variant",NA,NA,"XV",17,2112,2.112,8.04924242424242,0,0,FALSE,2.83711868349606
"5568","YOR366W",1,1,0,0,0,0,1,0,1,0,0,"synonymous_variant",NA,NA,"XV",1,NA,NA,NA,0,NA,FALSE,NA
"5569","YOR367W",3,3,0,0,0,1,2,0,2,1,0,"synonymous_variant;missense_variant",NA,NA,"XV",3,603,0.603,4.97512437810945,0,0,FALSE,2.23049868372735
"5570","YOR368W",3,3,0,0,0,0,3,0,3,0,0,"synonymous_variant",NA,NA,"XV",3,1206,1.206,2.48756218905473,0,0,FALSE,1.57720074469128
"5571","YOR370C",6,6,0,0,0,1,5,0,5,1,0,"synonymous_variant;missense_variant",NA,NA,"XV",6,1812,1.812,3.3112582781457,0,0,FALSE,1.8196863131171
"5572","YOR371C",23,23,0,0,0,9,14,0,14,9,0,"missense_variant;synonymous_variant",NA,NA,"XV",23,2694,2.694,8.53749072011878,0,0,FALSE,2.92189847874952
"5573","YOR372C",8,8,0,0,0,1,7,0,7,1,0,"synonymous_variant;missense_variant",NA,NA,"XV",8,1665,1.665,4.8048048048048,0,0,FALSE,2.19198649740476
"5574","YOR373W",12,12,0,0,0,5,7,0,7,5,0,"missense_variant;synonymous_variant",NA,NA,"XV",12,2556,2.556,4.69483568075117,0,0,FALSE,2.1667569500872
"5575","YOR374W",5,5,0,0,0,1,4,0,4,1,0,"synonymous_variant;missense_variant",NA,NA,"XV",5,1560,1.56,3.2051282051282,0,0,FALSE,1.79028718509858
"5576","YOR375C",10,3,0,7,0,1,2,7,2,1,0,"synonymous_variant;missense_variant;upstream_gene_variant",803,76,"XV",3,1365,1.365,2.1978021978022,2.33333333333333,3.185,FALSE,1.4824986333222
"5577","YOR376W-A",3,3,0,0,0,2,1,0,1,2,0,"missense_variant;synonymous_variant",NA,NA,"XV",3,156,0.156,19.2307692307692,0,0,FALSE,4.38529009653515
"5578","YOR377W",11,11,0,0,0,2,9,0,9,2,0,"synonymous_variant;missense_variant",NA,NA,"XV",11,1578,1.578,6.97084917617237,0,0,FALSE,2.64023657579626
"5579","YOR378W",19,9,0,10,0,3,6,10,6,3,0,"upstream_gene_variant;missense_variant;synonymous_variant",675,110,"XV",9,1548,1.548,5.81395348837209,1.11111111111111,1.72,FALSE,2.41121411085206
"5580","YOR379C",9,3,0,6,0,3,0,6,0,3,0,"missense_variant;upstream_gene_variant",220,32,"XV",3,NA,NA,NA,2,NA,FALSE,NA
"5581","YOR380W",15,15,0,0,0,2,13,0,13,2,0,"synonymous_variant;missense_variant",NA,NA,"XV",15,1641,1.641,9.14076782449726,0,0,FALSE,3.0233702757845
"5582","YOR381W",31,31,0,0,0,13,18,0,18,13,0,"missense_variant;synonymous_variant",NA,NA,"XV",31,2136,2.136,14.5131086142322,0,0,FALSE,3.80960740946258
"5583","YOR381W-A",19,3,0,16,0,2,1,16,1,2,0,"upstream_gene_variant;synonymous_variant;missense_variant",678,2,"XV",3,168,0.168,17.8571428571429,5.33333333333333,0.896,FALSE,4.22577127364258
"5584","YOR382W",21,0,0,21,0,0,0,21,0,0,0,"upstream_gene_variant",904,295,"XV",0,462,0.462,0,NA,NA,TRUE,0
"5585","YOR383C",15,0,0,15,0,0,0,15,0,0,0,"upstream_gene_variant",503,281,"XV",0,615,0.615,0,NA,NA,FALSE,0
"5586","YOR384W",35,35,0,0,0,21,11,0,11,21,3,"missense_variant;synonymous_variant;stop_gained",NA,NA,"XV",35,2085,2.085,16.7865707434053,0,0,FALSE,4.09714177731321
"5587","YOR385W",10,10,0,0,0,5,5,0,5,5,0,"missense_variant;synonymous_variant",NA,NA,"XV",10,873,0.873,11.454753722795,0,0,FALSE,3.38448721711206
"5588","YOR386W",18,15,0,3,0,2,13,3,13,2,0,"upstream_gene_variant;synonymous_variant;missense_variant",741,391,"XV",15,1698,1.698,8.8339222614841,0.2,0.3396,FALSE,2.97219149138882
"5589","YOR387C",19,3,0,16,0,2,1,16,1,2,0,"synonymous_variant;missense_variant;upstream_gene_variant",962,305,"XV",3,621,0.621,4.83091787439614,5.33333333333333,3.312,FALSE,2.19793491131929
"5590","YOR389W",17,17,0,0,0,9,7,0,7,9,1,"synonymous_variant;missense_variant;stop_gained",NA,NA,"XV",17,1875,1.875,9.06666666666667,0,0,FALSE,3.01109061083632
"5591","YPL001W",8,8,0,0,0,3,5,0,5,3,0,"missense_variant;synonymous_variant",NA,NA,"XVI",8,1125,1.125,7.11111111111111,0,0,FALSE,2.66666666666667
"5592","YPL002C",2,2,0,0,0,0,2,0,2,0,0,"synonymous_variant",NA,NA,"XVI",2,702,0.702,2.84900284900285,0,0,FALSE,1.68789894513944
"5593","YPL003W",12,12,0,0,0,9,3,0,3,9,0,"missense_variant;synonymous_variant",NA,NA,"XVI",12,1389,1.389,8.63930885529158,0,0,FALSE,2.93927012288622
"5594","YPL004C",11,9,0,2,0,2,7,2,7,2,0,"missense_variant;synonymous_variant;upstream_gene_variant",263,40,"XVI",9,1026,1.026,8.7719298245614,0.222222222222222,0.228,FALSE,2.96174438879546
"5595","YPL005W",8,8,0,0,0,4,4,0,4,4,0,"missense_variant;synonymous_variant",NA,NA,"XVI",8,1821,1.821,4.39319055464031,0,0,FALSE,2.09599393001037
"5596","YPL006W",21,21,0,0,0,4,17,0,17,4,0,"synonymous_variant;missense_variant",NA,NA,"XVI",21,3513,3.513,5.97779675491033,0,0,FALSE,2.444953323667
"5597","YPL007C",25,14,0,11,0,6,8,11,8,6,0,"synonymous_variant;missense_variant;upstream_gene_variant",760,89,"XVI",14,1767,1.767,7.92303338992643,0.785714285714286,1.38835714285714,FALSE,2.81478833838824
"5598","YPL008W",17,17,0,0,0,8,9,0,9,8,0,"missense_variant;synonymous_variant",NA,NA,"XVI",17,2586,2.586,6.5738592420727,0,0,FALSE,2.5639538299417
"5599","YPL009C",24,24,0,0,0,7,17,0,17,7,0,"missense_variant;synonymous_variant",NA,NA,"XVI",24,3117,3.117,7.69971126082772,0,0,FALSE,2.77483535742712
"5600","YPL010W",3,3,0,0,0,0,3,0,3,0,0,"synonymous_variant",NA,NA,"XVI",3,570,0.57,5.26315789473684,0,0,FALSE,2.29415733870562
"5601","YPL011C",10,9,0,1,0,3,6,1,6,3,0,"missense_variant;synonymous_variant;upstream_gene_variant",46,46,"XVI",9,1062,1.062,8.47457627118644,0.111111111111111,0.118,FALSE,2.91111254869791
"5602","YPL012W",28,28,0,0,0,7,21,0,21,7,0,"synonymous_variant;missense_variant",NA,NA,"XVI",28,3687,3.687,7.5942500678058,0,0,FALSE,2.75576669328262
"5603","YPL013C",5,5,0,0,0,1,4,0,4,1,0,"missense_variant;synonymous_variant",NA,NA,"XVI",5,366,0.366,13.6612021857923,0,0,FALSE,3.69610635477286
"5604","YPL014W",8,8,0,0,0,1,7,0,7,1,0,"synonymous_variant;missense_variant",NA,NA,"XVI",8,1146,1.146,6.98080279232112,0,0,FALSE,2.64212088904371
"5605","YPL015C",16,10,0,6,0,3,7,6,7,3,0,"missense_variant;synonymous_variant;upstream_gene_variant",602,424,"XVI",10,1074,1.074,9.31098696461825,0.6,0.6444,FALSE,3.05139098848677
"5606","YPL016W",39,39,0,0,0,15,24,0,24,15,0,"missense_variant;synonymous_variant",NA,NA,"XVI",39,3945,3.945,9.88593155893536,0,0,FALSE,3.14419012766966
"5607","YPL017C",17,17,0,0,0,5,12,0,12,5,0,"synonymous_variant;missense_variant",NA,NA,"XVI",17,1500,1.5,11.3333333333333,0,0,FALSE,3.36650164612069
"5608","YPL018W",6,6,0,0,0,3,3,0,3,3,0,"synonymous_variant;missense_variant",NA,NA,"XVI",6,1110,1.11,5.4054054054054,0,0,FALSE,2.32495277487639
"5609","YPL019C",18,18,0,0,0,6,12,0,12,6,0,"synonymous_variant;missense_variant",NA,NA,"XVI",18,2508,2.508,7.17703349282297,0,0,FALSE,2.6789985988841
"5610","YPL020C",10,6,0,4,0,3,3,4,3,3,0,"synonymous_variant;missense_variant;upstream_gene_variant",250,112,"XVI",6,1866,1.866,3.21543408360129,0.666666666666667,1.244,FALSE,1.79316315030208
"5611","YPL021W",10,10,0,0,0,6,4,0,4,6,0,"missense_variant;synonymous_variant",NA,NA,"XVI",10,564,0.564,17.7304964539007,0,0,FALSE,4.2107596053326
"5612","YPL022W",23,23,0,0,0,6,17,0,17,6,0,"missense_variant;synonymous_variant",NA,NA,"XVI",23,3303,3.303,6.96336663639116,0,0,FALSE,2.63881917462928
"5613","YPL023C",9,9,0,0,0,2,7,0,7,2,0,"synonymous_variant;missense_variant",NA,NA,"XVI",9,1974,1.974,4.55927051671733,0,0,FALSE,2.13524483765149
"5614","YPL024W",3,3,0,0,0,1,2,0,2,1,0,"missense_variant;synonymous_variant",NA,NA,"XVI",3,726,0.726,4.13223140495868,0,0,FALSE,2.03278907045435
"5615","YPL026C",7,4,0,3,0,2,2,3,2,2,0,"missense_variant;synonymous_variant;upstream_gene_variant",974,73,"XVI",4,1509,1.509,2.65076209410205,0.75,1.13175,FALSE,1.62811611812612
"5616","YPL027W",10,5,0,5,0,2,3,5,3,2,0,"upstream_gene_variant;missense_variant;synonymous_variant",350,1,"XVI",5,738,0.738,6.77506775067751,1,0.738,FALSE,2.60289603147677
"5617","YPL028W",4,4,0,0,0,1,3,0,3,1,0,"synonymous_variant;missense_variant",NA,NA,"XVI",4,1197,1.197,3.34168755221387,0,0,FALSE,1.82802832369027
"5618","YPL029W",4,4,0,0,0,0,4,0,4,0,0,"synonymous_variant",NA,NA,"XVI",4,2214,2.214,1.806684733514,0,0,FALSE,1.34412973090919
"5619","YPL030W",4,4,0,0,0,1,3,0,3,1,0,"missense_variant;synonymous_variant",NA,NA,"XVI",4,1704,1.704,2.34741784037559,0,0,FALSE,1.53212853258974
"5620","YPL031C",1,1,0,0,0,1,0,0,0,1,0,"missense_variant",NA,NA,"XVI",1,1020,1.02,0.980392156862745,0,0,FALSE,0.990147542976674
"5621","YPL032C",2,2,0,0,0,0,2,0,2,0,0,"synonymous_variant",NA,NA,"XVI",2,2478,2.478,0.807102502017756,0,0,FALSE,0.898388836761542
"5622","YPL035C",3,1,0,2,0,1,0,2,0,1,0,"missense_variant;upstream_gene_variant",411,309,"XVI",1,NA,NA,NA,2,NA,FALSE,NA
"5623","YPL036W",6,6,0,0,0,2,4,0,4,2,0,"synonymous_variant;missense_variant",NA,NA,"XVI",6,2844,2.844,2.10970464135021,0,0,FALSE,1.45248223443532
"5624","YPL037C",2,2,0,0,0,0,2,0,2,0,0,"synonymous_variant",NA,NA,"XVI",2,474,0.474,4.21940928270042,0,0,FALSE,2.0541200750444
"5625","YPL038W-A",2,2,0,0,0,2,0,0,0,2,0,"missense_variant",NA,NA,"XVI",2,192,0.192,10.4166666666667,0,0,FALSE,3.22748612183951
"5626","YPL040C",4,4,0,0,0,3,1,0,1,3,0,"missense_variant;synonymous_variant",NA,NA,"XVI",4,3009,3.009,1.32934529744101,0,0,FALSE,1.15297237496872
"5627","YPL042C",5,5,0,0,0,2,3,0,3,2,0,"synonymous_variant;missense_variant",NA,NA,"XVI",5,1668,1.668,2.99760191846523,0,0,FALSE,1.73135840266111
"5628","YPL043W",3,3,0,0,0,1,2,0,2,1,0,"missense_variant;synonymous_variant",NA,NA,"XVI",3,2058,2.058,1.45772594752187,0,0,FALSE,1.20736322104074
"5629","YPL045W",2,2,0,0,0,1,1,0,1,1,0,"missense_variant;synonymous_variant",NA,NA,"XVI",2,2397,2.397,0.834376303712975,0,0,FALSE,0.913442008949104
"5630","YPL048W",2,2,0,0,0,0,2,0,2,0,0,"synonymous_variant",NA,NA,"XVI",2,1248,1.248,1.6025641025641,0,0,FALSE,1.26592420885458
"5631","YPL049C",6,6,0,0,0,4,2,0,2,4,0,"missense_variant;synonymous_variant",NA,NA,"XVI",6,1359,1.359,4.41501103752759,0,0,FALSE,2.10119276543767
"5632","YPL050C",2,2,0,0,0,2,0,0,0,2,0,"missense_variant",NA,NA,"XVI",2,1188,1.188,1.68350168350168,0,0,FALSE,1.2974982402692
"5633","YPL052W",5,5,0,0,0,3,2,0,2,3,0,"missense_variant;synonymous_variant",NA,NA,"XVI",5,880,0.88,5.68181818181818,0,0,FALSE,2.38365647311398
"5634","YPL053C",7,7,0,0,0,1,6,0,6,1,0,"synonymous_variant;missense_variant",NA,NA,"XVI",7,1341,1.341,5.2199850857569,0,0,FALSE,2.28472866786341
"5635","YPL054W",6,6,0,0,0,4,2,0,2,4,0,"missense_variant;synonymous_variant",NA,NA,"XVI",6,906,0.906,6.62251655629139,0,0,FALSE,2.57342506327489
"5636","YPL055C",6,6,0,0,0,2,4,0,4,2,0,"synonymous_variant;missense_variant",NA,NA,"XVI",6,999,0.999,6.00600600600601,0,0,FALSE,2.45071540697936
"5637","YPL056C",3,3,0,0,0,2,1,0,1,2,0,"synonymous_variant;missense_variant",NA,NA,"XVI",3,306,0.306,9.80392156862745,0,0,FALSE,3.13112145542575
"5638","YPL057C",12,12,0,0,0,3,9,0,9,3,0,"synonymous_variant;missense_variant",NA,NA,"XVI",12,1149,1.149,10.443864229765,0,0,FALSE,3.231696803502
"5639","YPL058C",37,22,0,15,0,4,18,15,18,4,0,"missense_variant;synonymous_variant;upstream_gene_variant",940,5,"XVI",22,4536,4.536,4.85008818342152,0.681818181818182,3.09272727272727,FALSE,2.20229157547803
"5640","YPL060C-A",13,0,0,13,0,0,0,13,0,0,0,"upstream_gene_variant",896,422,"XVI",0,5410,5.41,0,NA,NA,FALSE,0
"5641","YPL060W",2,2,0,0,0,1,1,0,1,1,0,"missense_variant;synonymous_variant",NA,NA,"XVI",2,1242,1.242,1.61030595813205,0,0,FALSE,1.26897831271147
"5642","YPL061W",3,3,0,0,0,0,3,0,3,0,0,"synonymous_variant",NA,NA,"XVI",3,1503,1.503,1.99600798403194,0,0,FALSE,1.41280146660171
"5643","YPL062W",7,7,0,0,0,5,2,0,2,5,0,"synonymous_variant;missense_variant",NA,NA,"XVI",7,405,0.405,17.283950617284,0,0,FALSE,4.15739709641549
"5644","YPL063W",10,10,0,0,0,2,7,0,8,2,0,"synonymous_variant;missense_variant;splice_region_variant&stop_retained_variant",NA,NA,"XVI",10,1431,1.431,6.98812019566737,0,0,FALSE,2.64350528572715
"5645","YPL064C",7,7,0,0,0,3,4,0,4,3,0,"synonymous_variant;missense_variant",NA,NA,"XVI",7,906,0.906,7.72626931567329,0,0,FALSE,2.77961675697807
"5646","YPL065W",6,6,0,0,0,1,5,0,5,1,0,"synonymous_variant;missense_variant",NA,NA,"XVI",6,729,0.729,8.23045267489712,0,0,FALSE,2.86887655274623
"5647","YPL066W",7,7,0,0,0,1,6,0,6,1,0,"synonymous_variant;missense_variant",NA,NA,"XVI",7,1440,1.44,4.86111111111111,0,0,FALSE,2.20479275922049
"5648","YPL067C",10,10,0,0,0,3,7,0,7,3,0,"synonymous_variant;missense_variant",NA,NA,"XVI",10,597,0.597,16.750418760469,0,0,FALSE,4.09272754535029
"5649","YPL068C",7,7,0,0,0,1,6,0,6,1,0,"synonymous_variant;missense_variant",NA,NA,"XVI",7,882,0.882,7.93650793650794,0,0,FALSE,2.81718084909506
"5650","YPL069C",6,6,0,0,0,1,5,0,5,1,0,"synonymous_variant;missense_variant",NA,NA,"XVI",6,1008,1.008,5.95238095238095,0,0,FALSE,2.43975018237133
"5651","YPL070W",7,7,0,0,0,1,6,0,6,1,0,"synonymous_variant;missense_variant",NA,NA,"XVI",7,1839,1.839,3.80641653072322,0,0,FALSE,1.95100398019154
"5652","YPL071C",5,5,0,0,0,2,3,0,3,2,0,"missense_variant;synonymous_variant",NA,NA,"XVI",5,471,0.471,10.6157112526539,0,0,FALSE,3.25817606225537
"5653","YPL072W",12,9,0,3,0,6,3,3,3,6,0,"upstream_gene_variant;missense_variant;synonymous_variant",422,297,"XVI",9,1500,1.5,6,0.333333333333333,0.5,FALSE,2.44948974278318
"5654","YPL073C",2,2,0,0,0,1,1,0,1,1,0,"synonymous_variant;missense_variant",NA,NA,"XVI",2,NA,NA,NA,0,NA,FALSE,NA
"5655","YPL074W",15,9,0,6,0,4,5,6,5,4,0,"upstream_gene_variant;synonymous_variant;missense_variant",382,19,"XVI",9,2265,2.265,3.97350993377483,0.666666666666667,1.51,FALSE,1.99336648255529
"5656","YPL075W",12,12,0,0,0,11,0,0,0,11,1,"missense_variant;stop_lost",NA,NA,"XVI",12,3109,3.109,3.85976198134448,0,0,TRUE,1.9646276953521
"5657","YPL076W",6,6,0,0,0,1,5,0,5,1,0,"missense_variant;synonymous_variant",NA,NA,"XVI",6,843,0.843,7.11743772241993,0,0,FALSE,2.66785264256104
"5658","YPL077C",4,4,0,0,0,1,3,0,3,1,0,"synonymous_variant;missense_variant",NA,NA,"XVI",4,723,0.723,5.53250345781466,0,0,FALSE,2.35212743230775
"5659","YPL078C",4,4,0,0,0,0,4,0,4,0,0,"synonymous_variant",NA,NA,"XVI",4,735,0.735,5.4421768707483,0,0,FALSE,2.33284737407922
"5660","YPL079W",1,1,0,0,0,1,0,0,0,1,0,"missense_variant",NA,NA,"XVI",1,904,0.904,1.10619469026549,0,0,FALSE,1.05175790477918
"5661","YPL080C",4,4,0,0,0,3,1,0,1,3,0,"missense_variant;synonymous_variant",NA,NA,"XVI",4,327,0.327,12.2324159021407,0,0,FALSE,3.49748708391334
"5662","YPL081W",5,5,0,0,0,5,0,0,0,5,0,"missense_variant",NA,NA,"XVI",5,1095,1.095,4.5662100456621,0,0,FALSE,2.13686921585344
"5663","YPL082C",41,32,0,9,0,5,27,9,27,5,0,"synonymous_variant;missense_variant;upstream_gene_variant",906,23,"XVI",32,5604,5.604,5.71020699500357,0.28125,1.576125,FALSE,2.38960394103365
"5664","YPL083C",8,6,0,2,0,2,4,2,4,2,0,"missense_variant;synonymous_variant;upstream_gene_variant",257,14,"XVI",6,1404,1.404,4.27350427350427,0.333333333333333,0.468,FALSE,2.06724557648681
"5665","YPL084W",11,10,0,1,0,3,7,1,7,3,0,"upstream_gene_variant;missense_variant;synonymous_variant",230,230,"XVI",10,2535,2.535,3.94477317554241,0.1,0.2535,FALSE,1.98614530574739
"5666","YPL085W",41,41,0,0,0,23,18,0,18,23,0,"missense_variant;synonymous_variant",NA,NA,"XVI",41,6588,6.588,6.2234365513054,0,0,FALSE,2.49468165329875
"5667","YPL086C",12,6,0,6,0,0,6,6,6,0,0,"synonymous_variant;upstream_gene_variant",563,39,"XVI",6,1674,1.674,3.584229390681,1,1.674,FALSE,1.89320611415688
"5668","YPL087W",2,2,0,0,0,0,2,0,2,0,0,"synonymous_variant",NA,NA,"XVI",2,954,0.954,2.09643605870021,0,0,FALSE,1.4479074758769
"5669","YPL088W",6,6,0,0,0,4,2,0,2,4,0,"missense_variant;synonymous_variant",NA,NA,"XVI",6,1029,1.029,5.83090379008746,0,0,FALSE,2.41472644208148
"5670","YPL089C",6,6,0,0,0,5,1,0,1,5,0,"missense_variant;synonymous_variant",NA,NA,"XVI",6,2031,2.031,2.95420974889217,0,0,FALSE,1.71878147211685
"5671","YPL090C",7,1,0,6,0,0,1,6,1,0,0,"synonymous_variant;upstream_gene_variant",623,240,"XVI",1,1105,1.105,0.904977375565611,6,6.63,FALSE,0.951302988308988
"5672","YPL091W",2,2,0,0,0,1,1,0,1,1,0,"synonymous_variant;missense_variant",NA,NA,"XVI",2,1452,1.452,1.37741046831956,0,0,FALSE,1.17363131703255
"5673","YPL092W",4,4,0,0,0,3,1,0,1,3,0,"missense_variant;synonymous_variant",NA,NA,"XVI",4,1377,1.377,2.90486564996369,0,0,FALSE,1.70436664188305
"5674","YPL093W",6,6,0,0,0,0,6,0,6,0,0,"synonymous_variant",NA,NA,"XVI",6,1944,1.944,3.08641975308642,0,0,FALSE,1.75682092231577
"5675","YPL094C",1,1,0,0,0,0,1,0,1,0,0,"synonymous_variant",NA,NA,"XVI",1,825,0.825,1.21212121212121,0,0,FALSE,1.10096376512636
"5676","YPL095C",6,6,0,0,0,1,5,0,5,1,0,"synonymous_variant;missense_variant",NA,NA,"XVI",6,1371,1.371,4.37636761487965,0,0,FALSE,2.09197696327652
"5677","YPL096C-A",1,1,0,0,0,0,1,0,1,0,0,"synonymous_variant",NA,NA,"XVI",1,207,0.207,4.83091787439614,0,0,FALSE,2.19793491131929
"5678","YPL096W",4,4,0,0,0,3,1,0,1,3,0,"synonymous_variant;missense_variant",NA,NA,"XVI",4,1092,1.092,3.66300366300366,0,0,FALSE,1.91389750587738
"5679","YPL097W",5,5,0,0,0,2,3,0,3,2,0,"synonymous_variant;missense_variant",NA,NA,"XVI",5,1479,1.479,3.38066260987153,0,0,FALSE,1.83865782838231
"5680","YPL098C",2,2,0,0,0,2,0,0,0,2,0,"missense_variant",NA,NA,"XVI",2,342,0.342,5.84795321637427,0,0,FALSE,2.41825416703337
"5681","YPL099C",6,6,0,0,0,5,1,0,1,5,0,"synonymous_variant;missense_variant",NA,NA,"XVI",6,549,0.549,10.9289617486339,0,0,FALSE,3.30589802453643
"5682","YPL100W",10,10,0,0,0,4,6,0,6,4,0,"missense_variant;synonymous_variant",NA,NA,"XVI",10,1491,1.491,6.70690811535882,0,0,FALSE,2.58976989621835
"5683","YPL101W",13,13,0,0,0,4,9,0,9,4,0,"missense_variant;synonymous_variant",NA,NA,"XVI",13,1371,1.371,9.48212983223924,0,0,FALSE,3.07930671292082
"5684","YPL102C",8,8,0,0,0,6,2,0,2,6,0,"missense_variant;synonymous_variant",NA,NA,"XVI",8,NA,NA,NA,0,NA,FALSE,NA
"5685","YPL103C",19,19,0,0,0,6,13,0,13,6,0,"synonymous_variant;missense_variant",NA,NA,"XVI",19,1407,1.407,13.5039090262971,0,0,FALSE,3.67476652677379
"5686","YPL104W",19,19,0,0,0,4,15,0,15,4,0,"synonymous_variant;missense_variant",NA,NA,"XVI",19,1977,1.977,9.61052099140111,0,0,FALSE,3.10008402973228
"5687","YPL105C",24,24,0,0,0,14,10,0,10,14,0,"synonymous_variant;missense_variant",NA,NA,"XVI",24,2550,2.55,9.41176470588235,0,0,FALSE,3.06785995538948
"5688","YPL106C",19,17,0,2,0,1,16,2,16,1,0,"synonymous_variant;missense_variant;upstream_gene_variant",329,204,"XVI",17,2082,2.082,8.16522574447647,0.117647058823529,0.244941176470588,FALSE,2.8574859132595
"5689","YPL107W",2,2,0,0,0,2,0,0,0,2,0,"missense_variant",NA,NA,"XVI",2,747,0.747,2.67737617135207,0,0,FALSE,1.63626897891272
"5690","YPL108W",7,7,0,0,0,3,4,0,4,3,0,"synonymous_variant;missense_variant",NA,NA,"XVI",7,507,0.507,13.8067061143984,0,0,FALSE,3.71573762722806
"5691","YPL109C",5,5,0,0,0,2,3,0,3,2,0,"synonymous_variant;missense_variant",NA,NA,"XVI",5,2126,2.126,2.35183443085607,0,0,FALSE,1.53356918032936
"5692","YPL110C",32,25,0,7,0,16,9,7,9,16,0,"synonymous_variant;missense_variant;upstream_gene_variant",848,44,"XVI",25,3672,3.672,6.8082788671024,0.28,1.02816,FALSE,2.60926787952146
"5693","YPL111W",8,8,0,0,0,1,7,0,7,1,0,"synonymous_variant;missense_variant",NA,NA,"XVI",8,1002,1.002,7.98403193612774,0,0,FALSE,2.82560293320342
"5694","YPL112C",8,8,0,0,0,1,6,0,7,1,0,"splice_region_variant&stop_retained_variant;synonymous_variant;missense_variant",NA,NA,"XVI",8,1185,1.185,6.75105485232067,0,0,FALSE,2.59827920984652
"5695","YPL113C",5,5,0,0,0,1,4,0,4,1,0,"synonymous_variant;missense_variant",NA,NA,"XVI",5,1191,1.191,4.19815281276238,0,0,FALSE,2.04893943608941
"5696","YPL114W",1,1,0,0,0,0,1,0,1,0,0,"synonymous_variant",NA,NA,"XVI",1,NA,NA,NA,0,NA,FALSE,NA
"5697","YPL115C",29,25,0,4,0,10,15,4,15,10,0,"missense_variant;synonymous_variant;upstream_gene_variant",423,12,"XVI",25,3387,3.387,7.38116327133156,0.16,0.54192,FALSE,2.71682963605221
"5698","YPL116W",4,4,0,0,0,0,4,0,4,0,0,"synonymous_variant",NA,NA,"XVI",4,2094,2.094,1.91021967526266,0,0,FALSE,1.3821069695442
"5699","YPL117C",3,3,0,0,0,0,3,0,3,0,0,"synonymous_variant",NA,NA,"XVI",3,867,0.867,3.46020761245675,0,0,FALSE,1.86016332951081
"5700","YPL118W",5,5,0,0,0,5,0,0,0,5,0,"missense_variant",NA,NA,"XVI",5,1035,1.035,4.83091787439614,0,0,FALSE,2.19793491131929
"5701","YPL119C",14,14,0,0,0,4,10,0,10,4,0,"synonymous_variant;missense_variant",NA,NA,"XVI",14,1854,1.854,7.5512405609493,0,0,FALSE,2.74795206671246
"5702","YPL119C-A",4,4,0,0,0,2,1,0,1,2,1,"stop_lost&splice_region_variant;missense_variant;synonymous_variant",NA,NA,"XVI",4,264,0.264,15.1515151515152,0,0,FALSE,3.89249472080761
"5703","YPL120W",16,16,0,0,0,5,11,0,11,5,0,"synonymous_variant;missense_variant",NA,NA,"XVI",16,1674,1.674,9.55794504181601,0,0,FALSE,3.09159263840112
"5704","YPL121C",2,2,0,0,0,1,1,0,1,1,0,"missense_variant;synonymous_variant",NA,NA,"XVI",2,669,0.669,2.98953662182362,0,0,FALSE,1.7290276521281
"5705","YPL122C",2,2,0,0,0,0,2,0,2,0,0,"synonymous_variant",NA,NA,"XVI",2,1542,1.542,1.2970168612192,0,0,FALSE,1.13886648085682
"5706","YPL123C",12,11,0,1,0,5,6,1,6,5,0,"synonymous_variant;missense_variant;upstream_gene_variant",50,50,"XVI",11,1305,1.305,8.42911877394636,0.0909090909090909,0.118636363636364,FALSE,2.90329446903795
"5707","YPL124W",3,2,0,1,0,2,0,1,0,2,0,"upstream_gene_variant;missense_variant",175,175,"XVI",2,762,0.762,2.6246719160105,0.5,0.381,FALSE,1.62008392252084
"5708","YPL125W",9,9,0,0,0,3,6,0,6,3,0,"missense_variant;synonymous_variant",NA,NA,"XVI",9,3099,3.099,2.90416263310745,0,0,FALSE,1.70416038949022
"5709","YPL126W",17,17,0,0,0,7,10,0,10,7,0,"missense_variant;synonymous_variant",NA,NA,"XVI",17,2691,2.691,6.3173541434411,0,0,FALSE,2.51343473029261
"5710","YPL127C",2,2,0,0,0,0,2,0,2,0,0,"synonymous_variant",NA,NA,"XVI",2,777,0.777,2.57400257400257,0,0,FALSE,1.60436983703963
"5711","YPL128C",15,6,0,9,0,1,5,9,5,1,0,"synonymous_variant;missense_variant;upstream_gene_variant",564,18,"XVI",6,1689,1.689,3.55239786856128,1.5,2.5335,FALSE,1.88478058897084
"5712","YPL129W",2,2,0,0,0,1,1,0,1,1,0,"missense_variant;synonymous_variant",NA,NA,"XVI",2,840,0.84,2.38095238095238,0,0,FALSE,1.54303349962092
"5713","YPL130W",7,7,0,0,0,5,2,0,2,5,0,"synonymous_variant;missense_variant",NA,NA,"XVI",7,672,0.672,10.4166666666667,0,0,FALSE,3.22748612183951
"5714","YPL131W",4,4,0,0,0,1,3,0,3,1,0,"synonymous_variant;missense_variant",NA,NA,"XVI",4,894,0.894,4.47427293064877,0,0,FALSE,2.11524772323451
"5715","YPL132W",2,2,0,0,0,0,2,0,2,0,0,"synonymous_variant",NA,NA,"XVI",2,903,0.903,2.21483942414175,0,0,FALSE,1.48823365912136
"5716","YPL133C",8,8,0,0,0,3,5,0,5,3,0,"synonymous_variant;missense_variant",NA,NA,"XVI",8,1341,1.341,5.96569724086503,0,0,FALSE,2.44247768482437
"5717","YPL134C",1,1,0,0,0,0,1,0,1,0,0,"synonymous_variant",NA,NA,"XVI",1,933,0.933,1.07181136120043,0,0,FALSE,1.03528322752782
"5718","YPL135W",2,2,0,0,0,1,1,0,1,1,0,"missense_variant;synonymous_variant",NA,NA,"XVI",2,498,0.498,4.01606425702811,0,0,FALSE,2.00401204014051
"5719","YPL137C",36,35,0,1,0,11,24,1,24,11,0,"synonymous_variant;missense_variant;upstream_gene_variant",837,837,"XVI",35,3831,3.831,9.13599582354477,0.0285714285714286,0.109457142857143,FALSE,3.02258098709443
"5720","YPL138C",6,6,0,0,0,1,5,0,5,1,0,"synonymous_variant;missense_variant",NA,NA,"XVI",6,1062,1.062,5.64971751412429,0,0,FALSE,2.37691344270764
"5721","YPL139C",11,11,0,0,0,4,7,0,7,4,0,"synonymous_variant;missense_variant",NA,NA,"XVI",11,1383,1.383,7.95372378886479,0,0,FALSE,2.82023470457067
"5722","YPL140C",3,3,0,0,0,1,2,0,2,1,0,"missense_variant;synonymous_variant",NA,NA,"XVI",3,1521,1.521,1.9723865877712,0,0,FALSE,1.40441681411581
"5723","YPL141C",19,19,0,0,0,7,12,0,12,7,0,"synonymous_variant;missense_variant",NA,NA,"XVI",19,2598,2.598,7.31331793687452,0,0,FALSE,2.7043146889507
"5724","YPL142C",1,1,0,0,0,1,0,0,0,1,0,"missense_variant",NA,NA,"XVI",1,NA,NA,NA,0,NA,FALSE,NA
"5725","YPL144W",4,4,0,0,0,1,3,0,3,1,0,"synonymous_variant;missense_variant",NA,NA,"XVI",4,447,0.447,8.94854586129754,0,0,FALSE,2.99141201797705
"5726","YPL145C",5,5,0,0,0,0,5,0,5,0,0,"synonymous_variant",NA,NA,"XVI",5,1305,1.305,3.83141762452107,0,0,FALSE,1.95740073171568
"5727","YPL146C",7,4,0,3,0,4,0,3,0,4,0,"missense_variant;upstream_gene_variant",694,422,"XVI",4,1368,1.368,2.92397660818713,0.75,1.026,FALSE,1.70996392014192
"5728","YPL147W",17,17,0,0,0,5,12,0,12,5,0,"synonymous_variant;missense_variant",NA,NA,"XVI",17,2613,2.613,6.50593187906621,0,0,FALSE,2.55067282869956
"5729","YPL148C",7,1,0,6,0,0,1,6,1,0,0,"synonymous_variant;upstream_gene_variant",414,124,"XVI",1,522,0.522,1.91570881226054,6,3.132,FALSE,1.38409133089567
"5730","YPL149W",6,6,0,0,0,2,4,0,4,2,0,"missense_variant;synonymous_variant",NA,NA,"XVI",6,885,0.885,6.77966101694915,0,0,FALSE,2.60377821961648
"5731","YPL150W",10,10,0,0,0,3,7,0,7,3,0,"synonymous_variant;missense_variant",NA,NA,"XVI",10,2706,2.706,3.69549150036955,0,0,FALSE,1.92236612027198
"5732","YPL151C",5,5,0,0,0,1,4,0,4,1,0,"synonymous_variant;missense_variant",NA,NA,"XVI",5,1356,1.356,3.68731563421829,0,0,FALSE,1.92023843160642
"5733","YPL152W",4,4,0,0,0,0,4,0,4,0,0,"synonymous_variant",NA,NA,"XVI",4,1077,1.077,3.71402042711235,0,0,FALSE,1.92717939671229
"5734","YPL152W-A",4,4,0,0,0,3,1,0,1,3,0,"missense_variant;synonymous_variant",NA,NA,"XVI",4,99,0.099,40.4040404040404,0,0,FALSE,6.35641726163728
"5735","YPL153C",18,18,0,0,0,5,13,0,13,5,0,"missense_variant;synonymous_variant",NA,NA,"XVI",18,2466,2.466,7.2992700729927,0,0,FALSE,2.7017161347915
"5736","YPL154C",5,5,0,0,0,1,4,0,4,1,0,"synonymous_variant;missense_variant",NA,NA,"XVI",5,1218,1.218,4.10509031198686,0,0,FALSE,2.02610224618277
"5737","YPL155C",11,11,0,0,0,3,8,0,8,3,0,"synonymous_variant;missense_variant",NA,NA,"XVI",11,2121,2.121,5.18623290900519,0,0,FALSE,2.27733021518733
"5738","YPL156C",4,4,0,0,0,2,2,0,2,2,0,"missense_variant;synonymous_variant",NA,NA,"XVI",4,855,0.855,4.67836257309941,0,0,FALSE,2.1629522817435
"5739","YPL157W",7,7,0,0,0,5,2,0,2,5,0,"synonymous_variant;missense_variant",NA,NA,"XVI",7,948,0.948,7.38396624472574,0,0,FALSE,2.71734544081641
"5740","YPL158C",35,35,0,0,0,21,14,0,14,21,0,"missense_variant;synonymous_variant",NA,NA,"XVI",35,2277,2.277,15.3711023276241,0,0,FALSE,3.92059974080804
"5741","YPL159C",10,8,0,2,0,6,2,2,2,6,0,"missense_variant;synonymous_variant;upstream_gene_variant",336,70,"XVI",8,762,0.762,10.498687664042,0.25,0.1905,FALSE,3.24016784504167
"5742","YPL160W",10,10,0,0,0,2,8,0,8,2,0,"missense_variant;synonymous_variant",NA,NA,"XVI",10,3273,3.273,3.05530094714329,0,0,FALSE,1.74794191755427
"5743","YPL161C",11,11,0,0,0,5,6,0,6,5,0,"missense_variant;synonymous_variant",NA,NA,"XVI",11,1902,1.902,5.78338590956888,0,0,FALSE,2.4048671292961
"5744","YPL162C",2,2,0,0,0,2,0,0,0,2,0,"missense_variant",NA,NA,"XVI",2,822,0.822,2.4330900243309,0,0,FALSE,1.55983653769583
"5745","YPL163C",8,8,0,0,0,3,5,0,5,3,0,"missense_variant;synonymous_variant",NA,NA,"XVI",8,783,0.783,10.2171136653895,0,0,FALSE,3.19642200990256
"5746","YPL164C",25,25,0,0,0,11,14,0,14,11,0,"synonymous_variant;missense_variant",NA,NA,"XVI",25,2148,2.148,11.6387337057728,0,0,FALSE,3.41155883809334
"5747","YPL165C",13,13,0,0,0,6,7,0,7,6,0,"synonymous_variant;missense_variant",NA,NA,"XVI",13,1122,1.122,11.5864527629234,0,0,FALSE,3.40388788930002
"5748","YPL166W",6,6,0,0,0,3,2,0,2,3,1,"start_lost;missense_variant;synonymous_variant",NA,NA,"XVI",6,642,0.642,9.34579439252336,0,0,FALSE,3.05708920257872
"5749","YPL167C",44,36,0,8,0,13,23,8,23,13,0,"missense_variant;synonymous_variant;upstream_gene_variant",225,18,"XVI",36,4515,4.515,7.9734219269103,0.222222222222222,1.00333333333333,FALSE,2.82372483201007
"5750","YPL168W",8,8,0,0,0,4,4,0,4,4,0,"missense_variant;synonymous_variant",NA,NA,"XVI",8,1293,1.293,6.18716163959783,0,0,FALSE,2.48740057883684
"5751","YPL169C",13,13,0,0,0,4,9,0,9,4,0,"synonymous_variant;missense_variant",NA,NA,"XVI",13,1800,1.8,7.22222222222222,0,0,FALSE,2.68741924943285
"5752","YPL170W",1,1,0,0,0,0,1,0,1,0,0,"synonymous_variant",NA,NA,"XVI",1,459,0.459,2.17864923747277,0,0,FALSE,1.47602480923349
"5753","YPL171C",11,11,0,0,0,1,10,0,10,1,0,"synonymous_variant;missense_variant",NA,NA,"XVI",11,1203,1.203,9.14380714879468,0,0,FALSE,3.0238728724592
"5754","YPL172C",9,9,0,0,0,4,5,0,5,4,0,"synonymous_variant;missense_variant",NA,NA,"XVI",9,1389,1.389,6.47948164146868,0,0,FALSE,2.54548259500408
"5755","YPL173W",1,1,0,0,0,0,1,0,1,0,0,"synonymous_variant",NA,NA,"XVI",1,894,0.894,1.11856823266219,0,0,FALSE,1.05762386161725
"5756","YPL174C",20,20,0,0,0,13,7,0,7,13,0,"missense_variant;synonymous_variant",NA,NA,"XVI",20,2607,2.607,7.67165324127349,0,0,FALSE,2.76977494415584
"5757","YPL175W",7,7,0,0,0,5,2,0,2,5,0,"missense_variant;synonymous_variant",NA,NA,"XVI",7,1459,1.459,4.7978067169294,0,0,FALSE,2.19038962673982
"5758","YPL176C",23,23,0,0,0,7,16,0,16,7,0,"synonymous_variant;missense_variant",NA,NA,"XVI",23,2352,2.352,9.77891156462585,0,0,FALSE,3.12712512775326
"5759","YPL177C",7,7,0,0,0,3,4,0,4,3,0,"synonymous_variant;missense_variant",NA,NA,"XVI",7,921,0.921,7.60043431053203,0,0,FALSE,2.75688851978676
"5760","YPL178W",5,5,0,0,0,1,4,0,4,1,0,"synonymous_variant;missense_variant",NA,NA,"XVI",5,627,0.627,7.97448165869219,0,0,FALSE,2.82391247362453
"5761","YPL179W",5,5,0,0,0,0,5,0,5,0,0,"synonymous_variant",NA,NA,"XVI",5,1650,1.65,3.03030303030303,0,0,FALSE,1.74077655955698
"5762","YPL180W",7,7,0,0,0,3,4,0,4,3,0,"synonymous_variant;missense_variant",NA,NA,"XVI",7,2400,2.4,2.91666666666667,0,0,FALSE,1.70782512765993
"5763","YPL181W",5,5,0,0,0,2,3,0,3,2,0,"synonymous_variant;missense_variant",NA,NA,"XVI",5,1521,1.521,3.28731097961867,0,0,FALSE,1.81309431073474
"5764","YPL182C",2,2,0,0,0,1,1,0,1,1,0,"missense_variant;synonymous_variant",NA,NA,"XVI",2,NA,NA,NA,0,NA,FALSE,NA
"5765","YPL183C",40,34,0,6,0,10,24,6,24,10,0,"missense_variant;synonymous_variant;upstream_gene_variant",633,255,"XVI",34,3042,3.042,11.1768573307035,0.176470588235294,0.536823529411765,FALSE,3.34318072061674
"5766","YPL183W-A",6,6,0,0,0,5,1,0,1,5,0,"missense_variant;synonymous_variant",NA,NA,"XVI",6,282,0.282,21.2765957446809,0,0,FALSE,4.61265604014443
"5767","YPL184C",9,9,0,0,0,1,8,0,8,1,0,"synonymous_variant;missense_variant",NA,NA,"XVI",9,1839,1.839,4.89396411092985,0,0,FALSE,2.212230573636
"5768","YPL185W",3,3,0,0,0,0,2,0,2,0,1,"start_lost;synonymous_variant",NA,NA,"XVI",3,NA,NA,NA,0,NA,FALSE,NA
"5769","YPL186C",11,7,0,4,0,3,4,4,4,3,0,"synonymous_variant;missense_variant;upstream_gene_variant",453,268,"XVI",7,915,0.915,7.65027322404372,0.571428571428571,0.522857142857143,FALSE,2.7659127289276
"5770","YPL187W",3,2,0,1,0,0,2,1,2,0,0,"upstream_gene_variant;synonymous_variant",74,74,"XVI",2,498,0.498,4.01606425702811,0.5,0.249,FALSE,2.00401204014051
"5771","YPL188W",4,4,0,0,0,1,3,0,3,1,0,"synonymous_variant;missense_variant",NA,NA,"XVI",4,1245,1.245,3.21285140562249,0,0,FALSE,1.79244285979288
"5772","YPL189W",12,12,0,0,0,7,5,0,5,7,0,"missense_variant;synonymous_variant",NA,NA,"XVI",12,1830,1.83,6.55737704918033,0,0,FALSE,2.56073759865792
"5773","YPL190C",21,21,0,0,0,6,15,0,15,6,0,"synonymous_variant;missense_variant",NA,NA,"XVI",21,2409,2.409,8.7173100871731,0,0,FALSE,2.95250911720406
"5774","YPL191C",1,1,0,0,0,0,1,0,1,0,0,"synonymous_variant",NA,NA,"XVI",1,1083,1.083,0.923361034164358,0,0,FALSE,0.960916767552923
"5775","YPL192C",12,4,0,8,0,1,3,8,3,1,0,"synonymous_variant;missense_variant;upstream_gene_variant",454,45,"XVI",4,402,0.402,9.9502487562189,2,0.804,FALSE,3.15440148938256
"5776","YPL193W",10,9,0,1,0,3,6,1,6,3,0,"upstream_gene_variant;synonymous_variant;missense_variant",69,69,"XVI",9,1146,1.146,7.85340314136126,0.111111111111111,0.127333333333333,FALSE,2.80239239603615
"5777","YPL194W",11,11,0,0,0,9,2,0,2,9,0,"missense_variant;synonymous_variant",NA,NA,"XVI",11,1839,1.839,5.98151169113649,0,0,FALSE,2.44571292083443
"5778","YPL195W",11,11,0,0,0,4,7,0,7,4,0,"synonymous_variant;missense_variant",NA,NA,"XVI",11,2799,2.799,3.92997499106824,0,0,FALSE,1.98241645248122
"5779","YPL196W",2,2,0,0,0,0,2,0,2,0,0,"synonymous_variant",NA,NA,"XVI",2,822,0.822,2.4330900243309,0,0,FALSE,1.55983653769583
"5780","YPL197C",1,1,0,0,0,1,0,0,0,1,0,"missense_variant",NA,NA,"XVI",1,NA,NA,NA,0,NA,FALSE,NA
"5781","YPL198W",1,0,1,0,0,0,0,0,1,0,0,"splice_region_variant&intron_variant",NA,NA,"XVI",1,1551,1.551,0.644745325596389,0,NA,FALSE,0.802960351198233
"5782","YPL199C",5,5,0,0,0,1,4,0,4,1,0,"missense_variant;synonymous_variant",NA,NA,"XVI",5,723,0.723,6.91562932226833,0,0,FALSE,2.62975841519108
"5783","YPL200W",10,10,0,0,0,3,7,0,7,3,0,"synonymous_variant;missense_variant",NA,NA,"XVI",10,471,0.471,21.2314225053079,0,0,FALSE,4.60775677584091
"5784","YPL201C",9,9,0,0,0,2,7,0,7,2,0,"synonymous_variant;missense_variant",NA,NA,"XVI",9,1386,1.386,6.49350649350649,0,0,FALSE,2.54823595718813
"5785","YPL202C",17,6,0,11,0,5,1,11,1,5,0,"missense_variant;synonymous_variant;upstream_gene_variant",358,130,"XVI",6,1251,1.251,4.79616306954436,1.83333333333333,2.2935,FALSE,2.19001439939201
"5786","YPL203W",7,7,0,0,0,2,5,0,5,2,0,"missense_variant;synonymous_variant",NA,NA,"XVI",7,1143,1.143,6.12423447069116,0,0,FALSE,2.47471906904423
"5787","YPL204W",7,7,0,0,0,1,6,0,6,1,0,"synonymous_variant;missense_variant",NA,NA,"XVI",7,1485,1.485,4.71380471380471,0,0,FALSE,2.1711298242631
"5788","YPL205C",1,1,0,0,0,0,1,0,1,0,0,"synonymous_variant",NA,NA,"XVI",1,NA,NA,NA,0,NA,FALSE,NA
"5789","YPL206C",19,14,0,5,0,1,13,5,13,1,0,"synonymous_variant;missense_variant;upstream_gene_variant",264,30,"XVI",14,966,0.966,14.4927536231884,0.357142857142857,0.345,FALSE,3.8069349381344
"5790","YPL207W",24,24,0,0,0,5,19,0,19,5,0,"missense_variant;synonymous_variant",NA,NA,"XVI",24,2433,2.433,9.86436498150432,0,0,FALSE,3.14075866336532
"5791","YPL208W",3,3,0,0,0,2,1,0,1,2,0,"missense_variant;synonymous_variant",NA,NA,"XVI",3,1752,1.752,1.71232876712329,0,0,FALSE,1.30855980647553
"5792","YPL209C",4,4,0,0,0,1,3,0,3,1,0,"synonymous_variant;missense_variant",NA,NA,"XVI",4,1104,1.104,3.6231884057971,0,0,FALSE,1.9034674690672
"5793","YPL210C",13,13,0,0,0,7,6,0,6,7,0,"missense_variant;synonymous_variant",NA,NA,"XVI",13,1923,1.923,6.76027041081643,0,0,FALSE,2.60005200156005
"5794","YPL211W",2,2,0,0,0,0,2,0,2,0,0,"synonymous_variant",NA,NA,"XVI",2,546,0.546,3.66300366300366,0,0,FALSE,1.91389750587738
"5795","YPL212C",6,6,0,0,0,3,3,0,3,3,0,"synonymous_variant;missense_variant",NA,NA,"XVI",6,1635,1.635,3.6697247706422,0,0,FALSE,1.9156525704423
"5796","YPL213W",2,2,0,0,0,1,1,0,1,1,0,"synonymous_variant;missense_variant",NA,NA,"XVI",2,717,0.717,2.78940027894003,0,0,FALSE,1.67014977739723
"5797","YPL214C",8,4,0,4,0,0,4,4,4,0,0,"synonymous_variant;upstream_gene_variant",309,28,"XVI",4,1623,1.623,2.46457178065311,1,1.623,FALSE,1.56989546806566
"5798","YPL215W",4,4,0,0,0,0,4,0,4,0,0,"synonymous_variant",NA,NA,"XVI",4,1008,1.008,3.96825396825397,0,0,FALSE,1.99204768222399
"5799","YPL216W",35,35,0,0,0,19,16,0,16,19,0,"synonymous_variant;missense_variant",NA,NA,"XVI",35,3309,3.309,10.5772136597159,0,0,FALSE,3.25226285218706
"5800","YPL217C",30,20,0,10,0,6,14,10,14,6,0,"missense_variant;synonymous_variant;upstream_gene_variant",602,90,"XVI",20,3552,3.552,5.63063063063063,0.5,1.776,FALSE,2.37289498938125
"5801","YPL219W",12,12,0,0,0,4,8,0,8,4,0,"synonymous_variant;missense_variant",NA,NA,"XVI",12,1479,1.479,8.11359026369168,0,0,FALSE,2.84843645947943
"5802","YPL221W",19,19,0,0,0,5,14,0,14,5,0,"synonymous_variant;missense_variant",NA,NA,"XVI",19,2382,2.382,7.97649034424853,0,0,FALSE,2.82426810771367
"5803","YPL222W",12,12,0,0,0,5,7,0,7,5,0,"missense_variant;synonymous_variant",NA,NA,"XVI",12,2067,2.067,5.8055152394775,0,0,FALSE,2.40946368295467
"5804","YPL223C",5,5,0,0,0,1,4,0,4,1,0,"synonymous_variant;missense_variant",NA,NA,"XVI",5,507,0.507,9.86193293885602,0,0,FALSE,3.14037146510664
"5805","YPL224C",15,11,0,4,0,5,6,4,6,5,0,"missense_variant;synonymous_variant;upstream_gene_variant",519,294,"XVI",11,1455,1.455,7.56013745704467,0.363636363636364,0.529090909090909,FALSE,2.74957041318179
"5806","YPL225W",1,1,0,0,0,0,1,0,1,0,0,"synonymous_variant",NA,NA,"XVI",1,441,0.441,2.26757369614512,0,0,FALSE,1.50584650484209
"5807","YPL226W",34,34,0,0,0,4,30,0,30,4,0,"missense_variant;synonymous_variant",NA,NA,"XVI",34,3591,3.591,9.46811473127263,0,0,FALSE,3.07703018042928
"5808","YPL227C",14,10,0,4,0,4,6,4,6,4,0,"missense_variant;synonymous_variant;upstream_gene_variant",584,26,"XVI",10,1005,1.005,9.95024875621891,0.4,0.402,FALSE,3.15440148938256
"5809","YPL228W",12,5,0,7,0,1,4,7,4,1,0,"upstream_gene_variant;synonymous_variant;missense_variant",614,122,"XVI",5,1650,1.65,3.03030303030303,1.4,2.31,FALSE,1.74077655955698
"5810","YPL229W",10,5,0,5,0,4,1,5,1,4,0,"upstream_gene_variant;missense_variant;synonymous_variant",573,120,"XVI",5,621,0.621,8.05152979066023,1,0.621,FALSE,2.83752176919583
"5811","YPL230W",23,11,0,12,0,5,6,12,6,5,0,"upstream_gene_variant;synonymous_variant;missense_variant",898,60,"XVI",11,1176,1.176,9.35374149659864,1.09090909090909,1.28290909090909,FALSE,3.05838870920598
"5812","YPL231W",36,36,0,0,0,8,28,0,28,8,0,"missense_variant;synonymous_variant",NA,NA,"XVI",36,5664,5.664,6.35593220338983,0,0,FALSE,2.52109742044805
"5813","YPL232W",11,11,0,0,0,2,9,0,9,2,0,"synonymous_variant;missense_variant",NA,NA,"XVI",11,873,0.873,12.6002290950745,0,0,FALSE,3.5496801398259
"5814","YPL233W",7,7,0,0,0,0,7,0,7,0,0,"synonymous_variant",NA,NA,"XVI",7,651,0.651,10.752688172043,0,0,FALSE,3.27912917891976
"5815","YPL234C",3,3,0,0,0,0,3,0,3,0,0,"synonymous_variant",NA,NA,"XVI",3,495,0.495,6.06060606060606,0,0,FALSE,2.46182981958665
"5816","YPL235W",12,12,0,0,0,0,12,0,12,0,0,"synonymous_variant",NA,NA,"XVI",12,1416,1.416,8.47457627118644,0,0,FALSE,2.91111254869791
"5817","YPL236C",18,18,0,0,0,4,14,0,14,4,0,"synonymous_variant;missense_variant",NA,NA,"XVI",18,1095,1.095,16.4383561643836,0,0,FALSE,4.05442427039692
"5818","YPL238C",4,4,0,0,0,1,3,0,3,1,0,"missense_variant;synonymous_variant",NA,NA,"XVI",4,NA,NA,NA,0,NA,FALSE,NA
"5819","YPL239W",3,3,0,0,0,1,2,0,2,1,0,"synonymous_variant;missense_variant",NA,NA,"XVI",3,603,0.603,4.97512437810945,0,0,FALSE,2.23049868372735
"5820","YPL240C",18,18,0,0,0,0,18,0,18,0,0,"synonymous_variant",NA,NA,"XVI",18,2130,2.13,8.45070422535211,0,0,FALSE,2.90700949866906
"5821","YPL241C",6,6,0,0,0,6,0,0,0,6,0,"missense_variant",NA,NA,"XVI",6,887,0.887,6.76437429537768,0,0,FALSE,2.60084107460984
"5822","YPL242C",35,31,0,4,0,7,24,4,24,7,0,"synonymous_variant;missense_variant;upstream_gene_variant",261,49,"XVI",31,4488,4.488,6.90730837789661,0.129032258064516,0.579096774193548,FALSE,2.62817586510047
"5823","YPL243W",13,13,0,0,0,2,11,0,11,2,0,"synonymous_variant;missense_variant",NA,NA,"XVI",13,1800,1.8,7.22222222222222,0,0,FALSE,2.68741924943285
"5824","YPL244C",14,14,0,0,0,3,11,0,11,3,0,"missense_variant;synonymous_variant",NA,NA,"XVI",14,1020,1.02,13.7254901960784,0,0,FALSE,3.70479286817474
"5825","YPL245W",17,17,0,0,0,1,16,0,16,1,0,"missense_variant;synonymous_variant",NA,NA,"XVI",17,1365,1.365,12.4542124542125,0,0,FALSE,3.5290526284277
"5826","YPL246C",5,5,0,0,0,1,4,0,4,1,0,"synonymous_variant;missense_variant",NA,NA,"XVI",5,789,0.789,6.33713561470215,0,0,FALSE,2.51736680177962
"5827","YPL247C",6,6,0,0,0,1,5,0,5,1,0,"synonymous_variant;missense_variant",NA,NA,"XVI",6,1572,1.572,3.81679389312977,0,0,FALSE,1.95366166291141
"5828","YPL248C",26,26,0,0,0,9,17,0,17,9,0,"missense_variant;synonymous_variant",NA,NA,"XVI",26,2646,2.646,9.82615268329554,0,0,FALSE,3.13466946954468
"5829","YPL249C",17,17,0,0,0,9,8,0,8,9,0,"synonymous_variant;missense_variant",NA,NA,"XVI",17,2685,2.685,6.33147113594041,0,0,FALSE,2.51624147011776
"5830","YPL250C",3,3,0,0,0,2,1,0,1,2,0,"synonymous_variant;missense_variant",NA,NA,"XVI",3,411,0.411,7.2992700729927,0,0,FALSE,2.7017161347915
"5831","YPL250W-A",1,1,0,0,0,1,0,0,0,1,0,"missense_variant",NA,NA,"XVI",1,NA,NA,NA,0,NA,FALSE,NA
"5832","YPL252C",1,1,0,0,0,1,0,0,0,1,0,"missense_variant",NA,NA,"XVI",1,519,0.519,1.92678227360308,0,0,FALSE,1.38808583077671
"5833","YPL253C",17,13,0,4,0,9,4,4,4,9,0,"missense_variant;synonymous_variant;upstream_gene_variant",332,65,"XVI",13,1944,1.944,6.68724279835391,0.307692307692308,0.598153846153846,FALSE,2.58597037847573
"5834","YPL254W",7,7,0,0,0,2,5,0,5,2,0,"missense_variant;synonymous_variant",NA,NA,"XVI",7,1467,1.467,4.77164280845262,0,0,FALSE,2.18440902956672
"5835","YPL255W",3,3,0,0,0,1,1,0,1,1,1,"synonymous_variant;missense_variant;stop_lost&splice_region_variant",NA,NA,"XVI",3,1158,1.158,2.59067357512953,0,0,FALSE,1.60955694994913
"5836","YPL256C",10,8,0,2,0,2,6,2,6,2,0,"synonymous_variant;missense_variant;upstream_gene_variant",944,89,"XVI",8,1638,1.638,4.88400488400488,0.25,0.4095,FALSE,2.20997848043932
"5837","YPL257W",17,3,0,14,0,3,0,14,0,3,0,"upstream_gene_variant;missense_variant",950,69,"XVI",3,582,0.582,5.15463917525773,4.66666666666667,2.716,FALSE,2.2703830459325
"5838","YPL257W-A",2,2,0,0,0,1,1,0,1,1,0,"synonymous_variant;missense_variant",NA,NA,"XVI",2,1323,1.323,1.51171579743008,0,0,FALSE,1.22951852260553
"5839","YPL258C",7,7,0,0,0,1,6,0,6,1,0,"synonymous_variant;missense_variant",NA,NA,"XVI",7,1656,1.656,4.22705314009662,0,0,FALSE,2.05597984914654
"5840","YPL259C",10,10,0,0,0,2,8,0,8,2,0,"missense_variant;synonymous_variant",NA,NA,"XVI",10,1428,1.428,7.00280112044818,0,0,FALSE,2.64628062012482
"5841","YPL260W",9,9,0,0,0,3,6,0,6,3,0,"synonymous_variant;missense_variant",NA,NA,"XVI",9,1656,1.656,5.43478260869565,0,0,FALSE,2.33126202060078
"5842","YPL261C",3,3,0,0,0,3,0,0,0,3,0,"missense_variant",NA,NA,"XVI",3,309,0.309,9.70873786407767,0,0,FALSE,3.11588476424878
"5843","YPL262W",3,3,0,0,0,0,3,0,3,0,0,"synonymous_variant",NA,NA,"XVI",3,1467,1.467,2.04498977505112,0,0,FALSE,1.4300313895335
"5844","YPL263C",18,18,0,0,0,4,13,0,14,4,0,"splice_region_variant&stop_retained_variant;synonymous_variant;missense_variant",NA,NA,"XVI",18,1956,1.956,9.20245398773006,0,0,FALSE,3.03355467854629
"5845","YPL264C",11,10,0,1,0,2,8,1,8,2,0,"synonymous_variant;missense_variant;upstream_gene_variant",33,33,"XVI",10,1062,1.062,9.41619585687382,0.1,0.1062,FALSE,3.06858205966108
"5846","YPL265W",13,8,0,5,0,2,6,5,6,2,0,"upstream_gene_variant;synonymous_variant;missense_variant",718,35,"XVI",8,1827,1.827,4.37876299945265,0.625,1.141875,FALSE,2.09254940191448
"5847","YPL266W",7,2,0,5,0,0,2,5,2,0,0,"upstream_gene_variant;synonymous_variant",319,16,"XVI",2,957,0.957,2.08986415882968,2.5,2.3925,FALSE,1.44563624706552
"5848","YPL267W",13,10,0,3,0,5,5,3,5,5,0,"upstream_gene_variant;synonymous_variant;missense_variant",258,87,"XVI",10,630,0.63,15.8730158730159,0.3,0.189,FALSE,3.98409536444798
"5849","YPL268W",52,49,0,3,0,13,36,3,36,13,0,"upstream_gene_variant;synonymous_variant;missense_variant",247,16,"XVI",49,2610,2.61,18.7739463601533,0.0612244897959184,0.159795918367347,FALSE,4.33289122413121
"5850","YPL269W",14,14,0,0,0,2,12,0,12,2,0,"synonymous_variant;missense_variant",NA,NA,"XVI",14,1935,1.935,7.23514211886305,0,0,FALSE,2.68982194928643
"5851","YPL270W",4,4,0,0,0,1,3,0,3,1,0,"missense_variant;synonymous_variant",NA,NA,"XVI",4,2322,2.322,1.72265288544358,0,0,FALSE,1.3124987182636
"5852","YPL272C",45,25,0,20,0,2,23,20,23,2,0,"synonymous_variant;missense_variant;upstream_gene_variant",992,50,"XVI",25,1554,1.554,16.0875160875161,0.8,1.2432,FALSE,4.01092459259908
"5853","YPL273W",41,19,0,22,0,2,17,22,17,2,0,"upstream_gene_variant;synonymous_variant;missense_variant",379,8,"XVI",19,978,0.978,19.4274028629857,1.15789473684211,1.13242105263158,FALSE,4.40765276116276
"5854","YPL274W",61,40,0,21,0,7,33,21,33,7,0,"upstream_gene_variant;missense_variant;synonymous_variant",977,46,"XVI",40,1764,1.764,22.6757369614512,0.525,0.9261,FALSE,4.76190476190476
"5855","YPL277C",12,12,0,0,0,3,8,0,8,3,1,"missense_variant;synonymous_variant;stop_gained",NA,NA,"XVI",12,1464,1.464,8.19672131147541,0,0,FALSE,2.86299167156934
"5856","YPL278C",2,2,0,0,0,0,2,0,2,0,0,"synonymous_variant",NA,NA,"XVI",2,303,0.303,6.6006600660066,0,0,FALSE,2.56917497769354
"5857","YPL279C",2,2,0,0,0,0,2,0,2,0,0,"synonymous_variant",NA,NA,"XVI",2,1128,1.128,1.77304964539007,0,0,FALSE,1.33155910322827
"5858","YPR001W",6,6,0,0,0,2,4,0,4,2,0,"synonymous_variant;missense_variant",NA,NA,"XVI",6,1461,1.461,4.10677618069815,0,0,FALSE,2.02651824089944
"5859","YPR002C-A",3,3,0,0,0,2,1,0,1,2,0,"missense_variant;synonymous_variant",NA,NA,"XVI",3,NA,NA,NA,0,NA,FALSE,NA
"5860","YPR003C",10,10,0,0,0,3,7,0,7,3,0,"missense_variant;synonymous_variant",NA,NA,"XVI",10,2265,2.265,4.41501103752759,0,0,FALSE,2.10119276543767
"5861","YPR004C",4,4,0,0,0,2,2,0,2,2,0,"missense_variant;synonymous_variant",NA,NA,"XVI",4,1035,1.035,3.86473429951691,0,0,FALSE,1.96589274873196
"5862","YPR005C",5,5,0,0,0,3,2,0,2,3,0,"synonymous_variant;missense_variant",NA,NA,"XVI",5,885,0.885,5.64971751412429,0,0,FALSE,2.37691344270764
"5863","YPR006C",8,8,0,0,0,4,4,0,4,4,0,"synonymous_variant;missense_variant",NA,NA,"XVI",8,1728,1.728,4.62962962962963,0,0,FALSE,2.15165741455968
"5864","YPR007C",29,29,0,0,0,7,22,0,22,7,0,"synonymous_variant;missense_variant",NA,NA,"XVI",29,2043,2.043,14.1948115516397,0,0,FALSE,3.76760023776936
"5865","YPR008W",19,19,0,0,0,11,8,0,8,11,0,"synonymous_variant;missense_variant",NA,NA,"XVI",19,2085,2.085,9.11270983213429,0,0,FALSE,3.01872652489991
"5866","YPR009W",8,8,0,0,0,2,6,0,6,2,0,"synonymous_variant;missense_variant",NA,NA,"XVI",8,807,0.807,9.91325898389095,0,0,FALSE,3.14853283036575
"5867","YPR010C",68,37,0,31,0,2,35,31,35,2,0,"synonymous_variant;missense_variant;upstream_gene_variant",953,179,"XVI",37,3612,3.612,10.2436323366556,0.837837837837838,3.02627027027027,FALSE,3.20056750228074
"5868","YPR010C-A",1,1,0,0,0,0,1,0,1,0,0,"synonymous_variant",NA,NA,"XVI",1,362,0.362,2.76243093922652,0,0,FALSE,1.66205623828633
"5869","YPR011C",11,11,0,0,0,4,7,0,7,4,0,"missense_variant;synonymous_variant",NA,NA,"XVI",11,981,0.981,11.2130479102956,0,0,FALSE,3.3485889431663
"5870","YPR012W",6,6,0,0,0,5,1,0,1,5,0,"missense_variant;synonymous_variant",NA,NA,"XVI",6,NA,NA,NA,0,NA,FALSE,NA
"5871","YPR013C",8,8,0,0,0,4,4,0,4,4,0,"synonymous_variant;missense_variant",NA,NA,"XVI",8,954,0.954,8.38574423480084,0,0,FALSE,2.8958149517538
"5872","YPR014C",2,2,0,0,0,1,1,0,1,1,0,"missense_variant;synonymous_variant",NA,NA,"XVI",2,330,0.33,6.06060606060606,0,0,FALSE,2.46182981958665
"5873","YPR015C",11,11,0,0,0,2,9,0,9,2,0,"synonymous_variant;missense_variant",NA,NA,"XVI",11,744,0.744,14.7849462365591,0,0,FALSE,3.84511979482553
"5874","YPR016W-A",5,5,0,0,0,3,2,0,2,3,0,"missense_variant;synonymous_variant",NA,NA,"XVI",5,NA,NA,NA,0,NA,FALSE,NA
"5875","YPR017C",6,6,0,0,0,2,4,0,4,2,0,"synonymous_variant;missense_variant",NA,NA,"XVI",6,432,0.432,13.8888888888889,0,0,FALSE,3.72677996249965
"5876","YPR018W",26,26,0,0,0,13,13,0,13,13,0,"synonymous_variant;missense_variant",NA,NA,"XVI",26,1821,1.821,14.277869302581,0,0,FALSE,3.77860679385683
"5877","YPR019W",14,14,0,0,0,3,11,0,11,3,0,"missense_variant;synonymous_variant",NA,NA,"XVI",14,2802,2.802,4.99643112062812,0,0,FALSE,2.23526980935817
"5878","YPR020W",1,0,0,1,0,0,0,1,0,0,0,"upstream_gene_variant",298,298,"XVI",0,348,0.348,0,NA,NA,FALSE,0
"5879","YPR021C",26,19,0,7,0,2,17,7,17,2,0,"synonymous_variant;missense_variant;upstream_gene_variant",479,7,"XVI",19,2709,2.709,7.01365817644887,0.368421052631579,0.998052631578947,FALSE,2.64833120595761
"5880","YPR022C",19,19,0,0,0,7,12,0,12,7,0,"synonymous_variant;missense_variant",NA,NA,"XVI",19,3402,3.402,5.58495002939447,0,0,FALSE,2.36324988720924
"5881","YPR023C",11,11,0,0,0,3,8,0,8,3,0,"missense_variant;synonymous_variant",NA,NA,"XVI",11,1206,1.206,9.12106135986733,0,0,FALSE,3.02010949468183
"5882","YPR024W",16,16,0,0,0,3,13,0,13,3,0,"synonymous_variant;missense_variant",NA,NA,"XVI",16,2244,2.244,7.1301247771836,0,0,FALSE,2.67022934917276
"5883","YPR025C",19,12,0,7,0,5,7,7,7,5,0,"missense_variant;synonymous_variant;upstream_gene_variant",799,570,"XVI",12,1182,1.182,10.1522842639594,0.583333333333333,0.6895,FALSE,3.18626493938583
"5884","YPR026W",19,19,0,0,0,7,12,0,12,7,0,"missense_variant;synonymous_variant",NA,NA,"XVI",19,3636,3.636,5.22552255225523,0,0,FALSE,2.28594018999956
"5885","YPR027C",22,7,0,15,0,1,6,15,6,1,0,"missense_variant;synonymous_variant;upstream_gene_variant",985,43,"XVI",7,834,0.834,8.39328537170264,2.14285714285714,1.78714285714286,FALSE,2.89711673422088
"5886","YPR028W",1,1,0,0,0,0,1,0,1,0,0,"synonymous_variant",NA,NA,"XVI",1,676,0.676,1.4792899408284,0,0,FALSE,1.2162606385263
"5887","YPR029C",16,13,0,3,0,3,10,3,10,3,0,"synonymous_variant;missense_variant;upstream_gene_variant",896,866,"XVI",13,2499,2.499,5.20208083233293,0.230769230769231,0.576692307692308,FALSE,2.28080705723499
"5888","YPR030W",18,18,0,0,0,5,13,0,13,5,0,"synonymous_variant;missense_variant",NA,NA,"XVI",18,3366,3.366,5.3475935828877,0,0,FALSE,2.3124864503144
"5889","YPR031W",9,9,0,0,0,7,2,0,2,7,0,"missense_variant;synonymous_variant",NA,NA,"XVI",9,2247,2.247,4.00534045393858,0,0,FALSE,2.00133466814988
"5890","YPR032W",12,10,0,2,0,5,5,2,5,5,0,"upstream_gene_variant;missense_variant;synonymous_variant",113,17,"XVI",10,3102,3.102,3.22372662798195,0.2,0.6204,FALSE,1.79547392851635
"5891","YPR033C",10,6,0,4,0,1,5,4,5,1,0,"synonymous_variant;missense_variant;upstream_gene_variant",404,62,"XVI",6,1641,1.641,3.6563071297989,0.666666666666667,1.094,FALSE,1.91214725630609
"5892","YPR034W",6,6,0,0,0,2,4,0,4,2,0,"synonymous_variant;missense_variant",NA,NA,"XVI",6,1434,1.434,4.18410041841004,0,0,FALSE,2.04550737432307
"5893","YPR035W",3,3,0,0,0,0,3,0,3,0,0,"synonymous_variant",NA,NA,"XVI",3,1113,1.113,2.69541778975741,0,0,FALSE,1.6417727582578
"5894","YPR036W",3,3,0,0,0,1,2,0,2,1,0,"missense_variant;synonymous_variant",NA,NA,"XVI",3,1437,1.437,2.08768267223382,0,0,FALSE,1.44488154263034
"5895","YPR036W-A",4,0,0,4,0,0,0,4,0,0,0,"upstream_gene_variant",267,8,"XVI",0,204,0.204,0,NA,NA,FALSE,0
"5896","YPR037C",1,1,0,0,0,0,1,0,1,0,0,"synonymous_variant",NA,NA,"XVI",1,591,0.591,1.69204737732657,0,0,FALSE,1.30078721446921
"5897","YPR038W",4,0,0,4,0,0,0,4,0,0,0,"upstream_gene_variant",663,428,"XVI",0,360,0.36,0,NA,NA,FALSE,0
"5898","YPR039W",1,1,0,0,0,1,0,0,0,1,0,"missense_variant",NA,NA,"XVI",1,NA,NA,NA,0,NA,FALSE,NA
"5899","YPR040W",8,8,0,0,0,2,6,0,6,2,0,"synonymous_variant;missense_variant",NA,NA,"XVI",8,1071,1.071,7.46965452847806,0,0,FALSE,2.73306687230263
"5900","YPR041W",9,9,0,0,0,0,8,0,8,0,1,"synonymous_variant;stop_gained",NA,NA,"XVI",9,1218,1.218,7.38916256157635,0,0,FALSE,2.71830141109781
"5901","YPR042C",31,13,0,18,0,2,11,18,11,2,0,"synonymous_variant;missense_variant;upstream_gene_variant",836,77,"XVI",13,3228,3.228,4.0272614622057,1.38461538461538,4.46953846153846,FALSE,2.00680379265281
"5902","YPR043W",2,2,0,0,0,2,0,0,0,2,0,"missense_variant",NA,NA,"XVI",2,682,0.682,2.93255131964809,0,0,FALSE,1.71246936312685
"5903","YPR045C",6,6,0,0,0,2,4,0,4,2,0,"missense_variant;synonymous_variant",NA,NA,"XVI",6,1413,1.413,4.24628450106157,0,0,FALSE,2.06065147491311
"5904","YPR046W",2,2,0,0,0,0,2,0,2,0,0,"synonymous_variant",NA,NA,"XVI",2,546,0.546,3.66300366300366,0,0,FALSE,1.91389750587738
"5905","YPR047W",2,2,0,0,0,0,2,0,2,0,0,"synonymous_variant",NA,NA,"XVI",2,1410,1.41,1.41843971631206,0,0,FALSE,1.19098266835083
"5906","YPR048W",5,5,0,0,0,1,4,0,4,1,0,"synonymous_variant;missense_variant",NA,NA,"XVI",5,1872,1.872,2.67094017094017,0,0,FALSE,1.63430112615153
"5907","YPR049C",17,13,0,4,0,5,8,4,8,5,0,"synonymous_variant;missense_variant;upstream_gene_variant",955,5,"XVI",13,3537,3.537,3.67543115634719,0.307692307692308,1.08830769230769,FALSE,1.91714140228288
"5908","YPR050C",2,2,0,0,0,1,1,0,1,1,0,"synonymous_variant;missense_variant",NA,NA,"XVI",2,NA,NA,NA,0,NA,FALSE,NA
"5909","YPR051W",2,2,0,0,0,1,1,0,1,1,0,"missense_variant;synonymous_variant",NA,NA,"XVI",2,531,0.531,3.76647834274953,0,0,FALSE,1.94074169913194
"5910","YPR052C",1,1,0,0,0,1,0,0,0,1,0,"missense_variant",NA,NA,"XVI",1,282,0.282,3.54609929078014,0,0,FALSE,1.88310894288677
"5911","YPR054W",8,8,0,0,0,1,7,0,7,1,0,"missense_variant;synonymous_variant",NA,NA,"XVI",8,1167,1.167,6.85518423307626,0,0,FALSE,2.61824067516267
"5912","YPR055W",4,4,0,0,0,0,4,0,4,0,0,"synonymous_variant",NA,NA,"XVI",4,3198,3.198,1.25078173858662,0,0,FALSE,1.11838353823124
"5913","YPR056W",4,4,0,0,0,1,3,0,3,1,0,"synonymous_variant;missense_variant",NA,NA,"XVI",4,1017,1.017,3.93313667649951,0,0,FALSE,1.98321372436243
"5914","YPR057W",17,16,0,1,0,6,10,1,10,6,0,"upstream_gene_variant;synonymous_variant;missense_variant",289,289,"XVI",16,1026,1.026,15.5945419103314,0.0625,0.064125,FALSE,3.94899251839395
"5915","YPR058W",4,3,0,1,0,0,3,1,3,0,0,"upstream_gene_variant;synonymous_variant",73,73,"XVI",3,924,0.924,3.24675324675325,0.333333333333333,0.308,FALSE,1.80187492539112
"5916","YPR059C",5,0,0,5,0,0,0,5,0,0,0,"upstream_gene_variant",959,36,"XVI",0,NA,NA,NA,NA,NA,FALSE,NA
"5917","YPR060C",6,6,0,0,0,0,6,0,6,0,0,"synonymous_variant",NA,NA,"XVI",6,771,0.771,7.78210116731517,0,0,FALSE,2.78964176325835
"5918","YPR061C",3,3,0,0,0,1,2,0,2,1,0,"synonymous_variant;missense_variant",NA,NA,"XVI",3,906,0.906,3.3112582781457,0,0,FALSE,1.8196863131171
"5919","YPR063C",1,1,0,0,0,0,0,0,0,0,1,"stop_lost",NA,NA,"XVI",1,509,0.509,1.96463654223969,0,0,FALSE,1.40165492980251
"5920","YPR064W",1,1,0,0,0,0,1,0,1,0,0,"synonymous_variant",NA,NA,"XVI",1,420,0.42,2.38095238095238,0,0,FALSE,1.54303349962092
"5921","YPR065W",6,6,0,0,0,2,4,0,4,2,0,"missense_variant;synonymous_variant",NA,NA,"XVI",6,1107,1.107,5.42005420054201,0,0,FALSE,2.32810098589859
"5922","YPR066W",5,5,0,0,0,2,3,0,3,2,0,"missense_variant;synonymous_variant",NA,NA,"XVI",5,900,0.9,5.55555555555556,0,0,FALSE,2.35702260395516
"5923","YPR067W",1,1,0,0,0,1,0,0,0,1,0,"missense_variant",NA,NA,"XVI",1,558,0.558,1.7921146953405,0,0,FALSE,1.33869888150416
"5924","YPR068C",3,2,0,1,0,2,0,1,0,2,0,"missense_variant;upstream_gene_variant",102,102,"XVI",2,1413,1.413,1.41542816702052,0.5,0.7065,FALSE,1.18971768374708
"5925","YPR069C",2,2,0,0,0,1,1,0,1,1,0,"missense_variant;synonymous_variant",NA,NA,"XVI",2,882,0.882,2.26757369614512,0,0,FALSE,1.50584650484209
"5926","YPR070W",1,1,0,0,0,0,1,0,1,0,0,"synonymous_variant",NA,NA,"XVI",1,1701,1.701,0.587889476778366,0,0,FALSE,0.766739510380394
"5927","YPR071W",3,3,0,0,0,3,0,0,0,3,0,"missense_variant",NA,NA,"XVI",3,636,0.636,4.71698113207547,0,0,FALSE,2.17186121381535
"5928","YPR072W",6,6,0,0,0,1,5,0,5,1,0,"synonymous_variant;missense_variant",NA,NA,"XVI",6,1683,1.683,3.5650623885918,0,0,FALSE,1.8881372801234
"5929","YPR073C",6,3,0,3,0,0,3,3,3,0,0,"synonymous_variant;upstream_gene_variant",323,22,"XVI",3,486,0.486,6.17283950617284,1,0.486,FALSE,2.48451997499977
"5930","YPR074C",11,11,0,0,0,3,8,0,8,3,0,"missense_variant;synonymous_variant",NA,NA,"XVI",11,2043,2.043,5.38423886441508,0,0,FALSE,2.32039627314282
"5931","YPR075C",11,11,0,0,0,3,7,0,8,3,0,"splice_region_variant&stop_retained_variant;synonymous_variant;missense_variant",NA,NA,"XVI",11,1083,1.083,10.1569713758079,0,0,FALSE,3.1870003727342
"5932","YPR078C",4,4,0,0,0,1,3,0,3,1,0,"missense_variant;synonymous_variant",NA,NA,"XVI",4,1119,1.119,3.57462019660411,0,0,FALSE,1.89066660112356
"5933","YPR079W",7,7,0,0,0,2,5,0,5,2,0,"synonymous_variant;missense_variant",NA,NA,"XVI",7,1146,1.146,6.10820244328098,0,0,FALSE,2.47147778531003
"5934","YPR081C",15,13,0,2,0,6,7,2,7,6,0,"missense_variant;synonymous_variant;upstream_gene_variant",179,170,"XVI",13,1857,1.857,7.00053850296177,0.153846153846154,0.285692307692308,FALSE,2.64585307660153
"5935","YPR082C",1,1,0,0,0,1,0,0,0,1,0,"missense_variant",NA,NA,"XVI",1,432,0.432,2.31481481481481,0,0,FALSE,1.52145154862546
"5936","YPR083W",9,9,0,0,0,3,6,0,6,3,0,"synonymous_variant;missense_variant",NA,NA,"XVI",9,1740,1.74,5.17241379310345,0,0,FALSE,2.27429413073671
"5937","YPR084W",9,9,0,0,0,5,4,0,4,5,0,"missense_variant;synonymous_variant",NA,NA,"XVI",9,1371,1.371,6.56455142231948,0,0,FALSE,2.56213805684227
"5938","YPR085C",12,8,0,4,0,4,4,4,4,4,0,"missense_variant;synonymous_variant;upstream_gene_variant",215,64,"XVI",8,1332,1.332,6.00600600600601,0.5,0.666,FALSE,2.45071540697936
"5939","YPR086W",6,6,0,0,0,1,5,0,5,1,0,"synonymous_variant;missense_variant",NA,NA,"XVI",6,1038,1.038,5.78034682080925,0,0,FALSE,2.40423518417172
"5940","YPR087W",1,1,0,0,0,1,0,0,0,1,0,"missense_variant",NA,NA,"XVI",1,NA,NA,NA,0,NA,FALSE,NA
"5941","YPR088C",2,2,0,0,0,0,2,0,2,0,0,"synonymous_variant",NA,NA,"XVI",2,1626,1.626,1.230012300123,0,0,FALSE,1.10905919595078
"5942","YPR089W",10,10,0,0,0,5,5,0,5,5,0,"synonymous_variant;missense_variant",NA,NA,"XVI",10,2667,2.667,3.74953130858643,0,0,FALSE,1.93637065371959
"5943","YPR091C",24,18,0,6,0,7,11,6,11,7,0,"synonymous_variant;missense_variant;upstream_gene_variant",964,495,"XVI",18,2313,2.313,7.78210116731517,0.333333333333333,0.771,FALSE,2.78964176325835
"5944","YPR092W",2,2,0,0,0,2,0,0,0,2,0,"missense_variant",NA,NA,"XVI",2,NA,NA,NA,0,NA,FALSE,NA
"5945","YPR093C",13,13,0,0,0,5,8,0,8,5,0,"missense_variant;synonymous_variant",NA,NA,"XVI",13,867,0.867,14.9942329873126,0,0,FALSE,3.87223875649637
"5946","YPR094W",2,2,0,0,0,0,2,0,2,0,0,"synonymous_variant",NA,NA,"XVI",2,324,0.324,6.17283950617284,0,0,FALSE,2.48451997499977
"5947","YPR095C",19,19,0,0,0,6,13,0,13,6,0,"missense_variant;synonymous_variant",NA,NA,"XVI",19,3681,3.681,5.16164085846237,0,0,FALSE,2.27192448344182
"5948","YPR096C",4,4,0,0,0,3,1,0,1,3,0,"missense_variant;synonymous_variant",NA,NA,"XVI",4,303,0.303,13.2013201320132,0,0,FALSE,3.6333620975638
"5949","YPR097W",20,20,0,0,0,8,12,0,12,8,0,"synonymous_variant;missense_variant",NA,NA,"XVI",20,3222,3.222,6.20732464307883,0,0,FALSE,2.49145030917312
"5950","YPR098C",6,3,0,3,0,1,1,3,1,1,1,"missense_variant;synonymous_variant;stop_gained;upstream_gene_variant",941,764,"XVI",3,582,0.582,5.15463917525773,1,0.582,FALSE,2.2703830459325
"5951","YPR100W",2,2,0,0,0,0,1,0,2,0,0,"synonymous_variant;splice_region_variant&stop_retained_variant",NA,NA,"XVI",2,423,0.423,4.72813238770686,0,0,FALSE,2.17442691017814
"5952","YPR101W",3,3,0,0,0,1,2,0,2,1,0,"missense_variant;synonymous_variant",NA,NA,"XVI",3,528,0.528,5.68181818181818,0,0,FALSE,2.38365647311398
"5953","YPR103W",4,4,0,0,0,0,4,0,4,0,0,"synonymous_variant",NA,NA,"XVI",4,864,0.864,4.62962962962963,0,0,FALSE,2.15165741455968
"5954","YPR104C",21,19,0,2,0,7,12,2,12,7,0,"missense_variant;synonymous_variant;upstream_gene_variant",547,421,"XVI",19,2811,2.811,6.75916044112416,0.105263157894737,0.295894736842105,FALSE,2.59983854135678
"5955","YPR105C",14,14,0,0,0,2,12,0,12,2,0,"synonymous_variant;missense_variant",NA,NA,"XVI",14,2586,2.586,5.41376643464811,0,0,FALSE,2.32675018741766
"5956","YPR106W",13,13,0,0,0,4,9,0,9,4,0,"synonymous_variant;missense_variant",NA,NA,"XVI",13,1332,1.332,9.75975975975976,0,0,FALSE,3.12406142061256
"5957","YPR107C",3,3,0,0,0,2,1,0,1,2,0,"missense_variant;synonymous_variant",NA,NA,"XVI",3,627,0.627,4.78468899521531,0,0,FALSE,2.18739319629904
"5958","YPR108W",7,7,0,0,0,0,7,0,7,0,0,"synonymous_variant",NA,NA,"XVI",7,1290,1.29,5.42635658914729,0,0,FALSE,2.32945413973903
"5959","YPR109W",6,6,0,0,0,2,4,0,4,2,0,"synonymous_variant;missense_variant",NA,NA,"XVI",6,885,0.885,6.77966101694915,0,0,FALSE,2.60377821961648
"5960","YPR110C",11,6,0,5,0,1,5,5,5,1,0,"synonymous_variant;missense_variant;upstream_gene_variant",336,265,"XVI",6,1008,1.008,5.95238095238095,0.833333333333333,0.84,FALSE,2.43975018237133
"5961","YPR111W",11,11,0,0,0,1,10,0,10,1,0,"missense_variant;synonymous_variant",NA,NA,"XVI",11,1695,1.695,6.48967551622419,0,0,FALSE,2.54748415426361
"5962","YPR112C",18,17,0,1,0,5,12,1,12,5,0,"synonymous_variant;missense_variant;upstream_gene_variant",247,247,"XVI",17,2664,2.664,6.38138138138138,0.0588235294117647,0.156705882352941,FALSE,2.52613962032612
"5963","YPR113W",2,2,0,0,0,0,2,0,2,0,0,"synonymous_variant",NA,NA,"XVI",2,663,0.663,3.01659125188537,0,0,FALSE,1.73683368572969
"5964","YPR114W",6,6,0,0,0,1,5,0,5,1,0,"synonymous_variant;missense_variant",NA,NA,"XVI",6,948,0.948,6.32911392405063,0,0,FALSE,2.51577302713314
"5965","YPR115W",44,44,0,0,0,18,26,0,26,18,0,"synonymous_variant;missense_variant",NA,NA,"XVI",44,3252,3.252,13.530135301353,0,0,FALSE,3.678333223262
"5966","YPR116W",21,12,0,9,0,6,6,9,6,6,0,"upstream_gene_variant;missense_variant;synonymous_variant",391,32,"XVI",12,834,0.834,14.3884892086331,0.75,0.6255,FALSE,3.79321620905441
"5967","YPR117W",33,27,0,6,0,7,20,6,20,7,0,"upstream_gene_variant;missense_variant;synonymous_variant",481,18,"XVI",27,7470,7.47,3.6144578313253,0.222222222222222,1.66,FALSE,1.90117275157343
"5968","YPR118W",10,8,0,2,0,1,7,2,7,1,0,"upstream_gene_variant;synonymous_variant;missense_variant",239,195,"XVI",8,1236,1.236,6.47249190938511,0.25,0.309,FALSE,2.54410925657392
"5969","YPR119W",6,6,0,0,0,2,4,0,4,2,0,"missense_variant;synonymous_variant",NA,NA,"XVI",6,1476,1.476,4.0650406504065,0,0,FALSE,2.01619459636378
"5970","YPR120C",17,8,0,9,0,4,4,9,4,4,0,"missense_variant;synonymous_variant;upstream_gene_variant",982,1,"XVI",8,1308,1.308,6.11620795107034,1.125,1.4715,FALSE,2.47309683414749
"5971","YPR121W",14,14,0,0,0,8,6,0,6,8,0,"missense_variant;synonymous_variant",NA,NA,"XVI",14,1719,1.719,8.14426992437464,0,0,FALSE,2.85381672928985
"5972","YPR122W",25,12,0,13,0,5,7,13,7,5,0,"upstream_gene_variant;synonymous_variant;missense_variant",975,304,"XVI",12,3627,3.627,3.3085194375517,1.08333333333333,3.92925,FALSE,1.81893359899467
"5973","YPR123C",6,2,0,4,0,1,1,4,1,1,0,"synonymous_variant;missense_variant;upstream_gene_variant",995,910,"XVI",2,NA,NA,NA,2,NA,FALSE,NA
"5974","YPR124W",12,6,0,6,0,1,5,6,5,1,0,"upstream_gene_variant;synonymous_variant;missense_variant",496,106,"XVI",6,1221,1.221,4.91400491400491,1,1.221,FALSE,2.21675549260736
"5975","YPR125W",10,10,0,0,0,1,9,0,9,1,0,"missense_variant;synonymous_variant",NA,NA,"XVI",10,1365,1.365,7.32600732600733,0,0,FALSE,2.70665980980383
"5976","YPR126C",2,2,0,0,0,2,0,0,0,2,0,"missense_variant",NA,NA,"XVI",2,NA,NA,NA,0,NA,FALSE,NA
"5977","YPR127W",11,11,0,0,0,3,8,0,8,3,0,"missense_variant;synonymous_variant",NA,NA,"XVI",11,1038,1.038,10.597302504817,0,0,FALSE,3.25534982833135
"5978","YPR128C",3,3,0,0,0,2,1,0,1,2,0,"missense_variant;synonymous_variant",NA,NA,"XVI",3,987,0.987,3.03951367781155,0,0,FALSE,1.74342010938602
"5979","YPR129W",4,4,0,0,0,3,1,0,1,3,0,"missense_variant;synonymous_variant",NA,NA,"XVI",4,1050,1.05,3.80952380952381,0,0,FALSE,1.95180014589707
"5980","YPR130C",1,1,0,0,0,1,0,0,0,1,0,"missense_variant",NA,NA,"XVI",1,NA,NA,NA,0,NA,FALSE,NA
"5981","YPR131C",2,2,0,0,0,0,2,0,2,0,0,"synonymous_variant",NA,NA,"XVI",2,588,0.588,3.40136054421769,0,0,FALSE,1.84427778390829
"5982","YPR132W",1,1,0,0,0,1,0,0,0,1,0,"missense_variant",NA,NA,"XVI",1,803,0.803,1.2453300124533,0,0,FALSE,1.11594355253897
"5983","YPR133C",8,8,0,0,0,3,5,0,5,3,0,"synonymous_variant;missense_variant",NA,NA,"XVI",8,1233,1.233,6.4882400648824,0,0,FALSE,2.54720239966957
"5984","YPR134W",7,7,0,0,0,5,2,0,2,5,0,"synonymous_variant;missense_variant",NA,NA,"XVI",7,807,0.807,8.67410161090458,0,0,FALSE,2.94518278055957
"5985","YPR135W",37,37,0,0,0,6,31,0,31,6,0,"missense_variant;synonymous_variant",NA,NA,"XVI",37,2784,2.784,13.2902298850575,0,0,FALSE,3.64557675616047
"5986","YPR136C",6,6,0,0,0,1,5,0,5,1,0,"synonymous_variant;missense_variant",NA,NA,"XVI",6,NA,NA,NA,0,NA,FALSE,NA
"5987","YPR137C-B",6,0,0,6,0,0,0,6,0,0,0,"upstream_gene_variant",516,330,"XVI",0,5269,5.269,0,NA,NA,FALSE,0
"5988","YPR137W",9,7,0,2,0,3,4,2,4,3,0,"upstream_gene_variant;synonymous_variant;missense_variant",110,49,"XVI",7,1722,1.722,4.0650406504065,0.285714285714286,0.492,FALSE,2.01619459636378
"5989","YPR138C",5,5,0,0,0,0,5,0,5,0,0,"synonymous_variant",NA,NA,"XVI",5,1470,1.47,3.40136054421769,0,0,FALSE,1.84427778390829
"5990","YPR139C",10,10,0,0,0,0,10,0,10,0,0,"synonymous_variant",NA,NA,"XVI",10,903,0.903,11.0741971207087,0,0,FALSE,3.32779162819861
"5991","YPR140W",5,5,0,0,0,1,4,0,4,1,0,"synonymous_variant;missense_variant",NA,NA,"XVI",5,1146,1.146,4.3630017452007,0,0,FALSE,2.08877996572178
"5992","YPR141C",8,8,0,0,0,2,6,0,6,2,0,"synonymous_variant;missense_variant",NA,NA,"XVI",8,2190,2.19,3.65296803652968,0,0,FALSE,1.91127393026999
"5993","YPR142C",4,4,0,0,0,1,3,0,3,1,0,"synonymous_variant;missense_variant",NA,NA,"XVI",4,NA,NA,NA,0,NA,FALSE,NA
"5994","YPR143W",1,1,0,0,0,1,0,0,0,1,0,"missense_variant",NA,NA,"XVI",1,753,0.753,1.32802124833997,0,0,FALSE,1.15239804249225
"5995","YPR144C",6,6,0,0,0,2,4,0,4,2,0,"missense_variant;synonymous_variant",NA,NA,"XVI",6,1659,1.659,3.61663652802893,0,0,FALSE,1.90174565282241
"5996","YPR145C-A",3,3,0,0,0,0,3,0,3,0,0,"synonymous_variant",NA,NA,"XVI",3,237,0.237,12.6582278481013,0,0,FALSE,3.5578403348241
"5997","YPR145W",8,8,0,0,0,0,8,0,8,0,0,"synonymous_variant",NA,NA,"XVI",8,1719,1.719,4.65386852821408,0,0,FALSE,2.15728267230191
"5998","YPR146C",2,2,0,0,0,2,0,0,0,2,0,"missense_variant",NA,NA,"XVI",2,NA,NA,NA,0,NA,FALSE,NA
"5999","YPR147C",7,7,0,0,0,2,5,0,5,2,0,"missense_variant;synonymous_variant",NA,NA,"XVI",7,915,0.915,7.65027322404372,0,0,FALSE,2.7659127289276
"6000","YPR148C",14,14,0,0,0,4,10,0,10,4,0,"synonymous_variant;missense_variant",NA,NA,"XVI",14,1308,1.308,10.7033639143731,0,0,FALSE,3.2715995956677
"6001","YPR149W",1,1,0,0,0,0,1,0,1,0,0,"synonymous_variant",NA,NA,"XVI",1,522,0.522,1.91570881226054,0,0,FALSE,1.38409133089567
"6002","YPR150W",4,4,0,0,0,1,3,0,3,1,0,"synonymous_variant;missense_variant",NA,NA,"XVI",4,NA,NA,NA,0,NA,FALSE,NA
"6003","YPR151C",1,1,0,0,0,0,1,0,1,0,0,"synonymous_variant",NA,NA,"XVI",1,621,0.621,1.61030595813205,0,0,TRUE,1.26897831271147
"6004","YPR152C",17,17,0,0,0,9,8,0,8,9,0,"missense_variant;synonymous_variant",NA,NA,"XVI",17,1398,1.398,12.1602288984263,0,0,FALSE,3.48715197524087
"6005","YPR153W",5,5,0,0,0,5,0,0,0,5,0,"missense_variant",NA,NA,"XVI",5,557,0.557,8.97666068222621,0,0,FALSE,2.9961075885599
"6006","YPR154W",3,3,0,0,0,2,1,0,1,2,0,"missense_variant;synonymous_variant",NA,NA,"XVI",3,648,0.648,4.62962962962963,0,0,FALSE,2.15165741455968
"6007","YPR155C",8,8,0,0,0,4,4,0,4,4,0,"synonymous_variant;missense_variant",NA,NA,"XVI",8,1851,1.851,4.32198811453268,0,0,FALSE,2.07893918009467
"6008","YPR156C",17,17,0,0,0,0,17,0,17,0,0,"synonymous_variant",NA,NA,"XVI",17,1869,1.869,9.09577314071696,0,0,FALSE,3.01591994932176
"6009","YPR157W",10,10,0,0,0,3,7,0,7,3,0,"missense_variant;synonymous_variant",NA,NA,"XVI",10,1404,1.404,7.12250712250712,0,0,FALSE,2.66880256341812
"6010","YPR158C-D",3,0,0,3,0,0,0,3,0,0,0,"upstream_gene_variant",637,601,"XVI",0,5269,5.269,0,NA,NA,FALSE,0
"6011","YPR158W",10,10,0,0,0,5,5,0,5,5,0,"missense_variant;synonymous_variant",NA,NA,"XVI",10,759,0.759,13.1752305665349,0,0,FALSE,3.62977004320314
"6012","YPR159C-A",4,4,0,0,0,3,1,0,1,3,0,"missense_variant;synonymous_variant",NA,NA,"XVI",4,102,0.102,39.2156862745098,0,0,FALSE,6.2622429108515
"6013","YPR159W",9,9,0,0,0,4,5,0,5,4,0,"missense_variant;synonymous_variant",NA,NA,"XVI",9,2163,2.163,4.16088765603329,0,0,FALSE,2.03982539841852
"6014","YPR160W",10,10,0,0,0,2,8,0,8,2,0,"missense_variant;synonymous_variant",NA,NA,"XVI",10,2709,2.709,3.69139904023625,0,0,FALSE,1.92130139234745
"6015","YPR161C",16,16,0,0,0,5,11,0,11,5,0,"synonymous_variant;missense_variant",NA,NA,"XVI",16,1974,1.974,8.10536980749747,0,0,FALSE,2.84699311686865
"6016","YPR162C",4,4,0,0,0,2,2,0,2,2,0,"synonymous_variant;missense_variant",NA,NA,"XVI",4,1590,1.59,2.51572327044025,0,0,FALSE,1.58610317143629
"6017","YPR163C",19,19,0,0,0,1,18,0,18,1,0,"missense_variant;synonymous_variant",NA,NA,"XVI",19,1311,1.311,14.4927536231884,0,0,FALSE,3.8069349381344
"6018","YPR164W",35,35,0,0,0,16,19,0,19,16,0,"synonymous_variant;missense_variant",NA,NA,"XVI",35,4224,4.224,8.28598484848485,0,0,FALSE,2.87853866544899
"6019","YPR165W",2,0,0,2,0,0,0,2,0,0,0,"upstream_gene_variant",372,290,"XVI",0,630,0.63,0,NA,NA,FALSE,0
"6020","YPR166C",2,0,0,2,0,0,0,2,0,0,0,"upstream_gene_variant",182,18,"XVI",0,348,0.348,0,NA,NA,FALSE,0
"6021","YPR167C",5,5,0,0,0,1,4,0,4,1,0,"synonymous_variant;missense_variant",NA,NA,"XVI",5,786,0.786,6.36132315521628,0,0,FALSE,2.52216636152659
"6022","YPR168W",3,3,0,0,0,0,3,0,3,0,0,"synonymous_variant",NA,NA,"XVI",3,474,0.474,6.32911392405063,0,0,FALSE,2.51577302713314
"6023","YPR169W",7,7,0,0,0,3,4,0,4,3,0,"missense_variant;synonymous_variant",NA,NA,"XVI",7,1479,1.479,4.73292765382015,0,0,FALSE,2.17552928130608
"6024","YPR170C",3,3,0,0,0,1,1,0,1,1,1,"missense_variant;stop_gained;synonymous_variant",NA,NA,"XVI",3,NA,NA,NA,0,NA,FALSE,NA
"6025","YPR170W-B",1,1,0,0,0,1,0,0,0,1,0,"missense_variant",NA,NA,"XVI",1,357,0.357,2.80112044817927,0,0,FALSE,1.67365481751145
"6026","YPR171W",23,23,0,0,0,11,12,0,12,11,0,"missense_variant;synonymous_variant",NA,NA,"XVI",23,1731,1.731,13.2871172732525,0,0,FALSE,3.6451498286425
"6027","YPR172W",9,9,0,0,0,3,6,0,6,3,0,"synonymous_variant;missense_variant",NA,NA,"XVI",9,603,0.603,14.9253731343284,0,0,FALSE,3.86333704643128
"6028","YPR173C",11,11,0,0,0,0,11,0,11,0,0,"synonymous_variant",NA,NA,"XVI",11,1314,1.314,8.37138508371385,0,0,FALSE,2.89333459587961
"6029","YPR174C",4,4,0,0,0,2,2,0,2,2,0,"synonymous_variant;missense_variant",NA,NA,"XVI",4,666,0.666,6.00600600600601,0,0,FALSE,2.45071540697936
"6030","YPR175W",25,25,0,0,0,5,20,0,20,5,0,"synonymous_variant;missense_variant",NA,NA,"XVI",25,2070,2.07,12.0772946859903,0,0,FALSE,3.47524023428458
"6031","YPR176C",10,10,0,0,0,2,8,0,8,2,0,"missense_variant;synonymous_variant",NA,NA,"XVI",10,978,0.978,10.2249488752556,0,0,FALSE,3.1976473969554
"6032","YPR177C",4,4,0,0,0,3,1,0,1,3,0,"synonymous_variant;missense_variant",NA,NA,"XVI",4,NA,NA,NA,0,NA,FALSE,NA
"6033","YPR178W",7,7,0,0,0,4,3,0,3,4,0,"missense_variant;synonymous_variant",NA,NA,"XVI",7,1398,1.398,5.0071530758226,0,0,FALSE,2.23766688222859
"6034","YPR179C",22,22,0,0,0,8,14,0,14,8,0,"synonymous_variant;missense_variant",NA,NA,"XVI",22,1968,1.968,11.1788617886179,0,0,FALSE,3.34348049024036
"6035","YPR180W",15,15,0,0,0,4,11,0,11,4,0,"synonymous_variant;missense_variant",NA,NA,"XVI",15,1044,1.044,14.367816091954,0,0,FALSE,3.79049021789452
"6036","YPR181C",15,15,0,0,0,0,15,0,15,0,0,"synonymous_variant",NA,NA,"XVI",15,2307,2.307,6.50195058517555,0,0,FALSE,2.54989226932738
"6037","YPR182W",3,3,0,0,0,0,3,0,3,0,0,"synonymous_variant",NA,NA,"XVI",3,261,0.261,11.4942528735632,0,0,FALSE,3.39031751810405
"6038","YPR183W",10,10,0,0,0,0,10,0,10,0,0,"synonymous_variant",NA,NA,"XVI",10,804,0.804,12.4378109452736,0,0,FALSE,3.52672807929299
"6039","YPR184W",48,48,0,0,0,6,42,0,42,6,0,"synonymous_variant;missense_variant",NA,NA,"XVI",48,4611,4.611,10.4098893949252,0,0,FALSE,3.22643602058451
"6040","YPR185W",13,12,0,1,0,6,6,1,6,6,0,"upstream_gene_variant;synonymous_variant;missense_variant",91,91,"XVI",12,2217,2.217,5.4127198917456,0.0833333333333333,0.18475,FALSE,2.32652528285115
"6041","YPR186C",18,15,0,3,0,5,10,3,10,5,0,"synonymous_variant;missense_variant;upstream_gene_variant",216,7,"XVI",15,1290,1.29,11.6279069767442,0.2,0.258,FALSE,3.40997169735237
"6042","YPR187W",2,2,0,0,0,1,1,0,1,1,0,"missense_variant;synonymous_variant",NA,NA,"XVI",2,544,0.544,3.67647058823529,0,0,FALSE,1.91741247211843
"6043","YPR188C",2,2,0,0,0,1,1,0,1,1,0,"synonymous_variant;missense_variant",NA,NA,"XVI",2,492,0.492,4.0650406504065,0,0,FALSE,2.01619459636378
"6044","YPR189W",34,34,0,0,0,12,22,0,22,12,0,"synonymous_variant;missense_variant",NA,NA,"XVI",34,4299,4.299,7.9088160037218,0,0,FALSE,2.81226172390156
"6045","YPR190C",20,17,0,3,0,2,15,3,15,2,0,"synonymous_variant;missense_variant;upstream_gene_variant",262,5,"XVI",17,1965,1.965,8.65139949109415,0.176470588235294,0.346764705882353,FALSE,2.94132614497171
"6046","YPR191W",9,9,0,0,0,3,5,0,6,3,0,"synonymous_variant;missense_variant;splice_region_variant&stop_retained_variant",NA,NA,"XVI",9,1107,1.107,8.13008130081301,0,0,FALSE,2.85132974256101
"6047","YPR192W",6,6,0,0,0,4,2,0,2,4,0,"missense_variant;synonymous_variant",NA,NA,"XVI",6,918,0.918,6.5359477124183,0,0,FALSE,2.55654996282457
"6048","YPR193C",6,2,0,4,0,0,2,4,2,0,0,"synonymous_variant;upstream_gene_variant",901,684,"XVI",2,471,0.471,4.24628450106157,2,0.942,FALSE,2.06065147491311
"6049","YPR194C",29,29,0,0,0,18,11,0,11,18,0,"missense_variant;synonymous_variant",NA,NA,"XVI",29,2634,2.634,11.0098709187547,0,0,FALSE,3.3181125536598
"6050","YPR195C",6,6,0,0,0,4,2,0,2,4,0,"synonymous_variant;missense_variant",NA,NA,"XVI",6,330,0.33,18.1818181818182,0,0,FALSE,4.26401432711221
"6051","YPR196W",20,20,0,0,0,10,10,0,10,10,0,"synonymous_variant;missense_variant",NA,NA,"XVI",20,1413,1.413,14.1542816702052,0,0,FALSE,3.76221765322067
"6052","YPR197C",2,2,0,0,0,1,1,0,1,1,0,"synonymous_variant;missense_variant",NA,NA,"XVI",2,NA,NA,NA,0,NA,FALSE,NA
"6053","YPR198W",25,13,0,12,0,4,9,12,9,4,0,"upstream_gene_variant;synonymous_variant;missense_variant",722,203,"XVI",13,1632,1.632,7.9656862745098,0.923076923076923,1.50646153846154,FALSE,2.82235473931074
"6054","YPR199C",19,13,0,6,0,7,6,6,6,7,0,"synonymous_variant;missense_variant;upstream_gene_variant",800,680,"XVI",13,885,0.885,14.6892655367232,0.461538461538462,0.408461538461538,FALSE,3.83265776410093
"6055","YPR200C",4,4,0,0,0,0,4,0,4,0,0,"synonymous_variant",NA,NA,"XVI",4,393,0.393,10.1781170483461,0,0,FALSE,3.19031613611348
"6056","YPR201W",10,10,0,0,0,2,8,0,8,2,0,"missense_variant;synonymous_variant",NA,NA,"XVI",10,1215,1.215,8.23045267489712,0,0,FALSE,2.86887655274623
"6057","snR37",7,0,0,7,0,0,0,7,0,0,0,"upstream_gene_variant",376,253,"X",0,NA,NA,NA,NA,NA,FALSE,NA
"6058","snR42",4,0,0,4,0,0,0,4,0,0,0,"upstream_gene_variant",249,46,"XI",0,NA,NA,NA,NA,NA,FALSE,NA
"6059","snR46",6,0,0,6,0,0,0,6,0,0,0,"upstream_gene_variant",996,816,"VII",0,NA,NA,NA,NA,NA,FALSE,NA
"6060","snR71",2,0,0,2,0,0,0,2,0,0,0,"upstream_gene_variant",195,189,"VIII",0,NA,NA,NA,NA,NA,FALSE,NA
"6061","tA(AGC)G",13,0,0,13,0,0,0,13,0,0,0,"upstream_gene_variant",516,242,"VII",0,NA,NA,NA,NA,NA,FALSE,NA
"6062","tA(AGC)L",16,0,0,16,0,0,0,16,0,0,0,"upstream_gene_variant",908,35,"XII",0,NA,NA,NA,NA,NA,FALSE,NA
"6063","tA(UGC)Q",5,0,0,5,0,0,0,5,0,0,0,"upstream_gene_variant",446,116,"Mito",0,76,0.076,0,NA,NA,FALSE,0
"6064","tC(GCA)P1",6,0,0,6,0,0,0,6,0,0,0,"upstream_gene_variant",610,194,"XVI",0,NA,NA,NA,NA,NA,FALSE,NA
"6065","tC(GCA)Q",8,0,0,8,0,0,0,8,0,0,0,"upstream_gene_variant",321,5,"Mito",0,76,0.076,0,NA,NA,FALSE,0
"6066","tD(GUC)G2",23,0,0,23,0,0,0,23,0,0,0,"upstream_gene_variant",1000,3,"VII",0,NA,NA,NA,NA,NA,FALSE,NA
"6067","tD(GUC)J1",10,0,0,10,0,0,0,10,0,0,0,"upstream_gene_variant",396,94,"X",0,NA,NA,NA,NA,NA,FALSE,NA
"6068","tD(GUC)J4",33,0,0,33,0,0,0,33,0,0,0,"upstream_gene_variant",959,61,"X",0,NA,NA,NA,NA,NA,FALSE,NA
"6069","tD(GUC)Q",25,0,0,25,0,0,0,25,0,0,0,"upstream_gene_variant",759,189,"Mito",0,75,0.075,0,NA,NA,FALSE,0
"6070","tE(UUC)E2",7,0,0,7,0,0,0,7,0,0,0,"upstream_gene_variant",182,33,"V",0,NA,NA,NA,NA,NA,FALSE,NA
"6071","tE(UUC)G1",39,0,0,39,0,0,0,39,0,0,0,"upstream_gene_variant",988,9,"VII",0,NA,NA,NA,NA,NA,FALSE,NA
"6072","tE(UUC)G3",6,0,0,6,0,0,0,6,0,0,0,"upstream_gene_variant",138,11,"VII",0,NA,NA,NA,NA,NA,FALSE,NA
"6073","tE(UUC)M",18,1,0,17,0,1,0,17,0,1,0,"upstream_gene_variant;missense_variant",935,22,"XIII",1,NA,NA,NA,17,NA,FALSE,NA
"6074","tE(UUC)P",14,0,0,14,0,0,0,14,0,0,0,"upstream_gene_variant",939,25,"XVI",0,NA,NA,NA,NA,NA,FALSE,NA
"6075","tE(UUC)Q",4,0,0,4,0,0,0,4,0,0,0,"upstream_gene_variant",966,335,"Mito",0,72,0.072,0,NA,NA,FALSE,0
"6076","tF(GAA)B",15,0,0,15,0,0,0,15,0,0,0,"upstream_gene_variant",767,9,"II",0,NA,NA,NA,NA,NA,FALSE,NA
"6077","tF(GAA)H2",11,0,0,11,0,0,0,11,0,0,0,"upstream_gene_variant",994,21,"VIII",0,NA,NA,NA,NA,NA,FALSE,NA
"6078","tF(GAA)P1",18,0,0,18,0,0,0,18,0,0,0,"upstream_gene_variant",985,23,"XVI",0,NA,NA,NA,NA,NA,FALSE,NA
"6079","tF(GAA)P2",1,0,1,0,0,0,0,0,0,0,1,"splice_acceptor_variant&intron_variant",NA,NA,"XVI",1,NA,NA,NA,0,NA,FALSE,NA
"6080","tF(GAA)Q",8,0,0,8,0,0,0,8,0,0,0,"upstream_gene_variant",725,50,"Mito",0,75,0.075,0,NA,NA,FALSE,0
"6081","tG(GCC)B",9,0,0,9,0,0,0,9,0,0,0,"upstream_gene_variant",973,62,"II",0,NA,NA,NA,NA,NA,FALSE,NA
"6082","tG(GCC)G2",6,0,0,6,0,0,0,6,0,0,0,"upstream_gene_variant",604,2,"VII",0,NA,NA,NA,NA,NA,FALSE,NA
"6083","tG(UCC)G",6,0,0,6,0,0,0,6,0,0,0,"upstream_gene_variant",515,231,"VII",0,NA,NA,NA,NA,NA,FALSE,NA
"6084","tG(UCC)Q",2,0,0,2,0,0,0,2,0,0,0,"upstream_gene_variant",69,41,"Mito",0,75,0.075,0,NA,NA,FALSE,0
"6085","tH(GUG)E1",13,0,0,13,0,0,0,13,0,0,0,"upstream_gene_variant",521,16,"V",0,NA,NA,NA,NA,NA,FALSE,NA
"6086","tH(GUG)G1",1,1,0,0,0,1,0,0,0,1,0,"missense_variant",NA,NA,"VII",1,NA,NA,NA,0,NA,FALSE,NA
"6087","tH(GUG)G2",17,0,0,17,0,0,0,17,0,0,0,"upstream_gene_variant",994,376,"VII",0,NA,NA,NA,NA,NA,FALSE,NA
"6088","tH(GUG)K",13,0,0,13,0,0,0,13,0,0,0,"upstream_gene_variant",691,14,"XI",0,NA,NA,NA,NA,NA,FALSE,NA
"6089","tH(GUG)Q",1,0,0,1,0,0,0,1,0,0,0,"upstream_gene_variant",18,18,"Mito",0,75,0.075,0,NA,NA,FALSE,0
"6090","tI(AAU)B",11,0,0,11,0,0,0,11,0,0,0,"upstream_gene_variant",861,20,"II",0,NA,NA,NA,NA,NA,FALSE,NA
"6091","tI(AAU)L2",14,0,0,14,0,0,0,14,0,0,0,"upstream_gene_variant",963,19,"XII",0,NA,NA,NA,NA,NA,FALSE,NA
"6092","tI(GAU)Q",1,0,0,1,0,0,0,1,0,0,0,"upstream_gene_variant",134,134,"Mito",0,76,0.076,0,NA,NA,FALSE,0
"6093","tK(CUU)D1",1,1,0,0,0,0,1,0,1,0,0,"synonymous_variant",NA,NA,"IV",1,NA,NA,NA,0,NA,FALSE,NA
"6094","tK(UUU)G1",1,0,1,0,0,0,0,0,1,0,0,"splice_region_variant&intron_variant",NA,NA,"VII",1,NA,NA,NA,0,NA,FALSE,NA
"6095","tK(UUU)P",9,0,0,9,0,0,0,9,0,0,0,"upstream_gene_variant",936,230,"XVI",0,NA,NA,NA,NA,NA,FALSE,NA
"6096","tK(UUU)Q",4,0,0,4,0,0,0,4,0,0,0,"upstream_gene_variant",492,101,"Mito",0,74,0.074,0,NA,NA,FALSE,0
"6097","tL(CAA)C",2,0,0,2,0,0,0,2,0,0,0,"upstream_gene_variant",71,52,"III",0,NA,NA,NA,NA,NA,FALSE,NA
"6098","tL(CAA)G1",6,0,1,5,0,0,0,5,0,0,1,"upstream_gene_variant;splice_donor_variant&intron_variant",369,88,"VII",1,NA,NA,NA,5,NA,FALSE,NA
"6099","tL(UAA)K",1,1,0,0,0,0,1,0,1,0,0,"synonymous_variant",NA,NA,"XI",1,NA,NA,NA,0,NA,FALSE,NA
"6100","tL(UAA)L",8,0,0,8,0,0,0,8,0,0,0,"upstream_gene_variant",623,291,"XII",0,NA,NA,NA,NA,NA,FALSE,NA
"6101","tL(UAA)N",1,1,0,0,0,1,0,0,0,1,0,"missense_variant",NA,NA,"XIV",1,NA,NA,NA,0,NA,FALSE,NA
"6102","tL(UAG)L1",1,0,1,0,0,0,0,0,1,0,0,"splice_region_variant&intron_variant",NA,NA,"XII",1,NA,NA,NA,0,NA,FALSE,NA
"6103","tM(CAU)O2",8,0,0,8,0,0,0,8,0,0,0,"upstream_gene_variant",143,21,"XV",0,NA,NA,NA,NA,NA,FALSE,NA
"6104","tM(CAU)Q1",9,0,0,9,0,0,0,9,0,0,0,"upstream_gene_variant",890,25,"Mito",0,76,0.076,0,NA,NA,FALSE,0
"6105","tM(CAU)Q2",12,0,0,12,0,0,0,12,0,0,0,"upstream_gene_variant",865,39,"Mito",0,78,0.078,0,NA,NA,FALSE,0
"6106","tN(GUU)Q",10,0,0,10,0,0,0,10,0,0,0,"upstream_gene_variant",431,14,"Mito",0,71,0.071,0,NA,NA,FALSE,0
"6107","tP(UGG)L",11,0,0,11,0,0,0,11,0,0,0,"upstream_gene_variant",995,55,"XII",0,NA,NA,NA,NA,NA,FALSE,NA
"6108","tP(UGG)N2",4,0,0,4,0,0,0,4,0,0,0,"upstream_gene_variant",107,20,"XIV",0,NA,NA,NA,NA,NA,FALSE,NA
"6109","tP(UGG)O3",1,1,0,0,0,1,0,0,0,1,0,"missense_variant",NA,NA,"XV",1,NA,NA,NA,0,NA,FALSE,NA
"6110","tP(UGG)Q",4,0,0,4,0,0,0,4,0,0,0,"upstream_gene_variant",639,559,"Mito",0,72,0.072,0,NA,NA,FALSE,0
"6111","tR(CCG)L",17,0,0,17,0,0,0,17,0,0,0,"upstream_gene_variant",758,155,"XII",0,NA,NA,NA,NA,NA,FALSE,NA
"6112","tR(CCU)J",15,0,0,15,0,0,0,15,0,0,0,"upstream_gene_variant",878,32,"X",0,NA,NA,NA,NA,NA,FALSE,NA
"6113","tR(UCU)M1",6,0,0,6,0,0,0,6,0,0,0,"upstream_gene_variant",222,20,"XIII",0,NA,NA,NA,NA,NA,FALSE,NA
"6114","tR(UCU)Q1",2,0,0,2,0,0,0,2,0,0,0,"upstream_gene_variant",156,66,"Mito",0,73,0.073,0,NA,NA,FALSE,0
"6115","tS(AGA)B",5,0,0,5,0,0,0,5,0,0,0,"upstream_gene_variant",139,18,"II",0,NA,NA,NA,NA,NA,FALSE,NA
"6116","tS(GCU)F",17,0,0,17,0,0,0,17,0,0,0,"upstream_gene_variant",951,42,"VI",0,NA,NA,NA,NA,NA,FALSE,NA
"6117","tS(GCU)Q1",7,0,0,7,0,0,0,7,0,0,0,"upstream_gene_variant",285,52,"Mito",0,86,0.086,0,NA,NA,FALSE,0
"6118","tS(UGA)Q2",8,0,0,8,0,0,0,8,0,0,0,"upstream_gene_variant",999,265,"Mito",0,90,0.09,0,NA,NA,FALSE,0
"6119","tT(AGU)O2",7,0,0,7,0,0,0,7,0,0,0,"upstream_gene_variant",793,117,"XV",0,NA,NA,NA,NA,NA,FALSE,NA
"6120","tT(UGU)G1",23,0,0,23,0,0,0,23,0,0,0,"upstream_gene_variant",978,3,"VII",0,NA,NA,NA,NA,NA,FALSE,NA
"6121","tT(UGU)Q1",2,0,0,2,0,0,0,2,0,0,0,"upstream_gene_variant",751,117,"Mito",0,76,0.076,0,NA,NA,FALSE,0
"6122","tT(XXX)Q2",10,0,0,10,0,0,0,10,0,0,0,"upstream_gene_variant",855,18,"Mito",0,NA,NA,NA,NA,NA,FALSE,NA
"6123","tV(AAC)K1",8,0,0,8,0,0,0,8,0,0,0,"upstream_gene_variant",971,17,"XI",0,NA,NA,NA,NA,NA,FALSE,NA
"6124","tV(AAC)K2",28,0,0,28,0,0,0,28,0,0,0,"upstream_gene_variant",824,30,"XI",0,NA,NA,NA,NA,NA,FALSE,NA
"6125","tV(AAC)L",1,1,0,0,0,0,0,0,0,0,1,"stop_gained",NA,NA,"XII",1,NA,NA,NA,0,NA,FALSE,NA
"6126","tV(AAC)O",1,1,0,0,0,0,0,0,1,0,0,"splice_region_variant&synonymous_variant",NA,NA,"XV",1,NA,NA,NA,0,NA,FALSE,NA
"6127","tV(UAC)Q",8,0,0,8,0,0,0,8,0,0,0,"upstream_gene_variant",826,620,"Mito",0,76,0.076,0,NA,NA,FALSE,0
"6128","tW(CCA)K",6,0,0,6,0,0,0,6,0,0,0,"upstream_gene_variant",986,403,"XI",0,NA,NA,NA,NA,NA,FALSE,NA
"6129","tW(UCA)Q",7,0,0,7,0,0,0,7,0,0,0,"upstream_gene_variant",827,48,"Mito",0,74,0.074,0,NA,NA,FALSE,0
"6130","tY(GUA)F2",1,0,1,0,0,0,0,0,1,0,0,"splice_region_variant&intron_variant",NA,NA,"VI",1,NA,NA,NA,0,NA,FALSE,NA
"6131","tY(GUA)J1",1,0,1,0,0,0,0,0,1,0,0,"splice_region_variant&intron_variant",NA,NA,"X",1,NA,NA,NA,0,NA,FALSE,NA
"6132","tY(GUA)M1",1,0,1,0,0,0,0,0,0,0,1,"splice_donor_variant&intron_variant",NA,NA,"XIII",1,NA,NA,NA,0,NA,FALSE,NA
"6133","tY(GUA)Q",3,0,0,3,0,0,0,3,0,0,0,"upstream_gene_variant",326,96,"Mito",0,84,0.084,0,NA,NA,FALSE,0
